ISO-10303-21;
HEADER;
/* Generated by software containing ST-Developer
 * from STEP Tools, Inc. (www.steptools.com) 
 */
/* OPTION: using custom renumber hook */

FILE_DESCRIPTION(
/* description */ ('STEP AP242 Edition 2',
'CAx-IF Rec.Pracs.---Representation and Presentation of Product Manufa
cturing Information (PMI)---4.0---2014-10-13',
'CAx-IF Rec.Pracs.---3D Tessellated Geometry---0.4---2014-09-14','2;1',
'CAx-IF Rec.Pracs.---User Defined Attributes---1.5---2016-08-15'),
/* implementation_level */ '2;1');

FILE_NAME(
/* name */ 'MushTogether - TopCover',
/* time_stamp */ '2026-07-21T22:02:27Z',
/* author */ (''),
/* organization */ (''),
/* preprocessor_version */ 'ST-DEVELOPER v20',
/* originating_system */ 'ONSHAPE BY PTC INC, 1.218',
/* authorisation */ '  ');

FILE_SCHEMA (('AP242_MANAGED_MODEL_BASED_3D_ENGINEERING_MIM_LF { 1 0 10303 442 3 1 4 }'));
ENDSEC;

DATA;
#10=SHAPE_REPRESENTATION_RELATIONSHIP('','',#1299,#11);
#11=ADVANCED_BREP_SHAPE_REPRESENTATION('',(#1297),#2738);
#12=CONICAL_SURFACE('',#1340,0.008,0.785398163397448);
#13=CIRCLE('',#1314,0.008);
#14=CIRCLE('',#1315,0.008);
#15=CIRCLE('',#1321,0.01);
#16=CIRCLE('',#1323,0.00235);
#17=CIRCLE('',#1324,0.00235);
#18=CIRCLE('',#1325,0.00235);
#19=CIRCLE('',#1326,0.00235);
#20=CIRCLE('',#1350,0.00235);
#21=CIRCLE('',#1353,0.00235);
#22=CIRCLE('',#1356,0.00235);
#23=CIRCLE('',#1359,0.00235);
#24=CYLINDRICAL_SURFACE('',#1313,0.008);
#25=CYLINDRICAL_SURFACE('',#1349,0.00235);
#26=CYLINDRICAL_SURFACE('',#1352,0.00235);
#27=CYLINDRICAL_SURFACE('',#1355,0.00235);
#28=CYLINDRICAL_SURFACE('',#1358,0.00235);
#29=B_SPLINE_SURFACE_WITH_KNOTS('',3,1,((#1612,#1613),(#1614,#1615),(#1616,
#1617),(#1618,#1619)),.SURF_OF_LINEAR_EXTRUSION.,.F.,.F.,.F.,(4,4),(2,2),
(0.,1.),(0.,1.),.PIECEWISE_BEZIER_KNOTS.);
#30=B_SPLINE_SURFACE_WITH_KNOTS('',3,1,((#1637,#1638),(#1639,#1640),(#1641,
#1642),(#1643,#1644)),.SURF_OF_LINEAR_EXTRUSION.,.F.,.F.,.F.,(4,4),(2,2),
(0.,1.),(0.,1.),.PIECEWISE_BEZIER_KNOTS.);
#31=B_SPLINE_SURFACE_WITH_KNOTS('',3,1,((#1662,#1663),(#1664,#1665),(#1666,
#1667),(#1668,#1669)),.SURF_OF_LINEAR_EXTRUSION.,.F.,.F.,.F.,(4,4),(2,2),
(0.,1.),(0.,1.),.PIECEWISE_BEZIER_KNOTS.);
#32=B_SPLINE_SURFACE_WITH_KNOTS('',3,1,((#1774,#1775),(#1776,#1777),(#1778,
#1779),(#1780,#1781)),.SURF_OF_LINEAR_EXTRUSION.,.F.,.F.,.F.,(4,4),(2,2),
(0.,1.),(0.,1.),.PIECEWISE_BEZIER_KNOTS.);
#33=B_SPLINE_SURFACE_WITH_KNOTS('',3,1,((#2137,#2138),(#2139,#2140),(#2141,
#2142),(#2143,#2144)),.SURF_OF_LINEAR_EXTRUSION.,.F.,.F.,.F.,(4,4),(2,2),
(-8.81909400520424E-15,0.999999999999996),(0.,1.),
 .PIECEWISE_BEZIER_KNOTS.);
#34=B_SPLINE_SURFACE_WITH_KNOTS('',3,1,((#2149,#2150),(#2151,#2152),(#2153,
#2154),(#2155,#2156)),.SURF_OF_LINEAR_EXTRUSION.,.F.,.F.,.F.,(4,4),(2,2),
(-6.2899305534563E-15,1.),(0.,1.),.PIECEWISE_BEZIER_KNOTS.);
#35=B_SPLINE_SURFACE_WITH_KNOTS('',3,1,((#2161,#2162),(#2163,#2164),(#2165,
#2166),(#2167,#2168)),.SURF_OF_LINEAR_EXTRUSION.,.F.,.F.,.F.,(4,4),(2,2),
(-7.32146185048298E-15,1.),(0.,1.),.PIECEWISE_BEZIER_KNOTS.);
#36=B_SPLINE_SURFACE_WITH_KNOTS('',3,1,((#2173,#2174),(#2175,#2176),(#2177,
#2178),(#2179,#2180)),.SURF_OF_LINEAR_EXTRUSION.,.F.,.F.,.F.,(4,4),(2,2),
(-8.48615756909226E-15,1.),(0.,1.),.PIECEWISE_BEZIER_KNOTS.);
#37=B_SPLINE_SURFACE_WITH_KNOTS('',3,1,((#2185,#2186),(#2187,#2188),(#2189,
#2190),(#2191,#2192)),.SURF_OF_LINEAR_EXTRUSION.,.F.,.F.,.F.,(4,4),(2,2),
(5.85382348465218E-16,1.),(0.,1.),.PIECEWISE_BEZIER_KNOTS.);
#38=B_SPLINE_SURFACE_WITH_KNOTS('',3,1,((#2197,#2198),(#2199,#2200),(#2201,
#2202),(#2203,#2204)),.SURF_OF_LINEAR_EXTRUSION.,.F.,.F.,.F.,(4,4),(2,2),
(-9.81231044745275E-17,0.999999999999996),(0.,1.),
 .PIECEWISE_BEZIER_KNOTS.);
#39=B_SPLINE_SURFACE_WITH_KNOTS('',3,1,((#2209,#2210),(#2211,#2212),(#2213,
#2214),(#2215,#2216)),.SURF_OF_LINEAR_EXTRUSION.,.F.,.F.,.F.,(4,4),(2,2),
(-4.0970885455882E-15,1.),(0.,1.),.PIECEWISE_BEZIER_KNOTS.);
#40=B_SPLINE_SURFACE_WITH_KNOTS('',3,1,((#2221,#2222),(#2223,#2224),(#2225,
#2226),(#2227,#2228)),.SURF_OF_LINEAR_EXTRUSION.,.F.,.F.,.F.,(4,4),(2,2),
(3.59585391377526E-16,1.),(0.,1.),.PIECEWISE_BEZIER_KNOTS.);
#41=B_SPLINE_SURFACE_WITH_KNOTS('',3,1,((#2233,#2234),(#2235,#2236),(#2237,
#2238),(#2239,#2240)),.SURF_OF_LINEAR_EXTRUSION.,.F.,.F.,.F.,(4,4),(2,2),
(-2.65651020427363E-15,1.),(0.,1.),.PIECEWISE_BEZIER_KNOTS.);
#42=B_SPLINE_SURFACE_WITH_KNOTS('',3,1,((#2245,#2246),(#2247,#2248),(#2249,
#2250),(#2251,#2252)),.SURF_OF_LINEAR_EXTRUSION.,.F.,.F.,.F.,(4,4),(2,2),
(-1.51490262371254E-15,1.00000000000001),(0.,1.),
 .PIECEWISE_BEZIER_KNOTS.);
#43=B_SPLINE_SURFACE_WITH_KNOTS('',3,1,((#2257,#2258),(#2259,#2260),(#2261,
#2262),(#2263,#2264)),.SURF_OF_LINEAR_EXTRUSION.,.F.,.F.,.F.,(4,4),(2,2),
(-5.35789278573852E-15,1.),(0.,1.),.PIECEWISE_BEZIER_KNOTS.);
#44=B_SPLINE_SURFACE_WITH_KNOTS('',1,3,((#2278,#2279,#2280,#2281,#2282,
#2283),(#2284,#2285,#2286,#2287,#2288,#2289)),.RULED_SURF.,.F.,.F.,.F.,
(2,2),(4,2,4),(0.,1.),(0.,0.0023721985621448,0.0047443971242896),
 .UNSPECIFIED.);
#45=B_SPLINE_SURFACE_WITH_KNOTS('',1,3,((#2303,#2304,#2305,#2306,#2307,
#2308),(#2309,#2310,#2311,#2312,#2313,#2314)),.RULED_SURF.,.F.,.F.,.F.,
(2,2),(4,2,4),(0.,1.),(0.,0.0023721985621448,0.00474439712428959),
 .UNSPECIFIED.);
#46=B_SPLINE_SURFACE_WITH_KNOTS('',1,3,((#2324,#2325,#2326,#2327,#2328,
#2329),(#2330,#2331,#2332,#2333,#2334,#2335)),.RULED_SURF.,.F.,.F.,.F.,
(2,2),(4,2,4),(0.,1.),(0.,0.00237219856214478,0.00474439712428957),
 .UNSPECIFIED.);
#47=B_SPLINE_SURFACE_WITH_KNOTS('',1,3,((#2340,#2341,#2342,#2343,#2344,
#2345),(#2346,#2347,#2348,#2349,#2350,#2351)),.RULED_SURF.,.F.,.F.,.F.,
(2,2),(4,2,4),(0.,1.),(0.,0.00237219856214481,0.00474439712428961),
 .UNSPECIFIED.);
#48=B_SPLINE_SURFACE_WITH_KNOTS('',1,3,((#2370,#2371,#2372,#2373,#2374,
#2375),(#2376,#2377,#2378,#2379,#2380,#2381)),.RULED_SURF.,.F.,.F.,.F.,
(2,2),(4,2,4),(0.,1.),(0.,0.00237219856214479,0.00474439712428958),
 .UNSPECIFIED.);
#49=B_SPLINE_SURFACE_WITH_KNOTS('',1,3,((#2393,#2394,#2395,#2396,#2397,
#2398),(#2399,#2400,#2401,#2402,#2403,#2404)),.RULED_SURF.,.F.,.F.,.F.,
(2,2),(4,2,4),(0.,1.),(0.,0.00237219856214479,0.00474439712428958),
 .UNSPECIFIED.);
#50=B_SPLINE_SURFACE_WITH_KNOTS('',1,3,((#2409,#2410,#2411,#2412,#2413,
#2414),(#2415,#2416,#2417,#2418,#2419,#2420)),.RULED_SURF.,.F.,.F.,.F.,
(2,2),(4,2,4),(0.,1.),(0.,0.0023721985621448,0.00474439712428959),
 .UNSPECIFIED.);
#51=B_SPLINE_SURFACE_WITH_KNOTS('',1,3,((#2435,#2436,#2437,#2438,#2439,
#2440),(#2441,#2442,#2443,#2444,#2445,#2446)),.RULED_SURF.,.F.,.F.,.F.,
(2,2),(4,2,4),(0.,1.),(0.,0.0023721985621448,0.00474439712428959),
 .UNSPECIFIED.);
#52=B_SPLINE_SURFACE_WITH_KNOTS('',1,3,((#2470,#2471,#2472,#2473,#2474,
#2475),(#2476,#2477,#2478,#2479,#2480,#2481)),.RULED_SURF.,.F.,.F.,.F.,
(2,2),(4,2,4),(0.,1.),(0.,0.00237219856214479,0.00474439712428958),
 .UNSPECIFIED.);
#53=B_SPLINE_SURFACE_WITH_KNOTS('',1,3,((#2508,#2509,#2510,#2511,#2512,
#2513),(#2514,#2515,#2516,#2517,#2518,#2519)),.RULED_SURF.,.F.,.F.,.F.,
(2,2),(4,2,4),(0.,1.),(0.,0.00237219856214479,0.00474439712428958),
 .UNSPECIFIED.);
#54=B_SPLINE_SURFACE_WITH_KNOTS('',1,3,((#2524,#2525,#2526,#2527,#2528,
#2529),(#2530,#2531,#2532,#2533,#2534,#2535)),.RULED_SURF.,.F.,.F.,.F.,
(2,2),(4,2,4),(0.,1.),(0.,0.00237219856214478,0.00474439712428957),
 .UNSPECIFIED.);
#55=B_SPLINE_SURFACE_WITH_KNOTS('',1,3,((#2550,#2551,#2552,#2553,#2554,
#2555,#2556,#2557,#2558,#2559,#2560,#2561,#2562,#2563,#2564,#2565,#2566,
#2567),(#2568,#2569,#2570,#2571,#2572,#2573,#2574,#2575,#2576,#2577,#2578,
#2579,#2580,#2581,#2582,#2583,#2584,#2585)),.RULED_SURF.,.F.,.F.,.F.,(2,
2),(4,2,2,2,2,2,2,2,4),(0.,1.),(0.,0.000933288651096588,0.00186657730219317,
0.00279986595328977,0.00373315460438636,0.00466644325548294,0.00559973190657953,
0.00653302055767612,0.00746630920877271),.UNSPECIFIED.);
#56=B_SPLINE_SURFACE_WITH_KNOTS('',1,3,((#2590,#2591,#2592,#2593,#2594,
#2595,#2596,#2597,#2598,#2599,#2600,#2601,#2602,#2603,#2604,#2605,#2606,
#2607),(#2608,#2609,#2610,#2611,#2612,#2613,#2614,#2615,#2616,#2617,#2618,
#2619,#2620,#2621,#2622,#2623,#2624,#2625)),.RULED_SURF.,.F.,.F.,.F.,(2,
2),(4,2,2,2,2,2,2,2,4),(0.,1.),(0.,0.000933288651096587,0.00186657730219317,
0.00279986595328976,0.00373315460438635,0.00466644325548293,0.00559973190657952,
0.00653302055767611,0.00746630920877269),.UNSPECIFIED.);
#57=B_SPLINE_SURFACE_WITH_KNOTS('',1,3,((#2640,#2641,#2642,#2643,#2644,
#2645,#2646,#2647,#2648,#2649,#2650,#2651,#2652,#2653,#2654,#2655,#2656,
#2657),(#2658,#2659,#2660,#2661,#2662,#2663,#2664,#2665,#2666,#2667,#2668,
#2669,#2670,#2671,#2672,#2673,#2674,#2675)),.RULED_SURF.,.F.,.F.,.F.,(2,
2),(4,2,2,2,2,2,2,2,4),(0.,1.),(0.,0.000933288651096587,0.00186657730219317,
0.00279986595328976,0.00373315460438635,0.00466644325548293,0.00559973190657952,
0.00653302055767611,0.00746630920877269),.UNSPECIFIED.);
#58=B_SPLINE_SURFACE_WITH_KNOTS('',1,3,((#2680,#2681,#2682,#2683,#2684,
#2685,#2686,#2687,#2688,#2689,#2690,#2691,#2692,#2693,#2694,#2695,#2696,
#2697),(#2698,#2699,#2700,#2701,#2702,#2703,#2704,#2705,#2706,#2707,#2708,
#2709,#2710,#2711,#2712,#2713,#2714,#2715)),.RULED_SURF.,.F.,.F.,.F.,(2,
2),(4,2,2,2,2,2,2,2,4),(0.,1.),(0.,0.000933288651096588,0.00186657730219317,
0.00279986595328977,0.00373315460438636,0.00466644325548294,0.00559973190657953,
0.00653302055767612,0.00746630920877271),.UNSPECIFIED.);
#59=LINE('',#1565,#133);
#60=LINE('',#1572,#134);
#61=LINE('',#1580,#135);
#62=LINE('',#1587,#136);
#63=LINE('',#1595,#137);
#64=LINE('',#1602,#138);
#65=LINE('',#1604,#139);
#66=LINE('',#1607,#140);
#67=LINE('',#1609,#141);
#68=LINE('',#1611,#142);
#69=LINE('',#1620,#143);
#70=LINE('',#1632,#144);
#71=LINE('',#1635,#145);
#72=LINE('',#1636,#146);
#73=LINE('',#1645,#147);
#74=LINE('',#1657,#148);
#75=LINE('',#1660,#149);
#76=LINE('',#1661,#150);
#77=LINE('',#1670,#151);
#78=LINE('',#1682,#152);
#79=LINE('',#1685,#153);
#80=LINE('',#1686,#154);
#81=LINE('',#1694,#155);
#82=LINE('',#1701,#156);
#83=LINE('',#1709,#157);
#84=LINE('',#1716,#158);
#85=LINE('',#1724,#159);
#86=LINE('',#1731,#160);
#87=LINE('',#1739,#161);
#88=LINE('',#1746,#162);
#89=LINE('',#1748,#163);
#90=LINE('',#1751,#164);
#91=LINE('',#1758,#165);
#92=LINE('',#1760,#166);
#93=LINE('',#1772,#167);
#94=LINE('',#1773,#168);
#95=LINE('',#1797,#169);
#96=LINE('',#1804,#170);
#97=LINE('',#1812,#171);
#98=LINE('',#1819,#172);
#99=LINE('',#1827,#173);
#100=LINE('',#1834,#174);
#101=LINE('',#1857,#175);
#102=LINE('',#1879,#176);
#103=LINE('',#1901,#177);
#104=LINE('',#1923,#178);
#105=LINE('',#1934,#179);
#106=LINE('',#1945,#180);
#107=LINE('',#1949,#181);
#108=LINE('',#1960,#182);
#109=LINE('',#1971,#183);
#110=LINE('',#1982,#184);
#111=LINE('',#1989,#185);
#112=LINE('',#2000,#186);
#113=LINE('',#2011,#187);
#114=LINE('',#2018,#188);
#115=LINE('',#2025,#189);
#116=LINE('',#2036,#190);
#117=LINE('',#2046,#191);
#118=LINE('',#2049,#192);
#119=LINE('',#2051,#193);
#120=LINE('',#2053,#194);
#121=LINE('',#2097,#195);
#122=LINE('',#2099,#196);
#123=LINE('',#2101,#197);
#124=LINE('',#2103,#198);
#125=LINE('',#2105,#199);
#126=LINE('',#2107,#200);
#127=LINE('',#2109,#201);
#128=LINE('',#2111,#202);
#129=LINE('',#2387,#203);
#130=LINE('',#2467,#204);
#131=LINE('',#2469,#205);
#132=LINE('',#2492,#206);
#133=VECTOR('',#1365,1.);
#134=VECTOR('',#1366,1.);
#135=VECTOR('',#1369,1.);
#136=VECTOR('',#1370,1.);
#137=VECTOR('',#1373,1.);
#138=VECTOR('',#1374,1.);
#139=VECTOR('',#1377,1.);
#140=VECTOR('',#1378,1.);
#141=VECTOR('',#1379,1.);
#142=VECTOR('',#1380,1.);
#143=VECTOR('',#1381,1.);
#144=VECTOR('',#1384,1.);
#145=VECTOR('',#1385,1.);
#146=VECTOR('',#1386,1.);
#147=VECTOR('',#1387,1.);
#148=VECTOR('',#1390,1.);
#149=VECTOR('',#1391,1.);
#150=VECTOR('',#1392,1.);
#151=VECTOR('',#1393,1.);
#152=VECTOR('',#1396,1.);
#153=VECTOR('',#1397,1.);
#154=VECTOR('',#1398,1.);
#155=VECTOR('',#1401,1.);
#156=VECTOR('',#1402,1.);
#157=VECTOR('',#1405,1.);
#158=VECTOR('',#1406,1.);
#159=VECTOR('',#1409,1.);
#160=VECTOR('',#1410,1.);
#161=VECTOR('',#1413,1.);
#162=VECTOR('',#1414,1.);
#163=VECTOR('',#1417,1.);
#164=VECTOR('',#1418,1.);
#165=VECTOR('',#1419,1.);
#166=VECTOR('',#1422,1.);
#167=VECTOR('',#1429,1.);
#168=VECTOR('',#1430,1.);
#169=VECTOR('',#1433,1.);
#170=VECTOR('',#1434,1.);
#171=VECTOR('',#1437,1.);
#172=VECTOR('',#1438,1.);
#173=VECTOR('',#1441,1.);
#174=VECTOR('',#1442,1.);
#175=VECTOR('',#1445,1.);
#176=VECTOR('',#1446,1.);
#177=VECTOR('',#1447,1.);
#178=VECTOR('',#1448,1.);
#179=VECTOR('',#1449,1.);
#180=VECTOR('',#1450,1.);
#181=VECTOR('',#1453,1.);
#182=VECTOR('',#1454,1.);
#183=VECTOR('',#1455,1.);
#184=VECTOR('',#1456,1.);
#185=VECTOR('',#1457,1.);
#186=VECTOR('',#1458,1.);
#187=VECTOR('',#1459,1.);
#188=VECTOR('',#1460,1.);
#189=VECTOR('',#1461,1.);
#190=VECTOR('',#1462,1.);
#191=VECTOR('',#1473,1.);
#192=VECTOR('',#1474,1.);
#193=VECTOR('',#1475,1.);
#194=VECTOR('',#1476,1.);
#195=VECTOR('',#1479,1.);
#196=VECTOR('',#1480,1.);
#197=VECTOR('',#1481,1.);
#198=VECTOR('',#1484,1.);
#199=VECTOR('',#1485,1.);
#200=VECTOR('',#1488,1.);
#201=VECTOR('',#1489,1.);
#202=VECTOR('',#1492,1.);
#203=VECTOR('',#1507,1.);
#204=VECTOR('',#1512,1.);
#205=VECTOR('',#1515,1.);
#206=VECTOR('',#1520,1.);
#207=ORIENTED_EDGE('',*,*,#579,.T.);
#208=ORIENTED_EDGE('',*,*,#580,.T.);
#209=ORIENTED_EDGE('',*,*,#581,.T.);
#210=ORIENTED_EDGE('',*,*,#582,.F.);
#211=ORIENTED_EDGE('',*,*,#583,.T.);
#212=ORIENTED_EDGE('',*,*,#584,.T.);
#213=ORIENTED_EDGE('',*,*,#585,.T.);
#214=ORIENTED_EDGE('',*,*,#586,.T.);
#215=ORIENTED_EDGE('',*,*,#587,.T.);
#216=ORIENTED_EDGE('',*,*,#588,.T.);
#217=ORIENTED_EDGE('',*,*,#589,.T.);
#218=ORIENTED_EDGE('',*,*,#590,.T.);
#219=ORIENTED_EDGE('',*,*,#591,.F.);
#220=ORIENTED_EDGE('',*,*,#592,.T.);
#221=ORIENTED_EDGE('',*,*,#593,.T.);
#222=ORIENTED_EDGE('',*,*,#594,.T.);
#223=ORIENTED_EDGE('',*,*,#595,.F.);
#224=ORIENTED_EDGE('',*,*,#596,.T.);
#225=ORIENTED_EDGE('',*,*,#591,.T.);
#226=ORIENTED_EDGE('',*,*,#597,.T.);
#227=ORIENTED_EDGE('',*,*,#598,.F.);
#228=ORIENTED_EDGE('',*,*,#599,.T.);
#229=ORIENTED_EDGE('',*,*,#595,.T.);
#230=ORIENTED_EDGE('',*,*,#600,.T.);
#231=ORIENTED_EDGE('',*,*,#601,.F.);
#232=ORIENTED_EDGE('',*,*,#602,.T.);
#233=ORIENTED_EDGE('',*,*,#598,.T.);
#234=ORIENTED_EDGE('',*,*,#603,.T.);
#235=ORIENTED_EDGE('',*,*,#604,.F.);
#236=ORIENTED_EDGE('',*,*,#605,.T.);
#237=ORIENTED_EDGE('',*,*,#601,.T.);
#238=ORIENTED_EDGE('',*,*,#606,.F.);
#239=ORIENTED_EDGE('',*,*,#607,.F.);
#240=ORIENTED_EDGE('',*,*,#608,.T.);
#241=ORIENTED_EDGE('',*,*,#604,.T.);
#242=ORIENTED_EDGE('',*,*,#609,.T.);
#243=ORIENTED_EDGE('',*,*,#610,.F.);
#244=ORIENTED_EDGE('',*,*,#611,.T.);
#245=ORIENTED_EDGE('',*,*,#607,.T.);
#246=ORIENTED_EDGE('',*,*,#612,.F.);
#247=ORIENTED_EDGE('',*,*,#613,.T.);
#248=ORIENTED_EDGE('',*,*,#614,.T.);
#249=ORIENTED_EDGE('',*,*,#615,.T.);
#250=ORIENTED_EDGE('',*,*,#616,.F.);
#251=ORIENTED_EDGE('',*,*,#617,.T.);
#252=ORIENTED_EDGE('',*,*,#618,.T.);
#253=ORIENTED_EDGE('',*,*,#619,.T.);
#254=ORIENTED_EDGE('',*,*,#620,.F.);
#255=ORIENTED_EDGE('',*,*,#621,.T.);
#256=ORIENTED_EDGE('',*,*,#622,.T.);
#257=ORIENTED_EDGE('',*,*,#623,.T.);
#258=ORIENTED_EDGE('',*,*,#624,.T.);
#259=ORIENTED_EDGE('',*,*,#625,.T.);
#260=ORIENTED_EDGE('',*,*,#626,.T.);
#261=ORIENTED_EDGE('',*,*,#627,.T.);
#262=ORIENTED_EDGE('',*,*,#628,.F.);
#263=ORIENTED_EDGE('',*,*,#629,.F.);
#264=ORIENTED_EDGE('',*,*,#630,.T.);
#265=ORIENTED_EDGE('',*,*,#631,.T.);
#266=ORIENTED_EDGE('',*,*,#632,.T.);
#267=ORIENTED_EDGE('',*,*,#633,.F.);
#268=ORIENTED_EDGE('',*,*,#634,.T.);
#269=ORIENTED_EDGE('',*,*,#629,.T.);
#270=ORIENTED_EDGE('',*,*,#635,.F.);
#271=ORIENTED_EDGE('',*,*,#636,.T.);
#272=ORIENTED_EDGE('',*,*,#637,.T.);
#273=ORIENTED_EDGE('',*,*,#633,.T.);
#274=ORIENTED_EDGE('',*,*,#638,.T.);
#275=ORIENTED_EDGE('',*,*,#593,.F.);
#276=ORIENTED_EDGE('',*,*,#639,.T.);
#277=ORIENTED_EDGE('',*,*,#610,.T.);
#278=ORIENTED_EDGE('',*,*,#640,.T.);
#279=ORIENTED_EDGE('',*,*,#641,.T.);
#280=ORIENTED_EDGE('',*,*,#642,.T.);
#281=ORIENTED_EDGE('',*,*,#643,.T.);
#282=ORIENTED_EDGE('',*,*,#644,.T.);
#283=ORIENTED_EDGE('',*,*,#645,.T.);
#284=ORIENTED_EDGE('',*,*,#646,.T.);
#285=ORIENTED_EDGE('',*,*,#647,.T.);
#286=ORIENTED_EDGE('',*,*,#648,.T.);
#287=ORIENTED_EDGE('',*,*,#649,.T.);
#288=ORIENTED_EDGE('',*,*,#650,.T.);
#289=ORIENTED_EDGE('',*,*,#651,.T.);
#290=ORIENTED_EDGE('',*,*,#652,.F.);
#291=ORIENTED_EDGE('',*,*,#653,.T.);
#292=ORIENTED_EDGE('',*,*,#654,.T.);
#293=ORIENTED_EDGE('',*,*,#655,.T.);
#294=ORIENTED_EDGE('',*,*,#656,.T.);
#295=ORIENTED_EDGE('',*,*,#657,.T.);
#296=ORIENTED_EDGE('',*,*,#658,.T.);
#297=ORIENTED_EDGE('',*,*,#659,.T.);
#298=ORIENTED_EDGE('',*,*,#660,.T.);
#299=ORIENTED_EDGE('',*,*,#661,.T.);
#300=ORIENTED_EDGE('',*,*,#662,.T.);
#301=ORIENTED_EDGE('',*,*,#663,.T.);
#302=ORIENTED_EDGE('',*,*,#664,.T.);
#303=ORIENTED_EDGE('',*,*,#665,.T.);
#304=ORIENTED_EDGE('',*,*,#666,.T.);
#305=ORIENTED_EDGE('',*,*,#667,.T.);
#306=ORIENTED_EDGE('',*,*,#668,.T.);
#307=ORIENTED_EDGE('',*,*,#669,.T.);
#308=ORIENTED_EDGE('',*,*,#670,.T.);
#309=ORIENTED_EDGE('',*,*,#671,.T.);
#310=ORIENTED_EDGE('',*,*,#672,.T.);
#311=ORIENTED_EDGE('',*,*,#673,.T.);
#312=ORIENTED_EDGE('',*,*,#674,.T.);
#313=ORIENTED_EDGE('',*,*,#675,.T.);
#314=ORIENTED_EDGE('',*,*,#676,.T.);
#315=ORIENTED_EDGE('',*,*,#677,.T.);
#316=ORIENTED_EDGE('',*,*,#678,.T.);
#317=ORIENTED_EDGE('',*,*,#679,.T.);
#318=ORIENTED_EDGE('',*,*,#680,.T.);
#319=ORIENTED_EDGE('',*,*,#681,.T.);
#320=ORIENTED_EDGE('',*,*,#682,.T.);
#321=ORIENTED_EDGE('',*,*,#683,.T.);
#322=ORIENTED_EDGE('',*,*,#684,.T.);
#323=ORIENTED_EDGE('',*,*,#685,.T.);
#324=ORIENTED_EDGE('',*,*,#686,.T.);
#325=ORIENTED_EDGE('',*,*,#687,.T.);
#326=ORIENTED_EDGE('',*,*,#688,.T.);
#327=ORIENTED_EDGE('',*,*,#689,.T.);
#328=ORIENTED_EDGE('',*,*,#690,.F.);
#329=ORIENTED_EDGE('',*,*,#691,.T.);
#330=ORIENTED_EDGE('',*,*,#692,.T.);
#331=ORIENTED_EDGE('',*,*,#632,.F.);
#332=ORIENTED_EDGE('',*,*,#693,.T.);
#333=ORIENTED_EDGE('',*,*,#628,.T.);
#334=ORIENTED_EDGE('',*,*,#694,.T.);
#335=ORIENTED_EDGE('',*,*,#648,.F.);
#336=ORIENTED_EDGE('',*,*,#695,.T.);
#337=ORIENTED_EDGE('',*,*,#638,.F.);
#338=ORIENTED_EDGE('',*,*,#635,.T.);
#339=ORIENTED_EDGE('',*,*,#620,.T.);
#340=ORIENTED_EDGE('',*,*,#696,.T.);
#341=ORIENTED_EDGE('',*,*,#616,.T.);
#342=ORIENTED_EDGE('',*,*,#697,.T.);
#343=ORIENTED_EDGE('',*,*,#644,.F.);
#344=ORIENTED_EDGE('',*,*,#698,.T.);
#345=ORIENTED_EDGE('',*,*,#624,.F.);
#346=ORIENTED_EDGE('',*,*,#699,.T.);
#347=ORIENTED_EDGE('',*,*,#594,.F.);
#348=ORIENTED_EDGE('',*,*,#640,.F.);
#349=ORIENTED_EDGE('',*,*,#612,.T.);
#350=ORIENTED_EDGE('',*,*,#609,.F.);
#351=ORIENTED_EDGE('',*,*,#606,.T.);
#352=ORIENTED_EDGE('',*,*,#603,.F.);
#353=ORIENTED_EDGE('',*,*,#600,.F.);
#354=ORIENTED_EDGE('',*,*,#597,.F.);
#355=ORIENTED_EDGE('',*,*,#690,.T.);
#356=ORIENTED_EDGE('',*,*,#700,.F.);
#357=ORIENTED_EDGE('',*,*,#701,.F.);
#358=ORIENTED_EDGE('',*,*,#702,.T.);
#359=ORIENTED_EDGE('',*,*,#691,.F.);
#360=ORIENTED_EDGE('',*,*,#702,.F.);
#361=ORIENTED_EDGE('',*,*,#703,.T.);
#362=ORIENTED_EDGE('',*,*,#704,.T.);
#363=ORIENTED_EDGE('',*,*,#692,.F.);
#364=ORIENTED_EDGE('',*,*,#704,.F.);
#365=ORIENTED_EDGE('',*,*,#705,.T.);
#366=ORIENTED_EDGE('',*,*,#706,.T.);
#367=ORIENTED_EDGE('',*,*,#689,.F.);
#368=ORIENTED_EDGE('',*,*,#706,.F.);
#369=ORIENTED_EDGE('',*,*,#707,.T.);
#370=ORIENTED_EDGE('',*,*,#700,.T.);
#371=ORIENTED_EDGE('',*,*,#701,.T.);
#372=ORIENTED_EDGE('',*,*,#707,.F.);
#373=ORIENTED_EDGE('',*,*,#705,.F.);
#374=ORIENTED_EDGE('',*,*,#703,.F.);
#375=ORIENTED_EDGE('',*,*,#586,.F.);
#376=ORIENTED_EDGE('',*,*,#708,.T.);
#377=ORIENTED_EDGE('',*,*,#582,.T.);
#378=ORIENTED_EDGE('',*,*,#709,.T.);
#379=ORIENTED_EDGE('',*,*,#652,.T.);
#380=ORIENTED_EDGE('',*,*,#710,.T.);
#381=ORIENTED_EDGE('',*,*,#590,.F.);
#382=ORIENTED_EDGE('',*,*,#711,.T.);
#383=ORIENTED_EDGE('',*,*,#651,.F.);
#384=ORIENTED_EDGE('',*,*,#712,.T.);
#385=ORIENTED_EDGE('',*,*,#587,.F.);
#386=ORIENTED_EDGE('',*,*,#710,.F.);
#387=ORIENTED_EDGE('',*,*,#589,.F.);
#388=ORIENTED_EDGE('',*,*,#713,.T.);
#389=ORIENTED_EDGE('',*,*,#583,.F.);
#390=ORIENTED_EDGE('',*,*,#711,.F.);
#391=ORIENTED_EDGE('',*,*,#581,.F.);
#392=ORIENTED_EDGE('',*,*,#714,.T.);
#393=ORIENTED_EDGE('',*,*,#649,.F.);
#394=ORIENTED_EDGE('',*,*,#709,.F.);
#395=ORIENTED_EDGE('',*,*,#585,.F.);
#396=ORIENTED_EDGE('',*,*,#715,.T.);
#397=ORIENTED_EDGE('',*,*,#579,.F.);
#398=ORIENTED_EDGE('',*,*,#708,.F.);
#399=ORIENTED_EDGE('',*,*,#615,.F.);
#400=ORIENTED_EDGE('',*,*,#716,.T.);
#401=ORIENTED_EDGE('',*,*,#641,.F.);
#402=ORIENTED_EDGE('',*,*,#697,.F.);
#403=ORIENTED_EDGE('',*,*,#643,.F.);
#404=ORIENTED_EDGE('',*,*,#717,.T.);
#405=ORIENTED_EDGE('',*,*,#621,.F.);
#406=ORIENTED_EDGE('',*,*,#698,.F.);
#407=ORIENTED_EDGE('',*,*,#619,.F.);
#408=ORIENTED_EDGE('',*,*,#718,.T.);
#409=ORIENTED_EDGE('',*,*,#613,.F.);
#410=ORIENTED_EDGE('',*,*,#696,.F.);
#411=ORIENTED_EDGE('',*,*,#631,.F.);
#412=ORIENTED_EDGE('',*,*,#719,.T.);
#413=ORIENTED_EDGE('',*,*,#625,.F.);
#414=ORIENTED_EDGE('',*,*,#693,.F.);
#415=ORIENTED_EDGE('',*,*,#627,.F.);
#416=ORIENTED_EDGE('',*,*,#720,.T.);
#417=ORIENTED_EDGE('',*,*,#645,.F.);
#418=ORIENTED_EDGE('',*,*,#694,.F.);
#419=ORIENTED_EDGE('',*,*,#647,.F.);
#420=ORIENTED_EDGE('',*,*,#721,.T.);
#421=ORIENTED_EDGE('',*,*,#636,.F.);
#422=ORIENTED_EDGE('',*,*,#695,.F.);
#423=ORIENTED_EDGE('',*,*,#623,.F.);
#424=ORIENTED_EDGE('',*,*,#722,.T.);
#425=ORIENTED_EDGE('',*,*,#617,.F.);
#426=ORIENTED_EDGE('',*,*,#699,.F.);
#427=ORIENTED_EDGE('',*,*,#723,.F.);
#428=ORIENTED_EDGE('',*,*,#618,.F.);
#429=ORIENTED_EDGE('',*,*,#724,.F.);
#430=ORIENTED_EDGE('',*,*,#684,.F.);
#431=ORIENTED_EDGE('',*,*,#724,.T.);
#432=ORIENTED_EDGE('',*,*,#722,.F.);
#433=ORIENTED_EDGE('',*,*,#725,.F.);
#434=ORIENTED_EDGE('',*,*,#661,.F.);
#435=ORIENTED_EDGE('',*,*,#726,.F.);
#436=ORIENTED_EDGE('',*,*,#668,.F.);
#437=ORIENTED_EDGE('',*,*,#727,.F.);
#438=ORIENTED_EDGE('',*,*,#646,.F.);
#439=ORIENTED_EDGE('',*,*,#723,.T.);
#440=ORIENTED_EDGE('',*,*,#683,.F.);
#441=ORIENTED_EDGE('',*,*,#728,.F.);
#442=ORIENTED_EDGE('',*,*,#718,.F.);
#443=ORIENTED_EDGE('',*,*,#725,.T.);
#444=ORIENTED_EDGE('',*,*,#622,.F.);
#445=ORIENTED_EDGE('',*,*,#729,.F.);
#446=ORIENTED_EDGE('',*,*,#662,.F.);
#447=ORIENTED_EDGE('',*,*,#727,.T.);
#448=ORIENTED_EDGE('',*,*,#667,.F.);
#449=ORIENTED_EDGE('',*,*,#730,.F.);
#450=ORIENTED_EDGE('',*,*,#721,.F.);
#451=ORIENTED_EDGE('',*,*,#726,.T.);
#452=ORIENTED_EDGE('',*,*,#720,.F.);
#453=ORIENTED_EDGE('',*,*,#731,.F.);
#454=ORIENTED_EDGE('',*,*,#669,.F.);
#455=ORIENTED_EDGE('',*,*,#732,.F.);
#456=ORIENTED_EDGE('',*,*,#678,.F.);
#457=ORIENTED_EDGE('',*,*,#733,.F.);
#458=ORIENTED_EDGE('',*,*,#584,.F.);
#459=ORIENTED_EDGE('',*,*,#728,.T.);
#460=ORIENTED_EDGE('',*,*,#682,.F.);
#461=ORIENTED_EDGE('',*,*,#734,.F.);
#462=ORIENTED_EDGE('',*,*,#614,.F.);
#463=ORIENTED_EDGE('',*,*,#729,.T.);
#464=ORIENTED_EDGE('',*,*,#717,.F.);
#465=ORIENTED_EDGE('',*,*,#735,.F.);
#466=ORIENTED_EDGE('',*,*,#663,.F.);
#467=ORIENTED_EDGE('',*,*,#730,.T.);
#468=ORIENTED_EDGE('',*,*,#666,.F.);
#469=ORIENTED_EDGE('',*,*,#736,.F.);
#470=ORIENTED_EDGE('',*,*,#637,.F.);
#471=ORIENTED_EDGE('',*,*,#731,.T.);
#472=ORIENTED_EDGE('',*,*,#626,.F.);
#473=ORIENTED_EDGE('',*,*,#737,.F.);
#474=ORIENTED_EDGE('',*,*,#670,.F.);
#475=ORIENTED_EDGE('',*,*,#733,.T.);
#476=ORIENTED_EDGE('',*,*,#677,.F.);
#477=ORIENTED_EDGE('',*,*,#738,.F.);
#478=ORIENTED_EDGE('',*,*,#715,.F.);
#479=ORIENTED_EDGE('',*,*,#732,.T.);
#480=ORIENTED_EDGE('',*,*,#713,.F.);
#481=ORIENTED_EDGE('',*,*,#739,.F.);
#482=ORIENTED_EDGE('',*,*,#740,.F.);
#483=ORIENTED_EDGE('',*,*,#679,.F.);
#484=ORIENTED_EDGE('',*,*,#741,.F.);
#485=ORIENTED_EDGE('',*,*,#716,.F.);
#486=ORIENTED_EDGE('',*,*,#734,.T.);
#487=ORIENTED_EDGE('',*,*,#681,.F.);
#488=ORIENTED_EDGE('',*,*,#742,.F.);
#489=ORIENTED_EDGE('',*,*,#743,.F.);
#490=ORIENTED_EDGE('',*,*,#664,.F.);
#491=ORIENTED_EDGE('',*,*,#735,.T.);
#492=ORIENTED_EDGE('',*,*,#642,.F.);
#493=ORIENTED_EDGE('',*,*,#741,.T.);
#494=ORIENTED_EDGE('',*,*,#744,.F.);
#495=ORIENTED_EDGE('',*,*,#665,.F.);
#496=ORIENTED_EDGE('',*,*,#743,.T.);
#497=ORIENTED_EDGE('',*,*,#745,.F.);
#498=ORIENTED_EDGE('',*,*,#634,.F.);
#499=ORIENTED_EDGE('',*,*,#736,.T.);
#500=ORIENTED_EDGE('',*,*,#737,.T.);
#501=ORIENTED_EDGE('',*,*,#719,.F.);
#502=ORIENTED_EDGE('',*,*,#746,.F.);
#503=ORIENTED_EDGE('',*,*,#671,.F.);
#504=ORIENTED_EDGE('',*,*,#738,.T.);
#505=ORIENTED_EDGE('',*,*,#676,.F.);
#506=ORIENTED_EDGE('',*,*,#747,.F.);
#507=ORIENTED_EDGE('',*,*,#580,.F.);
#508=ORIENTED_EDGE('',*,*,#748,.F.);
#509=ORIENTED_EDGE('',*,*,#739,.T.);
#510=ORIENTED_EDGE('',*,*,#588,.F.);
#511=ORIENTED_EDGE('',*,*,#749,.F.);
#512=ORIENTED_EDGE('',*,*,#740,.T.);
#513=ORIENTED_EDGE('',*,*,#748,.T.);
#514=ORIENTED_EDGE('',*,*,#750,.F.);
#515=ORIENTED_EDGE('',*,*,#672,.F.);
#516=ORIENTED_EDGE('',*,*,#746,.T.);
#517=ORIENTED_EDGE('',*,*,#630,.F.);
#518=ORIENTED_EDGE('',*,*,#745,.T.);
#519=ORIENTED_EDGE('',*,*,#744,.T.);
#520=ORIENTED_EDGE('',*,*,#742,.T.);
#521=ORIENTED_EDGE('',*,*,#680,.F.);
#522=ORIENTED_EDGE('',*,*,#747,.T.);
#523=ORIENTED_EDGE('',*,*,#675,.F.);
#524=ORIENTED_EDGE('',*,*,#751,.F.);
#525=ORIENTED_EDGE('',*,*,#714,.F.);
#526=ORIENTED_EDGE('',*,*,#749,.T.);
#527=ORIENTED_EDGE('',*,*,#712,.F.);
#528=ORIENTED_EDGE('',*,*,#752,.F.);
#529=ORIENTED_EDGE('',*,*,#673,.F.);
#530=ORIENTED_EDGE('',*,*,#750,.T.);
#531=ORIENTED_EDGE('',*,*,#751,.T.);
#532=ORIENTED_EDGE('',*,*,#674,.F.);
#533=ORIENTED_EDGE('',*,*,#752,.T.);
#534=ORIENTED_EDGE('',*,*,#650,.F.);
#535=ORIENTED_EDGE('',*,*,#753,.F.);
#536=ORIENTED_EDGE('',*,*,#611,.F.);
#537=ORIENTED_EDGE('',*,*,#754,.F.);
#538=ORIENTED_EDGE('',*,*,#658,.F.);
#539=ORIENTED_EDGE('',*,*,#754,.T.);
#540=ORIENTED_EDGE('',*,*,#639,.F.);
#541=ORIENTED_EDGE('',*,*,#755,.F.);
#542=ORIENTED_EDGE('',*,*,#659,.F.);
#543=ORIENTED_EDGE('',*,*,#753,.T.);
#544=ORIENTED_EDGE('',*,*,#657,.F.);
#545=ORIENTED_EDGE('',*,*,#756,.F.);
#546=ORIENTED_EDGE('',*,*,#608,.F.);
#547=ORIENTED_EDGE('',*,*,#755,.T.);
#548=ORIENTED_EDGE('',*,*,#592,.F.);
#549=ORIENTED_EDGE('',*,*,#757,.F.);
#550=ORIENTED_EDGE('',*,*,#660,.F.);
#551=ORIENTED_EDGE('',*,*,#756,.T.);
#552=ORIENTED_EDGE('',*,*,#656,.F.);
#553=ORIENTED_EDGE('',*,*,#758,.F.);
#554=ORIENTED_EDGE('',*,*,#605,.F.);
#555=ORIENTED_EDGE('',*,*,#757,.T.);
#556=ORIENTED_EDGE('',*,*,#596,.F.);
#557=ORIENTED_EDGE('',*,*,#759,.F.);
#558=ORIENTED_EDGE('',*,*,#653,.F.);
#559=ORIENTED_EDGE('',*,*,#758,.T.);
#560=ORIENTED_EDGE('',*,*,#655,.F.);
#561=ORIENTED_EDGE('',*,*,#760,.F.);
#562=ORIENTED_EDGE('',*,*,#602,.F.);
#563=ORIENTED_EDGE('',*,*,#759,.T.);
#564=ORIENTED_EDGE('',*,*,#599,.F.);
#565=ORIENTED_EDGE('',*,*,#760,.T.);
#566=ORIENTED_EDGE('',*,*,#654,.F.);
#567=ORIENTED_EDGE('',*,*,#761,.T.);
#568=ORIENTED_EDGE('',*,*,#688,.F.);
#569=ORIENTED_EDGE('',*,*,#761,.F.);
#570=ORIENTED_EDGE('',*,*,#762,.T.);
#571=ORIENTED_EDGE('',*,*,#687,.F.);
#572=ORIENTED_EDGE('',*,*,#762,.F.);
#573=ORIENTED_EDGE('',*,*,#763,.T.);
#574=ORIENTED_EDGE('',*,*,#686,.F.);
#575=ORIENTED_EDGE('',*,*,#763,.F.);
#576=ORIENTED_EDGE('',*,*,#764,.T.);
#577=ORIENTED_EDGE('',*,*,#685,.F.);
#578=ORIENTED_EDGE('',*,*,#764,.F.);
#579=EDGE_CURVE('',#765,#766,#881,.T.);
#580=EDGE_CURVE('',#766,#767,#59,.T.);
#581=EDGE_CURVE('',#767,#768,#882,.T.);
#582=EDGE_CURVE('',#765,#768,#60,.T.);
#583=EDGE_CURVE('',#769,#770,#883,.T.);
#584=EDGE_CURVE('',#770,#771,#61,.T.);
#585=EDGE_CURVE('',#771,#772,#884,.T.);
#586=EDGE_CURVE('',#772,#769,#62,.T.);
#587=EDGE_CURVE('',#773,#774,#885,.T.);
#588=EDGE_CURVE('',#774,#775,#63,.T.);
#589=EDGE_CURVE('',#775,#776,#886,.T.);
#590=EDGE_CURVE('',#776,#773,#64,.T.);
#591=EDGE_CURVE('',#777,#778,#65,.T.);
#592=EDGE_CURVE('',#777,#779,#66,.T.);
#593=EDGE_CURVE('',#779,#780,#67,.T.);
#594=EDGE_CURVE('',#780,#778,#68,.T.);
#595=EDGE_CURVE('',#781,#782,#69,.T.);
#596=EDGE_CURVE('',#781,#777,#887,.T.);
#597=EDGE_CURVE('',#778,#782,#888,.T.);
#598=EDGE_CURVE('',#783,#784,#70,.T.);
#599=EDGE_CURVE('',#783,#781,#71,.T.);
#600=EDGE_CURVE('',#782,#784,#72,.T.);
#601=EDGE_CURVE('',#785,#786,#73,.T.);
#602=EDGE_CURVE('',#785,#783,#889,.T.);
#603=EDGE_CURVE('',#784,#786,#890,.T.);
#604=EDGE_CURVE('',#787,#788,#74,.T.);
#605=EDGE_CURVE('',#787,#785,#75,.T.);
#606=EDGE_CURVE('',#788,#786,#76,.T.);
#607=EDGE_CURVE('',#789,#790,#77,.T.);
#608=EDGE_CURVE('',#789,#787,#891,.T.);
#609=EDGE_CURVE('',#788,#790,#892,.T.);
#610=EDGE_CURVE('',#791,#792,#78,.T.);
#611=EDGE_CURVE('',#791,#789,#79,.T.);
#612=EDGE_CURVE('',#792,#790,#80,.T.);
#613=EDGE_CURVE('',#793,#794,#893,.T.);
#614=EDGE_CURVE('',#794,#795,#81,.T.);
#615=EDGE_CURVE('',#795,#796,#894,.T.);
#616=EDGE_CURVE('',#793,#796,#82,.T.);
#617=EDGE_CURVE('',#797,#798,#895,.T.);
#618=EDGE_CURVE('',#798,#799,#83,.T.);
#619=EDGE_CURVE('',#799,#800,#896,.T.);
#620=EDGE_CURVE('',#797,#800,#84,.T.);
#621=EDGE_CURVE('',#801,#802,#897,.T.);
#622=EDGE_CURVE('',#802,#803,#85,.T.);
#623=EDGE_CURVE('',#803,#804,#898,.T.);
#624=EDGE_CURVE('',#804,#801,#86,.T.);
#625=EDGE_CURVE('',#805,#806,#899,.T.);
#626=EDGE_CURVE('',#806,#807,#87,.T.);
#627=EDGE_CURVE('',#807,#808,#900,.T.);
#628=EDGE_CURVE('',#805,#808,#88,.T.);
#629=EDGE_CURVE('',#809,#810,#89,.T.);
#630=EDGE_CURVE('',#809,#811,#90,.T.);
#631=EDGE_CURVE('',#811,#812,#901,.T.);
#632=EDGE_CURVE('',#812,#810,#91,.T.);
#633=EDGE_CURVE('',#813,#814,#92,.T.);
#634=EDGE_CURVE('',#813,#809,#13,.T.);
#635=EDGE_CURVE('',#814,#810,#14,.T.);
#636=EDGE_CURVE('',#815,#816,#902,.T.);
#637=EDGE_CURVE('',#816,#813,#93,.T.);
#638=EDGE_CURVE('',#814,#815,#94,.T.);
#639=EDGE_CURVE('',#779,#791,#903,.T.);
#640=EDGE_CURVE('',#792,#780,#904,.T.);
#641=EDGE_CURVE('',#817,#818,#905,.T.);
#642=EDGE_CURVE('',#818,#819,#95,.T.);
#643=EDGE_CURVE('',#819,#820,#906,.T.);
#644=EDGE_CURVE('',#820,#817,#96,.T.);
#645=EDGE_CURVE('',#821,#822,#907,.T.);
#646=EDGE_CURVE('',#822,#823,#97,.T.);
#647=EDGE_CURVE('',#823,#824,#908,.T.);
#648=EDGE_CURVE('',#824,#821,#98,.T.);
#649=EDGE_CURVE('',#825,#826,#909,.T.);
#650=EDGE_CURVE('',#826,#827,#99,.T.);
#651=EDGE_CURVE('',#827,#828,#910,.T.);
#652=EDGE_CURVE('',#825,#828,#100,.T.);
#653=EDGE_CURVE('',#829,#830,#911,.T.);
#654=EDGE_CURVE('',#830,#831,#101,.T.);
#655=EDGE_CURVE('',#831,#832,#912,.T.);
#656=EDGE_CURVE('',#832,#833,#102,.T.);
#657=EDGE_CURVE('',#833,#834,#913,.T.);
#658=EDGE_CURVE('',#834,#835,#103,.T.);
#659=EDGE_CURVE('',#835,#836,#914,.T.);
#660=EDGE_CURVE('',#836,#829,#104,.T.);
#661=EDGE_CURVE('',#837,#838,#915,.T.);
#662=EDGE_CURVE('',#838,#839,#105,.T.);
#663=EDGE_CURVE('',#839,#840,#916,.T.);
#664=EDGE_CURVE('',#840,#841,#106,.T.);
#665=EDGE_CURVE('',#841,#842,#15,.F.);
#666=EDGE_CURVE('',#842,#843,#107,.T.);
#667=EDGE_CURVE('',#843,#844,#917,.T.);
#668=EDGE_CURVE('',#844,#845,#108,.T.);
#669=EDGE_CURVE('',#845,#846,#918,.T.);
#670=EDGE_CURVE('',#846,#847,#109,.T.);
#671=EDGE_CURVE('',#847,#848,#919,.T.);
#672=EDGE_CURVE('',#848,#849,#110,.T.);
#673=EDGE_CURVE('',#849,#850,#920,.T.);
#674=EDGE_CURVE('',#850,#851,#111,.T.);
#675=EDGE_CURVE('',#851,#852,#921,.T.);
#676=EDGE_CURVE('',#852,#853,#112,.T.);
#677=EDGE_CURVE('',#853,#854,#922,.T.);
#678=EDGE_CURVE('',#854,#855,#113,.T.);
#679=EDGE_CURVE('',#855,#856,#923,.T.);
#680=EDGE_CURVE('',#856,#857,#114,.T.);
#681=EDGE_CURVE('',#857,#858,#924,.T.);
#682=EDGE_CURVE('',#858,#859,#115,.T.);
#683=EDGE_CURVE('',#859,#860,#925,.T.);
#684=EDGE_CURVE('',#860,#837,#116,.T.);
#685=EDGE_CURVE('',#861,#861,#16,.T.);
#686=EDGE_CURVE('',#862,#862,#17,.T.);
#687=EDGE_CURVE('',#863,#863,#18,.T.);
#688=EDGE_CURVE('',#864,#864,#19,.T.);
#689=EDGE_CURVE('',#865,#866,#117,.T.);
#690=EDGE_CURVE('',#867,#866,#118,.T.);
#691=EDGE_CURVE('',#867,#868,#119,.T.);
#692=EDGE_CURVE('',#868,#865,#120,.T.);
#693=EDGE_CURVE('',#812,#805,#926,.T.);
#694=EDGE_CURVE('',#808,#821,#927,.T.);
#695=EDGE_CURVE('',#824,#815,#928,.T.);
#696=EDGE_CURVE('',#800,#793,#929,.T.);
#697=EDGE_CURVE('',#796,#817,#930,.T.);
#698=EDGE_CURVE('',#820,#801,#931,.T.);
#699=EDGE_CURVE('',#804,#797,#932,.T.);
#700=EDGE_CURVE('',#869,#866,#121,.T.);
#701=EDGE_CURVE('',#870,#869,#122,.T.);
#702=EDGE_CURVE('',#870,#867,#123,.T.);
#703=EDGE_CURVE('',#870,#871,#124,.T.);
#704=EDGE_CURVE('',#871,#868,#125,.T.);
#705=EDGE_CURVE('',#871,#872,#126,.T.);
#706=EDGE_CURVE('',#872,#865,#127,.T.);
#707=EDGE_CURVE('',#872,#869,#128,.T.);
#708=EDGE_CURVE('',#772,#765,#933,.T.);
#709=EDGE_CURVE('',#768,#825,#934,.T.);
#710=EDGE_CURVE('',#828,#773,#935,.T.);
#711=EDGE_CURVE('',#776,#769,#936,.T.);
#712=EDGE_CURVE('',#827,#774,#937,.T.);
#713=EDGE_CURVE('',#775,#770,#938,.T.);
#714=EDGE_CURVE('',#767,#826,#939,.T.);
#715=EDGE_CURVE('',#771,#766,#940,.T.);
#716=EDGE_CURVE('',#795,#818,#941,.T.);
#717=EDGE_CURVE('',#819,#802,#942,.T.);
#718=EDGE_CURVE('',#799,#794,#943,.T.);
#719=EDGE_CURVE('',#811,#806,#944,.T.);
#720=EDGE_CURVE('',#807,#822,#945,.T.);
#721=EDGE_CURVE('',#823,#816,#946,.T.);
#722=EDGE_CURVE('',#803,#798,#947,.T.);
#723=EDGE_CURVE('',#799,#860,#948,.F.);
#724=EDGE_CURVE('',#837,#798,#949,.F.);
#725=EDGE_CURVE('',#838,#803,#950,.T.);
#726=EDGE_CURVE('',#845,#822,#951,.F.);
#727=EDGE_CURVE('',#823,#844,#952,.F.);
#728=EDGE_CURVE('',#794,#859,#953,.T.);
#729=EDGE_CURVE('',#839,#802,#954,.F.);
#730=EDGE_CURVE('',#816,#843,#955,.T.);
#731=EDGE_CURVE('',#846,#807,#956,.T.);
#732=EDGE_CURVE('',#855,#770,#957,.F.);
#733=EDGE_CURVE('',#771,#854,#958,.F.);
#734=EDGE_CURVE('',#795,#858,#959,.F.);
#735=EDGE_CURVE('',#840,#819,#960,.T.);
#736=EDGE_CURVE('',#813,#842,#129,.T.);
#737=EDGE_CURVE('',#847,#806,#961,.F.);
#738=EDGE_CURVE('',#766,#853,#962,.T.);
#739=EDGE_CURVE('',#873,#775,#963,.T.);
#740=EDGE_CURVE('',#856,#873,#964,.T.);
#741=EDGE_CURVE('',#818,#874,#965,.T.);
#742=EDGE_CURVE('',#874,#857,#966,.T.);
#743=EDGE_CURVE('',#841,#875,#967,.F.);
#744=EDGE_CURVE('',#875,#874,#130,.F.);
#745=EDGE_CURVE('',#809,#875,#131,.T.);
#746=EDGE_CURVE('',#848,#811,#968,.T.);
#747=EDGE_CURVE('',#767,#852,#969,.F.);
#748=EDGE_CURVE('',#873,#876,#132,.F.);
#749=EDGE_CURVE('',#876,#774,#970,.F.);
#750=EDGE_CURVE('',#849,#876,#971,.F.);
#751=EDGE_CURVE('',#826,#851,#972,.T.);
#752=EDGE_CURVE('',#850,#827,#973,.T.);
#753=EDGE_CURVE('',#789,#834,#974,.F.);
#754=EDGE_CURVE('',#835,#791,#975,.F.);
#755=EDGE_CURVE('',#836,#779,#976,.T.);
#756=EDGE_CURVE('',#787,#833,#977,.T.);
#757=EDGE_CURVE('',#829,#777,#978,.F.);
#758=EDGE_CURVE('',#785,#832,#979,.F.);
#759=EDGE_CURVE('',#830,#781,#980,.T.);
#760=EDGE_CURVE('',#783,#831,#981,.T.);
#761=EDGE_CURVE('',#877,#877,#20,.T.);
#762=EDGE_CURVE('',#878,#878,#21,.T.);
#763=EDGE_CURVE('',#879,#879,#22,.T.);
#764=EDGE_CURVE('',#880,#880,#23,.T.);
#765=VERTEX_POINT('',#1563);
#766=VERTEX_POINT('',#1564);
#767=VERTEX_POINT('',#1566);
#768=VERTEX_POINT('',#1571);
#769=VERTEX_POINT('',#1578);
#770=VERTEX_POINT('',#1579);
#771=VERTEX_POINT('',#1581);
#772=VERTEX_POINT('',#1586);
#773=VERTEX_POINT('',#1593);
#774=VERTEX_POINT('',#1594);
#775=VERTEX_POINT('',#1596);
#776=VERTEX_POINT('',#1601);
#777=VERTEX_POINT('',#1605);
#778=VERTEX_POINT('',#1606);
#779=VERTEX_POINT('',#1608);
#780=VERTEX_POINT('',#1610);
#781=VERTEX_POINT('',#1621);
#782=VERTEX_POINT('',#1622);
#783=VERTEX_POINT('',#1633);
#784=VERTEX_POINT('',#1634);
#785=VERTEX_POINT('',#1646);
#786=VERTEX_POINT('',#1647);
#787=VERTEX_POINT('',#1658);
#788=VERTEX_POINT('',#1659);
#789=VERTEX_POINT('',#1671);
#790=VERTEX_POINT('',#1672);
#791=VERTEX_POINT('',#1683);
#792=VERTEX_POINT('',#1684);
#793=VERTEX_POINT('',#1692);
#794=VERTEX_POINT('',#1693);
#795=VERTEX_POINT('',#1695);
#796=VERTEX_POINT('',#1700);
#797=VERTEX_POINT('',#1707);
#798=VERTEX_POINT('',#1708);
#799=VERTEX_POINT('',#1710);
#800=VERTEX_POINT('',#1715);
#801=VERTEX_POINT('',#1722);
#802=VERTEX_POINT('',#1723);
#803=VERTEX_POINT('',#1725);
#804=VERTEX_POINT('',#1730);
#805=VERTEX_POINT('',#1737);
#806=VERTEX_POINT('',#1738);
#807=VERTEX_POINT('',#1740);
#808=VERTEX_POINT('',#1745);
#809=VERTEX_POINT('',#1749);
#810=VERTEX_POINT('',#1750);
#811=VERTEX_POINT('',#1752);
#812=VERTEX_POINT('',#1757);
#813=VERTEX_POINT('',#1761);
#814=VERTEX_POINT('',#1762);
#815=VERTEX_POINT('',#1770);
#816=VERTEX_POINT('',#1771);
#817=VERTEX_POINT('',#1795);
#818=VERTEX_POINT('',#1796);
#819=VERTEX_POINT('',#1798);
#820=VERTEX_POINT('',#1803);
#821=VERTEX_POINT('',#1810);
#822=VERTEX_POINT('',#1811);
#823=VERTEX_POINT('',#1813);
#824=VERTEX_POINT('',#1818);
#825=VERTEX_POINT('',#1825);
#826=VERTEX_POINT('',#1826);
#827=VERTEX_POINT('',#1828);
#828=VERTEX_POINT('',#1833);
#829=VERTEX_POINT('',#1855);
#830=VERTEX_POINT('',#1856);
#831=VERTEX_POINT('',#1858);
#832=VERTEX_POINT('',#1878);
#833=VERTEX_POINT('',#1880);
#834=VERTEX_POINT('',#1900);
#835=VERTEX_POINT('',#1902);
#836=VERTEX_POINT('',#1922);
#837=VERTEX_POINT('',#1932);
#838=VERTEX_POINT('',#1933);
#839=VERTEX_POINT('',#1935);
#840=VERTEX_POINT('',#1944);
#841=VERTEX_POINT('',#1946);
#842=VERTEX_POINT('',#1948);
#843=VERTEX_POINT('',#1950);
#844=VERTEX_POINT('',#1959);
#845=VERTEX_POINT('',#1961);
#846=VERTEX_POINT('',#1970);
#847=VERTEX_POINT('',#1972);
#848=VERTEX_POINT('',#1981);
#849=VERTEX_POINT('',#1983);
#850=VERTEX_POINT('',#1988);
#851=VERTEX_POINT('',#1990);
#852=VERTEX_POINT('',#1999);
#853=VERTEX_POINT('',#2001);
#854=VERTEX_POINT('',#2010);
#855=VERTEX_POINT('',#2012);
#856=VERTEX_POINT('',#2017);
#857=VERTEX_POINT('',#2019);
#858=VERTEX_POINT('',#2024);
#859=VERTEX_POINT('',#2026);
#860=VERTEX_POINT('',#2035);
#861=VERTEX_POINT('',#2039);
#862=VERTEX_POINT('',#2041);
#863=VERTEX_POINT('',#2043);
#864=VERTEX_POINT('',#2045);
#865=VERTEX_POINT('',#2047);
#866=VERTEX_POINT('',#2048);
#867=VERTEX_POINT('',#2050);
#868=VERTEX_POINT('',#2052);
#869=VERTEX_POINT('',#2098);
#870=VERTEX_POINT('',#2100);
#871=VERTEX_POINT('',#2104);
#872=VERTEX_POINT('',#2108);
#873=VERTEX_POINT('',#2425);
#874=VERTEX_POINT('',#2451);
#875=VERTEX_POINT('',#2466);
#876=VERTEX_POINT('',#2493);
#877=VERTEX_POINT('',#2723);
#878=VERTEX_POINT('',#2727);
#879=VERTEX_POINT('',#2731);
#880=VERTEX_POINT('',#2735);
#881=B_SPLINE_CURVE_WITH_KNOTS('',3,(#1559,#1560,#1561,#1562),
 .UNSPECIFIED.,.F.,.F.,(4,4),(0.,0.636363636363636),.UNSPECIFIED.);
#882=B_SPLINE_CURVE_WITH_KNOTS('',3,(#1567,#1568,#1569,#1570),
 .UNSPECIFIED.,.F.,.F.,(4,4),(0.363636363636364,1.),.UNSPECIFIED.);
#883=B_SPLINE_CURVE_WITH_KNOTS('',3,(#1574,#1575,#1576,#1577),
 .UNSPECIFIED.,.F.,.F.,(4,4),(0.,0.636363636363636),.UNSPECIFIED.);
#884=B_SPLINE_CURVE_WITH_KNOTS('',3,(#1582,#1583,#1584,#1585),
 .UNSPECIFIED.,.F.,.F.,(4,4),(0.363636363636364,1.),.UNSPECIFIED.);
#885=B_SPLINE_CURVE_WITH_KNOTS('',3,(#1589,#1590,#1591,#1592),
 .UNSPECIFIED.,.F.,.F.,(4,4),(0.,0.636363636363636),.UNSPECIFIED.);
#886=B_SPLINE_CURVE_WITH_KNOTS('',3,(#1597,#1598,#1599,#1600),
 .UNSPECIFIED.,.F.,.F.,(4,4),(0.363636363636364,1.),.UNSPECIFIED.);
#887=B_SPLINE_CURVE_WITH_KNOTS('',3,(#1623,#1624,#1625,#1626),
 .UNSPECIFIED.,.F.,.F.,(4,4),(0.,1.),.UNSPECIFIED.);
#888=B_SPLINE_CURVE_WITH_KNOTS('',3,(#1627,#1628,#1629,#1630),
 .UNSPECIFIED.,.F.,.F.,(4,4),(0.,1.),.UNSPECIFIED.);
#889=B_SPLINE_CURVE_WITH_KNOTS('',3,(#1648,#1649,#1650,#1651),
 .UNSPECIFIED.,.F.,.F.,(4,4),(0.,1.),.UNSPECIFIED.);
#890=B_SPLINE_CURVE_WITH_KNOTS('',3,(#1652,#1653,#1654,#1655),
 .UNSPECIFIED.,.F.,.F.,(4,4),(0.,1.),.UNSPECIFIED.);
#891=B_SPLINE_CURVE_WITH_KNOTS('',3,(#1673,#1674,#1675,#1676),
 .UNSPECIFIED.,.F.,.F.,(4,4),(0.,1.),.UNSPECIFIED.);
#892=B_SPLINE_CURVE_WITH_KNOTS('',3,(#1677,#1678,#1679,#1680),
 .UNSPECIFIED.,.F.,.F.,(4,4),(0.,1.),.UNSPECIFIED.);
#893=B_SPLINE_CURVE_WITH_KNOTS('',3,(#1688,#1689,#1690,#1691),
 .UNSPECIFIED.,.F.,.F.,(4,4),(0.,0.714285714285714),.UNSPECIFIED.);
#894=B_SPLINE_CURVE_WITH_KNOTS('',3,(#1696,#1697,#1698,#1699),
 .UNSPECIFIED.,.F.,.F.,(4,4),(0.285714285714286,1.),.UNSPECIFIED.);
#895=B_SPLINE_CURVE_WITH_KNOTS('',3,(#1703,#1704,#1705,#1706),
 .UNSPECIFIED.,.F.,.F.,(4,4),(0.,0.714285714285714),.UNSPECIFIED.);
#896=B_SPLINE_CURVE_WITH_KNOTS('',3,(#1711,#1712,#1713,#1714),
 .UNSPECIFIED.,.F.,.F.,(4,4),(0.285714285714286,1.),.UNSPECIFIED.);
#897=B_SPLINE_CURVE_WITH_KNOTS('',3,(#1718,#1719,#1720,#1721),
 .UNSPECIFIED.,.F.,.F.,(4,4),(0.,0.714285714285714),.UNSPECIFIED.);
#898=B_SPLINE_CURVE_WITH_KNOTS('',3,(#1726,#1727,#1728,#1729),
 .UNSPECIFIED.,.F.,.F.,(4,4),(0.285714285714286,1.),.UNSPECIFIED.);
#899=B_SPLINE_CURVE_WITH_KNOTS('',3,(#1733,#1734,#1735,#1736),
 .UNSPECIFIED.,.F.,.F.,(4,4),(0.,0.714285714285714),.UNSPECIFIED.);
#900=B_SPLINE_CURVE_WITH_KNOTS('',3,(#1741,#1742,#1743,#1744),
 .UNSPECIFIED.,.F.,.F.,(4,4),(0.285714285714286,1.),.UNSPECIFIED.);
#901=B_SPLINE_CURVE_WITH_KNOTS('',3,(#1753,#1754,#1755,#1756),
 .UNSPECIFIED.,.F.,.F.,(4,4),(0.285714285714286,1.),.UNSPECIFIED.);
#902=B_SPLINE_CURVE_WITH_KNOTS('',3,(#1766,#1767,#1768,#1769),
 .UNSPECIFIED.,.F.,.F.,(4,4),(0.,0.714285714285714),.UNSPECIFIED.);
#903=B_SPLINE_CURVE_WITH_KNOTS('',3,(#1782,#1783,#1784,#1785),
 .UNSPECIFIED.,.F.,.F.,(4,4),(0.,1.),.UNSPECIFIED.);
#904=B_SPLINE_CURVE_WITH_KNOTS('',3,(#1786,#1787,#1788,#1789),
 .UNSPECIFIED.,.F.,.F.,(4,4),(0.,1.),.UNSPECIFIED.);
#905=B_SPLINE_CURVE_WITH_KNOTS('',3,(#1791,#1792,#1793,#1794),
 .UNSPECIFIED.,.F.,.F.,(4,4),(0.,0.714285714285714),.UNSPECIFIED.);
#906=B_SPLINE_CURVE_WITH_KNOTS('',3,(#1799,#1800,#1801,#1802),
 .UNSPECIFIED.,.F.,.F.,(4,4),(0.285714285714286,1.),.UNSPECIFIED.);
#907=B_SPLINE_CURVE_WITH_KNOTS('',3,(#1806,#1807,#1808,#1809),
 .UNSPECIFIED.,.F.,.F.,(4,4),(0.,0.714285714285714),.UNSPECIFIED.);
#908=B_SPLINE_CURVE_WITH_KNOTS('',3,(#1814,#1815,#1816,#1817),
 .UNSPECIFIED.,.F.,.F.,(4,4),(0.285714285714286,1.),.UNSPECIFIED.);
#909=B_SPLINE_CURVE_WITH_KNOTS('',3,(#1821,#1822,#1823,#1824),
 .UNSPECIFIED.,.F.,.F.,(4,4),(0.,0.636363636363636),.UNSPECIFIED.);
#910=B_SPLINE_CURVE_WITH_KNOTS('',3,(#1829,#1830,#1831,#1832),
 .UNSPECIFIED.,.F.,.F.,(4,4),(0.363636363636364,1.),.UNSPECIFIED.);
#911=B_SPLINE_CURVE_WITH_KNOTS('',3,(#1836,#1837,#1838,#1839,#1840,#1841,
#1842,#1843,#1844,#1845,#1846,#1847,#1848,#1849,#1850,#1851,#1852,#1853,
#1854),.UNSPECIFIED.,.F.,.F.,(4,1,1,1,1,1,1,1,1,1,1,1,1,1,1,1,4),(0.,0.125,
0.1875,0.21875,0.25,0.28125,0.3125,0.375,0.5,0.625,0.6875,0.71875,0.75,
0.78125,0.8125,0.875,1.),.UNSPECIFIED.);
#912=B_SPLINE_CURVE_WITH_KNOTS('',3,(#1859,#1860,#1861,#1862,#1863,#1864,
#1865,#1866,#1867,#1868,#1869,#1870,#1871,#1872,#1873,#1874,#1875,#1876,
#1877),.UNSPECIFIED.,.F.,.F.,(4,1,1,1,1,1,1,1,1,1,1,1,1,1,1,1,4),(0.,0.125,
0.1875,0.21875,0.25,0.28125,0.3125,0.375,0.5,0.625,0.6875,0.71875,0.75,
0.78125,0.8125,0.875,1.),.UNSPECIFIED.);
#913=B_SPLINE_CURVE_WITH_KNOTS('',3,(#1881,#1882,#1883,#1884,#1885,#1886,
#1887,#1888,#1889,#1890,#1891,#1892,#1893,#1894,#1895,#1896,#1897,#1898,
#1899),.UNSPECIFIED.,.F.,.F.,(4,1,1,1,1,1,1,1,1,1,1,1,1,1,1,1,4),(0.,0.125,
0.1875,0.21875,0.25,0.28125,0.3125,0.375,0.5,0.625,0.6875,0.71875,0.75,
0.78125,0.8125,0.875,1.),.UNSPECIFIED.);
#914=B_SPLINE_CURVE_WITH_KNOTS('',3,(#1903,#1904,#1905,#1906,#1907,#1908,
#1909,#1910,#1911,#1912,#1913,#1914,#1915,#1916,#1917,#1918,#1919,#1920,
#1921),.UNSPECIFIED.,.F.,.F.,(4,1,1,1,1,1,1,1,1,1,1,1,1,1,1,1,4),(0.,0.125,
0.1875,0.21875,0.25,0.28125,0.3125,0.375,0.5,0.625,0.6875,0.71875,0.75,
0.78125,0.8125,0.875,1.),.UNSPECIFIED.);
#915=B_SPLINE_CURVE_WITH_KNOTS('',3,(#1924,#1925,#1926,#1927,#1928,#1929,
#1930,#1931),.UNSPECIFIED.,.F.,.F.,(4,1,1,1,1,4),(0.,0.25,0.5,0.625,0.75,
1.),.UNSPECIFIED.);
#916=B_SPLINE_CURVE_WITH_KNOTS('',3,(#1936,#1937,#1938,#1939,#1940,#1941,
#1942,#1943),.UNSPECIFIED.,.F.,.F.,(4,1,1,1,1,4),(0.,0.25,0.5,0.625,0.75,
1.),.UNSPECIFIED.);
#917=B_SPLINE_CURVE_WITH_KNOTS('',3,(#1951,#1952,#1953,#1954,#1955,#1956,
#1957,#1958),.UNSPECIFIED.,.F.,.F.,(4,1,1,1,1,4),(0.,0.25,0.5,0.625,0.75,
1.),.UNSPECIFIED.);
#918=B_SPLINE_CURVE_WITH_KNOTS('',3,(#1962,#1963,#1964,#1965,#1966,#1967,
#1968,#1969),.UNSPECIFIED.,.F.,.F.,(4,1,1,1,1,4),(0.,0.25,0.5,0.625,0.75,
1.),.UNSPECIFIED.);
#919=B_SPLINE_CURVE_WITH_KNOTS('',3,(#1973,#1974,#1975,#1976,#1977,#1978,
#1979,#1980),.UNSPECIFIED.,.F.,.F.,(4,1,1,1,1,4),(0.,0.25,0.5,0.625,0.75,
1.),.UNSPECIFIED.);
#920=B_SPLINE_CURVE_WITH_KNOTS('',3,(#1984,#1985,#1986,#1987),
 .UNSPECIFIED.,.F.,.F.,(4,4),(0.763943980999526,1.),.UNSPECIFIED.);
#921=B_SPLINE_CURVE_WITH_KNOTS('',3,(#1991,#1992,#1993,#1994,#1995,#1996,
#1997,#1998),.UNSPECIFIED.,.F.,.F.,(4,1,1,1,1,4),(0.,0.25,0.5,0.625,0.75,
1.),.UNSPECIFIED.);
#922=B_SPLINE_CURVE_WITH_KNOTS('',3,(#2002,#2003,#2004,#2005,#2006,#2007,
#2008,#2009),.UNSPECIFIED.,.F.,.F.,(4,1,1,1,1,4),(0.,0.25,0.5,0.625,0.75,
1.),.UNSPECIFIED.);
#923=B_SPLINE_CURVE_WITH_KNOTS('',3,(#2013,#2014,#2015,#2016),
 .UNSPECIFIED.,.F.,.F.,(4,4),(0.,0.235481721212207),.UNSPECIFIED.);
#924=B_SPLINE_CURVE_WITH_KNOTS('',3,(#2020,#2021,#2022,#2023),
 .UNSPECIFIED.,.F.,.F.,(4,4),(0.830862639686335,1.),.UNSPECIFIED.);
#925=B_SPLINE_CURVE_WITH_KNOTS('',3,(#2027,#2028,#2029,#2030,#2031,#2032,
#2033,#2034),.UNSPECIFIED.,.F.,.F.,(4,1,1,1,1,4),(0.,0.25,0.5,0.625,0.75,
1.),.UNSPECIFIED.);
#926=B_SPLINE_CURVE_WITH_KNOTS('',3,(#2054,#2055,#2056,#2057,#2058,#2059),
 .UNSPECIFIED.,.F.,.F.,(4,1,1,4),(0.,0.000400633998221479,0.000801267996442958,
0.00160253599288592),.UNSPECIFIED.);
#927=B_SPLINE_CURVE_WITH_KNOTS('',3,(#2060,#2061,#2062,#2063,#2064,#2065),
 .UNSPECIFIED.,.F.,.F.,(4,1,1,4),(0.,0.000400633998221473,0.000801267996442945,
0.00160253599288589),.UNSPECIFIED.);
#928=B_SPLINE_CURVE_WITH_KNOTS('',3,(#2066,#2067,#2068,#2069,#2070,#2071),
 .UNSPECIFIED.,.F.,.F.,(4,1,1,4),(0.,0.000400633998221479,0.000801267996442958,
0.00160253599288592),.UNSPECIFIED.);
#929=B_SPLINE_CURVE_WITH_KNOTS('',3,(#2072,#2073,#2074,#2075,#2076,#2077),
 .UNSPECIFIED.,.F.,.F.,(4,1,1,4),(0.,0.00040063399822148,0.000801267996442959,
0.00160253599288592),.UNSPECIFIED.);
#930=B_SPLINE_CURVE_WITH_KNOTS('',3,(#2078,#2079,#2080,#2081,#2082,#2083),
 .UNSPECIFIED.,.F.,.F.,(4,1,1,4),(0.,0.000400633998221481,0.000801267996442962,
0.00160253599288592),.UNSPECIFIED.);
#931=B_SPLINE_CURVE_WITH_KNOTS('',3,(#2084,#2085,#2086,#2087,#2088,#2089),
 .UNSPECIFIED.,.F.,.F.,(4,1,1,4),(0.,0.000400633998221474,0.000801267996442948,
0.0016025359928859),.UNSPECIFIED.);
#932=B_SPLINE_CURVE_WITH_KNOTS('',3,(#2090,#2091,#2092,#2093,#2094,#2095),
 .UNSPECIFIED.,.F.,.F.,(4,1,1,4),(0.,0.00040063399822148,0.00080126799644296,
0.00160253599288592),.UNSPECIFIED.);
#933=B_SPLINE_CURVE_WITH_KNOTS('',3,(#2113,#2114,#2115,#2116,#2117,#2118),
 .UNSPECIFIED.,.F.,.F.,(4,1,1,4),(0.,0.000400633998221478,0.000801267996442956,
0.00160253599288591),.UNSPECIFIED.);
#934=B_SPLINE_CURVE_WITH_KNOTS('',3,(#2119,#2120,#2121,#2122,#2123,#2124),
 .UNSPECIFIED.,.F.,.F.,(4,1,1,4),(0.,0.000400633998221475,0.000801267996442949,
0.0016025359928859),.UNSPECIFIED.);
#935=B_SPLINE_CURVE_WITH_KNOTS('',3,(#2125,#2126,#2127,#2128,#2129,#2130),
 .UNSPECIFIED.,.F.,.F.,(4,1,1,4),(0.,0.000400633998221471,0.000801267996442943,
0.00160253599288589),.UNSPECIFIED.);
#936=B_SPLINE_CURVE_WITH_KNOTS('',3,(#2131,#2132,#2133,#2134,#2135,#2136),
 .UNSPECIFIED.,.F.,.F.,(4,1,1,4),(0.,0.000400633998221481,0.000801267996442962,
0.00160253599288592),.UNSPECIFIED.);
#937=B_SPLINE_CURVE_WITH_KNOTS('',3,(#2145,#2146,#2147,#2148),
 .UNSPECIFIED.,.F.,.F.,(4,4),(0.,1.),.UNSPECIFIED.);
#938=B_SPLINE_CURVE_WITH_KNOTS('',3,(#2157,#2158,#2159,#2160),
 .UNSPECIFIED.,.F.,.F.,(4,4),(0.,1.),.UNSPECIFIED.);
#939=B_SPLINE_CURVE_WITH_KNOTS('',3,(#2169,#2170,#2171,#2172),
 .UNSPECIFIED.,.F.,.F.,(4,4),(0.,1.),.UNSPECIFIED.);
#940=B_SPLINE_CURVE_WITH_KNOTS('',3,(#2181,#2182,#2183,#2184),
 .UNSPECIFIED.,.F.,.F.,(4,4),(0.,1.),.UNSPECIFIED.);
#941=B_SPLINE_CURVE_WITH_KNOTS('',3,(#2193,#2194,#2195,#2196),
 .UNSPECIFIED.,.F.,.F.,(4,4),(0.,1.),.UNSPECIFIED.);
#942=B_SPLINE_CURVE_WITH_KNOTS('',3,(#2205,#2206,#2207,#2208),
 .UNSPECIFIED.,.F.,.F.,(4,4),(0.,1.),.UNSPECIFIED.);
#943=B_SPLINE_CURVE_WITH_KNOTS('',3,(#2217,#2218,#2219,#2220),
 .UNSPECIFIED.,.F.,.F.,(4,4),(0.,1.),.UNSPECIFIED.);
#944=B_SPLINE_CURVE_WITH_KNOTS('',3,(#2229,#2230,#2231,#2232),
 .UNSPECIFIED.,.F.,.F.,(4,4),(0.,1.),.UNSPECIFIED.);
#945=B_SPLINE_CURVE_WITH_KNOTS('',3,(#2241,#2242,#2243,#2244),
 .UNSPECIFIED.,.F.,.F.,(4,4),(0.,1.),.UNSPECIFIED.);
#946=B_SPLINE_CURVE_WITH_KNOTS('',3,(#2253,#2254,#2255,#2256),
 .UNSPECIFIED.,.F.,.F.,(4,4),(0.,1.),.UNSPECIFIED.);
#947=B_SPLINE_CURVE_WITH_KNOTS('',3,(#2265,#2266,#2267,#2268),
 .UNSPECIFIED.,.F.,.F.,(4,4),(0.,1.),.UNSPECIFIED.);
#948=B_SPLINE_CURVE_WITH_KNOTS('',3,(#2270,#2271,#2272,#2273),
 .UNSPECIFIED.,.F.,.F.,(4,4),(0.,1.),.UNSPECIFIED.);
#949=B_SPLINE_CURVE_WITH_KNOTS('',3,(#2274,#2275,#2276,#2277),
 .UNSPECIFIED.,.F.,.F.,(4,4),(0.,1.),.UNSPECIFIED.);
#950=B_SPLINE_CURVE_WITH_KNOTS('',3,(#2290,#2291,#2292,#2293),
 .UNSPECIFIED.,.F.,.F.,(4,4),(0.,1.),.UNSPECIFIED.);
#951=B_SPLINE_CURVE_WITH_KNOTS('',3,(#2295,#2296,#2297,#2298),
 .UNSPECIFIED.,.F.,.F.,(4,4),(0.,1.),.UNSPECIFIED.);
#952=B_SPLINE_CURVE_WITH_KNOTS('',3,(#2299,#2300,#2301,#2302),
 .UNSPECIFIED.,.F.,.F.,(4,4),(0.,1.),.UNSPECIFIED.);
#953=B_SPLINE_CURVE_WITH_KNOTS('',3,(#2315,#2316,#2317,#2318),
 .UNSPECIFIED.,.F.,.F.,(4,4),(0.,1.),.UNSPECIFIED.);
#954=B_SPLINE_CURVE_WITH_KNOTS('',3,(#2320,#2321,#2322,#2323),
 .UNSPECIFIED.,.F.,.F.,(4,4),(0.,1.),.UNSPECIFIED.);
#955=B_SPLINE_CURVE_WITH_KNOTS('',3,(#2336,#2337,#2338,#2339),
 .UNSPECIFIED.,.F.,.F.,(4,4),(0.,1.),.UNSPECIFIED.);
#956=B_SPLINE_CURVE_WITH_KNOTS('',3,(#2352,#2353,#2354,#2355),
 .UNSPECIFIED.,.F.,.F.,(4,4),(0.,1.),.UNSPECIFIED.);
#957=B_SPLINE_CURVE_WITH_KNOTS('',3,(#2357,#2358,#2359,#2360),
 .UNSPECIFIED.,.F.,.F.,(4,4),(0.,1.),.UNSPECIFIED.);
#958=B_SPLINE_CURVE_WITH_KNOTS('',3,(#2361,#2362,#2363,#2364),
 .UNSPECIFIED.,.F.,.F.,(4,4),(0.,1.),.UNSPECIFIED.);
#959=B_SPLINE_CURVE_WITH_KNOTS('',3,(#2366,#2367,#2368,#2369),
 .UNSPECIFIED.,.F.,.F.,(4,4),(0.,1.),.UNSPECIFIED.);
#960=B_SPLINE_CURVE_WITH_KNOTS('',3,(#2382,#2383,#2384,#2385),
 .UNSPECIFIED.,.F.,.F.,(4,4),(0.,1.),.UNSPECIFIED.);
#961=B_SPLINE_CURVE_WITH_KNOTS('',3,(#2389,#2390,#2391,#2392),
 .UNSPECIFIED.,.F.,.F.,(4,4),(0.,1.),.UNSPECIFIED.);
#962=B_SPLINE_CURVE_WITH_KNOTS('',3,(#2405,#2406,#2407,#2408),
 .UNSPECIFIED.,.F.,.F.,(4,4),(0.,1.),.UNSPECIFIED.);
#963=B_SPLINE_CURVE_WITH_KNOTS('',3,(#2421,#2422,#2423,#2424),
 .UNSPECIFIED.,.F.,.F.,(4,4),(0.4740019379845,1.),.UNSPECIFIED.);
#964=B_SPLINE_CURVE_WITH_KNOTS('',3,(#2426,#2427,#2428,#2429,#2430,#2431,
#2432,#2433,#2434),.UNSPECIFIED.,.F.,.F.,(4,1,1,1,1,1,4),(0.,0.25,0.375,
0.5,0.625,0.75,1.),.UNSPECIFIED.);
#965=B_SPLINE_CURVE_WITH_KNOTS('',3,(#2447,#2448,#2449,#2450),
 .UNSPECIFIED.,.F.,.F.,(4,4),(0.,0.374999999999999),.UNSPECIFIED.);
#966=B_SPLINE_CURVE_WITH_KNOTS('',3,(#2452,#2453,#2454,#2455,#2456,#2457,
#2458,#2459,#2460),.UNSPECIFIED.,.F.,.F.,(4,1,1,1,1,1,4),(0.,0.25,0.375,
0.5,0.625,0.75,1.),.UNSPECIFIED.);
#967=B_SPLINE_CURVE_WITH_KNOTS('',3,(#2462,#2463,#2464,#2465),
 .UNSPECIFIED.,.F.,.F.,(4,4),(1.9720343882343E-7,0.00687154631578571),
 .UNSPECIFIED.);
#968=B_SPLINE_CURVE_WITH_KNOTS('',3,(#2482,#2483,#2484,#2485),
 .UNSPECIFIED.,.F.,.F.,(4,4),(0.,1.),.UNSPECIFIED.);
#969=B_SPLINE_CURVE_WITH_KNOTS('',3,(#2487,#2488,#2489,#2490),
 .UNSPECIFIED.,.F.,.F.,(4,4),(0.,1.),.UNSPECIFIED.);
#970=B_SPLINE_CURVE_WITH_KNOTS('',3,(#2494,#2495,#2496,#2497),
 .UNSPECIFIED.,.F.,.F.,(4,4),(0.,1.),.UNSPECIFIED.);
#971=B_SPLINE_CURVE_WITH_KNOTS('',3,(#2499,#2500,#2501,#2502,#2503,#2504,
#2505,#2506,#2507),.UNSPECIFIED.,.F.,.F.,(4,1,1,1,1,1,4),(0.,0.25,0.375,
0.5,0.625,0.75,1.),.UNSPECIFIED.);
#972=B_SPLINE_CURVE_WITH_KNOTS('',3,(#2520,#2521,#2522,#2523),
 .UNSPECIFIED.,.F.,.F.,(4,4),(0.,1.),.UNSPECIFIED.);
#973=B_SPLINE_CURVE_WITH_KNOTS('',3,(#2536,#2537,#2538,#2539),
 .UNSPECIFIED.,.F.,.F.,(4,4),(0.,1.),.UNSPECIFIED.);
#974=B_SPLINE_CURVE_WITH_KNOTS('',3,(#2542,#2543,#2544,#2545),
 .UNSPECIFIED.,.F.,.F.,(4,4),(0.,1.),.UNSPECIFIED.);
#975=B_SPLINE_CURVE_WITH_KNOTS('',3,(#2546,#2547,#2548,#2549),
 .UNSPECIFIED.,.F.,.F.,(4,4),(0.,1.),.UNSPECIFIED.);
#976=B_SPLINE_CURVE_WITH_KNOTS('',3,(#2586,#2587,#2588,#2589),
 .UNSPECIFIED.,.F.,.F.,(4,4),(0.,1.),.UNSPECIFIED.);
#977=B_SPLINE_CURVE_WITH_KNOTS('',3,(#2626,#2627,#2628,#2629),
 .UNSPECIFIED.,.F.,.F.,(4,4),(0.,1.),.UNSPECIFIED.);
#978=B_SPLINE_CURVE_WITH_KNOTS('',3,(#2631,#2632,#2633,#2634),
 .UNSPECIFIED.,.F.,.F.,(4,4),(0.,1.),.UNSPECIFIED.);
#979=B_SPLINE_CURVE_WITH_KNOTS('',3,(#2636,#2637,#2638,#2639),
 .UNSPECIFIED.,.F.,.F.,(4,4),(0.,1.),.UNSPECIFIED.);
#980=B_SPLINE_CURVE_WITH_KNOTS('',3,(#2676,#2677,#2678,#2679),
 .UNSPECIFIED.,.F.,.F.,(4,4),(0.,1.),.UNSPECIFIED.);
#981=B_SPLINE_CURVE_WITH_KNOTS('',3,(#2716,#2717,#2718,#2719),
 .UNSPECIFIED.,.F.,.F.,(4,4),(0.,1.),.UNSPECIFIED.);
#982=EDGE_LOOP('',(#207,#208,#209,#210));
#983=EDGE_LOOP('',(#211,#212,#213,#214));
#984=EDGE_LOOP('',(#215,#216,#217,#218));
#985=EDGE_LOOP('',(#219,#220,#221,#222));
#986=EDGE_LOOP('',(#223,#224,#225,#226));
#987=EDGE_LOOP('',(#227,#228,#229,#230));
#988=EDGE_LOOP('',(#231,#232,#233,#234));
#989=EDGE_LOOP('',(#235,#236,#237,#238));
#990=EDGE_LOOP('',(#239,#240,#241,#242));
#991=EDGE_LOOP('',(#243,#244,#245,#246));
#992=EDGE_LOOP('',(#247,#248,#249,#250));
#993=EDGE_LOOP('',(#251,#252,#253,#254));
#994=EDGE_LOOP('',(#255,#256,#257,#258));
#995=EDGE_LOOP('',(#259,#260,#261,#262));
#996=EDGE_LOOP('',(#263,#264,#265,#266));
#997=EDGE_LOOP('',(#267,#268,#269,#270));
#998=EDGE_LOOP('',(#271,#272,#273,#274));
#999=EDGE_LOOP('',(#275,#276,#277,#278));
#1000=EDGE_LOOP('',(#279,#280,#281,#282));
#1001=EDGE_LOOP('',(#283,#284,#285,#286));
#1002=EDGE_LOOP('',(#287,#288,#289,#290));
#1003=EDGE_LOOP('',(#291,#292,#293,#294,#295,#296,#297,#298));
#1004=EDGE_LOOP('',(#299,#300,#301,#302,#303,#304,#305,#306,#307,#308,#309,
#310,#311,#312,#313,#314,#315,#316,#317,#318,#319,#320,#321,#322));
#1005=EDGE_LOOP('',(#323));
#1006=EDGE_LOOP('',(#324));
#1007=EDGE_LOOP('',(#325));
#1008=EDGE_LOOP('',(#326));
#1009=EDGE_LOOP('',(#327,#328,#329,#330));
#1010=EDGE_LOOP('',(#331,#332,#333,#334,#335,#336,#337,#338));
#1011=EDGE_LOOP('',(#339,#340,#341,#342,#343,#344,#345,#346));
#1012=EDGE_LOOP('',(#347,#348,#349,#350,#351,#352,#353,#354));
#1013=EDGE_LOOP('',(#355,#356,#357,#358));
#1014=EDGE_LOOP('',(#359,#360,#361,#362));
#1015=EDGE_LOOP('',(#363,#364,#365,#366));
#1016=EDGE_LOOP('',(#367,#368,#369,#370));
#1017=EDGE_LOOP('',(#371,#372,#373,#374));
#1018=EDGE_LOOP('',(#375,#376,#377,#378,#379,#380,#381,#382));
#1019=EDGE_LOOP('',(#383,#384,#385,#386));
#1020=EDGE_LOOP('',(#387,#388,#389,#390));
#1021=EDGE_LOOP('',(#391,#392,#393,#394));
#1022=EDGE_LOOP('',(#395,#396,#397,#398));
#1023=EDGE_LOOP('',(#399,#400,#401,#402));
#1024=EDGE_LOOP('',(#403,#404,#405,#406));
#1025=EDGE_LOOP('',(#407,#408,#409,#410));
#1026=EDGE_LOOP('',(#411,#412,#413,#414));
#1027=EDGE_LOOP('',(#415,#416,#417,#418));
#1028=EDGE_LOOP('',(#419,#420,#421,#422));
#1029=EDGE_LOOP('',(#423,#424,#425,#426));
#1030=EDGE_LOOP('',(#427,#428,#429,#430));
#1031=EDGE_LOOP('',(#431,#432,#433,#434));
#1032=EDGE_LOOP('',(#435,#436,#437,#438));
#1033=EDGE_LOOP('',(#439,#440,#441,#442));
#1034=EDGE_LOOP('',(#443,#444,#445,#446));
#1035=EDGE_LOOP('',(#447,#448,#449,#450));
#1036=EDGE_LOOP('',(#451,#452,#453,#454));
#1037=EDGE_LOOP('',(#455,#456,#457,#458));
#1038=EDGE_LOOP('',(#459,#460,#461,#462));
#1039=EDGE_LOOP('',(#463,#464,#465,#466));
#1040=EDGE_LOOP('',(#467,#468,#469,#470));
#1041=EDGE_LOOP('',(#471,#472,#473,#474));
#1042=EDGE_LOOP('',(#475,#476,#477,#478));
#1043=EDGE_LOOP('',(#479,#480,#481,#482,#483));
#1044=EDGE_LOOP('',(#484,#485,#486,#487,#488));
#1045=EDGE_LOOP('',(#489,#490,#491,#492,#493,#494));
#1046=EDGE_LOOP('',(#495,#496,#497,#498,#499));
#1047=EDGE_LOOP('',(#500,#501,#502,#503));
#1048=EDGE_LOOP('',(#504,#505,#506,#507));
#1049=EDGE_LOOP('',(#508,#509,#510,#511));
#1050=EDGE_LOOP('',(#512,#513,#514,#515,#516,#517,#518,#519,#520,#521));
#1051=EDGE_LOOP('',(#522,#523,#524,#525));
#1052=EDGE_LOOP('',(#526,#527,#528,#529,#530));
#1053=EDGE_LOOP('',(#531,#532,#533,#534));
#1054=EDGE_LOOP('',(#535,#536,#537,#538));
#1055=EDGE_LOOP('',(#539,#540,#541,#542));
#1056=EDGE_LOOP('',(#543,#544,#545,#546));
#1057=EDGE_LOOP('',(#547,#548,#549,#550));
#1058=EDGE_LOOP('',(#551,#552,#553,#554));
#1059=EDGE_LOOP('',(#555,#556,#557,#558));
#1060=EDGE_LOOP('',(#559,#560,#561,#562));
#1061=EDGE_LOOP('',(#563,#564,#565,#566));
#1062=EDGE_LOOP('',(#567));
#1063=EDGE_LOOP('',(#568));
#1064=EDGE_LOOP('',(#569));
#1065=EDGE_LOOP('',(#570));
#1066=EDGE_LOOP('',(#571));
#1067=EDGE_LOOP('',(#572));
#1068=EDGE_LOOP('',(#573));
#1069=EDGE_LOOP('',(#574));
#1070=EDGE_LOOP('',(#575));
#1071=EDGE_LOOP('',(#576));
#1072=EDGE_LOOP('',(#577));
#1073=EDGE_LOOP('',(#578));
#1074=FACE_BOUND('',#982,.T.);
#1075=FACE_BOUND('',#983,.T.);
#1076=FACE_BOUND('',#984,.T.);
#1077=FACE_BOUND('',#985,.T.);
#1078=FACE_BOUND('',#986,.T.);
#1079=FACE_BOUND('',#987,.T.);
#1080=FACE_BOUND('',#988,.T.);
#1081=FACE_BOUND('',#989,.T.);
#1082=FACE_BOUND('',#990,.T.);
#1083=FACE_BOUND('',#991,.T.);
#1084=FACE_BOUND('',#992,.T.);
#1085=FACE_BOUND('',#993,.T.);
#1086=FACE_BOUND('',#994,.T.);
#1087=FACE_BOUND('',#995,.T.);
#1088=FACE_BOUND('',#996,.T.);
#1089=FACE_BOUND('',#997,.T.);
#1090=FACE_BOUND('',#998,.T.);
#1091=FACE_BOUND('',#999,.T.);
#1092=FACE_BOUND('',#1000,.T.);
#1093=FACE_BOUND('',#1001,.T.);
#1094=FACE_BOUND('',#1002,.T.);
#1095=FACE_BOUND('',#1003,.T.);
#1096=FACE_BOUND('',#1004,.T.);
#1097=FACE_BOUND('',#1005,.T.);
#1098=FACE_BOUND('',#1006,.T.);
#1099=FACE_BOUND('',#1007,.T.);
#1100=FACE_BOUND('',#1008,.T.);
#1101=FACE_BOUND('',#1009,.T.);
#1102=FACE_BOUND('',#1010,.T.);
#1103=FACE_BOUND('',#1011,.T.);
#1104=FACE_BOUND('',#1012,.T.);
#1105=FACE_BOUND('',#1013,.T.);
#1106=FACE_BOUND('',#1014,.T.);
#1107=FACE_BOUND('',#1015,.T.);
#1108=FACE_BOUND('',#1016,.T.);
#1109=FACE_BOUND('',#1017,.T.);
#1110=FACE_BOUND('',#1018,.T.);
#1111=FACE_BOUND('',#1019,.T.);
#1112=FACE_BOUND('',#1020,.T.);
#1113=FACE_BOUND('',#1021,.T.);
#1114=FACE_BOUND('',#1022,.T.);
#1115=FACE_BOUND('',#1023,.T.);
#1116=FACE_BOUND('',#1024,.T.);
#1117=FACE_BOUND('',#1025,.T.);
#1118=FACE_BOUND('',#1026,.T.);
#1119=FACE_BOUND('',#1027,.T.);
#1120=FACE_BOUND('',#1028,.T.);
#1121=FACE_BOUND('',#1029,.T.);
#1122=FACE_BOUND('',#1030,.T.);
#1123=FACE_BOUND('',#1031,.T.);
#1124=FACE_BOUND('',#1032,.T.);
#1125=FACE_BOUND('',#1033,.T.);
#1126=FACE_BOUND('',#1034,.T.);
#1127=FACE_BOUND('',#1035,.T.);
#1128=FACE_BOUND('',#1036,.T.);
#1129=FACE_BOUND('',#1037,.T.);
#1130=FACE_BOUND('',#1038,.T.);
#1131=FACE_BOUND('',#1039,.T.);
#1132=FACE_BOUND('',#1040,.T.);
#1133=FACE_BOUND('',#1041,.T.);
#1134=FACE_BOUND('',#1042,.T.);
#1135=FACE_BOUND('',#1043,.T.);
#1136=FACE_BOUND('',#1044,.T.);
#1137=FACE_BOUND('',#1045,.T.);
#1138=FACE_BOUND('',#1046,.T.);
#1139=FACE_BOUND('',#1047,.T.);
#1140=FACE_BOUND('',#1048,.T.);
#1141=FACE_BOUND('',#1049,.T.);
#1142=FACE_BOUND('',#1050,.T.);
#1143=FACE_BOUND('',#1051,.T.);
#1144=FACE_BOUND('',#1052,.T.);
#1145=FACE_BOUND('',#1053,.T.);
#1146=FACE_BOUND('',#1054,.T.);
#1147=FACE_BOUND('',#1055,.T.);
#1148=FACE_BOUND('',#1056,.T.);
#1149=FACE_BOUND('',#1057,.T.);
#1150=FACE_BOUND('',#1058,.T.);
#1151=FACE_BOUND('',#1059,.T.);
#1152=FACE_BOUND('',#1060,.T.);
#1153=FACE_BOUND('',#1061,.T.);
#1154=FACE_BOUND('',#1062,.T.);
#1155=FACE_BOUND('',#1063,.T.);
#1156=FACE_BOUND('',#1064,.T.);
#1157=FACE_BOUND('',#1065,.T.);
#1158=FACE_BOUND('',#1066,.T.);
#1159=FACE_BOUND('',#1067,.T.);
#1160=FACE_BOUND('',#1068,.T.);
#1161=FACE_BOUND('',#1069,.T.);
#1162=FACE_BOUND('',#1070,.T.);
#1163=FACE_BOUND('',#1071,.T.);
#1164=FACE_BOUND('',#1072,.T.);
#1165=FACE_BOUND('',#1073,.T.);
#1166=PLANE('',#1301);
#1167=PLANE('',#1302);
#1168=PLANE('',#1303);
#1169=PLANE('',#1304);
#1170=PLANE('',#1305);
#1171=PLANE('',#1306);
#1172=PLANE('',#1307);
#1173=PLANE('',#1308);
#1174=PLANE('',#1309);
#1175=PLANE('',#1310);
#1176=PLANE('',#1311);
#1177=PLANE('',#1312);
#1178=PLANE('',#1316);
#1179=PLANE('',#1317);
#1180=PLANE('',#1318);
#1181=PLANE('',#1319);
#1182=PLANE('',#1320);
#1183=PLANE('',#1322);
#1184=PLANE('',#1327);
#1185=PLANE('',#1328);
#1186=PLANE('',#1329);
#1187=PLANE('',#1330);
#1188=PLANE('',#1331);
#1189=PLANE('',#1332);
#1190=PLANE('',#1333);
#1191=PLANE('',#1334);
#1192=PLANE('',#1335);
#1193=PLANE('',#1336);
#1194=PLANE('',#1337);
#1195=PLANE('',#1338);
#1196=PLANE('',#1339);
#1197=PLANE('',#1341);
#1198=PLANE('',#1342);
#1199=PLANE('',#1343);
#1200=PLANE('',#1344);
#1201=PLANE('',#1345);
#1202=PLANE('',#1346);
#1203=PLANE('',#1347);
#1204=PLANE('',#1348);
#1205=PLANE('',#1351);
#1206=PLANE('',#1354);
#1207=PLANE('',#1357);
#1208=PLANE('',#1360);
#1209=ADVANCED_FACE('',(#1074),#1166,.T.);
#1210=ADVANCED_FACE('',(#1075),#1167,.F.);
#1211=ADVANCED_FACE('',(#1076),#1168,.F.);
#1212=ADVANCED_FACE('',(#1077),#1169,.F.);
#1213=ADVANCED_FACE('',(#1078),#29,.F.);
#1214=ADVANCED_FACE('',(#1079),#1170,.F.);
#1215=ADVANCED_FACE('',(#1080),#30,.F.);
#1216=ADVANCED_FACE('',(#1081),#1171,.T.);
#1217=ADVANCED_FACE('',(#1082),#31,.F.);
#1218=ADVANCED_FACE('',(#1083),#1172,.T.);
#1219=ADVANCED_FACE('',(#1084),#1173,.T.);
#1220=ADVANCED_FACE('',(#1085),#1174,.T.);
#1221=ADVANCED_FACE('',(#1086),#1175,.F.);
#1222=ADVANCED_FACE('',(#1087),#1176,.T.);
#1223=ADVANCED_FACE('',(#1088),#1177,.F.);
#1224=ADVANCED_FACE('',(#1089),#24,.F.);
#1225=ADVANCED_FACE('',(#1090),#1178,.F.);
#1226=ADVANCED_FACE('',(#1091),#32,.F.);
#1227=ADVANCED_FACE('',(#1092),#1179,.F.);
#1228=ADVANCED_FACE('',(#1093),#1180,.F.);
#1229=ADVANCED_FACE('',(#1094),#1181,.T.);
#1230=ADVANCED_FACE('',(#1095,#1096),#1182,.T.);
#1231=ADVANCED_FACE('',(#1097,#1098,#1099,#1100,#1101,#1102,#1103,#1104),
#1183,.F.);
#1232=ADVANCED_FACE('',(#1105),#1184,.F.);
#1233=ADVANCED_FACE('',(#1106),#1185,.T.);
#1234=ADVANCED_FACE('',(#1107),#1186,.T.);
#1235=ADVANCED_FACE('',(#1108),#1187,.T.);
#1236=ADVANCED_FACE('',(#1109,#1110),#1188,.F.);
#1237=ADVANCED_FACE('',(#1111),#33,.F.);
#1238=ADVANCED_FACE('',(#1112),#34,.F.);
#1239=ADVANCED_FACE('',(#1113),#35,.F.);
#1240=ADVANCED_FACE('',(#1114),#36,.F.);
#1241=ADVANCED_FACE('',(#1115),#37,.F.);
#1242=ADVANCED_FACE('',(#1116),#38,.F.);
#1243=ADVANCED_FACE('',(#1117),#39,.F.);
#1244=ADVANCED_FACE('',(#1118),#40,.F.);
#1245=ADVANCED_FACE('',(#1119),#41,.F.);
#1246=ADVANCED_FACE('',(#1120),#42,.F.);
#1247=ADVANCED_FACE('',(#1121),#43,.F.);
#1248=ADVANCED_FACE('',(#1122),#1189,.F.);
#1249=ADVANCED_FACE('',(#1123),#44,.T.);
#1250=ADVANCED_FACE('',(#1124),#1190,.T.);
#1251=ADVANCED_FACE('',(#1125),#45,.T.);
#1252=ADVANCED_FACE('',(#1126),#1191,.T.);
#1253=ADVANCED_FACE('',(#1127),#46,.T.);
#1254=ADVANCED_FACE('',(#1128),#47,.T.);
#1255=ADVANCED_FACE('',(#1129),#1192,.T.);
#1256=ADVANCED_FACE('',(#1130),#1193,.F.);
#1257=ADVANCED_FACE('',(#1131),#48,.T.);
#1258=ADVANCED_FACE('',(#1132),#1194,.T.);
#1259=ADVANCED_FACE('',(#1133),#1195,.F.);
#1260=ADVANCED_FACE('',(#1134),#49,.T.);
#1261=ADVANCED_FACE('',(#1135),#50,.T.);
#1262=ADVANCED_FACE('',(#1136),#51,.T.);
#1263=ADVANCED_FACE('',(#1137),#1196,.T.);
#1264=ADVANCED_FACE('',(#1138),#12,.F.);
#1265=ADVANCED_FACE('',(#1139),#52,.T.);
#1266=ADVANCED_FACE('',(#1140),#1197,.F.);
#1267=ADVANCED_FACE('',(#1141),#1198,.T.);
#1268=ADVANCED_FACE('',(#1142),#1199,.T.);
#1269=ADVANCED_FACE('',(#1143),#53,.T.);
#1270=ADVANCED_FACE('',(#1144),#54,.T.);
#1271=ADVANCED_FACE('',(#1145),#1200,.F.);
#1272=ADVANCED_FACE('',(#1146),#1201,.F.);
#1273=ADVANCED_FACE('',(#1147),#55,.T.);
#1274=ADVANCED_FACE('',(#1148),#56,.T.);
#1275=ADVANCED_FACE('',(#1149),#1202,.T.);
#1276=ADVANCED_FACE('',(#1150),#1203,.F.);
#1277=ADVANCED_FACE('',(#1151),#57,.T.);
#1278=ADVANCED_FACE('',(#1152),#58,.T.);
#1279=ADVANCED_FACE('',(#1153),#1204,.T.);
#1280=ADVANCED_FACE('',(#1154,#1155),#25,.F.);
#1281=ADVANCED_FACE('',(#1156),#1205,.F.);
#1282=ADVANCED_FACE('',(#1157,#1158),#26,.F.);
#1283=ADVANCED_FACE('',(#1159),#1206,.F.);
#1284=ADVANCED_FACE('',(#1160,#1161),#27,.F.);
#1285=ADVANCED_FACE('',(#1162),#1207,.F.);
#1286=ADVANCED_FACE('',(#1163,#1164),#28,.F.);
#1287=ADVANCED_FACE('',(#1165),#1208,.F.);
#1288=CLOSED_SHELL('',(#1209,#1210,#1211,#1212,#1213,#1214,#1215,#1216,
#1217,#1218,#1219,#1220,#1221,#1222,#1223,#1224,#1225,#1226,#1227,#1228,
#1229,#1230,#1231,#1232,#1233,#1234,#1235,#1236,#1237,#1238,#1239,#1240,
#1241,#1242,#1243,#1244,#1245,#1246,#1247,#1248,#1249,#1250,#1251,#1252,
#1253,#1254,#1255,#1256,#1257,#1258,#1259,#1260,#1261,#1262,#1263,#1264,
#1265,#1266,#1267,#1268,#1269,#1270,#1271,#1272,#1273,#1274,#1275,#1276,
#1277,#1278,#1279,#1280,#1281,#1282,#1283,#1284,#1285,#1286,#1287));
#1289=STYLED_ITEM('',(#1290),#1297);
#1290=PRESENTATION_STYLE_ASSIGNMENT((#1291));
#1291=SURFACE_STYLE_USAGE(.BOTH.,#1292);
#1292=SURFACE_SIDE_STYLE('',(#1293));
#1293=SURFACE_STYLE_FILL_AREA(#1294);
#1294=FILL_AREA_STYLE('',(#1295));
#1295=FILL_AREA_STYLE_COLOUR('',#1296);
#1296=DRAUGHTING_PRE_DEFINED_COLOUR('black');
#1297=MANIFOLD_SOLID_BREP('TopCover',#1288);
#1298=SHAPE_DEFINITION_REPRESENTATION(#2743,#1299);
#1299=SHAPE_REPRESENTATION('TopCover',(#1300),#2738);
#1300=AXIS2_PLACEMENT_3D('',#1557,#1361,#1362);
#1301=AXIS2_PLACEMENT_3D('',#1558,#1363,#1364);
#1302=AXIS2_PLACEMENT_3D('',#1573,#1367,#1368);
#1303=AXIS2_PLACEMENT_3D('',#1588,#1371,#1372);
#1304=AXIS2_PLACEMENT_3D('',#1603,#1375,#1376);
#1305=AXIS2_PLACEMENT_3D('',#1631,#1382,#1383);
#1306=AXIS2_PLACEMENT_3D('',#1656,#1388,#1389);
#1307=AXIS2_PLACEMENT_3D('',#1681,#1394,#1395);
#1308=AXIS2_PLACEMENT_3D('',#1687,#1399,#1400);
#1309=AXIS2_PLACEMENT_3D('',#1702,#1403,#1404);
#1310=AXIS2_PLACEMENT_3D('',#1717,#1407,#1408);
#1311=AXIS2_PLACEMENT_3D('',#1732,#1411,#1412);
#1312=AXIS2_PLACEMENT_3D('',#1747,#1415,#1416);
#1313=AXIS2_PLACEMENT_3D('',#1759,#1420,#1421);
#1314=AXIS2_PLACEMENT_3D('',#1763,#1423,#1424);
#1315=AXIS2_PLACEMENT_3D('',#1764,#1425,#1426);
#1316=AXIS2_PLACEMENT_3D('',#1765,#1427,#1428);
#1317=AXIS2_PLACEMENT_3D('',#1790,#1431,#1432);
#1318=AXIS2_PLACEMENT_3D('',#1805,#1435,#1436);
#1319=AXIS2_PLACEMENT_3D('',#1820,#1439,#1440);
#1320=AXIS2_PLACEMENT_3D('',#1835,#1443,#1444);
#1321=AXIS2_PLACEMENT_3D('',#1947,#1451,#1452);
#1322=AXIS2_PLACEMENT_3D('',#2037,#1463,#1464);
#1323=AXIS2_PLACEMENT_3D('',#2038,#1465,#1466);
#1324=AXIS2_PLACEMENT_3D('',#2040,#1467,#1468);
#1325=AXIS2_PLACEMENT_3D('',#2042,#1469,#1470);
#1326=AXIS2_PLACEMENT_3D('',#2044,#1471,#1472);
#1327=AXIS2_PLACEMENT_3D('',#2096,#1477,#1478);
#1328=AXIS2_PLACEMENT_3D('',#2102,#1482,#1483);
#1329=AXIS2_PLACEMENT_3D('',#2106,#1486,#1487);
#1330=AXIS2_PLACEMENT_3D('',#2110,#1490,#1491);
#1331=AXIS2_PLACEMENT_3D('',#2112,#1493,#1494);
#1332=AXIS2_PLACEMENT_3D('',#2269,#1495,#1496);
#1333=AXIS2_PLACEMENT_3D('',#2294,#1497,#1498);
#1334=AXIS2_PLACEMENT_3D('',#2319,#1499,#1500);
#1335=AXIS2_PLACEMENT_3D('',#2356,#1501,#1502);
#1336=AXIS2_PLACEMENT_3D('',#2365,#1503,#1504);
#1337=AXIS2_PLACEMENT_3D('',#2386,#1505,#1506);
#1338=AXIS2_PLACEMENT_3D('',#2388,#1508,#1509);
#1339=AXIS2_PLACEMENT_3D('',#2461,#1510,#1511);
#1340=AXIS2_PLACEMENT_3D('',#2468,#1513,#1514);
#1341=AXIS2_PLACEMENT_3D('',#2486,#1516,#1517);
#1342=AXIS2_PLACEMENT_3D('',#2491,#1518,#1519);
#1343=AXIS2_PLACEMENT_3D('',#2498,#1521,#1522);
#1344=AXIS2_PLACEMENT_3D('',#2540,#1523,#1524);
#1345=AXIS2_PLACEMENT_3D('',#2541,#1525,#1526);
#1346=AXIS2_PLACEMENT_3D('',#2630,#1527,#1528);
#1347=AXIS2_PLACEMENT_3D('',#2635,#1529,#1530);
#1348=AXIS2_PLACEMENT_3D('',#2720,#1531,#1532);
#1349=AXIS2_PLACEMENT_3D('',#2721,#1533,#1534);
#1350=AXIS2_PLACEMENT_3D('',#2722,#1535,#1536);
#1351=AXIS2_PLACEMENT_3D('',#2724,#1537,#1538);
#1352=AXIS2_PLACEMENT_3D('',#2725,#1539,#1540);
#1353=AXIS2_PLACEMENT_3D('',#2726,#1541,#1542);
#1354=AXIS2_PLACEMENT_3D('',#2728,#1543,#1544);
#1355=AXIS2_PLACEMENT_3D('',#2729,#1545,#1546);
#1356=AXIS2_PLACEMENT_3D('',#2730,#1547,#1548);
#1357=AXIS2_PLACEMENT_3D('',#2732,#1549,#1550);
#1358=AXIS2_PLACEMENT_3D('',#2733,#1551,#1552);
#1359=AXIS2_PLACEMENT_3D('',#2734,#1553,#1554);
#1360=AXIS2_PLACEMENT_3D('',#2736,#1555,#1556);
#1361=DIRECTION('',(0.,0.,1.));
#1362=DIRECTION('',(1.,0.,0.));
#1363=DIRECTION('',(0.,-1.,0.));
#1364=DIRECTION('',(0.,0.,-1.));
#1365=DIRECTION('',(-1.,0.,0.));
#1366=DIRECTION('',(-1.,0.,0.));
#1367=DIRECTION('',(1.,0.,0.));
#1368=DIRECTION('',(0.,0.,-1.));
#1369=DIRECTION('',(0.,1.,0.));
#1370=DIRECTION('',(0.,-1.,0.));
#1371=DIRECTION('',(0.,-1.,0.));
#1372=DIRECTION('',(0.,0.,-1.));
#1373=DIRECTION('',(1.,0.,0.));
#1374=DIRECTION('',(-1.,0.,0.));
#1375=DIRECTION('',(0.,-1.,0.));
#1376=DIRECTION('',(0.,0.,-1.));
#1377=DIRECTION('',(0.,0.,-1.));
#1378=DIRECTION('',(1.,0.,0.));
#1379=DIRECTION('',(0.,0.,-1.));
#1380=DIRECTION('',(-1.,0.,0.));
#1381=DIRECTION('',(0.,0.,-1.));
#1382=DIRECTION('',(1.,0.,0.));
#1383=DIRECTION('',(0.,0.,-1.));
#1384=DIRECTION('',(0.,0.,-1.));
#1385=DIRECTION('',(0.,1.,0.));
#1386=DIRECTION('',(0.,-1.,0.));
#1387=DIRECTION('',(0.,0.,-1.));
#1388=DIRECTION('',(0.,-1.,0.));
#1389=DIRECTION('',(0.,0.,-1.));
#1390=DIRECTION('',(0.,0.,-1.));
#1391=DIRECTION('',(-1.,0.,0.));
#1392=DIRECTION('',(-1.,0.,0.));
#1393=DIRECTION('',(0.,0.,-1.));
#1394=DIRECTION('',(1.,0.,0.));
#1395=DIRECTION('',(0.,0.,-1.));
#1396=DIRECTION('',(0.,0.,-1.));
#1397=DIRECTION('',(0.,-1.,0.));
#1398=DIRECTION('',(0.,-1.,0.));
#1399=DIRECTION('',(1.,1.26391510089385E-16,0.));
#1400=DIRECTION('',(-1.26391510089385E-16,1.,0.));
#1401=DIRECTION('',(1.26391510089385E-16,-1.,0.));
#1402=DIRECTION('',(1.26391510089385E-16,-1.,0.));
#1403=DIRECTION('',(0.,-1.,0.));
#1404=DIRECTION('',(0.,0.,-1.));
#1405=DIRECTION('',(-1.,0.,0.));
#1406=DIRECTION('',(-1.,0.,0.));
#1407=DIRECTION('',(1.,0.,0.));
#1408=DIRECTION('',(0.,0.,-1.));
#1409=DIRECTION('',(0.,1.,0.));
#1410=DIRECTION('',(0.,-1.,0.));
#1411=DIRECTION('',(1.,4.55307998944044E-16,0.));
#1412=DIRECTION('',(-4.55307998944044E-16,1.,0.));
#1413=DIRECTION('',(4.55307998944044E-16,-1.,0.));
#1414=DIRECTION('',(4.55307998944044E-16,-1.,0.));
#1415=DIRECTION('',(0.,1.,0.));
#1416=DIRECTION('',(0.,0.,1.));
#1417=DIRECTION('',(0.,0.,-1.));
#1418=DIRECTION('',(-1.,0.,0.));
#1419=DIRECTION('',(1.,0.,0.));
#1420=DIRECTION('',(0.,0.,-1.));
#1421=DIRECTION('',(-1.,0.,0.));
#1422=DIRECTION('',(0.,0.,-1.));
#1423=DIRECTION('',(0.,0.,1.));
#1424=DIRECTION('',(1.,0.,0.));
#1425=DIRECTION('',(0.,0.,1.));
#1426=DIRECTION('',(1.,0.,0.));
#1427=DIRECTION('',(1.,4.61056073349318E-16,0.));
#1428=DIRECTION('',(-4.61056073349318E-16,1.,0.));
#1429=DIRECTION('',(-4.61056073349318E-16,1.,0.));
#1430=DIRECTION('',(4.61056073349318E-16,-1.,0.));
#1431=DIRECTION('',(0.,-1.,0.));
#1432=DIRECTION('',(0.,0.,-1.));
#1433=DIRECTION('',(1.,0.,0.));
#1434=DIRECTION('',(-1.,0.,0.));
#1435=DIRECTION('',(1.21415466385078E-16,-1.,0.));
#1436=DIRECTION('',(1.,1.21415466385078E-16,0.));
#1437=DIRECTION('',(1.,1.21415466385078E-16,0.));
#1438=DIRECTION('',(-1.,-1.21415466385078E-16,0.));
#1439=DIRECTION('',(1.,0.,0.));
#1440=DIRECTION('',(0.,0.,-1.));
#1441=DIRECTION('',(0.,-1.,0.));
#1442=DIRECTION('',(0.,-1.,0.));
#1443=DIRECTION('',(0.,0.,1.));
#1444=DIRECTION('',(1.,0.,0.));
#1445=DIRECTION('',(0.,-1.,0.));
#1446=DIRECTION('',(1.,0.,0.));
#1447=DIRECTION('',(0.,1.,0.));
#1448=DIRECTION('',(-1.,0.,0.));
#1449=DIRECTION('',(0.,-1.,0.));
#1450=DIRECTION('',(-1.,0.,0.));
#1451=DIRECTION('',(0.,0.,1.));
#1452=DIRECTION('',(1.,0.,0.));
#1453=DIRECTION('',(4.61056073349318E-16,-1.,0.));
#1454=DIRECTION('',(-1.,-1.21415466385078E-16,0.));
#1455=DIRECTION('',(-4.55307998944044E-16,1.,0.));
#1456=DIRECTION('',(1.,0.,0.));
#1457=DIRECTION('',(0.,1.,0.));
#1458=DIRECTION('',(1.,0.,0.));
#1459=DIRECTION('',(0.,-1.,0.));
#1460=DIRECTION('',(1.,0.,0.));
#1461=DIRECTION('',(-1.26391510089385E-16,1.,0.));
#1462=DIRECTION('',(1.,0.,0.));
#1463=DIRECTION('',(0.,0.,1.));
#1464=DIRECTION('',(1.,0.,0.));
#1465=DIRECTION('',(0.,0.,1.));
#1466=DIRECTION('',(1.,0.,0.));
#1467=DIRECTION('',(0.,0.,1.));
#1468=DIRECTION('',(1.,0.,0.));
#1469=DIRECTION('',(0.,0.,1.));
#1470=DIRECTION('',(1.,0.,0.));
#1471=DIRECTION('',(0.,0.,1.));
#1472=DIRECTION('',(1.,0.,0.));
#1473=DIRECTION('',(1.,0.,0.));
#1474=DIRECTION('',(0.,-1.,0.));
#1475=DIRECTION('',(-1.,0.,0.));
#1476=DIRECTION('',(0.,-1.,0.));
#1477=DIRECTION('',(1.,0.,0.));
#1478=DIRECTION('',(0.,0.,-1.));
#1479=DIRECTION('',(0.,0.,-1.));
#1480=DIRECTION('',(0.,-1.,0.));
#1481=DIRECTION('',(0.,0.,-1.));
#1482=DIRECTION('',(0.,-1.,0.));
#1483=DIRECTION('',(0.,0.,-1.));
#1484=DIRECTION('',(-1.,0.,0.));
#1485=DIRECTION('',(0.,0.,-1.));
#1486=DIRECTION('',(1.,0.,0.));
#1487=DIRECTION('',(0.,0.,-1.));
#1488=DIRECTION('',(0.,-1.,0.));
#1489=DIRECTION('',(0.,0.,-1.));
#1490=DIRECTION('',(0.,1.,0.));
#1491=DIRECTION('',(0.,0.,1.));
#1492=DIRECTION('',(1.,0.,0.));
#1493=DIRECTION('',(0.,0.,1.));
#1494=DIRECTION('',(1.,0.,0.));
#1495=DIRECTION('',(0.,0.707106781186547,-0.707106781186548));
#1496=DIRECTION('',(-1.,0.,0.));
#1497=DIRECTION('',(-8.58536996218163E-17,0.707106781186548,0.707106781186548));
#1498=DIRECTION('',(1.,1.21415466385078E-16,0.));
#1499=DIRECTION('',(-0.707106781186547,0.,0.707106781186548));
#1500=DIRECTION('',(0.,1.,0.));
#1501=DIRECTION('',(-0.707106781186547,0.,0.707106781186548));
#1502=DIRECTION('',(0.,1.,0.));
#1503=DIRECTION('',(-0.707106781186547,-8.93722938686119E-17,-0.707106781186548));
#1504=DIRECTION('',(1.26391510089385E-16,-1.,0.));
#1505=DIRECTION('',(-0.707106781186547,-3.26015875972545E-16,0.707106781186548));
#1506=DIRECTION('',(-4.61056073349318E-16,1.,0.));
#1507=DIRECTION('',(0.707106781186548,0.,0.707106781186548));
#1508=DIRECTION('',(-0.707106781186548,-3.21951373581811E-16,-0.707106781186548));
#1509=DIRECTION('',(4.55307998944044E-16,-1.,0.));
#1510=DIRECTION('',(0.,0.707106781186547,0.707106781186548));
#1511=DIRECTION('',(1.,0.,0.));
#1512=DIRECTION('',(1.,0.,0.));
#1513=DIRECTION('',(0.,0.,1.));
#1514=DIRECTION('',(1.,0.,0.));
#1515=DIRECTION('',(0.,0.707106781186548,0.707106781186548));
#1516=DIRECTION('',(0.,0.707106781186547,-0.707106781186548));
#1517=DIRECTION('',(-1.,0.,0.));
#1518=DIRECTION('',(0.,0.707106781186547,0.707106781186548));
#1519=DIRECTION('',(1.,0.,0.));
#1520=DIRECTION('',(1.,0.,0.));
#1521=DIRECTION('',(0.,-0.707106781186548,0.707106781186548));
#1522=DIRECTION('',(-1.,0.,0.));
#1523=DIRECTION('',(-0.707106781186547,0.,-0.707106781186548));
#1524=DIRECTION('',(0.,-1.,0.));
#1525=DIRECTION('',(-0.707106781186547,0.,-0.707106781186548));
#1526=DIRECTION('',(0.,-1.,0.));
#1527=DIRECTION('',(0.,0.707106781186547,0.707106781186548));
#1528=DIRECTION('',(1.,0.,0.));
#1529=DIRECTION('',(0.,0.707106781186547,-0.707106781186548));
#1530=DIRECTION('',(-1.,0.,0.));
#1531=DIRECTION('',(-0.707106781186547,0.,0.707106781186548));
#1532=DIRECTION('',(0.,1.,0.));
#1533=DIRECTION('',(0.,0.,-1.));
#1534=DIRECTION('',(-1.,0.,0.));
#1535=DIRECTION('',(0.,0.,1.));
#1536=DIRECTION('',(1.,0.,0.));
#1537=DIRECTION('',(0.,0.,1.));
#1538=DIRECTION('',(1.,0.,0.));
#1539=DIRECTION('',(0.,0.,-1.));
#1540=DIRECTION('',(-1.,0.,0.));
#1541=DIRECTION('',(0.,0.,1.));
#1542=DIRECTION('',(1.,0.,0.));
#1543=DIRECTION('',(0.,0.,1.));
#1544=DIRECTION('',(1.,0.,0.));
#1545=DIRECTION('',(0.,0.,-1.));
#1546=DIRECTION('',(-1.,0.,0.));
#1547=DIRECTION('',(0.,0.,1.));
#1548=DIRECTION('',(1.,0.,0.));
#1549=DIRECTION('',(0.,0.,1.));
#1550=DIRECTION('',(1.,0.,0.));
#1551=DIRECTION('',(0.,0.,-1.));
#1552=DIRECTION('',(-1.,0.,0.));
#1553=DIRECTION('',(0.,0.,1.));
#1554=DIRECTION('',(1.,0.,0.));
#1555=DIRECTION('',(0.,0.,1.));
#1556=DIRECTION('',(1.,0.,0.));
#1557=CARTESIAN_POINT('',(0.,0.,0.));
#1558=CARTESIAN_POINT('',(-0.0109,0.025491007751938,0.02));
#1559=CARTESIAN_POINT('',(0.0005,0.025491007751938,0.0145));
#1560=CARTESIAN_POINT('',(0.0005,0.025491007751938,0.0156666666666667));
#1561=CARTESIAN_POINT('',(0.0005,0.025491007751938,0.0168333333333333));
#1562=CARTESIAN_POINT('',(0.0005,0.025491007751938,0.018));
#1563=CARTESIAN_POINT('',(0.000499999999999992,0.025491007751938,0.0145));
#1564=CARTESIAN_POINT('',(0.000499999999999991,0.025491007751938,0.018));
#1565=CARTESIAN_POINT('',(-0.0109,0.025491007751938,0.018));
#1566=CARTESIAN_POINT('',(-0.0223,0.025491007751938,0.018));
#1567=CARTESIAN_POINT('',(-0.0223,0.025491007751938,0.018));
#1568=CARTESIAN_POINT('',(-0.0223,0.025491007751938,0.0168333333333333));
#1569=CARTESIAN_POINT('',(-0.0223,0.025491007751938,0.0156666666666667));
#1570=CARTESIAN_POINT('',(-0.0223,0.025491007751938,0.0145));
#1571=CARTESIAN_POINT('',(-0.0223,0.025491007751938,0.0145));
#1572=CARTESIAN_POINT('',(-0.0109,0.025491007751938,0.0145));
#1573=CARTESIAN_POINT('',(0.0015,0.02006,0.02));
#1574=CARTESIAN_POINT('',(0.0015,0.015628992248062,0.0145));
#1575=CARTESIAN_POINT('',(0.0015,0.015628992248062,0.0156666666666667));
#1576=CARTESIAN_POINT('',(0.0015,0.015628992248062,0.0168333333333333));
#1577=CARTESIAN_POINT('',(0.0015,0.015628992248062,0.018));
#1578=CARTESIAN_POINT('',(0.0015,0.015628992248062,0.0145));
#1579=CARTESIAN_POINT('',(0.0015,0.015628992248062,0.018));
#1580=CARTESIAN_POINT('',(0.0015,0.024491007751938,0.018));
#1581=CARTESIAN_POINT('',(0.0015,0.024491007751938,0.018));
#1582=CARTESIAN_POINT('',(0.0015,0.024491007751938,0.018));
#1583=CARTESIAN_POINT('',(0.0015,0.024491007751938,0.0168333333333333));
#1584=CARTESIAN_POINT('',(0.0015,0.024491007751938,0.0156666666666667));
#1585=CARTESIAN_POINT('',(0.0015,0.024491007751938,0.0145));
#1586=CARTESIAN_POINT('',(0.0015,0.024491007751938,0.0145));
#1587=CARTESIAN_POINT('',(0.0015,0.02006,0.0145));
#1588=CARTESIAN_POINT('',(-0.0109,0.014628992248062,0.02));
#1589=CARTESIAN_POINT('',(-0.0223,0.014628992248062,0.0145));
#1590=CARTESIAN_POINT('',(-0.0223,0.014628992248062,0.0156666666666667));
#1591=CARTESIAN_POINT('',(-0.0223,0.014628992248062,0.0168333333333333));
#1592=CARTESIAN_POINT('',(-0.0223,0.014628992248062,0.018));
#1593=CARTESIAN_POINT('',(-0.0223,0.014628992248062,0.0145));
#1594=CARTESIAN_POINT('',(-0.0223,0.014628992248062,0.018));
#1595=CARTESIAN_POINT('',(0.000499999999999992,0.014628992248062,0.018));
#1596=CARTESIAN_POINT('',(0.000499999999999992,0.014628992248062,0.018));
#1597=CARTESIAN_POINT('',(0.0005,0.014628992248062,0.018));
#1598=CARTESIAN_POINT('',(0.0005,0.014628992248062,0.0168333333333333));
#1599=CARTESIAN_POINT('',(0.0005,0.014628992248062,0.0156666666666667));
#1600=CARTESIAN_POINT('',(0.0005,0.014628992248062,0.0145));
#1601=CARTESIAN_POINT('',(0.000499999999999992,0.014628992248062,0.0145));
#1602=CARTESIAN_POINT('',(-0.0109,0.014628992248062,0.0145));
#1603=CARTESIAN_POINT('',(0.0035,0.03475,0.02));
#1604=CARTESIAN_POINT('',(-0.0305067567567567,0.03475,0.02));
#1605=CARTESIAN_POINT('',(-0.0305067567567567,0.03475,0.0165));
#1606=CARTESIAN_POINT('',(-0.0305067567567567,0.03475,0.013));
#1607=CARTESIAN_POINT('',(0.0305067567567567,0.03475,0.0165));
#1608=CARTESIAN_POINT('',(0.0305067567567567,0.03475,0.0165));
#1609=CARTESIAN_POINT('',(0.0305067567567567,0.03475,0.02));
#1610=CARTESIAN_POINT('',(0.0305067567567567,0.03475,0.013));
#1611=CARTESIAN_POINT('',(0.0035,0.03475,0.013));
#1612=CARTESIAN_POINT('',(-0.0305067567567567,0.03475,0.0165));
#1613=CARTESIAN_POINT('',(-0.0305067567567567,0.03475,0.013));
#1614=CARTESIAN_POINT('',(-0.0358400900900901,0.03475,0.0165));
#1615=CARTESIAN_POINT('',(-0.0358400900900901,0.03475,0.013));
#1616=CARTESIAN_POINT('',(-0.0385067567567568,0.0320833333333333,0.0165));
#1617=CARTESIAN_POINT('',(-0.0385067567567568,0.0320833333333333,0.013));
#1618=CARTESIAN_POINT('',(-0.0385067567567568,0.02675,0.0165));
#1619=CARTESIAN_POINT('',(-0.0385067567567568,0.02675,0.013));
#1620=CARTESIAN_POINT('',(-0.0385067567567568,0.02675,0.02));
#1621=CARTESIAN_POINT('',(-0.0385067567567568,0.02675,0.0165));
#1622=CARTESIAN_POINT('',(-0.0385067567567568,0.02675,0.013));
#1623=CARTESIAN_POINT('',(-0.0385067567567568,0.02675,0.0165));
#1624=CARTESIAN_POINT('',(-0.0385067567567568,0.0320833333333333,0.0165));
#1625=CARTESIAN_POINT('',(-0.0358400900900901,0.03475,0.0165));
#1626=CARTESIAN_POINT('',(-0.0305067567567567,0.03475,0.0165));
#1627=CARTESIAN_POINT('',(-0.0305067567567567,0.03475,0.013));
#1628=CARTESIAN_POINT('',(-0.0358400900900901,0.03475,0.013));
#1629=CARTESIAN_POINT('',(-0.0385067567567568,0.0320833333333333,0.013));
#1630=CARTESIAN_POINT('',(-0.0385067567567568,0.02675,0.013));
#1631=CARTESIAN_POINT('',(-0.0385067567567568,0.02875,0.02));
#1632=CARTESIAN_POINT('',(-0.0385067567567568,-0.02675,0.02));
#1633=CARTESIAN_POINT('',(-0.0385067567567568,-0.02675,0.0164999999999863));
#1634=CARTESIAN_POINT('',(-0.0385067567567568,-0.02675,0.013));
#1635=CARTESIAN_POINT('',(-0.0385067567567568,0.02675,0.0165));
#1636=CARTESIAN_POINT('',(-0.0385067567567568,0.02875,0.013));
#1637=CARTESIAN_POINT('',(-0.0385067567567568,-0.02675,0.0165));
#1638=CARTESIAN_POINT('',(-0.0385067567567568,-0.02675,0.013));
#1639=CARTESIAN_POINT('',(-0.0385067567567568,-0.0320833333333333,0.0165));
#1640=CARTESIAN_POINT('',(-0.0385067567567568,-0.0320833333333333,0.013));
#1641=CARTESIAN_POINT('',(-0.0358400900900901,-0.03475,0.0165));
#1642=CARTESIAN_POINT('',(-0.0358400900900901,-0.03475,0.013));
#1643=CARTESIAN_POINT('',(-0.0305067567567567,-0.03475,0.0165));
#1644=CARTESIAN_POINT('',(-0.0305067567567567,-0.03475,0.013));
#1645=CARTESIAN_POINT('',(-0.0305067567567567,-0.03475,0.02));
#1646=CARTESIAN_POINT('',(-0.0305067567567567,-0.03475,0.0165));
#1647=CARTESIAN_POINT('',(-0.0305067567567567,-0.03475,0.013));
#1648=CARTESIAN_POINT('',(-0.0305067567567567,-0.03475,0.0165));
#1649=CARTESIAN_POINT('',(-0.0358400900900901,-0.03475,0.0165));
#1650=CARTESIAN_POINT('',(-0.0385067567567568,-0.0320833333333333,0.0165));
#1651=CARTESIAN_POINT('',(-0.0385067567567568,-0.02675,0.0165));
#1652=CARTESIAN_POINT('',(-0.0385067567567568,-0.02675,0.013));
#1653=CARTESIAN_POINT('',(-0.0385067567567568,-0.0320833333333333,0.013));
#1654=CARTESIAN_POINT('',(-0.0358400900900901,-0.03475,0.013));
#1655=CARTESIAN_POINT('',(-0.0305067567567567,-0.03475,0.013));
#1656=CARTESIAN_POINT('',(0.,-0.03475,0.02));
#1657=CARTESIAN_POINT('',(0.0305067567567567,-0.03475,0.02));
#1658=CARTESIAN_POINT('',(0.0305067567567567,-0.03475,0.0165));
#1659=CARTESIAN_POINT('',(0.0305067567567567,-0.03475,0.013));
#1660=CARTESIAN_POINT('',(0.,-0.03475,0.0165));
#1661=CARTESIAN_POINT('',(0.,-0.03475,0.013));
#1662=CARTESIAN_POINT('',(0.0305067567567567,-0.03475,0.0165));
#1663=CARTESIAN_POINT('',(0.0305067567567567,-0.03475,0.013));
#1664=CARTESIAN_POINT('',(0.0358400900900901,-0.03475,0.0165));
#1665=CARTESIAN_POINT('',(0.0358400900900901,-0.03475,0.013));
#1666=CARTESIAN_POINT('',(0.0385067567567568,-0.0320833333333333,0.0165));
#1667=CARTESIAN_POINT('',(0.0385067567567568,-0.0320833333333333,0.013));
#1668=CARTESIAN_POINT('',(0.0385067567567568,-0.02675,0.0165));
#1669=CARTESIAN_POINT('',(0.0385067567567568,-0.02675,0.013));
#1670=CARTESIAN_POINT('',(0.0385067567567568,-0.02675,0.02));
#1671=CARTESIAN_POINT('',(0.0385067567567568,-0.02675,0.0165));
#1672=CARTESIAN_POINT('',(0.0385067567567568,-0.02675,0.013));
#1673=CARTESIAN_POINT('',(0.0385067567567568,-0.02675,0.0165));
#1674=CARTESIAN_POINT('',(0.0385067567567568,-0.0320833333333333,0.0165));
#1675=CARTESIAN_POINT('',(0.0358400900900901,-0.03475,0.0165));
#1676=CARTESIAN_POINT('',(0.0305067567567567,-0.03475,0.0165));
#1677=CARTESIAN_POINT('',(0.0305067567567567,-0.03475,0.013));
#1678=CARTESIAN_POINT('',(0.0358400900900901,-0.03475,0.013));
#1679=CARTESIAN_POINT('',(0.0385067567567568,-0.0320833333333333,0.013));
#1680=CARTESIAN_POINT('',(0.0385067567567568,-0.02675,0.013));
#1681=CARTESIAN_POINT('',(0.0385067567567568,0.,0.02));
#1682=CARTESIAN_POINT('',(0.0385067567567568,0.02675,0.02));
#1683=CARTESIAN_POINT('',(0.0385067567567568,0.02675,0.0165));
#1684=CARTESIAN_POINT('',(0.0385067567567568,0.02675,0.013));
#1685=CARTESIAN_POINT('',(0.0385067567567568,0.,0.0165));
#1686=CARTESIAN_POINT('',(0.0385067567567568,0.,0.013));
#1687=CARTESIAN_POINT('',(0.01175,0.0208875,0.02));
#1688=CARTESIAN_POINT('',(0.01175,0.02675,0.013));
#1689=CARTESIAN_POINT('',(0.01175,0.02675,0.0146666666666667));
#1690=CARTESIAN_POINT('',(0.01175,0.02675,0.0163333333333333));
#1691=CARTESIAN_POINT('',(0.01175,0.02675,0.018));
#1692=CARTESIAN_POINT('',(0.01175,0.02675,0.013));
#1693=CARTESIAN_POINT('',(0.01175,0.02675,0.018));
#1694=CARTESIAN_POINT('',(0.01175,0.0208875,0.018));
#1695=CARTESIAN_POINT('',(0.01175,0.015025,0.018));
#1696=CARTESIAN_POINT('',(0.01175,0.015025,0.018));
#1697=CARTESIAN_POINT('',(0.01175,0.015025,0.0163333333333333));
#1698=CARTESIAN_POINT('',(0.01175,0.015025,0.0146666666666667));
#1699=CARTESIAN_POINT('',(0.01175,0.015025,0.013));
#1700=CARTESIAN_POINT('',(0.01175,0.015025,0.013));
#1701=CARTESIAN_POINT('',(0.01175,0.0208875,0.013));
#1702=CARTESIAN_POINT('',(-0.0286286796564404,0.02775,0.02));
#1703=CARTESIAN_POINT('',(0.0287500000000001,0.02775,0.013));
#1704=CARTESIAN_POINT('',(0.0287500000000001,0.02775,0.0146666666666667));
#1705=CARTESIAN_POINT('',(0.0287500000000001,0.02775,0.0163333333333333));
#1706=CARTESIAN_POINT('',(0.0287500000000001,0.02775,0.018));
#1707=CARTESIAN_POINT('',(0.02875,0.02775,0.013));
#1708=CARTESIAN_POINT('',(0.02875,0.02775,0.018));
#1709=CARTESIAN_POINT('',(-0.0286286796564404,0.02775,0.018));
#1710=CARTESIAN_POINT('',(0.01275,0.02775,0.018));
#1711=CARTESIAN_POINT('',(0.01275,0.02775,0.018));
#1712=CARTESIAN_POINT('',(0.01275,0.02775,0.0163333333333333));
#1713=CARTESIAN_POINT('',(0.01275,0.02775,0.0146666666666667));
#1714=CARTESIAN_POINT('',(0.01275,0.02775,0.013));
#1715=CARTESIAN_POINT('',(0.01275,0.02775,0.013));
#1716=CARTESIAN_POINT('',(-0.0286286796564404,0.02775,0.013));
#1717=CARTESIAN_POINT('',(0.02975,0.0201375,0.02));
#1718=CARTESIAN_POINT('',(0.02975,0.015025,0.013));
#1719=CARTESIAN_POINT('',(0.02975,0.015025,0.0146666666666667));
#1720=CARTESIAN_POINT('',(0.02975,0.015025,0.0163333333333333));
#1721=CARTESIAN_POINT('',(0.02975,0.015025,0.018));
#1722=CARTESIAN_POINT('',(0.02975,0.015025,0.013));
#1723=CARTESIAN_POINT('',(0.02975,0.015025,0.018));
#1724=CARTESIAN_POINT('',(0.02975,0.02675,0.018));
#1725=CARTESIAN_POINT('',(0.02975,0.02675,0.018));
#1726=CARTESIAN_POINT('',(0.02975,0.02675,0.018));
#1727=CARTESIAN_POINT('',(0.02975,0.02675,0.0163333333333333));
#1728=CARTESIAN_POINT('',(0.02975,0.02675,0.0146666666666667));
#1729=CARTESIAN_POINT('',(0.02975,0.02675,0.013));
#1730=CARTESIAN_POINT('',(0.02975,0.02675,0.013));
#1731=CARTESIAN_POINT('',(0.02975,0.0201375,0.013));
#1732=CARTESIAN_POINT('',(-0.028575,-0.006525,0.02));
#1733=CARTESIAN_POINT('',(-0.028575,0.011525,0.013));
#1734=CARTESIAN_POINT('',(-0.028575,0.011525,0.0146666666666667));
#1735=CARTESIAN_POINT('',(-0.028575,0.011525,0.0163333333333333));
#1736=CARTESIAN_POINT('',(-0.028575,0.011525,0.018));
#1737=CARTESIAN_POINT('',(-0.028575,0.011525,0.013));
#1738=CARTESIAN_POINT('',(-0.028575,0.011525,0.018));
#1739=CARTESIAN_POINT('',(-0.028575,-0.006525,0.018));
#1740=CARTESIAN_POINT('',(-0.028575,-0.024575,0.018));
#1741=CARTESIAN_POINT('',(-0.028575,-0.024575,0.018));
#1742=CARTESIAN_POINT('',(-0.028575,-0.024575,0.0163333333333333));
#1743=CARTESIAN_POINT('',(-0.028575,-0.024575,0.0146666666666667));
#1744=CARTESIAN_POINT('',(-0.028575,-0.024575,0.013));
#1745=CARTESIAN_POINT('',(-0.028575,-0.024575,0.013));
#1746=CARTESIAN_POINT('',(-0.028575,-0.006525,0.013));
#1747=CARTESIAN_POINT('',(0.0291625,0.012525,0.02));
#1748=CARTESIAN_POINT('',(0.020575,0.012525,0.02));
#1749=CARTESIAN_POINT('',(0.020575,0.012525,0.018));
#1750=CARTESIAN_POINT('',(0.020575,0.012525,0.013));
#1751=CARTESIAN_POINT('',(-0.027575,0.012525,0.018));
#1752=CARTESIAN_POINT('',(-0.027575,0.012525,0.018));
#1753=CARTESIAN_POINT('',(-0.027575,0.012525,0.018));
#1754=CARTESIAN_POINT('',(-0.027575,0.012525,0.0163333333333333));
#1755=CARTESIAN_POINT('',(-0.027575,0.012525,0.0146666666666667));
#1756=CARTESIAN_POINT('',(-0.027575,0.012525,0.013));
#1757=CARTESIAN_POINT('',(-0.027575,0.012525,0.013));
#1758=CARTESIAN_POINT('',(0.0291625,0.012525,0.013));
#1759=CARTESIAN_POINT('',(0.020575,0.004525,0.02));
#1760=CARTESIAN_POINT('',(0.028575,0.004525,0.02));
#1761=CARTESIAN_POINT('',(0.028575,0.004525,0.018));
#1762=CARTESIAN_POINT('',(0.028575,0.004525,0.013));
#1763=CARTESIAN_POINT('',(0.020575,0.004525,0.018));
#1764=CARTESIAN_POINT('',(0.020575,0.004525,0.013));
#1765=CARTESIAN_POINT('',(0.028575,-0.010525,0.02));
#1766=CARTESIAN_POINT('',(0.028575,-0.024575,0.013));
#1767=CARTESIAN_POINT('',(0.028575,-0.024575,0.0146666666666667));
#1768=CARTESIAN_POINT('',(0.028575,-0.024575,0.0163333333333333));
#1769=CARTESIAN_POINT('',(0.028575,-0.024575,0.018));
#1770=CARTESIAN_POINT('',(0.028575,-0.024575,0.013));
#1771=CARTESIAN_POINT('',(0.028575,-0.024575,0.018));
#1772=CARTESIAN_POINT('',(0.028575,0.004525,0.018));
#1773=CARTESIAN_POINT('',(0.028575,-0.010525,0.013));
#1774=CARTESIAN_POINT('',(0.0385067567567568,0.02675,0.0165));
#1775=CARTESIAN_POINT('',(0.0385067567567568,0.02675,0.013));
#1776=CARTESIAN_POINT('',(0.0385067567567568,0.0320833333333333,0.0165));
#1777=CARTESIAN_POINT('',(0.0385067567567568,0.0320833333333333,0.013));
#1778=CARTESIAN_POINT('',(0.0358400900900901,0.03475,0.0165));
#1779=CARTESIAN_POINT('',(0.0358400900900901,0.03475,0.013));
#1780=CARTESIAN_POINT('',(0.0305067567567567,0.03475,0.0165));
#1781=CARTESIAN_POINT('',(0.0305067567567567,0.03475,0.013));
#1782=CARTESIAN_POINT('',(0.0305067567567567,0.03475,0.0165));
#1783=CARTESIAN_POINT('',(0.0358400900900901,0.03475,0.0165));
#1784=CARTESIAN_POINT('',(0.0385067567567568,0.0320833333333333,0.0165));
#1785=CARTESIAN_POINT('',(0.0385067567567568,0.02675,0.0165));
#1786=CARTESIAN_POINT('',(0.0385067567567568,0.02675,0.013));
#1787=CARTESIAN_POINT('',(0.0385067567567568,0.0320833333333333,0.013));
#1788=CARTESIAN_POINT('',(0.0358400900900901,0.03475,0.013));
#1789=CARTESIAN_POINT('',(0.0305067567567567,0.03475,0.013));
#1790=CARTESIAN_POINT('',(0.02075,0.014025,0.02));
#1791=CARTESIAN_POINT('',(0.01275,0.014025,0.013));
#1792=CARTESIAN_POINT('',(0.01275,0.014025,0.0146666666666667));
#1793=CARTESIAN_POINT('',(0.01275,0.014025,0.0163333333333333));
#1794=CARTESIAN_POINT('',(0.01275,0.014025,0.018));
#1795=CARTESIAN_POINT('',(0.01275,0.014025,0.013));
#1796=CARTESIAN_POINT('',(0.01275,0.014025,0.018));
#1797=CARTESIAN_POINT('',(0.02875,0.014025,0.018));
#1798=CARTESIAN_POINT('',(0.02875,0.014025,0.018));
#1799=CARTESIAN_POINT('',(0.02875,0.014025,0.018));
#1800=CARTESIAN_POINT('',(0.02875,0.014025,0.0163333333333333));
#1801=CARTESIAN_POINT('',(0.02875,0.014025,0.0146666666666667));
#1802=CARTESIAN_POINT('',(0.02875,0.014025,0.013));
#1803=CARTESIAN_POINT('',(0.02875,0.014025,0.013));
#1804=CARTESIAN_POINT('',(0.02075,0.014025,0.013));
#1805=CARTESIAN_POINT('',(-1.38777878078145E-17,-0.025575,0.02));
#1806=CARTESIAN_POINT('',(-0.027575,-0.025575,0.013));
#1807=CARTESIAN_POINT('',(-0.027575,-0.025575,0.0146666666666667));
#1808=CARTESIAN_POINT('',(-0.027575,-0.025575,0.0163333333333333));
#1809=CARTESIAN_POINT('',(-0.027575,-0.025575,0.018));
#1810=CARTESIAN_POINT('',(-0.027575,-0.025575,0.013));
#1811=CARTESIAN_POINT('',(-0.027575,-0.025575,0.018));
#1812=CARTESIAN_POINT('',(0.027575,-0.025575,0.018));
#1813=CARTESIAN_POINT('',(0.027575,-0.025575,0.018));
#1814=CARTESIAN_POINT('',(0.027575,-0.025575,0.018));
#1815=CARTESIAN_POINT('',(0.027575,-0.025575,0.0163333333333333));
#1816=CARTESIAN_POINT('',(0.027575,-0.025575,0.0146666666666667));
#1817=CARTESIAN_POINT('',(0.027575,-0.025575,0.013));
#1818=CARTESIAN_POINT('',(0.027575,-0.025575,0.013));
#1819=CARTESIAN_POINT('',(-1.38777878078145E-17,-0.025575,0.013));
#1820=CARTESIAN_POINT('',(-0.0233,0.02006,0.02));
#1821=CARTESIAN_POINT('',(-0.0233,0.024491007751938,0.0145));
#1822=CARTESIAN_POINT('',(-0.0233,0.024491007751938,0.0156666666666667));
#1823=CARTESIAN_POINT('',(-0.0233,0.024491007751938,0.0168333333333333));
#1824=CARTESIAN_POINT('',(-0.0233,0.024491007751938,0.018));
#1825=CARTESIAN_POINT('',(-0.0233,0.024491007751938,0.0145));
#1826=CARTESIAN_POINT('',(-0.0233,0.024491007751938,0.018));
#1827=CARTESIAN_POINT('',(-0.0233,0.02006,0.018));
#1828=CARTESIAN_POINT('',(-0.0233,0.015628992248062,0.018));
#1829=CARTESIAN_POINT('',(-0.0233,0.015628992248062,0.018));
#1830=CARTESIAN_POINT('',(-0.0233,0.015628992248062,0.0168333333333333));
#1831=CARTESIAN_POINT('',(-0.0233,0.015628992248062,0.0156666666666667));
#1832=CARTESIAN_POINT('',(-0.0233,0.015628992248062,0.0145));
#1833=CARTESIAN_POINT('',(-0.0233,0.015628992248062,0.0145));
#1834=CARTESIAN_POINT('',(-0.0233,0.02006,0.0145));
#1835=CARTESIAN_POINT('',(0.,0.,0.02));
#1836=CARTESIAN_POINT('',(-0.0305067567567567,0.03125,0.02));
#1837=CARTESIAN_POINT('',(-0.0308585451008902,0.0312499515454021,0.02));
#1838=CARTESIAN_POINT('',(-0.0313572389234539,0.0312273996259549,0.02));
#1839=CARTESIAN_POINT('',(-0.031876039976374,0.0311647448273866,0.02));
#1840=CARTESIAN_POINT('',(-0.0321685275394017,0.0311151358038581,0.02));
#1841=CARTESIAN_POINT('',(-0.0323473195147491,0.0310804369920859,0.02));
#1842=CARTESIAN_POINT('',(-0.0326434002729773,0.0310097461954742,0.02));
#1843=CARTESIAN_POINT('',(-0.0329683974402287,0.0309115302314124,0.02));
#1844=CARTESIAN_POINT('',(-0.0335007207297116,0.0306993304644712,0.02));
#1845=CARTESIAN_POINT('',(-0.0340666662157405,0.030311180406319,0.02));
#1846=CARTESIAN_POINT('',(-0.0344555622593428,0.0297458918354904,0.02));
#1847=CARTESIAN_POINT('',(-0.0346682403880169,0.029212067566042,0.02));
#1848=CARTESIAN_POINT('',(-0.0347666785864976,0.0288860939674738,0.02));
#1849=CARTESIAN_POINT('',(-0.0348376521626999,0.0285884438775017,0.02));
#1850=CARTESIAN_POINT('',(-0.0348721617205538,0.0284103210155729,0.02));
#1851=CARTESIAN_POINT('',(-0.0349217023842627,0.0281179535720655,0.02));
#1852=CARTESIAN_POINT('',(-0.03498419859342,0.0275997466462867,0.02));
#1853=CARTESIAN_POINT('',(-0.0350067104623331,0.0271014688956169,0.02));
#1854=CARTESIAN_POINT('',(-0.0350067567567568,0.02675,0.02));
#1855=CARTESIAN_POINT('',(-0.0305067567567567,0.03125,0.02));
#1856=CARTESIAN_POINT('',(-0.0350067567567568,0.02675,0.02));
#1857=CARTESIAN_POINT('',(-0.0350067567567568,-0.02675,0.02));
#1858=CARTESIAN_POINT('',(-0.0350067567567568,-0.02675,0.02));
#1859=CARTESIAN_POINT('',(-0.0350067567567568,-0.02675,0.02));
#1860=CARTESIAN_POINT('',(-0.0350067083021589,-0.0271017883441342,0.02));
#1861=CARTESIAN_POINT('',(-0.0349841563827117,-0.0276004821666984,0.02));
#1862=CARTESIAN_POINT('',(-0.0349215015841433,-0.0281192832196181,0.02));
#1863=CARTESIAN_POINT('',(-0.0348718925606148,-0.0284117707826455,0.02));
#1864=CARTESIAN_POINT('',(-0.0348371937488427,-0.0285905627579922,0.02));
#1865=CARTESIAN_POINT('',(-0.0347665029522308,-0.0288866435162208,0.02));
#1866=CARTESIAN_POINT('',(-0.0346682869881688,-0.0292116406834723,0.02));
#1867=CARTESIAN_POINT('',(-0.0344560872212273,-0.0297439639729556,0.02));
#1868=CARTESIAN_POINT('',(-0.0340679371630778,-0.0303099094589819,0.02));
#1869=CARTESIAN_POINT('',(-0.0335026485922417,-0.0306988055025913,0.02));
#1870=CARTESIAN_POINT('',(-0.0329688243227956,-0.0309114836312636,0.02));
#1871=CARTESIAN_POINT('',(-0.0326428507242281,-0.0310099218297429,0.02));
#1872=CARTESIAN_POINT('',(-0.0323452006342604,-0.0310808954059426,0.02));
#1873=CARTESIAN_POINT('',(-0.0321670777723242,-0.0311154049637972,0.02));
#1874=CARTESIAN_POINT('',(-0.0318747103288133,-0.0311649456275059,0.02));
#1875=CARTESIAN_POINT('',(-0.0313565034030308,-0.0312274418366633,0.02));
#1876=CARTESIAN_POINT('',(-0.0308582256523666,-0.0312499537055763,0.02));
#1877=CARTESIAN_POINT('',(-0.0305067567567567,-0.03125,0.02));
#1878=CARTESIAN_POINT('',(-0.0305067567567567,-0.03125,0.02));
#1879=CARTESIAN_POINT('',(0.,-0.03125,0.02));
#1880=CARTESIAN_POINT('',(0.0305067567567567,-0.03125,0.02));
#1881=CARTESIAN_POINT('',(0.0305067567567567,-0.03125,0.02));
#1882=CARTESIAN_POINT('',(0.0308585451008902,-0.0312499515454021,0.02));
#1883=CARTESIAN_POINT('',(0.0313572389234539,-0.0312273996259549,0.02));
#1884=CARTESIAN_POINT('',(0.031876039976374,-0.0311647448273866,0.02));
#1885=CARTESIAN_POINT('',(0.0321685275394017,-0.0311151358038581,0.02));
#1886=CARTESIAN_POINT('',(0.0323473195147491,-0.0310804369920859,0.02));
#1887=CARTESIAN_POINT('',(0.0326434002729773,-0.0310097461954742,0.02));
#1888=CARTESIAN_POINT('',(0.0329683974402287,-0.0309115302314124,0.02));
#1889=CARTESIAN_POINT('',(0.0335007207297116,-0.0306993304644712,0.02));
#1890=CARTESIAN_POINT('',(0.0340666662157405,-0.030311180406319,0.02));
#1891=CARTESIAN_POINT('',(0.0344555622593428,-0.0297458918354904,0.02));
#1892=CARTESIAN_POINT('',(0.0346682403880169,-0.029212067566042,0.02));
#1893=CARTESIAN_POINT('',(0.0347666785864976,-0.0288860939674738,0.02));
#1894=CARTESIAN_POINT('',(0.0348376521626999,-0.0285884438775017,0.02));
#1895=CARTESIAN_POINT('',(0.0348721617205538,-0.0284103210155729,0.02));
#1896=CARTESIAN_POINT('',(0.0349217023842627,-0.0281179535720655,0.02));
#1897=CARTESIAN_POINT('',(0.03498419859342,-0.0275997466462867,0.02));
#1898=CARTESIAN_POINT('',(0.0350067104623331,-0.0271014688956169,0.02));
#1899=CARTESIAN_POINT('',(0.0350067567567568,-0.02675,0.02));
#1900=CARTESIAN_POINT('',(0.0350067567567568,-0.02675,0.02));
#1901=CARTESIAN_POINT('',(0.0350067567567568,0.,0.02));
#1902=CARTESIAN_POINT('',(0.0350067567567568,0.02675,0.02));
#1903=CARTESIAN_POINT('',(0.0350067567567568,0.02675,0.02));
#1904=CARTESIAN_POINT('',(0.0350067083021589,0.0271017883441342,0.02));
#1905=CARTESIAN_POINT('',(0.0349841563827117,0.0276004821666984,0.02));
#1906=CARTESIAN_POINT('',(0.0349215015841433,0.0281192832196181,0.02));
#1907=CARTESIAN_POINT('',(0.0348718925606148,0.0284117707826455,0.02));
#1908=CARTESIAN_POINT('',(0.0348371937488427,0.0285905627579922,0.02));
#1909=CARTESIAN_POINT('',(0.0347665029522308,0.0288866435162208,0.02));
#1910=CARTESIAN_POINT('',(0.0346682869881688,0.0292116406834723,0.02));
#1911=CARTESIAN_POINT('',(0.0344560872212273,0.0297439639729556,0.02));
#1912=CARTESIAN_POINT('',(0.0340679371630778,0.0303099094589819,0.02));
#1913=CARTESIAN_POINT('',(0.0335026485922417,0.0306988055025913,0.02));
#1914=CARTESIAN_POINT('',(0.0329688243227956,0.0309114836312636,0.02));
#1915=CARTESIAN_POINT('',(0.0326428507242281,0.0310099218297429,0.02));
#1916=CARTESIAN_POINT('',(0.0323452006342604,0.0310808954059426,0.02));
#1917=CARTESIAN_POINT('',(0.0321670777723242,0.0311154049637972,0.02));
#1918=CARTESIAN_POINT('',(0.0318747103288133,0.0311649456275059,0.02));
#1919=CARTESIAN_POINT('',(0.0313565034030308,0.0312274418366633,0.02));
#1920=CARTESIAN_POINT('',(0.0308582256523666,0.0312499537055763,0.02));
#1921=CARTESIAN_POINT('',(0.0305067567567567,0.03125,0.02));
#1922=CARTESIAN_POINT('',(0.0305067567567567,0.03125,0.02));
#1923=CARTESIAN_POINT('',(-0.0305067567567567,0.03125,0.02));
#1924=CARTESIAN_POINT('',(0.02875,0.02975,0.02));
#1925=CARTESIAN_POINT('',(0.0291569112531234,0.0297546181465679,0.02));
#1926=CARTESIAN_POINT('',(0.0299403406320277,0.0296232697716429,0.02));
#1927=CARTESIAN_POINT('',(0.0308132438714387,0.0290777830052599,0.02));
#1928=CARTESIAN_POINT('',(0.0312955353506504,0.0284731715464038,0.02));
#1929=CARTESIAN_POINT('',(0.0316573954393092,0.0277338031756722,0.02));
#1930=CARTESIAN_POINT('',(0.031753856760992,0.0271569748236033,0.02));
#1931=CARTESIAN_POINT('',(0.03175,0.02675,0.02));
#1932=CARTESIAN_POINT('',(0.02875,0.02975,0.02));
#1933=CARTESIAN_POINT('',(0.03175,0.02675,0.02));
#1934=CARTESIAN_POINT('',(0.03175,0.015025,0.02));
#1935=CARTESIAN_POINT('',(0.03175,0.015025,0.02));
#1936=CARTESIAN_POINT('',(0.03175,0.015025,0.02));
#1937=CARTESIAN_POINT('',(0.0317546181465679,0.014618088746875,0.02));
#1938=CARTESIAN_POINT('',(0.0316232697716424,0.0138346593679726,0.02));
#1939=CARTESIAN_POINT('',(0.0310777830052612,0.0129617561285625,0.02));
#1940=CARTESIAN_POINT('',(0.0304731715464015,0.0124794646493476,0.02));
#1941=CARTESIAN_POINT('',(0.029733803175674,0.012117604560692,0.02));
#1942=CARTESIAN_POINT('',(0.0291569748236007,0.0120211432390081,0.02));
#1943=CARTESIAN_POINT('',(0.02875,0.012025,0.02));
#1944=CARTESIAN_POINT('',(0.02875,0.012025,0.02));
#1945=CARTESIAN_POINT('',(0.01275,0.012025,0.02));
#1946=CARTESIAN_POINT('',(0.0271893782776615,0.012025,0.02));
#1947=CARTESIAN_POINT('',(0.020575,0.004525,0.02));
#1948=CARTESIAN_POINT('',(0.030575,0.004525,0.02));
#1949=CARTESIAN_POINT('',(0.030575,-0.024575,0.02));
#1950=CARTESIAN_POINT('',(0.030575,-0.024575,0.02));
#1951=CARTESIAN_POINT('',(0.030575,-0.024575,0.02));
#1952=CARTESIAN_POINT('',(0.0305796181465679,-0.0249819112531234,0.02));
#1953=CARTESIAN_POINT('',(0.0304482697716432,-0.0257653406320278,0.02));
#1954=CARTESIAN_POINT('',(0.029902783005259,-0.0266382438714382,0.02));
#1955=CARTESIAN_POINT('',(0.0292981715464054,-0.027120535350651,0.02));
#1956=CARTESIAN_POINT('',(0.0285588031756717,-0.0274823954393089,0.02));
#1957=CARTESIAN_POINT('',(0.0279819748236008,-0.0275788567609919,0.02));
#1958=CARTESIAN_POINT('',(0.027575,-0.027575,0.02));
#1959=CARTESIAN_POINT('',(0.027575,-0.027575,0.02));
#1960=CARTESIAN_POINT('',(-0.027575,-0.027575,0.02));
#1961=CARTESIAN_POINT('',(-0.027575,-0.027575,0.02));
#1962=CARTESIAN_POINT('',(-0.027575,-0.027575,0.02));
#1963=CARTESIAN_POINT('',(-0.0279819112531218,-0.0275796181465678,0.02));
#1964=CARTESIAN_POINT('',(-0.028765340632029,-0.0274482697716425,0.02));
#1965=CARTESIAN_POINT('',(-0.0296382438714373,-0.0269027830052611,0.02));
#1966=CARTESIAN_POINT('',(-0.0301205353506525,-0.0262981715464015,0.02));
#1967=CARTESIAN_POINT('',(-0.0304823954393081,-0.0255588031756739,0.02));
#1968=CARTESIAN_POINT('',(-0.0305788567609919,-0.0249819748236007,0.02));
#1969=CARTESIAN_POINT('',(-0.030575,-0.024575,0.02));
#1970=CARTESIAN_POINT('',(-0.030575,-0.024575,0.02));
#1971=CARTESIAN_POINT('',(-0.030575,-1.39210420677141E-17,0.02));
#1972=CARTESIAN_POINT('',(-0.030575,0.011525,0.02));
#1973=CARTESIAN_POINT('',(-0.030575,0.011525,0.02));
#1974=CARTESIAN_POINT('',(-0.0305796181465678,0.0119319112531208,0.02));
#1975=CARTESIAN_POINT('',(-0.0304482697716415,0.0127153406320301,0.02));
#1976=CARTESIAN_POINT('',(-0.0299027830052638,0.0135882438714354,0.02));
#1977=CARTESIAN_POINT('',(-0.0292981715463969,0.0140705353506558,0.02));
#1978=CARTESIAN_POINT('',(-0.0285588031756774,0.014432395439306,0.02));
#1979=CARTESIAN_POINT('',(-0.0279819748235975,0.0145288567609919,0.02));
#1980=CARTESIAN_POINT('',(-0.027575,0.014525,0.02));
#1981=CARTESIAN_POINT('',(-0.027575,0.014525,0.02));
#1982=CARTESIAN_POINT('',(0.020575,0.014525,0.02));
#1983=CARTESIAN_POINT('',(-0.0251200417281579,0.0145249926285503,0.02));
#1984=CARTESIAN_POINT('',(-0.0251200626869174,0.0145249852575274,0.02));
#1985=CARTESIAN_POINT('',(-0.0252436625422231,0.0148767144911109,0.02));
#1986=CARTESIAN_POINT('',(-0.025303641646584,0.0152447168212891,0.02));
#1987=CARTESIAN_POINT('',(-0.0253,0.015628992248062,0.02));
#1988=CARTESIAN_POINT('',(-0.0253,0.015628992248062,0.02));
#1989=CARTESIAN_POINT('',(-0.0253,0.,0.02));
#1990=CARTESIAN_POINT('',(-0.0253,0.024491007751938,0.02));
#1991=CARTESIAN_POINT('',(-0.0253,0.024491007751938,0.02));
#1992=CARTESIAN_POINT('',(-0.0253046181465679,0.0248979190050614,0.02));
#1993=CARTESIAN_POINT('',(-0.0251732697716425,0.025681348383966,0.02));
#1994=CARTESIAN_POINT('',(-0.0246277830052611,0.0265542516233761,0.02));
#1995=CARTESIAN_POINT('',(-0.0240231715464018,0.0270365431025891,0.02));
#1996=CARTESIAN_POINT('',(-0.0232838031756733,0.0273984031912468,0.02));
#1997=CARTESIAN_POINT('',(-0.0227069748236033,0.02749486451293,0.02));
#1998=CARTESIAN_POINT('',(-0.0223,0.027491007751938,0.02));
#1999=CARTESIAN_POINT('',(-0.0223,0.027491007751938,0.02));
#2000=CARTESIAN_POINT('',(0.,0.027491007751938,0.02));
#2001=CARTESIAN_POINT('',(0.000499999999999991,0.027491007751938,0.02));
#2002=CARTESIAN_POINT('',(0.000499999999999991,0.027491007751938,0.02));
#2003=CARTESIAN_POINT('',(0.000906911253125624,0.0274956258985059,0.02));
#2004=CARTESIAN_POINT('',(0.00169034063202691,0.0273642775235807,0.02));
#2005=CARTESIAN_POINT('',(0.00256324387143807,0.0268187907571984,0.02));
#2006=CARTESIAN_POINT('',(0.00304553535065148,0.0262141792983408,0.02));
#2007=CARTESIAN_POINT('',(0.0034073954393086,0.0254748109276111,0.02));
#2008=CARTESIAN_POINT('',(0.00350385676099195,0.0248979825755397,0.02));
#2009=CARTESIAN_POINT('',(0.0035,0.024491007751938,0.02));
#2010=CARTESIAN_POINT('',(0.0035,0.024491007751938,0.02));
#2011=CARTESIAN_POINT('',(0.0035,0.015628992248062,0.02));
#2012=CARTESIAN_POINT('',(0.0035,0.015628992248062,0.02));
#2013=CARTESIAN_POINT('',(0.0035,0.015628992248062,0.02));
#2014=CARTESIAN_POINT('',(0.00350434995641042,0.0152457115990003,0.02));
#2015=CARTESIAN_POINT('',(0.0034445697417077,0.0148777118914966,0.02));
#2016=CARTESIAN_POINT('',(0.00332065935589186,0.0145249931255509,0.02));
#2017=CARTESIAN_POINT('',(0.00332064958627425,0.0145249965627754,0.02));
#2018=CARTESIAN_POINT('',(0.020575,0.014525,0.02));
#2019=CARTESIAN_POINT('',(0.00978251479096193,0.0145249103882254,0.0199999999999991));
#2020=CARTESIAN_POINT('',(0.00978187540159307,0.0145248207764561,0.02));
#2021=CARTESIAN_POINT('',(0.00975900804666817,0.0146876346083538,0.02));
#2022=CARTESIAN_POINT('',(0.0097483829128038,0.0148543610162017,0.02));
#2023=CARTESIAN_POINT('',(0.00975,0.015025,0.02));
#2024=CARTESIAN_POINT('',(0.00975,0.015025,0.02));
#2025=CARTESIAN_POINT('',(0.00975,1.2323172233715E-18,0.02));
#2026=CARTESIAN_POINT('',(0.00975,0.02675,0.02));
#2027=CARTESIAN_POINT('',(0.00975,0.02675,0.02));
#2028=CARTESIAN_POINT('',(0.00974538185343214,0.0271569112531218,0.02));
#2029=CARTESIAN_POINT('',(0.00987673022835849,0.0279403406320296,0.02));
#2030=CARTESIAN_POINT('',(0.0104222169947362,0.0288132438714355,0.02));
#2031=CARTESIAN_POINT('',(0.0110268284536029,0.0292955353506557,0.02));
#2032=CARTESIAN_POINT('',(0.0117661968243227,0.0296573954393061,0.02));
#2033=CARTESIAN_POINT('',(0.0123430251764023,0.0297538567609919,0.02));
#2034=CARTESIAN_POINT('',(0.01275,0.02975,0.02));
#2035=CARTESIAN_POINT('',(0.01275,0.02975,0.02));
#2036=CARTESIAN_POINT('',(0.,0.02975,0.02));
#2037=CARTESIAN_POINT('',(0.,0.,0.013));
#2038=CARTESIAN_POINT('',(-0.0333483759114203,-0.0300948758225013,0.013));
#2039=CARTESIAN_POINT('',(-0.0309983759114203,-0.0300948758225013,0.013));
#2040=CARTESIAN_POINT('',(0.0333483759114203,-0.0300948758225013,0.013));
#2041=CARTESIAN_POINT('',(0.0356983759114203,-0.0300948758225013,0.013));
#2042=CARTESIAN_POINT('',(0.0333483759114203,0.0300948758225013,0.013));
#2043=CARTESIAN_POINT('',(0.0356983759114203,0.0300948758225013,0.013));
#2044=CARTESIAN_POINT('',(-0.0333483759114203,0.0300948758225013,0.013));
#2045=CARTESIAN_POINT('',(-0.0309983759114203,0.0300948758225013,0.013));
#2046=CARTESIAN_POINT('',(-0.01025,0.013525,0.013));
#2047=CARTESIAN_POINT('',(-0.03075,0.013525,0.013));
#2048=CARTESIAN_POINT('',(0.01025,0.013525,0.013));
#2049=CARTESIAN_POINT('',(0.01025,0.0206375,0.013));
#2050=CARTESIAN_POINT('',(0.01025,0.02775,0.013));
#2051=CARTESIAN_POINT('',(-0.0286286796564404,0.02775,0.013));
#2052=CARTESIAN_POINT('',(-0.03075,0.02775,0.013));
#2053=CARTESIAN_POINT('',(-0.03075,-0.0256286796564403,0.013));
#2054=CARTESIAN_POINT('',(-0.027575,0.012525,0.013));
#2055=CARTESIAN_POINT('',(-0.0277104329508402,0.012525,0.013));
#2056=CARTESIAN_POINT('',(-0.0279760137474436,0.0125023604523555,0.013));
#2057=CARTESIAN_POINT('',(-0.0284817125416545,0.0122367738096121,0.013));
#2058=CARTESIAN_POINT('',(-0.028575,0.0117974058838471,0.013));
#2059=CARTESIAN_POINT('',(-0.028575,0.011525,0.013));
#2060=CARTESIAN_POINT('',(-0.028575,-0.024575,0.013));
#2061=CARTESIAN_POINT('',(-0.028575,-0.0247104329508402,0.013));
#2062=CARTESIAN_POINT('',(-0.0285523604523555,-0.0249760137474436,0.013));
#2063=CARTESIAN_POINT('',(-0.0282867738096122,-0.0254817125416545,0.013));
#2064=CARTESIAN_POINT('',(-0.0278474058838471,-0.025575,0.013));
#2065=CARTESIAN_POINT('',(-0.027575,-0.025575,0.013));
#2066=CARTESIAN_POINT('',(0.027575,-0.025575,0.013));
#2067=CARTESIAN_POINT('',(0.0277104329508402,-0.025575,0.013));
#2068=CARTESIAN_POINT('',(0.0279760137474436,-0.0255523604523555,0.013));
#2069=CARTESIAN_POINT('',(0.0284817125416545,-0.0252867738096121,0.013));
#2070=CARTESIAN_POINT('',(0.028575,-0.0248474058838471,0.013));
#2071=CARTESIAN_POINT('',(0.028575,-0.024575,0.013));
#2072=CARTESIAN_POINT('',(0.01275,0.02775,0.013));
#2073=CARTESIAN_POINT('',(0.0126145670491598,0.02775,0.013));
#2074=CARTESIAN_POINT('',(0.0123489862525564,0.0277273604523554,0.013));
#2075=CARTESIAN_POINT('',(0.0118432874583455,0.0274617738096121,0.013));
#2076=CARTESIAN_POINT('',(0.01175,0.0270224058838471,0.013));
#2077=CARTESIAN_POINT('',(0.01175,0.02675,0.013));
#2078=CARTESIAN_POINT('',(0.01175,0.015025,0.013));
#2079=CARTESIAN_POINT('',(0.01175,0.0148895670491598,0.013));
#2080=CARTESIAN_POINT('',(0.0117726395476446,0.0146239862525564,0.013));
#2081=CARTESIAN_POINT('',(0.0120382261903879,0.0141182874583455,0.013));
#2082=CARTESIAN_POINT('',(0.0124775941161529,0.014025,0.013));
#2083=CARTESIAN_POINT('',(0.01275,0.014025,0.013));
#2084=CARTESIAN_POINT('',(0.02875,0.014025,0.013));
#2085=CARTESIAN_POINT('',(0.0288854329508402,0.014025,0.013));
#2086=CARTESIAN_POINT('',(0.0291510137474436,0.0140476395476446,0.013));
#2087=CARTESIAN_POINT('',(0.0296567125416544,0.0143132261903879,0.013));
#2088=CARTESIAN_POINT('',(0.02975,0.0147525941161529,0.013));
#2089=CARTESIAN_POINT('',(0.02975,0.015025,0.013));
#2090=CARTESIAN_POINT('',(0.02975,0.02675,0.013));
#2091=CARTESIAN_POINT('',(0.02975,0.0268854329508402,0.013));
#2092=CARTESIAN_POINT('',(0.0297273604523555,0.0271510137474436,0.013));
#2093=CARTESIAN_POINT('',(0.0294617738096121,0.0276567125416545,0.013));
#2094=CARTESIAN_POINT('',(0.0290224058838471,0.02775,0.013));
#2095=CARTESIAN_POINT('',(0.02875,0.02775,0.013));
#2096=CARTESIAN_POINT('',(0.01025,0.0206375,0.0145));
#2097=CARTESIAN_POINT('',(0.01025,0.013525,0.0145));
#2098=CARTESIAN_POINT('',(0.01025,0.013525,0.0145));
#2099=CARTESIAN_POINT('',(0.01025,0.0206375,0.0145));
#2100=CARTESIAN_POINT('',(0.01025,0.02775,0.0145));
#2101=CARTESIAN_POINT('',(0.01025,0.02775,0.0145));
#2102=CARTESIAN_POINT('',(-0.0286286796564404,0.02775,0.0145));
#2103=CARTESIAN_POINT('',(-0.0286286796564404,0.02775,0.0145));
#2104=CARTESIAN_POINT('',(-0.03075,0.02775,0.0145));
#2105=CARTESIAN_POINT('',(-0.03075,0.02775,0.0145));
#2106=CARTESIAN_POINT('',(-0.03075,-0.0256286796564403,0.0145));
#2107=CARTESIAN_POINT('',(-0.03075,-0.0256286796564403,0.0145));
#2108=CARTESIAN_POINT('',(-0.03075,0.013525,0.0145));
#2109=CARTESIAN_POINT('',(-0.03075,0.013525,0.0145));
#2110=CARTESIAN_POINT('',(-0.01025,0.013525,0.0145));
#2111=CARTESIAN_POINT('',(-0.01025,0.013525,0.0145));
#2112=CARTESIAN_POINT('',(0.,0.,0.0145));
#2113=CARTESIAN_POINT('',(0.0015,0.024491007751938,0.0145));
#2114=CARTESIAN_POINT('',(0.0015,0.0246264407027782,0.0145));
#2115=CARTESIAN_POINT('',(0.00147736045235545,0.0248920214993816,0.0145));
#2116=CARTESIAN_POINT('',(0.00121177380961213,0.0253977202935925,0.0145));
#2117=CARTESIAN_POINT('',(0.000772405883847112,0.025491007751938,0.0145));
#2118=CARTESIAN_POINT('',(0.000499999999999991,0.025491007751938,0.0145));
#2119=CARTESIAN_POINT('',(-0.0223,0.025491007751938,0.0145));
#2120=CARTESIAN_POINT('',(-0.0224354329508402,0.025491007751938,0.0145));
#2121=CARTESIAN_POINT('',(-0.0227010137474436,0.0254683682042935,0.0145));
#2122=CARTESIAN_POINT('',(-0.0232067125416545,0.0252027815615501,0.0145));
#2123=CARTESIAN_POINT('',(-0.0233,0.0247634136357851,0.0145));
#2124=CARTESIAN_POINT('',(-0.0233,0.024491007751938,0.0145));
#2125=CARTESIAN_POINT('',(-0.0233,0.015628992248062,0.0145));
#2126=CARTESIAN_POINT('',(-0.0233,0.0154935592972218,0.0145));
#2127=CARTESIAN_POINT('',(-0.0232773604523554,0.0152279785006184,0.0145));
#2128=CARTESIAN_POINT('',(-0.0230117738096121,0.0147222797064075,0.0145));
#2129=CARTESIAN_POINT('',(-0.0225724058838471,0.014628992248062,0.0145));
#2130=CARTESIAN_POINT('',(-0.0223,0.014628992248062,0.0145));
#2131=CARTESIAN_POINT('',(0.000499999999999992,0.014628992248062,0.0145));
#2132=CARTESIAN_POINT('',(0.000635432950840175,0.014628992248062,0.0145));
#2133=CARTESIAN_POINT('',(0.000901013747443577,0.0146516317957066,0.0145));
#2134=CARTESIAN_POINT('',(0.00140671254165447,0.0149172184384499,0.0145));
#2135=CARTESIAN_POINT('',(0.0015,0.0153565863642149,0.0145));
#2136=CARTESIAN_POINT('',(0.0015,0.015628992248062,0.0145));
#2137=CARTESIAN_POINT('',(-0.0233,0.015628992248062,0.0145));
#2138=CARTESIAN_POINT('',(-0.0233,0.015628992248062,0.018));
#2139=CARTESIAN_POINT('',(-0.0233,0.0149623255813954,0.0145));
#2140=CARTESIAN_POINT('',(-0.0233,0.0149623255813954,0.018));
#2141=CARTESIAN_POINT('',(-0.0229666666666667,0.014628992248062,0.0145));
#2142=CARTESIAN_POINT('',(-0.0229666666666667,0.014628992248062,0.018));
#2143=CARTESIAN_POINT('',(-0.0223,0.014628992248062,0.0145));
#2144=CARTESIAN_POINT('',(-0.0223,0.014628992248062,0.018));
#2145=CARTESIAN_POINT('',(-0.0233,0.015628992248062,0.018));
#2146=CARTESIAN_POINT('',(-0.0233,0.0149623255813954,0.018));
#2147=CARTESIAN_POINT('',(-0.0229666666666667,0.014628992248062,0.018));
#2148=CARTESIAN_POINT('',(-0.0223,0.014628992248062,0.018));
#2149=CARTESIAN_POINT('',(0.0015,0.015628992248062,0.018));
#2150=CARTESIAN_POINT('',(0.0015,0.015628992248062,0.0145));
#2151=CARTESIAN_POINT('',(0.00150000000000001,0.0149623255813954,0.018));
#2152=CARTESIAN_POINT('',(0.00150000000000001,0.0149623255813954,0.0145));
#2153=CARTESIAN_POINT('',(0.00116666666666667,0.014628992248062,0.018));
#2154=CARTESIAN_POINT('',(0.00116666666666667,0.014628992248062,0.0145));
#2155=CARTESIAN_POINT('',(0.000499999999999992,0.014628992248062,0.018));
#2156=CARTESIAN_POINT('',(0.000499999999999992,0.014628992248062,0.0145));
#2157=CARTESIAN_POINT('',(0.000499999999999992,0.014628992248062,0.018));
#2158=CARTESIAN_POINT('',(0.00116666666666666,0.014628992248062,0.018));
#2159=CARTESIAN_POINT('',(0.0015,0.0149623255813954,0.018));
#2160=CARTESIAN_POINT('',(0.0015,0.015628992248062,0.018));
#2161=CARTESIAN_POINT('',(-0.0233,0.024491007751938,0.018));
#2162=CARTESIAN_POINT('',(-0.0233,0.024491007751938,0.0145));
#2163=CARTESIAN_POINT('',(-0.0233,0.0251576744186047,0.018));
#2164=CARTESIAN_POINT('',(-0.0233,0.0251576744186047,0.0145));
#2165=CARTESIAN_POINT('',(-0.0229666666666667,0.025491007751938,0.018));
#2166=CARTESIAN_POINT('',(-0.0229666666666667,0.025491007751938,0.0145));
#2167=CARTESIAN_POINT('',(-0.0223,0.025491007751938,0.018));
#2168=CARTESIAN_POINT('',(-0.0223,0.025491007751938,0.0145));
#2169=CARTESIAN_POINT('',(-0.0223,0.025491007751938,0.018));
#2170=CARTESIAN_POINT('',(-0.0229666666666667,0.025491007751938,0.018));
#2171=CARTESIAN_POINT('',(-0.0233,0.0251576744186047,0.018));
#2172=CARTESIAN_POINT('',(-0.0233,0.024491007751938,0.018));
#2173=CARTESIAN_POINT('',(0.0015,0.024491007751938,0.0145));
#2174=CARTESIAN_POINT('',(0.0015,0.024491007751938,0.018));
#2175=CARTESIAN_POINT('',(0.00150000000000001,0.0251576744186047,0.0145));
#2176=CARTESIAN_POINT('',(0.00150000000000001,0.0251576744186047,0.018));
#2177=CARTESIAN_POINT('',(0.00116666666666667,0.025491007751938,0.0145));
#2178=CARTESIAN_POINT('',(0.00116666666666667,0.025491007751938,0.018));
#2179=CARTESIAN_POINT('',(0.000499999999999991,0.025491007751938,0.0145));
#2180=CARTESIAN_POINT('',(0.000499999999999991,0.025491007751938,0.018));
#2181=CARTESIAN_POINT('',(0.0015,0.024491007751938,0.018));
#2182=CARTESIAN_POINT('',(0.0015,0.0251576744186047,0.018));
#2183=CARTESIAN_POINT('',(0.00116666666666666,0.025491007751938,0.018));
#2184=CARTESIAN_POINT('',(0.000499999999999991,0.025491007751938,0.018));
#2185=CARTESIAN_POINT('',(0.01175,0.015025,0.013));
#2186=CARTESIAN_POINT('',(0.01175,0.015025,0.018));
#2187=CARTESIAN_POINT('',(0.01175,0.0143583333333333,0.013));
#2188=CARTESIAN_POINT('',(0.01175,0.0143583333333333,0.018));
#2189=CARTESIAN_POINT('',(0.0120833333333333,0.014025,0.013));
#2190=CARTESIAN_POINT('',(0.0120833333333333,0.014025,0.018));
#2191=CARTESIAN_POINT('',(0.01275,0.014025,0.013));
#2192=CARTESIAN_POINT('',(0.01275,0.014025,0.018));
#2193=CARTESIAN_POINT('',(0.01175,0.015025,0.018));
#2194=CARTESIAN_POINT('',(0.01175,0.0143583333333333,0.018));
#2195=CARTESIAN_POINT('',(0.0120833333333333,0.014025,0.018));
#2196=CARTESIAN_POINT('',(0.01275,0.014025,0.018));
#2197=CARTESIAN_POINT('',(0.02975,0.015025,0.018));
#2198=CARTESIAN_POINT('',(0.02975,0.015025,0.013));
#2199=CARTESIAN_POINT('',(0.02975,0.0143583333333333,0.018));
#2200=CARTESIAN_POINT('',(0.02975,0.0143583333333333,0.013));
#2201=CARTESIAN_POINT('',(0.0294166666666667,0.014025,0.018));
#2202=CARTESIAN_POINT('',(0.0294166666666667,0.014025,0.013));
#2203=CARTESIAN_POINT('',(0.02875,0.014025,0.018));
#2204=CARTESIAN_POINT('',(0.02875,0.014025,0.013));
#2205=CARTESIAN_POINT('',(0.02875,0.014025,0.018));
#2206=CARTESIAN_POINT('',(0.0294166666666667,0.014025,0.018));
#2207=CARTESIAN_POINT('',(0.02975,0.0143583333333333,0.018));
#2208=CARTESIAN_POINT('',(0.02975,0.015025,0.018));
#2209=CARTESIAN_POINT('',(0.01175,0.02675,0.018));
#2210=CARTESIAN_POINT('',(0.01175,0.02675,0.013));
#2211=CARTESIAN_POINT('',(0.01175,0.0274166666666667,0.018));
#2212=CARTESIAN_POINT('',(0.01175,0.0274166666666667,0.013));
#2213=CARTESIAN_POINT('',(0.0120833333333333,0.02775,0.018));
#2214=CARTESIAN_POINT('',(0.0120833333333333,0.02775,0.013));
#2215=CARTESIAN_POINT('',(0.01275,0.02775,0.018));
#2216=CARTESIAN_POINT('',(0.01275,0.02775,0.013));
#2217=CARTESIAN_POINT('',(0.01275,0.02775,0.018));
#2218=CARTESIAN_POINT('',(0.0120833333333333,0.02775,0.018));
#2219=CARTESIAN_POINT('',(0.01175,0.0274166666666667,0.018));
#2220=CARTESIAN_POINT('',(0.01175,0.02675,0.018));
#2221=CARTESIAN_POINT('',(-0.027575,0.012525,0.013));
#2222=CARTESIAN_POINT('',(-0.027575,0.012525,0.018));
#2223=CARTESIAN_POINT('',(-0.0282416666666666,0.012525,0.013));
#2224=CARTESIAN_POINT('',(-0.0282416666666666,0.012525,0.018));
#2225=CARTESIAN_POINT('',(-0.028575,0.0121916666666667,0.013));
#2226=CARTESIAN_POINT('',(-0.028575,0.0121916666666667,0.018));
#2227=CARTESIAN_POINT('',(-0.028575,0.011525,0.013));
#2228=CARTESIAN_POINT('',(-0.028575,0.011525,0.018));
#2229=CARTESIAN_POINT('',(-0.027575,0.012525,0.018));
#2230=CARTESIAN_POINT('',(-0.0282416666666666,0.012525,0.018));
#2231=CARTESIAN_POINT('',(-0.028575,0.0121916666666667,0.018));
#2232=CARTESIAN_POINT('',(-0.028575,0.011525,0.018));
#2233=CARTESIAN_POINT('',(-0.028575,-0.024575,0.013));
#2234=CARTESIAN_POINT('',(-0.028575,-0.024575,0.018));
#2235=CARTESIAN_POINT('',(-0.028575,-0.0252416666666667,0.013));
#2236=CARTESIAN_POINT('',(-0.028575,-0.0252416666666667,0.018));
#2237=CARTESIAN_POINT('',(-0.0282416666666667,-0.025575,0.013));
#2238=CARTESIAN_POINT('',(-0.0282416666666667,-0.025575,0.018));
#2239=CARTESIAN_POINT('',(-0.027575,-0.025575,0.013));
#2240=CARTESIAN_POINT('',(-0.027575,-0.025575,0.018));
#2241=CARTESIAN_POINT('',(-0.028575,-0.024575,0.018));
#2242=CARTESIAN_POINT('',(-0.028575,-0.0252416666666667,0.018));
#2243=CARTESIAN_POINT('',(-0.0282416666666667,-0.025575,0.018));
#2244=CARTESIAN_POINT('',(-0.027575,-0.025575,0.018));
#2245=CARTESIAN_POINT('',(0.028575,-0.024575,0.018));
#2246=CARTESIAN_POINT('',(0.028575,-0.024575,0.013));
#2247=CARTESIAN_POINT('',(0.028575,-0.0252416666666667,0.018));
#2248=CARTESIAN_POINT('',(0.028575,-0.0252416666666667,0.013));
#2249=CARTESIAN_POINT('',(0.0282416666666666,-0.025575,0.018));
#2250=CARTESIAN_POINT('',(0.0282416666666666,-0.025575,0.013));
#2251=CARTESIAN_POINT('',(0.027575,-0.025575,0.018));
#2252=CARTESIAN_POINT('',(0.027575,-0.025575,0.013));
#2253=CARTESIAN_POINT('',(0.027575,-0.025575,0.018));
#2254=CARTESIAN_POINT('',(0.0282416666666666,-0.025575,0.018));
#2255=CARTESIAN_POINT('',(0.028575,-0.0252416666666667,0.018));
#2256=CARTESIAN_POINT('',(0.028575,-0.024575,0.018));
#2257=CARTESIAN_POINT('',(0.02975,0.02675,0.013));
#2258=CARTESIAN_POINT('',(0.02975,0.02675,0.018));
#2259=CARTESIAN_POINT('',(0.02975,0.0274166666666667,0.013));
#2260=CARTESIAN_POINT('',(0.02975,0.0274166666666667,0.018));
#2261=CARTESIAN_POINT('',(0.0294166666666667,0.02775,0.013));
#2262=CARTESIAN_POINT('',(0.0294166666666667,0.02775,0.018));
#2263=CARTESIAN_POINT('',(0.02875,0.02775,0.013));
#2264=CARTESIAN_POINT('',(0.02875,0.02775,0.018));
#2265=CARTESIAN_POINT('',(0.02975,0.02675,0.018));
#2266=CARTESIAN_POINT('',(0.02975,0.0274166666666667,0.018));
#2267=CARTESIAN_POINT('',(0.0294166666666667,0.02775,0.018));
#2268=CARTESIAN_POINT('',(0.02875,0.02775,0.018));
#2269=CARTESIAN_POINT('',(-0.0286286796564404,0.02775,0.018));
#2270=CARTESIAN_POINT('',(0.01275,0.02975,0.02));
#2271=CARTESIAN_POINT('',(0.01275,0.0290833333333333,0.0193333333333333));
#2272=CARTESIAN_POINT('',(0.01275,0.0284166666666667,0.0186666666666667));
#2273=CARTESIAN_POINT('',(0.01275,0.02775,0.018));
#2274=CARTESIAN_POINT('',(0.0287499999999999,0.02775,0.018));
#2275=CARTESIAN_POINT('',(0.02875,0.0284166666666667,0.0186666666666667));
#2276=CARTESIAN_POINT('',(0.02875,0.0290833333333333,0.0193333333333333));
#2277=CARTESIAN_POINT('',(0.0287499999999999,0.02975,0.02));
#2278=CARTESIAN_POINT('',(0.02875,0.02975,0.02));
#2279=CARTESIAN_POINT('',(0.0295444714964414,0.0297590166732584,0.02));
#2280=CARTESIAN_POINT('',(0.0303510942811993,0.029478804813424,0.02));
#2281=CARTESIAN_POINT('',(0.0314805340158977,0.0283464184600428,0.02));
#2282=CARTESIAN_POINT('',(0.0317575101596201,0.0275424903547276,0.02));
#2283=CARTESIAN_POINT('',(0.03175,0.02675,0.02));
#2284=CARTESIAN_POINT('',(0.02875,0.02775,0.018));
#2285=CARTESIAN_POINT('',(0.0291507529288768,0.0277462756763685,0.018));
#2286=CARTESIAN_POINT('',(0.0293558335126948,0.0276444621144519,0.018));
#2287=CARTESIAN_POINT('',(0.0296450026461437,0.0273547010269627,0.018));
#2288=CARTESIAN_POINT('',(0.0297459996288943,0.0271494953331783,0.018));
#2289=CARTESIAN_POINT('',(0.02975,0.02675,0.018));
#2290=CARTESIAN_POINT('',(0.03175,0.02675,0.02));
#2291=CARTESIAN_POINT('',(0.0310833333333333,0.02675,0.0193333333333333));
#2292=CARTESIAN_POINT('',(0.0304166666666667,0.02675,0.0186666666666667));
#2293=CARTESIAN_POINT('',(0.02975,0.02675,0.018));
#2294=CARTESIAN_POINT('',(3.34803148556853E-18,-0.027575,0.02));
#2295=CARTESIAN_POINT('',(-0.027575,-0.025575,0.018));
#2296=CARTESIAN_POINT('',(-0.027575,-0.0262416666666667,0.0186666666666667));
#2297=CARTESIAN_POINT('',(-0.027575,-0.0269083333333333,0.0193333333333333));
#2298=CARTESIAN_POINT('',(-0.027575,-0.027575,0.02));
#2299=CARTESIAN_POINT('',(0.027575,-0.027575,0.02));
#2300=CARTESIAN_POINT('',(0.027575,-0.0269083333333333,0.0193333333333333));
#2301=CARTESIAN_POINT('',(0.027575,-0.0262416666666667,0.0186666666666667));
#2302=CARTESIAN_POINT('',(0.027575,-0.025575,0.018));
#2303=CARTESIAN_POINT('',(0.00975,0.02675,0.02));
#2304=CARTESIAN_POINT('',(0.00974098332674163,0.0275444714964414,0.02));
#2305=CARTESIAN_POINT('',(0.010021195186576,0.0283510942811993,0.02));
#2306=CARTESIAN_POINT('',(0.0111535815399572,0.0294805340158977,0.02));
#2307=CARTESIAN_POINT('',(0.0119575096452723,0.0297575101596201,0.02));
#2308=CARTESIAN_POINT('',(0.01275,0.02975,0.02));
#2309=CARTESIAN_POINT('',(0.01175,0.02675,0.018));
#2310=CARTESIAN_POINT('',(0.0117537243236315,0.0271507529288768,0.018));
#2311=CARTESIAN_POINT('',(0.0118555378855481,0.0273558335126948,0.018));
#2312=CARTESIAN_POINT('',(0.0121452989730373,0.0276450026461437,0.018));
#2313=CARTESIAN_POINT('',(0.0123505046668217,0.0277459996288943,0.018));
#2314=CARTESIAN_POINT('',(0.01275,0.02775,0.018));
#2315=CARTESIAN_POINT('',(0.01175,0.02675,0.018));
#2316=CARTESIAN_POINT('',(0.0110833333333333,0.02675,0.0186666666666667));
#2317=CARTESIAN_POINT('',(0.0104166666666667,0.02675,0.0193333333333333));
#2318=CARTESIAN_POINT('',(0.00975,0.02675,0.02));
#2319=CARTESIAN_POINT('',(0.03175,0.,0.02));
#2320=CARTESIAN_POINT('',(0.02975,0.015025,0.018));
#2321=CARTESIAN_POINT('',(0.0304166666666667,0.015025,0.0186666666666667));
#2322=CARTESIAN_POINT('',(0.0310833333333333,0.015025,0.0193333333333333));
#2323=CARTESIAN_POINT('',(0.03175,0.015025,0.02));
#2324=CARTESIAN_POINT('',(0.030575,-0.024575,0.02));
#2325=CARTESIAN_POINT('',(0.0305840166732584,-0.0253694714964414,0.02));
#2326=CARTESIAN_POINT('',(0.030303804813424,-0.0261760942811992,0.02));
#2327=CARTESIAN_POINT('',(0.0291714184600428,-0.0273055340158977,0.02));
#2328=CARTESIAN_POINT('',(0.0283674903547276,-0.0275825101596201,0.02));
#2329=CARTESIAN_POINT('',(0.027575,-0.027575,0.02));
#2330=CARTESIAN_POINT('',(0.028575,-0.024575,0.018));
#2331=CARTESIAN_POINT('',(0.0285712756763685,-0.0249757529288768,0.018));
#2332=CARTESIAN_POINT('',(0.0284694621144519,-0.0251808335126948,0.018));
#2333=CARTESIAN_POINT('',(0.0281797010269627,-0.0254700026461437,0.018));
#2334=CARTESIAN_POINT('',(0.0279744953331783,-0.0255709996288942,0.018));
#2335=CARTESIAN_POINT('',(0.027575,-0.025575,0.018));
#2336=CARTESIAN_POINT('',(0.028575,-0.024575,0.018));
#2337=CARTESIAN_POINT('',(0.0292416666666667,-0.024575,0.0186666666666667));
#2338=CARTESIAN_POINT('',(0.0299083333333333,-0.024575,0.0193333333333333));
#2339=CARTESIAN_POINT('',(0.030575,-0.024575,0.02));
#2340=CARTESIAN_POINT('',(-0.027575,-0.027575,0.02));
#2341=CARTESIAN_POINT('',(-0.0283694714964414,-0.0275840166732584,0.02));
#2342=CARTESIAN_POINT('',(-0.0291760942811992,-0.027303804813424,0.02));
#2343=CARTESIAN_POINT('',(-0.0303055340158977,-0.0261714184600427,0.02));
#2344=CARTESIAN_POINT('',(-0.0305825101596201,-0.0253674903547276,0.02));
#2345=CARTESIAN_POINT('',(-0.030575,-0.024575,0.02));
#2346=CARTESIAN_POINT('',(-0.027575,-0.025575,0.018));
#2347=CARTESIAN_POINT('',(-0.0279757529288768,-0.0255712756763685,0.018));
#2348=CARTESIAN_POINT('',(-0.0281808335126948,-0.0254694621144519,0.018));
#2349=CARTESIAN_POINT('',(-0.0284700026461437,-0.0251797010269627,0.018));
#2350=CARTESIAN_POINT('',(-0.0285709996288943,-0.0249744953331783,0.018));
#2351=CARTESIAN_POINT('',(-0.028575,-0.024575,0.018));
#2352=CARTESIAN_POINT('',(-0.030575,-0.024575,0.02));
#2353=CARTESIAN_POINT('',(-0.0299083333333333,-0.024575,0.0193333333333333));
#2354=CARTESIAN_POINT('',(-0.0292416666666667,-0.024575,0.0186666666666667));
#2355=CARTESIAN_POINT('',(-0.028575,-0.024575,0.018));
#2356=CARTESIAN_POINT('',(0.0035,0.,0.02));
#2357=CARTESIAN_POINT('',(0.0015,0.015628992248062,0.018));
#2358=CARTESIAN_POINT('',(0.00216666666666667,0.015628992248062,0.0186666666666667));
#2359=CARTESIAN_POINT('',(0.00283333333333333,0.015628992248062,0.0193333333333333));
#2360=CARTESIAN_POINT('',(0.0035,0.015628992248062,0.02));
#2361=CARTESIAN_POINT('',(0.0035,0.024491007751938,0.02));
#2362=CARTESIAN_POINT('',(0.00283333333333333,0.024491007751938,0.0193333333333333));
#2363=CARTESIAN_POINT('',(0.00216666666666666,0.024491007751938,0.0186666666666667));
#2364=CARTESIAN_POINT('',(0.0015,0.024491007751938,0.018));
#2365=CARTESIAN_POINT('',(0.01175,0.0208875,0.018));
#2366=CARTESIAN_POINT('',(0.00975,0.015025,0.02));
#2367=CARTESIAN_POINT('',(0.0104166666666667,0.015025,0.0193333333333333));
#2368=CARTESIAN_POINT('',(0.0110833333333333,0.015025,0.0186666666666667));
#2369=CARTESIAN_POINT('',(0.01175,0.015025,0.018));
#2370=CARTESIAN_POINT('',(0.03175,0.015025,0.02));
#2371=CARTESIAN_POINT('',(0.0317590166732584,0.0142305285035586,0.02));
#2372=CARTESIAN_POINT('',(0.031478804813424,0.0134239057188007,0.02));
#2373=CARTESIAN_POINT('',(0.0303464184600428,0.0122944659841024,0.02));
#2374=CARTESIAN_POINT('',(0.0295424903547277,0.0120174898403799,0.02));
#2375=CARTESIAN_POINT('',(0.02875,0.012025,0.02));
#2376=CARTESIAN_POINT('',(0.02975,0.015025,0.018));
#2377=CARTESIAN_POINT('',(0.0297462756763685,0.0146242470711232,0.018));
#2378=CARTESIAN_POINT('',(0.029644462114452,0.0144191664873052,0.018));
#2379=CARTESIAN_POINT('',(0.0293547010269627,0.0141299973538563,0.018));
#2380=CARTESIAN_POINT('',(0.0291494953331783,0.0140290003711058,0.018));
#2381=CARTESIAN_POINT('',(0.02875,0.014025,0.018));
#2382=CARTESIAN_POINT('',(0.02875,0.012025,0.02));
#2383=CARTESIAN_POINT('',(0.02875,0.0126916666666667,0.0193333333333333));
#2384=CARTESIAN_POINT('',(0.02875,0.0133583333333333,0.0186666666666667));
#2385=CARTESIAN_POINT('',(0.02875,0.014025,0.018));
#2386=CARTESIAN_POINT('',(0.030575,1.40967894426554E-17,0.02));
#2387=CARTESIAN_POINT('',(0.028575,0.004525,0.018));
#2388=CARTESIAN_POINT('',(-0.028575,-0.006525,0.018));
#2389=CARTESIAN_POINT('',(-0.028575,0.011525,0.018));
#2390=CARTESIAN_POINT('',(-0.0292416666666667,0.011525,0.0186666666666667));
#2391=CARTESIAN_POINT('',(-0.0299083333333333,0.011525,0.0193333333333333));
#2392=CARTESIAN_POINT('',(-0.030575,0.011525,0.02));
#2393=CARTESIAN_POINT('',(0.000499999999999991,0.027491007751938,0.02));
#2394=CARTESIAN_POINT('',(0.00129447149644141,0.0275000244251963,0.02));
#2395=CARTESIAN_POINT('',(0.00210109428119929,0.0272198125653619,0.02));
#2396=CARTESIAN_POINT('',(0.00323053401589764,0.0260874262119808,0.02));
#2397=CARTESIAN_POINT('',(0.00350751015962009,0.0252834981066657,0.02));
#2398=CARTESIAN_POINT('',(0.0035,0.024491007751938,0.02));
#2399=CARTESIAN_POINT('',(0.000499999999999991,0.025491007751938,0.018));
#2400=CARTESIAN_POINT('',(0.000900752928876795,0.0254872834283065,0.018));
#2401=CARTESIAN_POINT('',(0.00110583351269479,0.02538546986639,0.018));
#2402=CARTESIAN_POINT('',(0.00139500264614373,0.0250957087789007,0.018));
#2403=CARTESIAN_POINT('',(0.00149599962889424,0.0248905030851163,0.018));
#2404=CARTESIAN_POINT('',(0.0015,0.024491007751938,0.018));
#2405=CARTESIAN_POINT('',(0.0005,0.025491007751938,0.018));
#2406=CARTESIAN_POINT('',(0.0005,0.0261576744186047,0.0186666666666667));
#2407=CARTESIAN_POINT('',(0.0005,0.0268243410852713,0.0193333333333333));
#2408=CARTESIAN_POINT('',(0.0005,0.027491007751938,0.02));
#2409=CARTESIAN_POINT('',(0.0035,0.015628992248062,0.02));
#2410=CARTESIAN_POINT('',(0.00350901667325836,0.0148345207516206,0.02));
#2411=CARTESIAN_POINT('',(0.00322880481342395,0.0140278979668627,0.02));
#2412=CARTESIAN_POINT('',(0.00209641846004278,0.0128984582321644,0.02));
#2413=CARTESIAN_POINT('',(0.00129249035472766,0.0126214820884419,0.02));
#2414=CARTESIAN_POINT('',(0.000499999999999992,0.012628992248062,0.02));
#2415=CARTESIAN_POINT('',(0.0015,0.015628992248062,0.018));
#2416=CARTESIAN_POINT('',(0.00149627567636852,0.0152282393191852,0.018));
#2417=CARTESIAN_POINT('',(0.00139446211445193,0.0150231587353672,0.018));
#2418=CARTESIAN_POINT('',(0.00110470102696269,0.0147339896019183,0.018));
#2419=CARTESIAN_POINT('',(0.000899495333178303,0.0146329926191678,0.018));
#2420=CARTESIAN_POINT('',(0.000499999999999992,0.014628992248062,0.018));
#2421=CARTESIAN_POINT('',(0.000499999999999992,0.013576996124031,0.019051996124031));
#2422=CARTESIAN_POINT('',(0.000499999999999992,0.013927661498708,0.018701330749354));
#2423=CARTESIAN_POINT('',(0.000499999999999992,0.014278326873385,0.018350665374677));
#2424=CARTESIAN_POINT('',(0.000499999999999992,0.014628992248062,0.018));
#2425=CARTESIAN_POINT('',(0.000499999999999992,0.013576996124031,0.019051996124031));
#2426=CARTESIAN_POINT('',(0.00332063981655267,0.014524999999813,0.019999999999813));
#2427=CARTESIAN_POINT('',(0.00310238192144993,0.0143699567996511,0.0198449567996511));
#2428=CARTESIAN_POINT('',(0.00278217710661002,0.0141682457727553,0.0196432457727553));
#2429=CARTESIAN_POINT('',(0.00235478409133453,0.0139563852349425,0.0194313852349425));
#2430=CARTESIAN_POINT('',(0.00206364733436803,0.0138352736778981,0.0193102736778981));
#2431=CARTESIAN_POINT('',(0.00168338003962003,0.0137149855780049,0.0191899855780049));
#2432=CARTESIAN_POINT('',(0.00118233107176159,0.0136093109224367,0.0190843109224367));
#2433=CARTESIAN_POINT('',(0.000778161034160639,0.0135765248489364,0.0190515248489364));
#2434=CARTESIAN_POINT('',(0.000499999999999992,0.013576996124031,0.019051996124031));
#2435=CARTESIAN_POINT('',(0.01275,0.012025,0.02));
#2436=CARTESIAN_POINT('',(0.0119555285035586,0.0120159833267416,0.02));
#2437=CARTESIAN_POINT('',(0.0111489057188007,0.012296195186576,0.02));
#2438=CARTESIAN_POINT('',(0.0100194659841023,0.0134285815399572,0.02));
#2439=CARTESIAN_POINT('',(0.0097424898403799,0.0142325096452723,0.02));
#2440=CARTESIAN_POINT('',(0.00975,0.015025,0.02));
#2441=CARTESIAN_POINT('',(0.01275,0.014025,0.018));
#2442=CARTESIAN_POINT('',(0.0123492470711232,0.0140287243236315,0.018));
#2443=CARTESIAN_POINT('',(0.0121441664873052,0.0141305378855481,0.018));
#2444=CARTESIAN_POINT('',(0.0118549973538563,0.0144202989730373,0.018));
#2445=CARTESIAN_POINT('',(0.0117540003711057,0.0146255046668217,0.018));
#2446=CARTESIAN_POINT('',(0.01175,0.015025,0.018));
#2447=CARTESIAN_POINT('',(0.01275,0.014025,0.018));
#2448=CARTESIAN_POINT('',(0.01275,0.013775,0.01825));
#2449=CARTESIAN_POINT('',(0.01275,0.013525,0.0185));
#2450=CARTESIAN_POINT('',(0.01275,0.013275,0.01875));
#2451=CARTESIAN_POINT('',(0.01275,0.013275,0.01875));
#2452=CARTESIAN_POINT('',(0.01275,0.013275,0.01875));
#2453=CARTESIAN_POINT('',(0.0124282149918581,0.0132746909023771,0.0187496909023771));
#2454=CARTESIAN_POINT('',(0.0119855475816286,0.0133206742760148,0.0187956742760148));
#2455=CARTESIAN_POINT('',(0.0114616022041405,0.0134686198258125,0.0189436198258125));
#2456=CARTESIAN_POINT('',(0.0110290299680643,0.0136550961087582,0.0191300961087582));
#2457=CARTESIAN_POINT('',(0.0107593706522773,0.0138053627383553,0.0192803627383553));
#2458=CARTESIAN_POINT('',(0.0103285822604048,0.0140785784568814,0.0195535784568814));
#2459=CARTESIAN_POINT('',(0.0100064723362268,0.0143313874299799,0.0198063874299799));
#2460=CARTESIAN_POINT('',(0.00978315418033078,0.0145249999999965,0.0199999999999965));
#2461=CARTESIAN_POINT('',(0.,0.012025,0.02));
#2462=CARTESIAN_POINT('',(0.020575,0.013275,0.01875));
#2463=CARTESIAN_POINT('',(0.0228979276220115,0.013275,0.01875));
#2464=CARTESIAN_POINT('',(0.025144742288442,0.0127977997641614,0.0192272002358386));
#2465=CARTESIAN_POINT('',(0.0271893782776617,0.0120250000000003,0.0199999999999997));
#2466=CARTESIAN_POINT('',(0.020575,0.013275,0.01875));
#2467=CARTESIAN_POINT('',(0.,0.013275,0.01875));
#2468=CARTESIAN_POINT('',(0.020575,0.004525,0.018));
#2469=CARTESIAN_POINT('',(0.020575,0.012525,0.018));
#2470=CARTESIAN_POINT('',(-0.030575,0.011525,0.02));
#2471=CARTESIAN_POINT('',(-0.0305840166732584,0.0123194714964414,0.02));
#2472=CARTESIAN_POINT('',(-0.0303038048134239,0.0131260942811993,0.02));
#2473=CARTESIAN_POINT('',(-0.0291714184600427,0.0142555340158977,0.02));
#2474=CARTESIAN_POINT('',(-0.0283674903547276,0.0145325101596201,0.02));
#2475=CARTESIAN_POINT('',(-0.027575,0.014525,0.02));
#2476=CARTESIAN_POINT('',(-0.028575,0.011525,0.018));
#2477=CARTESIAN_POINT('',(-0.0285712756763685,0.0119257529288768,0.018));
#2478=CARTESIAN_POINT('',(-0.0284694621144519,0.0121308335126948,0.018));
#2479=CARTESIAN_POINT('',(-0.0281797010269627,0.0124200026461437,0.018));
#2480=CARTESIAN_POINT('',(-0.0279744953331783,0.0125209996288943,0.018));
#2481=CARTESIAN_POINT('',(-0.027575,0.012525,0.018));
#2482=CARTESIAN_POINT('',(-0.027575,0.014525,0.02));
#2483=CARTESIAN_POINT('',(-0.027575,0.0138583333333333,0.0193333333333333));
#2484=CARTESIAN_POINT('',(-0.027575,0.0131916666666667,0.0186666666666667));
#2485=CARTESIAN_POINT('',(-0.027575,0.012525,0.018));
#2486=CARTESIAN_POINT('',(-0.0109,0.025491007751938,0.018));
#2487=CARTESIAN_POINT('',(-0.0223,0.027491007751938,0.02));
#2488=CARTESIAN_POINT('',(-0.0223,0.0268243410852713,0.0193333333333333));
#2489=CARTESIAN_POINT('',(-0.0223,0.0261576744186047,0.0186666666666667));
#2490=CARTESIAN_POINT('',(-0.0223,0.025491007751938,0.018));
#2491=CARTESIAN_POINT('',(0.,0.012628992248062,0.02));
#2492=CARTESIAN_POINT('',(0.,0.013576996124031,0.019051996124031));
#2493=CARTESIAN_POINT('',(-0.0223,0.013576996124031,0.019051996124031));
#2494=CARTESIAN_POINT('',(-0.0223,0.014628992248062,0.018));
#2495=CARTESIAN_POINT('',(-0.0223,0.014278326873385,0.018350665374677));
#2496=CARTESIAN_POINT('',(-0.0223,0.013927661498708,0.018701330749354));
#2497=CARTESIAN_POINT('',(-0.0223,0.013576996124031,0.019051996124031));
#2498=CARTESIAN_POINT('',(0.,0.014525,0.02));
#2499=CARTESIAN_POINT('',(-0.0223,0.013576996124031,0.019051996124031));
#2500=CARTESIAN_POINT('',(-0.0225783686484095,0.0135763143589364,0.0190513143589364));
#2501=CARTESIAN_POINT('',(-0.0229832378591115,0.0136091390865183,0.0190841390865183));
#2502=CARTESIAN_POINT('',(-0.0234852778133913,0.013715271090832,0.019190271090832));
#2503=CARTESIAN_POINT('',(-0.0238677512214371,0.013836711043656,0.019311711043656));
#2504=CARTESIAN_POINT('',(-0.0241568229824954,0.0139573595494564,0.0194323595494564));
#2505=CARTESIAN_POINT('',(-0.0245831218406721,0.0141690029360196,0.0196440029360196));
#2506=CARTESIAN_POINT('',(-0.0249023042970801,0.0143702832216952,0.0198452832216952));
#2507=CARTESIAN_POINT('',(-0.025120020769373,0.0145249999997504,0.0199999999997504));
#2508=CARTESIAN_POINT('',(-0.0253,0.024491007751938,0.02));
#2509=CARTESIAN_POINT('',(-0.0253090166732584,0.0252854792483794,0.02));
#2510=CARTESIAN_POINT('',(-0.0250288048134239,0.0260921020331373,0.02));
#2511=CARTESIAN_POINT('',(-0.0238964184600428,0.0272215417678357,0.02));
#2512=CARTESIAN_POINT('',(-0.0230924903547277,0.0274985179115581,0.02));
#2513=CARTESIAN_POINT('',(-0.0223,0.027491007751938,0.02));
#2514=CARTESIAN_POINT('',(-0.0233,0.024491007751938,0.018));
#2515=CARTESIAN_POINT('',(-0.0232962756763685,0.0248917606808148,0.018));
#2516=CARTESIAN_POINT('',(-0.023194462114452,0.0250968412646328,0.018));
#2517=CARTESIAN_POINT('',(-0.0229047010269627,0.0253860103980818,0.018));
#2518=CARTESIAN_POINT('',(-0.0226994953331783,0.0254870073808323,0.018));
#2519=CARTESIAN_POINT('',(-0.0223,0.025491007751938,0.018));
#2520=CARTESIAN_POINT('',(-0.0233,0.024491007751938,0.018));
#2521=CARTESIAN_POINT('',(-0.0239666666666667,0.024491007751938,0.0186666666666667));
#2522=CARTESIAN_POINT('',(-0.0246333333333333,0.024491007751938,0.0193333333333333));
#2523=CARTESIAN_POINT('',(-0.0253,0.024491007751938,0.02));
#2524=CARTESIAN_POINT('',(-0.0223,0.012628992248062,0.02));
#2525=CARTESIAN_POINT('',(-0.0230944714964414,0.0126199755748037,0.02));
#2526=CARTESIAN_POINT('',(-0.0239010942811993,0.0129001874346381,0.02));
#2527=CARTESIAN_POINT('',(-0.0250305340158977,0.0140325737880192,0.02));
#2528=CARTESIAN_POINT('',(-0.0253075101596201,0.0148365018933343,0.02));
#2529=CARTESIAN_POINT('',(-0.0253,0.015628992248062,0.02));
#2530=CARTESIAN_POINT('',(-0.0223,0.014628992248062,0.018));
#2531=CARTESIAN_POINT('',(-0.0227007529288768,0.0146327165716935,0.018));
#2532=CARTESIAN_POINT('',(-0.0229058335126948,0.0147345301336101,0.018));
#2533=CARTESIAN_POINT('',(-0.0231950026461437,0.0150242912210993,0.018));
#2534=CARTESIAN_POINT('',(-0.0232959996288943,0.0152294969148837,0.018));
#2535=CARTESIAN_POINT('',(-0.0233,0.015628992248062,0.018));
#2536=CARTESIAN_POINT('',(-0.0253,0.015628992248062,0.02));
#2537=CARTESIAN_POINT('',(-0.0246333333333333,0.015628992248062,0.0193333333333333));
#2538=CARTESIAN_POINT('',(-0.0239666666666667,0.015628992248062,0.0186666666666667));
#2539=CARTESIAN_POINT('',(-0.0233,0.015628992248062,0.018));
#2540=CARTESIAN_POINT('',(-0.0233,0.02006,0.018));
#2541=CARTESIAN_POINT('',(0.0385067567567568,0.,0.0165));
#2542=CARTESIAN_POINT('',(0.0350067567567567,-0.02675,0.02));
#2543=CARTESIAN_POINT('',(0.0361734234234234,-0.02675,0.0188333333333333));
#2544=CARTESIAN_POINT('',(0.0373400900900901,-0.02675,0.0176666666666667));
#2545=CARTESIAN_POINT('',(0.0385067567567568,-0.02675,0.0165));
#2546=CARTESIAN_POINT('',(0.0385067567567568,0.02675,0.0165));
#2547=CARTESIAN_POINT('',(0.0373400900900901,0.02675,0.0176666666666667));
#2548=CARTESIAN_POINT('',(0.0361734234234234,0.02675,0.0188333333333333));
#2549=CARTESIAN_POINT('',(0.0350067567567567,0.02675,0.02));
#2550=CARTESIAN_POINT('',(0.0350067567567568,0.02675,0.02));
#2551=CARTESIAN_POINT('',(0.035006713717049,0.0270624753517911,0.02));
#2552=CARTESIAN_POINT('',(0.0349952072491965,0.0273743985944421,0.02));
#2553=CARTESIAN_POINT('',(0.0349406356014626,0.0279949340965759,0.02));
#2554=CARTESIAN_POINT('',(0.0348974849116371,0.0283061773690335,0.02));
#2555=CARTESIAN_POINT('',(0.0347649052577685,0.0289140444079115,0.02));
#2556=CARTESIAN_POINT('',(0.0346771909029352,0.0292108129143457,0.02));
#2557=CARTESIAN_POINT('',(0.0344216680086325,0.0297847248073309,0.02));
#2558=CARTESIAN_POINT('',(0.0342552090897915,0.0300514548291639,0.02));
#2559=CARTESIAN_POINT('',(0.0338098098312895,0.030497544311833,0.02));
#2560=CARTESIAN_POINT('',(0.0335434390656524,0.0306638176208285,0.02));
#2561=CARTESIAN_POINT('',(0.0329703460798359,0.0309194152583816,0.02));
#2562=CARTESIAN_POINT('',(0.0326714520903944,0.0310081594752759,0.02));
#2563=CARTESIAN_POINT('',(0.0320587915874702,0.0311414766638275,0.02));
#2564=CARTESIAN_POINT('',(0.0317507217132772,0.0311839445473839,0.02));
#2565=CARTESIAN_POINT('',(0.0311308835939071,0.0312384939040732,0.02));
#2566=CARTESIAN_POINT('',(0.0308193893005379,0.0312499588209836,0.02));
#2567=CARTESIAN_POINT('',(0.0305067567567567,0.03125,0.02));
#2568=CARTESIAN_POINT('',(0.0385067567567568,0.02675,0.0165));
#2569=CARTESIAN_POINT('',(0.0385066353409527,0.0271500780106241,0.0165));
#2570=CARTESIAN_POINT('',(0.0384923556879933,0.0275613199218828,0.0165));
#2571=CARTESIAN_POINT('',(0.0384165600404675,0.0284214087593957,0.0165));
#2572=CARTESIAN_POINT('',(0.0383565255711518,0.0288730973401424,0.0165));
#2573=CARTESIAN_POINT('',(0.0381456998371542,0.0298359675798821,0.0165));
#2574=CARTESIAN_POINT('',(0.038000741876008,0.0303486399106729,0.0165));
#2575=CARTESIAN_POINT('',(0.0374915735942336,0.0314971106508369,0.0165));
#2576=CARTESIAN_POINT('',(0.0371009484371742,0.0321548902305895,0.0165));
#2577=CARTESIAN_POINT('',(0.0359158510356198,0.0333418224598843,0.0165));
#2578=CARTESIAN_POINT('',(0.0352583098353412,0.0337324612030985,0.0165));
#2579=CARTESIAN_POINT('',(0.0341104971703146,0.0342420821972775,0.0165));
#2580=CARTESIAN_POINT('',(0.0335934886289444,0.0343890242846537,0.0165));
#2581=CARTESIAN_POINT('',(0.0326235620627251,0.0346008899850304,0.0165));
#2582=CARTESIAN_POINT('',(0.032176855539069,0.0346598846046315,0.0165));
#2583=CARTESIAN_POINT('',(0.0313176669074062,0.0347356688308455,0.0165));
#2584=CARTESIAN_POINT('',(0.0309070327821878,0.0347498819903717,0.0165));
#2585=CARTESIAN_POINT('',(0.0305067567567567,0.03475,0.0165));
#2586=CARTESIAN_POINT('',(0.0305067567567567,0.03125,0.02));
#2587=CARTESIAN_POINT('',(0.0305067567567567,0.0324166666666667,0.0188333333333333));
#2588=CARTESIAN_POINT('',(0.0305067567567567,0.0335833333333333,0.0176666666666667));
#2589=CARTESIAN_POINT('',(0.0305067567567567,0.03475,0.0165));
#2590=CARTESIAN_POINT('',(0.0305067567567567,-0.03125,0.02));
#2591=CARTESIAN_POINT('',(0.0308192321085478,-0.0312499569602923,0.02));
#2592=CARTESIAN_POINT('',(0.0311311553511989,-0.0312384504924397,0.02));
#2593=CARTESIAN_POINT('',(0.0317516908533327,-0.0311838788447059,0.02));
#2594=CARTESIAN_POINT('',(0.0320629341257903,-0.0311407281548803,0.02));
#2595=CARTESIAN_POINT('',(0.0326708011646682,-0.0310081485010116,0.02));
#2596=CARTESIAN_POINT('',(0.0329675696711024,-0.0309204341461785,0.02));
#2597=CARTESIAN_POINT('',(0.0335414815640877,-0.0306649112518757,0.02));
#2598=CARTESIAN_POINT('',(0.0338082115859207,-0.0304984523330347,0.02));
#2599=CARTESIAN_POINT('',(0.0342543010685898,-0.0300530530745328,0.02));
#2600=CARTESIAN_POINT('',(0.0344205743775852,-0.0297866823088957,0.02));
#2601=CARTESIAN_POINT('',(0.0346761720151383,-0.0292135893230791,0.02));
#2602=CARTESIAN_POINT('',(0.0347649162320326,-0.0289146953336376,0.02));
#2603=CARTESIAN_POINT('',(0.0348982334205843,-0.0283020348307134,0.02));
#2604=CARTESIAN_POINT('',(0.0349407013041407,-0.0279939649565205,0.02));
#2605=CARTESIAN_POINT('',(0.0349952506608298,-0.0273741268371503,0.02));
#2606=CARTESIAN_POINT('',(0.0350067155777403,-0.0270626325437811,0.02));
#2607=CARTESIAN_POINT('',(0.0350067567567568,-0.02675,0.02));
#2608=CARTESIAN_POINT('',(0.0305067567567567,-0.03475,0.0165));
#2609=CARTESIAN_POINT('',(0.0309068347673809,-0.0347498785841959,0.0165));
#2610=CARTESIAN_POINT('',(0.0313180766786396,-0.0347355989312365,0.0165));
#2611=CARTESIAN_POINT('',(0.0321781655161524,-0.0346598032837107,0.0165));
#2612=CARTESIAN_POINT('',(0.0326298540968991,-0.034599768814395,0.0165));
#2613=CARTESIAN_POINT('',(0.0335927243366389,-0.0343889430803975,0.0165));
#2614=CARTESIAN_POINT('',(0.0341053966674296,-0.0342439851192512,0.0165));
#2615=CARTESIAN_POINT('',(0.0352538674075936,-0.0337348168374768,0.0165));
#2616=CARTESIAN_POINT('',(0.0359116469873462,-0.0333441916804174,0.0165));
#2617=CARTESIAN_POINT('',(0.0370985792166411,-0.032159094278863,0.0165));
#2618=CARTESIAN_POINT('',(0.0374892179598552,-0.0315015530785845,0.0165));
#2619=CARTESIAN_POINT('',(0.0379988389540342,-0.0303537404135579,0.0165));
#2620=CARTESIAN_POINT('',(0.0381457810414105,-0.0298367318721876,0.0165));
#2621=CARTESIAN_POINT('',(0.0383576467417871,-0.0288668053059684,0.0165));
#2622=CARTESIAN_POINT('',(0.0384166413613882,-0.0284200987823123,0.0165));
#2623=CARTESIAN_POINT('',(0.0384924255876023,-0.0275609101506494,0.0165));
#2624=CARTESIAN_POINT('',(0.0385066387471284,-0.0271502760254311,0.0165));
#2625=CARTESIAN_POINT('',(0.0385067567567568,-0.02675,0.0165));
#2626=CARTESIAN_POINT('',(0.0305067567567567,-0.03475,0.0165));
#2627=CARTESIAN_POINT('',(0.0305067567567567,-0.0335833333333333,0.0176666666666667));
#2628=CARTESIAN_POINT('',(0.0305067567567567,-0.0324166666666667,0.0188333333333333));
#2629=CARTESIAN_POINT('',(0.0305067567567567,-0.03125,0.02));
#2630=CARTESIAN_POINT('',(0.,0.03125,0.02));
#2631=CARTESIAN_POINT('',(-0.0305067567567567,0.03475,0.0165));
#2632=CARTESIAN_POINT('',(-0.0305067567567567,0.0335833333333333,0.0176666666666667));
#2633=CARTESIAN_POINT('',(-0.0305067567567567,0.0324166666666667,0.0188333333333333));
#2634=CARTESIAN_POINT('',(-0.0305067567567567,0.03125,0.02));
#2635=CARTESIAN_POINT('',(0.,-0.03475,0.0165));
#2636=CARTESIAN_POINT('',(-0.0305067567567567,-0.03125,0.02));
#2637=CARTESIAN_POINT('',(-0.0305067567567567,-0.0324166666666667,0.0188333333333333));
#2638=CARTESIAN_POINT('',(-0.0305067567567567,-0.0335833333333333,0.0176666666666667));
#2639=CARTESIAN_POINT('',(-0.0305067567567567,-0.03475,0.0165));
#2640=CARTESIAN_POINT('',(-0.0305067567567567,0.03125,0.02));
#2641=CARTESIAN_POINT('',(-0.0308192321085478,0.0312499569602923,0.02));
#2642=CARTESIAN_POINT('',(-0.0311311553511989,0.0312384504924397,0.02));
#2643=CARTESIAN_POINT('',(-0.0317516908533327,0.0311838788447059,0.02));
#2644=CARTESIAN_POINT('',(-0.0320629341257903,0.0311407281548803,0.02));
#2645=CARTESIAN_POINT('',(-0.0326708011646682,0.0310081485010116,0.02));
#2646=CARTESIAN_POINT('',(-0.0329675696711024,0.0309204341461785,0.02));
#2647=CARTESIAN_POINT('',(-0.0335414815640877,0.0306649112518757,0.02));
#2648=CARTESIAN_POINT('',(-0.0338082115859207,0.0304984523330347,0.02));
#2649=CARTESIAN_POINT('',(-0.0342543010685898,0.0300530530745328,0.02));
#2650=CARTESIAN_POINT('',(-0.0344205743775852,0.0297866823088957,0.02));
#2651=CARTESIAN_POINT('',(-0.0346761720151383,0.0292135893230791,0.02));
#2652=CARTESIAN_POINT('',(-0.0347649162320326,0.0289146953336376,0.02));
#2653=CARTESIAN_POINT('',(-0.0348982334205843,0.0283020348307134,0.02));
#2654=CARTESIAN_POINT('',(-0.0349407013041407,0.0279939649565205,0.02));
#2655=CARTESIAN_POINT('',(-0.0349952506608298,0.0273741268371503,0.02));
#2656=CARTESIAN_POINT('',(-0.0350067155777403,0.0270626325437811,0.02));
#2657=CARTESIAN_POINT('',(-0.0350067567567568,0.02675,0.02));
#2658=CARTESIAN_POINT('',(-0.0305067567567567,0.03475,0.0165));
#2659=CARTESIAN_POINT('',(-0.0309068347673809,0.0347498785841959,0.0165));
#2660=CARTESIAN_POINT('',(-0.0313180766786396,0.0347355989312365,0.0165));
#2661=CARTESIAN_POINT('',(-0.0321781655161524,0.0346598032837107,0.0165));
#2662=CARTESIAN_POINT('',(-0.0326298540968991,0.034599768814395,0.0165));
#2663=CARTESIAN_POINT('',(-0.0335927243366389,0.0343889430803975,0.0165));
#2664=CARTESIAN_POINT('',(-0.0341053966674296,0.0342439851192512,0.0165));
#2665=CARTESIAN_POINT('',(-0.0352538674075936,0.0337348168374768,0.0165));
#2666=CARTESIAN_POINT('',(-0.0359116469873462,0.0333441916804174,0.0165));
#2667=CARTESIAN_POINT('',(-0.0370985792166411,0.032159094278863,0.0165));
#2668=CARTESIAN_POINT('',(-0.0374892179598552,0.0315015530785845,0.0165));
#2669=CARTESIAN_POINT('',(-0.0379988389540342,0.0303537404135579,0.0165));
#2670=CARTESIAN_POINT('',(-0.0381457810414105,0.0298367318721876,0.0165));
#2671=CARTESIAN_POINT('',(-0.0383576467417871,0.0288668053059684,0.0165));
#2672=CARTESIAN_POINT('',(-0.0384166413613882,0.0284200987823123,0.0165));
#2673=CARTESIAN_POINT('',(-0.0384924255876023,0.0275609101506494,0.0165));
#2674=CARTESIAN_POINT('',(-0.0385066387471284,0.0271502760254311,0.0165));
#2675=CARTESIAN_POINT('',(-0.0385067567567568,0.02675,0.0165));
#2676=CARTESIAN_POINT('',(-0.0350067567567568,0.02675,0.02));
#2677=CARTESIAN_POINT('',(-0.0361734234234234,0.02675,0.0188333333333333));
#2678=CARTESIAN_POINT('',(-0.0373400900900901,0.02675,0.0176666666666667));
#2679=CARTESIAN_POINT('',(-0.0385067567567568,0.02675,0.0165));
#2680=CARTESIAN_POINT('',(-0.0350067567567568,-0.02675,0.02));
#2681=CARTESIAN_POINT('',(-0.035006713717049,-0.0270624753517911,0.02));
#2682=CARTESIAN_POINT('',(-0.0349952072491965,-0.0273743985944421,0.02));
#2683=CARTESIAN_POINT('',(-0.0349406356014626,-0.0279949340965759,0.02));
#2684=CARTESIAN_POINT('',(-0.0348974849116371,-0.0283061773690335,0.02));
#2685=CARTESIAN_POINT('',(-0.0347649052577685,-0.0289140444079115,0.02));
#2686=CARTESIAN_POINT('',(-0.0346771909029352,-0.0292108129143457,0.02));
#2687=CARTESIAN_POINT('',(-0.0344216680086325,-0.0297847248073309,0.02));
#2688=CARTESIAN_POINT('',(-0.0342552090897915,-0.0300514548291639,0.02));
#2689=CARTESIAN_POINT('',(-0.0338098098312895,-0.030497544311833,0.02));
#2690=CARTESIAN_POINT('',(-0.0335434390656524,-0.0306638176208285,0.02));
#2691=CARTESIAN_POINT('',(-0.0329703460798359,-0.0309194152583816,0.02));
#2692=CARTESIAN_POINT('',(-0.0326714520903944,-0.0310081594752759,0.02));
#2693=CARTESIAN_POINT('',(-0.0320587915874702,-0.0311414766638275,0.02));
#2694=CARTESIAN_POINT('',(-0.0317507217132772,-0.0311839445473839,0.02));
#2695=CARTESIAN_POINT('',(-0.0311308835939071,-0.0312384939040732,0.02));
#2696=CARTESIAN_POINT('',(-0.0308193893005379,-0.0312499588209836,0.02));
#2697=CARTESIAN_POINT('',(-0.0305067567567567,-0.03125,0.02));
#2698=CARTESIAN_POINT('',(-0.0385067567567568,-0.02675,0.0165));
#2699=CARTESIAN_POINT('',(-0.0385066353409527,-0.0271500780106241,0.0165));
#2700=CARTESIAN_POINT('',(-0.0384923556879933,-0.0275613199218828,0.0165));
#2701=CARTESIAN_POINT('',(-0.0384165600404675,-0.0284214087593957,0.0165));
#2702=CARTESIAN_POINT('',(-0.0383565255711518,-0.0288730973401424,0.0165));
#2703=CARTESIAN_POINT('',(-0.0381456998371542,-0.0298359675798821,0.0165));
#2704=CARTESIAN_POINT('',(-0.038000741876008,-0.0303486399106729,0.0165));
#2705=CARTESIAN_POINT('',(-0.0374915735942336,-0.0314971106508369,0.0165));
#2706=CARTESIAN_POINT('',(-0.0371009484371742,-0.0321548902305895,0.0165));
#2707=CARTESIAN_POINT('',(-0.0359158510356198,-0.0333418224598843,0.0165));
#2708=CARTESIAN_POINT('',(-0.0352583098353412,-0.0337324612030985,0.0165));
#2709=CARTESIAN_POINT('',(-0.0341104971703146,-0.0342420821972775,0.0165));
#2710=CARTESIAN_POINT('',(-0.0335934886289444,-0.0343890242846537,0.0165));
#2711=CARTESIAN_POINT('',(-0.0326235620627251,-0.0346008899850304,0.0165));
#2712=CARTESIAN_POINT('',(-0.032176855539069,-0.0346598846046315,0.0165));
#2713=CARTESIAN_POINT('',(-0.0313176669074062,-0.0347356688308455,0.0165));
#2714=CARTESIAN_POINT('',(-0.0309070327821878,-0.0347498819903717,0.0165));
#2715=CARTESIAN_POINT('',(-0.0305067567567567,-0.03475,0.0165));
#2716=CARTESIAN_POINT('',(-0.0385067567567568,-0.02675,0.0165));
#2717=CARTESIAN_POINT('',(-0.0373400900900901,-0.02675,0.0176666666666667));
#2718=CARTESIAN_POINT('',(-0.0361734234234234,-0.02675,0.0188333333333333));
#2719=CARTESIAN_POINT('',(-0.0350067567567568,-0.02675,0.02));
#2720=CARTESIAN_POINT('',(-0.0350067567567568,0.,0.02));
#2721=CARTESIAN_POINT('',(-0.0333483759114203,0.0300948758225013,0.017));
#2722=CARTESIAN_POINT('',(-0.0333483759114203,0.0300948758225013,0.017));
#2723=CARTESIAN_POINT('',(-0.0309983759114203,0.0300948758225013,0.017));
#2724=CARTESIAN_POINT('',(0.,0.,0.017));
#2725=CARTESIAN_POINT('',(0.0333483759114203,0.0300948758225013,0.017));
#2726=CARTESIAN_POINT('',(0.0333483759114203,0.0300948758225013,0.017));
#2727=CARTESIAN_POINT('',(0.0356983759114203,0.0300948758225013,0.017));
#2728=CARTESIAN_POINT('',(0.,0.,0.017));
#2729=CARTESIAN_POINT('',(0.0333483759114203,-0.0300948758225013,0.017));
#2730=CARTESIAN_POINT('',(0.0333483759114203,-0.0300948758225013,0.017));
#2731=CARTESIAN_POINT('',(0.0356983759114203,-0.0300948758225013,0.017));
#2732=CARTESIAN_POINT('',(0.,0.,0.017));
#2733=CARTESIAN_POINT('',(-0.0333483759114203,-0.0300948758225013,0.017));
#2734=CARTESIAN_POINT('',(-0.0333483759114203,-0.0300948758225013,0.017));
#2735=CARTESIAN_POINT('',(-0.0309983759114203,-0.0300948758225013,0.017));
#2736=CARTESIAN_POINT('',(0.,0.,0.017));
#2737=MECHANICAL_DESIGN_GEOMETRIC_PRESENTATION_REPRESENTATION('',(#1289),
#2738);
#2738=(
GEOMETRIC_REPRESENTATION_CONTEXT(3)
GLOBAL_UNCERTAINTY_ASSIGNED_CONTEXT((#2739))
GLOBAL_UNIT_ASSIGNED_CONTEXT((#2742,#2741,#2740))
REPRESENTATION_CONTEXT('TopCover','TOP_LEVEL_ASSEMBLY_PART')
);
#2739=UNCERTAINTY_MEASURE_WITH_UNIT(LENGTH_MEASURE(2.00000000000155E-5),
#2742,'DISTANCE_ACCURACY_VALUE','Maximum Tolerance applied to model');
#2740=(
NAMED_UNIT(*)
SI_UNIT($,.STERADIAN.)
SOLID_ANGLE_UNIT()
);
#2741=(
NAMED_UNIT(*)
PLANE_ANGLE_UNIT()
SI_UNIT($,.RADIAN.)
);
#2742=(
LENGTH_UNIT()
NAMED_UNIT(*)
SI_UNIT($,.METRE.)
);
#2743=PRODUCT_DEFINITION_SHAPE('','',#2744);
#2744=PRODUCT_DEFINITION('','',#2746,#2745);
#2745=PRODUCT_DEFINITION_CONTEXT('',#2752,'design');
#2746=PRODUCT_DEFINITION_FORMATION_WITH_SPECIFIED_SOURCE('','',#2748,
 .NOT_KNOWN.);
#2747=PRODUCT_RELATED_PRODUCT_CATEGORY('','',(#2748));
#2748=PRODUCT('TopCover','TopCover','TopCover',(#2750));
#2749=PRODUCT_CATEGORY('','');
#2750=PRODUCT_CONTEXT('',#2752,'mechanical');
#2751=APPLICATION_PROTOCOL_DEFINITION('international standard',
'ap242_managed_model_based_3d_engineering',2020,#2752);
#2752=APPLICATION_CONTEXT('managed model based 3d engineering');
ENDSEC;
END-ISO-10303-21;
