ISO-10303-21;
HEADER;
/* Generated by software containing ST-Developer
 * from STEP Tools, Inc. (www.steptools.com) 
 */
/* OPTION: using custom renumber hook */

FILE_DESCRIPTION(
/* description */ ('STEP AP242 Edition 2',
'CAx-IF Rec.Pracs.---Representation and Presentation of Product Manufa
cturing Information (PMI)---4.0---2014-10-13',
'CAx-IF Rec.Pracs.---3D Tessellated Geometry---0.4---2014-09-14','2;1',
'CAx-IF Rec.Pracs.---User Defined Attributes---1.5---2016-08-15'),
/* implementation_level */ '2;1');

FILE_NAME(
/* name */ 'MushTogether - BottomCase',
/* time_stamp */ '2026-07-21T22:26:40Z',
/* author */ (''),
/* organization */ (''),
/* preprocessor_version */ 'ST-DEVELOPER v20',
/* originating_system */ 'ONSHAPE BY PTC INC, 1.218',
/* authorisation */ '  ');

FILE_SCHEMA (('AP242_MANAGED_MODEL_BASED_3D_ENGINEERING_MIM_LF { 1 0 10303 442 3 1 4 }'));
ENDSEC;

DATA;
#10=SHAPE_REPRESENTATION_RELATIONSHIP('','',#1941,#11);
#11=ADVANCED_BREP_SHAPE_REPRESENTATION('',(#1939),#4217);
#12=ORIENTED_CLOSED_SHELL('',*,#1930,.F.);
#13=CONICAL_SURFACE('',#2027,0.003,0.785398163397448);
#14=CONICAL_SURFACE('',#2029,0.003,0.785398163397448);
#15=B_SPLINE_SURFACE_WITH_KNOTS('',3,1,((#2717,#2718),(#2719,#2720),(#2721,
#2722),(#2723,#2724)),.SURF_OF_LINEAR_EXTRUSION.,.F.,.F.,.F.,(4,4),(2,2),
(0.,1.),(0.,1.),.PIECEWISE_BEZIER_KNOTS.);
#16=B_SPLINE_SURFACE_WITH_KNOTS('',3,1,((#2813,#2814),(#2815,#2816),(#2817,
#2818),(#2819,#2820)),.SURF_OF_LINEAR_EXTRUSION.,.F.,.F.,.F.,(4,4),(2,2),
(0.,1.),(0.,1.),.PIECEWISE_BEZIER_KNOTS.);
#17=B_SPLINE_SURFACE_WITH_KNOTS('',3,1,((#2856,#2857),(#2858,#2859),(#2860,
#2861),(#2862,#2863)),.SURF_OF_LINEAR_EXTRUSION.,.F.,.F.,.F.,(4,4),(2,2),
(-3.76516736275101E-16,1.),(0.,1.),.PIECEWISE_BEZIER_KNOTS.);
#18=B_SPLINE_SURFACE_WITH_KNOTS('',3,1,((#2890,#2891),(#2892,#2893),(#2894,
#2895),(#2896,#2897)),.SURF_OF_LINEAR_EXTRUSION.,.F.,.F.,.F.,(4,4),(2,2),
(-2.77590065721092E-16,1.),(0.,1.),.PIECEWISE_BEZIER_KNOTS.);
#19=B_SPLINE_SURFACE_WITH_KNOTS('',3,1,((#2912,#2913),(#2914,#2915),(#2916,
#2917),(#2918,#2919)),.SURF_OF_LINEAR_EXTRUSION.,.F.,.F.,.F.,(4,4),(2,2),
(-6.62593746452261E-16,1.),(0.,1.),.PIECEWISE_BEZIER_KNOTS.);
#20=B_SPLINE_SURFACE_WITH_KNOTS('',3,1,((#2942,#2943),(#2944,#2945),(#2946,
#2947),(#2948,#2949)),.SURF_OF_LINEAR_EXTRUSION.,.F.,.F.,.F.,(4,4),(2,2),
(-2.77590065721092E-16,1.),(0.,1.),.PIECEWISE_BEZIER_KNOTS.);
#21=B_SPLINE_SURFACE_WITH_KNOTS('',3,1,((#3033,#3034),(#3035,#3036),(#3037,
#3038),(#3039,#3040)),.SURF_OF_LINEAR_EXTRUSION.,.F.,.F.,.F.,(4,4),(2,2),
(-3.1295661519885E-15,1.),(0.,1.),.PIECEWISE_BEZIER_KNOTS.);
#22=B_SPLINE_SURFACE_WITH_KNOTS('',3,1,((#3045,#3046),(#3047,#3048),(#3049,
#3050),(#3051,#3052)),.SURF_OF_LINEAR_EXTRUSION.,.F.,.F.,.F.,(4,4),(2,2),
(6.77163073684824E-17,1.),(0.,1.),.PIECEWISE_BEZIER_KNOTS.);
#23=B_SPLINE_SURFACE_WITH_KNOTS('',3,1,((#3058,#3059),(#3060,#3061),(#3062,
#3063),(#3064,#3065)),.SURF_OF_LINEAR_EXTRUSION.,.F.,.F.,.F.,(4,4),(2,2),
(1.59412674245234E-15,1.00000000000001),(0.,1.),
 .PIECEWISE_BEZIER_KNOTS.);
#24=B_SPLINE_SURFACE_WITH_KNOTS('',3,1,((#3070,#3071),(#3072,#3073),(#3074,
#3075),(#3076,#3077)),.SURF_OF_LINEAR_EXTRUSION.,.F.,.F.,.F.,(4,4),(2,2),
(-3.22909707101949E-15,1.),(0.,1.),.PIECEWISE_BEZIER_KNOTS.);
#25=B_SPLINE_SURFACE_WITH_KNOTS('',3,1,((#3083,#3084),(#3085,#3086),(#3087,
#3088),(#3089,#3090)),.SURF_OF_LINEAR_EXTRUSION.,.F.,.F.,.F.,(4,4),(2,2),
(-5.49698864743725E-15,1.00000000000001),(0.,1.),
 .PIECEWISE_BEZIER_KNOTS.);
#26=B_SPLINE_SURFACE_WITH_KNOTS('',3,1,((#3095,#3096),(#3097,#3098),(#3099,
#3100),(#3101,#3102)),.SURF_OF_LINEAR_EXTRUSION.,.F.,.F.,.F.,(4,4),(2,2),
(-2.40121271782453E-15,1.),(0.,1.),.PIECEWISE_BEZIER_KNOTS.);
#27=B_SPLINE_SURFACE_WITH_KNOTS('',3,1,((#3108,#3109),(#3110,#3111),(#3112,
#3113),(#3114,#3115)),.SURF_OF_LINEAR_EXTRUSION.,.F.,.F.,.F.,(4,4),(2,2),
(1.59412674245234E-15,1.00000000000001),(0.,1.),
 .PIECEWISE_BEZIER_KNOTS.);
#28=B_SPLINE_SURFACE_WITH_KNOTS('',3,1,((#3120,#3121),(#3122,#3123),(#3124,
#3125),(#3126,#3127)),.SURF_OF_LINEAR_EXTRUSION.,.F.,.F.,.F.,(4,4),(2,2),
(6.77163073684824E-17,1.),(0.,1.),.PIECEWISE_BEZIER_KNOTS.);
#29=B_SPLINE_SURFACE_WITH_KNOTS('',3,3,((#3201,#3202,#3203,#3204,#3205,
#3206,#3207,#3208),(#3209,#3210,#3211,#3212,#3213,#3214,#3215,#3216),(#3217,
#3218,#3219,#3220,#3221,#3222,#3223,#3224),(#3225,#3226,#3227,#3228,#3229,
#3230,#3231,#3232),(#3233,#3234,#3235,#3236,#3237,#3238,#3239,#3240),(#3241,
#3242,#3243,#3244,#3245,#3246,#3247,#3248),(#3249,#3250,#3251,#3252,#3253,
#3254,#3255,#3256),(#3257,#3258,#3259,#3260,#3261,#3262,#3263,#3264)),
 .UNSPECIFIED.,.F.,.F.,.F.,(4,2,2,4),(4,2,2,4),(0.,0.25,0.5,1.),(0.,0.25,
0.5,1.),.UNSPECIFIED.);
#30=B_SPLINE_SURFACE_WITH_KNOTS('',3,3,((#3292,#3293,#3294,#3295,#3296,
#3297,#3298,#3299),(#3300,#3301,#3302,#3303,#3304,#3305,#3306,#3307),(#3308,
#3309,#3310,#3311,#3312,#3313,#3314,#3315),(#3316,#3317,#3318,#3319,#3320,
#3321,#3322,#3323),(#3324,#3325,#3326,#3327,#3328,#3329,#3330,#3331),(#3332,
#3333,#3334,#3335,#3336,#3337,#3338,#3339),(#3340,#3341,#3342,#3343,#3344,
#3345,#3346,#3347),(#3348,#3349,#3350,#3351,#3352,#3353,#3354,#3355)),
 .UNSPECIFIED.,.F.,.F.,.F.,(4,2,2,4),(4,2,2,4),(0.,0.25,0.5,1.),(0.,0.25,
0.5,1.),.UNSPECIFIED.);
#31=B_SPLINE_SURFACE_WITH_KNOTS('',3,1,((#3373,#3374),(#3375,#3376),(#3377,
#3378),(#3379,#3380)),.SURF_OF_LINEAR_EXTRUSION.,.F.,.F.,.F.,(4,4),(2,2),
(-9.20446082331555E-15,1.),(0.,1.),.PIECEWISE_BEZIER_KNOTS.);
#32=B_SPLINE_SURFACE_WITH_KNOTS('',3,1,((#3381,#3382),(#3383,#3384),(#3385,
#3386),(#3387,#3388)),.SURF_OF_LINEAR_EXTRUSION.,.F.,.F.,.F.,(4,4),(2,2),
(-2.78009743548253E-14,1.),(0.,1.),.PIECEWISE_BEZIER_KNOTS.);
#33=B_SPLINE_SURFACE_WITH_KNOTS('',3,3,((#3393,#3394,#3395,#3396,#3397,
#3398,#3399,#3400),(#3401,#3402,#3403,#3404,#3405,#3406,#3407,#3408),(#3409,
#3410,#3411,#3412,#3413,#3414,#3415,#3416),(#3417,#3418,#3419,#3420,#3421,
#3422,#3423,#3424),(#3425,#3426,#3427,#3428,#3429,#3430,#3431,#3432),(#3433,
#3434,#3435,#3436,#3437,#3438,#3439,#3440),(#3441,#3442,#3443,#3444,#3445,
#3446,#3447,#3448),(#3449,#3450,#3451,#3452,#3453,#3454,#3455,#3456)),
 .UNSPECIFIED.,.F.,.F.,.F.,(4,2,2,4),(4,2,2,4),(0.,0.25,0.5,1.),(0.,0.25,
0.5,1.),.UNSPECIFIED.);
#34=B_SPLINE_SURFACE_WITH_KNOTS('',3,1,((#3461,#3462),(#3463,#3464),(#3465,
#3466),(#3467,#3468)),.SURF_OF_LINEAR_EXTRUSION.,.F.,.F.,.F.,(4,4),(2,2),
(-2.52821381958783E-14,1.00000000000001),(0.,1.),
 .PIECEWISE_BEZIER_KNOTS.);
#35=B_SPLINE_SURFACE_WITH_KNOTS('',3,3,((#3469,#3470,#3471,#3472,#3473,
#3474,#3475,#3476),(#3477,#3478,#3479,#3480,#3481,#3482,#3483,#3484),(#3485,
#3486,#3487,#3488,#3489,#3490,#3491,#3492),(#3493,#3494,#3495,#3496,#3497,
#3498,#3499,#3500),(#3501,#3502,#3503,#3504,#3505,#3506,#3507,#3508),(#3509,
#3510,#3511,#3512,#3513,#3514,#3515,#3516),(#3517,#3518,#3519,#3520,#3521,
#3522,#3523,#3524),(#3525,#3526,#3527,#3528,#3529,#3530,#3531,#3532)),
 .UNSPECIFIED.,.F.,.F.,.F.,(4,2,2,4),(4,2,2,4),(0.,0.25,0.5,1.),(0.,0.25,
0.5,1.),.UNSPECIFIED.);
#36=B_SPLINE_SURFACE_WITH_KNOTS('',3,3,((#3560,#3561,#3562,#3563,#3564,
#3565,#3566,#3567),(#3568,#3569,#3570,#3571,#3572,#3573,#3574,#3575),(#3576,
#3577,#3578,#3579,#3580,#3581,#3582,#3583),(#3584,#3585,#3586,#3587,#3588,
#3589,#3590,#3591),(#3592,#3593,#3594,#3595,#3596,#3597,#3598,#3599),(#3600,
#3601,#3602,#3603,#3604,#3605,#3606,#3607),(#3608,#3609,#3610,#3611,#3612,
#3613,#3614,#3615),(#3616,#3617,#3618,#3619,#3620,#3621,#3622,#3623)),
 .UNSPECIFIED.,.F.,.F.,.F.,(4,2,2,4),(4,2,2,4),(0.,0.25,0.5,1.),(0.,0.25,
0.5,1.),.UNSPECIFIED.);
#37=B_SPLINE_SURFACE_WITH_KNOTS('',3,1,((#3641,#3642),(#3643,#3644),(#3645,
#3646),(#3647,#3648)),.SURF_OF_LINEAR_EXTRUSION.,.F.,.F.,.F.,(4,4),(2,2),
(-2.77821915028564E-14,1.00000000000269),(0.,1.),
 .PIECEWISE_BEZIER_KNOTS.);
#38=B_SPLINE_SURFACE_WITH_KNOTS('',3,1,((#3649,#3650),(#3651,#3652),(#3653,
#3654),(#3655,#3656)),.SURF_OF_LINEAR_EXTRUSION.,.F.,.F.,.F.,(4,4),(2,2),
(-2.69402985197519E-12,1.),(0.,1.),.PIECEWISE_BEZIER_KNOTS.);
#39=B_SPLINE_SURFACE_WITH_KNOTS('',3,3,((#3661,#3662,#3663,#3664,#3665,
#3666,#3667,#3668),(#3669,#3670,#3671,#3672,#3673,#3674,#3675,#3676),(#3677,
#3678,#3679,#3680,#3681,#3682,#3683,#3684),(#3685,#3686,#3687,#3688,#3689,
#3690,#3691,#3692),(#3693,#3694,#3695,#3696,#3697,#3698,#3699,#3700),(#3701,
#3702,#3703,#3704,#3705,#3706,#3707,#3708),(#3709,#3710,#3711,#3712,#3713,
#3714,#3715,#3716),(#3717,#3718,#3719,#3720,#3721,#3722,#3723,#3724)),
 .UNSPECIFIED.,.F.,.F.,.F.,(4,2,2,4),(4,2,2,4),(0.,0.25,0.5,1.),(0.,0.25,
0.5,1.),.UNSPECIFIED.);
#40=B_SPLINE_SURFACE_WITH_KNOTS('',3,1,((#3729,#3730),(#3731,#3732),(#3733,
#3734),(#3735,#3736)),.SURF_OF_LINEAR_EXTRUSION.,.F.,.F.,.F.,(4,4),(2,2),
(-2.4245184849591E-14,1.00000000000001),(0.,1.),
 .PIECEWISE_BEZIER_KNOTS.);
#41=B_SPLINE_SURFACE_WITH_KNOTS('',3,1,((#3737,#3738),(#3739,#3740),(#3741,
#3742),(#3743,#3744)),.SURF_OF_LINEAR_EXTRUSION.,.F.,.F.,.F.,(4,4),(2,2),
(-5.14332061330223E-15,0.999999999997323),(0.,1.),
 .PIECEWISE_BEZIER_KNOTS.);
#42=B_SPLINE_SURFACE_WITH_KNOTS('',2,3,((#3753,#3754,#3755,#3756,#3757,
#3758,#3759,#3760,#3761,#3762,#3763,#3764,#3765,#3766),(#3767,#3768,#3769,
#3770,#3771,#3772,#3773,#3774,#3775,#3776,#3777,#3778,#3779,#3780),(#3781,
#3782,#3783,#3784,#3785,#3786,#3787,#3788,#3789,#3790,#3791,#3792,#3793,
#3794)),.UNSPECIFIED.,.F.,.F.,.F.,(3,3),(4,2,2,2,2,2,4),(0.,1.),(0.,0.00284264038797754,
0.00426396058196632,0.00568528077595508,0.00710660096994386,0.00852792116393263,
0.0113705615519102),.UNSPECIFIED.);
#43=B_SPLINE_SURFACE_WITH_KNOTS('',2,3,((#3799,#3800,#3801,#3802,#3803,
#3804,#3805,#3806,#3807,#3808,#3809,#3810,#3811,#3812),(#3813,#3814,#3815,
#3816,#3817,#3818,#3819,#3820,#3821,#3822,#3823,#3824,#3825,#3826),(#3827,
#3828,#3829,#3830,#3831,#3832,#3833,#3834,#3835,#3836,#3837,#3838,#3839,
#3840)),.UNSPECIFIED.,.F.,.F.,.F.,(3,3),(4,2,2,2,2,2,4),(0.,1.),(0.,0.00284264038797753,
0.0042639605819663,0.00568528077595507,0.00710660096994383,0.0085279211639326,
0.0113705615519101),.UNSPECIFIED.);
#44=B_SPLINE_SURFACE_WITH_KNOTS('',3,1,((#3845,#3846),(#3847,#3848),(#3849,
#3850),(#3851,#3852)),.SURF_OF_LINEAR_EXTRUSION.,.F.,.F.,.F.,(4,4),(2,2),
(-5.42417681593385E-15,1.),(0.,1.),.PIECEWISE_BEZIER_KNOTS.);
#45=B_SPLINE_SURFACE_WITH_KNOTS('',3,1,((#3857,#3858),(#3859,#3860),(#3861,
#3862),(#3863,#3864)),.SURF_OF_LINEAR_EXTRUSION.,.F.,.F.,.F.,(4,4),(2,2),
(-8.90759355584945E-15,1.),(0.,1.),.PIECEWISE_BEZIER_KNOTS.);
#46=B_SPLINE_SURFACE_WITH_KNOTS('',2,3,((#3869,#3870,#3871,#3872,#3873,
#3874,#3875,#3876,#3877,#3878,#3879,#3880,#3881,#3882),(#3883,#3884,#3885,
#3886,#3887,#3888,#3889,#3890,#3891,#3892,#3893,#3894,#3895,#3896),(#3897,
#3898,#3899,#3900,#3901,#3902,#3903,#3904,#3905,#3906,#3907,#3908,#3909,
#3910)),.UNSPECIFIED.,.F.,.F.,.F.,(3,3),(4,2,2,2,2,2,4),(0.,1.),(0.,0.0028428067883539,
0.00426421018253086,0.00568561357670781,0.00710701697088477,0.00852842036506172,
0.0113712271534156),.UNSPECIFIED.);
#47=B_SPLINE_SURFACE_WITH_KNOTS('',2,3,((#3915,#3916,#3917,#3918,#3919,
#3920,#3921,#3922,#3923,#3924,#3925,#3926,#3927,#3928),(#3929,#3930,#3931,
#3932,#3933,#3934,#3935,#3936,#3937,#3938,#3939,#3940,#3941,#3942),(#3943,
#3944,#3945,#3946,#3947,#3948,#3949,#3950,#3951,#3952,#3953,#3954,#3955,
#3956)),.UNSPECIFIED.,.F.,.F.,.F.,(3,3),(4,2,2,2,2,2,4),(0.,1.),(0.,0.00284264038797752,
0.00426396058196629,0.00568528077595505,0.00710660096994382,0.00852792116393258,
0.0113705615519101),.UNSPECIFIED.);
#48=B_SPLINE_SURFACE_WITH_KNOTS('',3,1,((#3961,#3962),(#3963,#3964),(#3965,
#3966),(#3967,#3968)),.SURF_OF_LINEAR_EXTRUSION.,.F.,.F.,.F.,(4,4),(2,2),
(-7.50182458915221E-15,0.999999999998482),(0.,1.),
 .PIECEWISE_BEZIER_KNOTS.);
#49=B_SPLINE_SURFACE_WITH_KNOTS('',3,1,((#4020,#4021),(#4022,#4023),(#4024,
#4025),(#4026,#4027)),.SURF_OF_LINEAR_EXTRUSION.,.F.,.F.,.F.,(4,4),(2,2),
(1.25126245964136E-15,1.),(0.,1.),.PIECEWISE_BEZIER_KNOTS.);
#50=B_SPLINE_SURFACE_WITH_KNOTS('',3,1,((#4042,#4043),(#4044,#4045),(#4046,
#4047),(#4048,#4049)),.SURF_OF_LINEAR_EXTRUSION.,.F.,.F.,.F.,(4,4),(2,2),
(1.59412674245279E-15,1.00000000000001),(0.,1.),
 .PIECEWISE_BEZIER_KNOTS.);
#51=B_SPLINE_SURFACE_WITH_KNOTS('',3,1,((#4066,#4067),(#4068,#4069),(#4070,
#4071),(#4072,#4073)),.SURF_OF_LINEAR_EXTRUSION.,.F.,.F.,.F.,(4,4),(2,2),
(-1.93654300471678E-15,1.),(0.,1.),.PIECEWISE_BEZIER_KNOTS.);
#52=B_SPLINE_SURFACE_WITH_KNOTS('',3,1,((#4088,#4089),(#4090,#4091),(#4092,
#4093),(#4094,#4095)),.SURF_OF_LINEAR_EXTRUSION.,.F.,.F.,.F.,(4,4),(2,2),
(-5.49698864743725E-15,1.00000000000001),(0.,1.),
 .PIECEWISE_BEZIER_KNOTS.);
#53=B_SPLINE_SURFACE_WITH_KNOTS('',3,1,((#4114,#4115),(#4116,#4117),(#4118,
#4119),(#4120,#4121)),.SURF_OF_LINEAR_EXTRUSION.,.F.,.F.,.F.,(4,4),(2,2),
(-1.93654300471678E-15,1.),(0.,1.),.PIECEWISE_BEZIER_KNOTS.);
#54=B_SPLINE_SURFACE_WITH_KNOTS('',3,1,((#4136,#4137),(#4138,#4139),(#4140,
#4141),(#4142,#4143)),.SURF_OF_LINEAR_EXTRUSION.,.F.,.F.,.F.,(4,4),(2,2),
(1.59412674245279E-15,1.00000000000001),(0.,1.),
 .PIECEWISE_BEZIER_KNOTS.);
#55=B_SPLINE_SURFACE_WITH_KNOTS('',3,1,((#4162,#4163),(#4164,#4165),(#4166,
#4167),(#4168,#4169)),.SURF_OF_LINEAR_EXTRUSION.,.F.,.F.,.F.,(4,4),(2,2),
(1.25126245964136E-15,1.),(0.,1.),.PIECEWISE_BEZIER_KNOTS.);
#56=B_SPLINE_SURFACE_WITH_KNOTS('',3,1,((#4184,#4185),(#4186,#4187),(#4188,
#4189),(#4190,#4191)),.SURF_OF_LINEAR_EXTRUSION.,.F.,.F.,.F.,(4,4),(2,2),
(-3.12956615198849E-15,1.),(0.,1.),.PIECEWISE_BEZIER_KNOTS.);
#57=ELLIPSE('',#1988,0.00301145951263004,0.003);
#58=ELLIPSE('',#1991,0.00301145951263004,0.003);
#59=ELLIPSE('',#1994,0.00301145951263004,0.003);
#60=ELLIPSE('',#1997,0.00301145951263004,0.003);
#61=CYLINDRICAL_SURFACE('',#1957,0.002);
#62=CYLINDRICAL_SURFACE('',#1961,0.002);
#63=CYLINDRICAL_SURFACE('',#1965,0.002);
#64=CYLINDRICAL_SURFACE('',#1969,0.002);
#65=CYLINDRICAL_SURFACE('',#1973,0.005);
#66=CYLINDRICAL_SURFACE('',#1978,0.00235);
#67=CYLINDRICAL_SURFACE('',#1982,0.0017);
#68=CYLINDRICAL_SURFACE('',#1986,0.003);
#69=CYLINDRICAL_SURFACE('',#1989,0.003);
#70=CYLINDRICAL_SURFACE('',#1992,0.003);
#71=CYLINDRICAL_SURFACE('',#1995,0.003);
#72=CYLINDRICAL_SURFACE('',#2013,0.0017);
#73=CYLINDRICAL_SURFACE('',#2014,0.0017);
#74=CYLINDRICAL_SURFACE('',#2015,0.0017);
#75=CYLINDRICAL_SURFACE('',#2016,0.0017);
#76=CYLINDRICAL_SURFACE('',#2051,0.005);
#77=CIRCLE('',#1944,0.002);
#78=CIRCLE('',#1947,0.002);
#79=CIRCLE('',#1953,0.0017);
#80=CIRCLE('',#1954,0.0017);
#81=CIRCLE('',#1955,0.0017);
#82=CIRCLE('',#1956,0.0017);
#83=CIRCLE('',#1958,0.002);
#84=CIRCLE('',#1959,0.002);
#85=CIRCLE('',#1962,0.002);
#86=CIRCLE('',#1963,0.002);
#87=CIRCLE('',#1966,0.002);
#88=CIRCLE('',#1967,0.002);
#89=CIRCLE('',#1970,0.002);
#90=CIRCLE('',#1971,0.002);
#91=CIRCLE('',#1974,0.005);
#92=CIRCLE('',#1975,0.005);
#93=CIRCLE('',#1977,0.00235);
#94=CIRCLE('',#1979,0.00235);
#95=CIRCLE('',#1981,0.0017);
#96=CIRCLE('',#1983,0.0017);
#97=CIRCLE('',#1987,0.003);
#98=CIRCLE('',#1990,0.003);
#99=CIRCLE('',#1993,0.003);
#100=CIRCLE('',#1996,0.003);
#101=CIRCLE('',#2000,0.0017);
#102=CIRCLE('',#2002,0.0017);
#103=CIRCLE('',#2004,0.0017);
#104=CIRCLE('',#2006,0.0017);
#105=CIRCLE('',#2008,0.008);
#106=CIRCLE('',#2009,0.008);
#107=CIRCLE('',#2024,0.00328798499999967);
#108=CIRCLE('',#2025,0.00328798499999967);
#109=CIRCLE('',#2040,0.005);
#110=CIRCLE('',#2050,0.005);
#111=B_SPLINE_CURVE_WITH_KNOTS('',3,(#2375,#2376,#2377,#2378,#2379,#2380),
 .UNSPECIFIED.,.F.,.F.,(4,1,1,4),(0.,0.000400633998221479,0.000801267996442958,
0.00160253599288592),.UNSPECIFIED.);
#112=B_SPLINE_CURVE_WITH_KNOTS('',3,(#2386,#2387,#2388,#2389),
 .UNSPECIFIED.,.F.,.F.,(4,4),(0.,0.629285714285714),.UNSPECIFIED.);
#113=B_SPLINE_CURVE_WITH_KNOTS('',3,(#2397,#2398,#2399,#2400),
 .UNSPECIFIED.,.F.,.F.,(4,4),(0.370714285714286,1.),.UNSPECIFIED.);
#114=B_SPLINE_CURVE_WITH_KNOTS('',3,(#2405,#2406,#2407,#2408),
 .UNSPECIFIED.,.F.,.F.,(4,4),(0.,0.629285714285714),.UNSPECIFIED.);
#115=B_SPLINE_CURVE_WITH_KNOTS('',3,(#2412,#2413,#2414,#2415),
 .UNSPECIFIED.,.F.,.F.,(4,4),(0.370714285714286,1.),.UNSPECIFIED.);
#116=B_SPLINE_CURVE_WITH_KNOTS('',3,(#2422,#2423,#2424,#2425,#2426,#2427),
 .UNSPECIFIED.,.F.,.F.,(4,1,1,4),(0.,0.000400633998221474,0.000801267996442948,
0.0016025359928859),.UNSPECIFIED.);
#117=B_SPLINE_CURVE_WITH_KNOTS('',3,(#2437,#2438,#2439,#2440),
 .UNSPECIFIED.,.F.,.F.,(4,4),(0.370714285714286,1.),.UNSPECIFIED.);
#118=B_SPLINE_CURVE_WITH_KNOTS('',3,(#2445,#2446,#2447,#2448),
 .UNSPECIFIED.,.F.,.F.,(4,4),(0.,0.629285714285714),.UNSPECIFIED.);
#119=B_SPLINE_CURVE_WITH_KNOTS('',3,(#2452,#2453,#2454,#2455),
 .UNSPECIFIED.,.F.,.F.,(4,4),(0.370714285714286,1.),.UNSPECIFIED.);
#120=B_SPLINE_CURVE_WITH_KNOTS('',3,(#2460,#2461,#2462,#2463),
 .UNSPECIFIED.,.F.,.F.,(4,4),(0.,0.629285714285714),.UNSPECIFIED.);
#121=B_SPLINE_CURVE_WITH_KNOTS('',3,(#2467,#2468,#2469,#2470),
 .UNSPECIFIED.,.F.,.F.,(4,4),(0.,1.),.UNSPECIFIED.);
#122=B_SPLINE_CURVE_WITH_KNOTS('',3,(#2472,#2473,#2474,#2475),
 .UNSPECIFIED.,.F.,.F.,(4,4),(0.,1.),.UNSPECIFIED.);
#123=B_SPLINE_CURVE_WITH_KNOTS('',3,(#2486,#2487,#2488,#2489),
 .UNSPECIFIED.,.F.,.F.,(4,4),(0.,1.),.UNSPECIFIED.);
#124=B_SPLINE_CURVE_WITH_KNOTS('',3,(#2491,#2492,#2493,#2494),
 .UNSPECIFIED.,.F.,.F.,(4,4),(0.,1.),.UNSPECIFIED.);
#125=B_SPLINE_CURVE_WITH_KNOTS('',3,(#2501,#2502,#2503,#2504,#2505,#2506),
 .UNSPECIFIED.,.F.,.F.,(4,1,1,4),(0.,0.000400633998221484,0.000801267996442967,
0.00160253599288593),.UNSPECIFIED.);
#126=B_SPLINE_CURVE_WITH_KNOTS('',3,(#2510,#2511,#2512,#2513,#2514,#2515),
 .UNSPECIFIED.,.F.,.F.,(4,1,1,4),(0.,0.000400633998221493,0.000801267996442985,
0.00160253599288597),.UNSPECIFIED.);
#127=B_SPLINE_CURVE_WITH_KNOTS('',3,(#2540,#2541,#2542,#2543),
 .UNSPECIFIED.,.F.,.F.,(4,4),(0.,1.),.UNSPECIFIED.);
#128=B_SPLINE_CURVE_WITH_KNOTS('',3,(#2547,#2548,#2549,#2550),
 .UNSPECIFIED.,.F.,.F.,(4,4),(0.,1.),.UNSPECIFIED.);
#129=B_SPLINE_CURVE_WITH_KNOTS('',3,(#2554,#2555,#2556,#2557),
 .UNSPECIFIED.,.F.,.F.,(4,4),(0.,1.),.UNSPECIFIED.);
#130=B_SPLINE_CURVE_WITH_KNOTS('',3,(#2561,#2562,#2563,#2564),
 .UNSPECIFIED.,.F.,.F.,(4,4),(0.,1.),.UNSPECIFIED.);
#131=B_SPLINE_CURVE_WITH_KNOTS('',3,(#2571,#2572,#2573,#2574,#2575,#2576,
#2577),.UNSPECIFIED.,.F.,.F.,(4,1,1,1,4),(0.,0.000412159915884488,0.000824319831768976,
0.00123647974765346,0.00164863966353795),.UNSPECIFIED.);
#132=B_SPLINE_CURVE_WITH_KNOTS('',3,(#2622,#2623,#2624,#2625,#2626,#2627,
#2628),.UNSPECIFIED.,.F.,.F.,(4,1,1,1,4),(0.,0.000413334650112807,0.000826669300225613,
0.00124000395033842,0.00165333860045123),.UNSPECIFIED.);
#133=B_SPLINE_CURVE_WITH_KNOTS('',3,(#2653,#2654,#2655,#2656),
 .UNSPECIFIED.,.F.,.F.,(4,4),(0.,1.),.UNSPECIFIED.);
#134=B_SPLINE_CURVE_WITH_KNOTS('',3,(#2660,#2661,#2662,#2663),
 .UNSPECIFIED.,.F.,.F.,(4,4),(0.,1.),.UNSPECIFIED.);
#135=B_SPLINE_CURVE_WITH_KNOTS('',3,(#2664,#2665,#2666,#2667),
 .UNSPECIFIED.,.F.,.F.,(4,4),(0.,1.),.UNSPECIFIED.);
#136=B_SPLINE_CURVE_WITH_KNOTS('',3,(#2671,#2672,#2673,#2674),
 .UNSPECIFIED.,.F.,.F.,(4,4),(0.,1.),.UNSPECIFIED.);
#137=B_SPLINE_CURVE_WITH_KNOTS('',3,(#2675,#2676,#2677,#2678),
 .UNSPECIFIED.,.F.,.F.,(4,4),(0.,1.),.UNSPECIFIED.);
#138=B_SPLINE_CURVE_WITH_KNOTS('',3,(#2682,#2683,#2684,#2685),
 .UNSPECIFIED.,.F.,.F.,(4,4),(0.,1.),.UNSPECIFIED.);
#139=B_SPLINE_CURVE_WITH_KNOTS('',3,(#2686,#2687,#2688,#2689),
 .UNSPECIFIED.,.F.,.F.,(4,4),(0.,1.),.UNSPECIFIED.);
#140=B_SPLINE_CURVE_WITH_KNOTS('',3,(#2693,#2694,#2695,#2696),
 .UNSPECIFIED.,.F.,.F.,(4,4),(0.,1.),.UNSPECIFIED.);
#141=B_SPLINE_CURVE_WITH_KNOTS('',3,(#2725,#2726,#2727,#2728),
 .UNSPECIFIED.,.F.,.F.,(4,4),(0.824930681227961,1.),.UNSPECIFIED.);
#142=B_SPLINE_CURVE_WITH_KNOTS('',3,(#2731,#2732,#2733,#2734,#2735,#2736,
#2737),.UNSPECIFIED.,.F.,.F.,(4,1,1,1,4),(0.,0.25,0.5,0.75,1.),
 .UNSPECIFIED.);
#143=B_SPLINE_CURVE_WITH_KNOTS('',3,(#2739,#2740,#2741,#2742),
 .UNSPECIFIED.,.F.,.F.,(4,4),(0.,0.199566144559298),.UNSPECIFIED.);
#144=B_SPLINE_CURVE_WITH_KNOTS('',3,(#2744,#2745,#2746,#2747),
 .UNSPECIFIED.,.F.,.F.,(4,4),(0.,1.),.UNSPECIFIED.);
#145=B_SPLINE_CURVE_WITH_KNOTS('',3,(#2749,#2750,#2751,#2752),
 .UNSPECIFIED.,.F.,.F.,(4,4),(0.,1.),.UNSPECIFIED.);
#146=B_SPLINE_CURVE_WITH_KNOTS('',3,(#2755,#2756,#2757,#2758,#2759),
 .UNSPECIFIED.,.F.,.F.,(4,1,4),(0.,0.5,1.),.UNSPECIFIED.);
#147=B_SPLINE_CURVE_WITH_KNOTS('',3,(#2761,#2762,#2763,#2764),
 .UNSPECIFIED.,.F.,.F.,(4,4),(0.,1.),.UNSPECIFIED.);
#148=B_SPLINE_CURVE_WITH_KNOTS('',3,(#2766,#2767,#2768,#2769,#2770),
 .UNSPECIFIED.,.F.,.F.,(4,1,4),(0.,0.5,1.),.UNSPECIFIED.);
#149=B_SPLINE_CURVE_WITH_KNOTS('',3,(#2772,#2773,#2774,#2775),
 .UNSPECIFIED.,.F.,.F.,(4,4),(0.,1.),.UNSPECIFIED.);
#150=B_SPLINE_CURVE_WITH_KNOTS('',3,(#2777,#2778,#2779,#2780,#2781,#2782,
#2783,#2784,#2785,#2786,#2787,#2788),.UNSPECIFIED.,.F.,.F.,(4,1,1,1,1,1,
1,1,1,4),(0.,0.25,0.3125,0.375,0.40625,0.4375,0.5,0.625,0.75,1.),
 .UNSPECIFIED.);
#151=B_SPLINE_CURVE_WITH_KNOTS('',3,(#2789,#2790,#2791,#2792),
 .UNSPECIFIED.,.F.,.F.,(4,4),(0.,1.),.UNSPECIFIED.);
#152=B_SPLINE_CURVE_WITH_KNOTS('',3,(#2794,#2795,#2796,#2797),
 .UNSPECIFIED.,.F.,.F.,(4,4),(0.,1.),.UNSPECIFIED.);
#153=B_SPLINE_CURVE_WITH_KNOTS('',3,(#2799,#2800,#2801,#2802),
 .UNSPECIFIED.,.F.,.F.,(4,4),(0.,1.),.UNSPECIFIED.);
#154=B_SPLINE_CURVE_WITH_KNOTS('',3,(#2803,#2804,#2805,#2806,#2807,#2808,
#2809,#2810,#2811,#2812),.UNSPECIFIED.,.F.,.F.,(4,1,1,1,1,1,1,4),(0.,0.25,
0.375,0.5,0.5625,0.625,0.75,1.),.UNSPECIFIED.);
#155=B_SPLINE_CURVE_WITH_KNOTS('',3,(#2821,#2822,#2823,#2824),
 .UNSPECIFIED.,.F.,.F.,(4,4),(0.800433855440702,1.),.UNSPECIFIED.);
#156=B_SPLINE_CURVE_WITH_KNOTS('',3,(#2827,#2828,#2829,#2830,#2831,#2832,
#2833),.UNSPECIFIED.,.F.,.F.,(4,1,1,1,4),(0.,0.25,0.5,0.75,1.),
 .UNSPECIFIED.);
#157=B_SPLINE_CURVE_WITH_KNOTS('',3,(#2835,#2836,#2837,#2838),
 .UNSPECIFIED.,.F.,.F.,(4,4),(0.,0.175069318772039),.UNSPECIFIED.);
#158=B_SPLINE_CURVE_WITH_KNOTS('',3,(#2840,#2841,#2842,#2843),
 .UNSPECIFIED.,.F.,.F.,(4,4),(0.,1.),.UNSPECIFIED.);
#159=B_SPLINE_CURVE_WITH_KNOTS('',3,(#2864,#2865,#2866,#2867),
 .UNSPECIFIED.,.F.,.F.,(4,4),(0.,1.),.UNSPECIFIED.);
#160=B_SPLINE_CURVE_WITH_KNOTS('',3,(#2868,#2869,#2870,#2871),
 .UNSPECIFIED.,.F.,.F.,(4,4),(0.,1.),.UNSPECIFIED.);
#161=B_SPLINE_CURVE_WITH_KNOTS('',3,(#2873,#2874,#2875,#2876),
 .UNSPECIFIED.,.F.,.F.,(4,4),(0.,1.),.UNSPECIFIED.);
#162=B_SPLINE_CURVE_WITH_KNOTS('',3,(#2886,#2887,#2888,#2889),
 .UNSPECIFIED.,.F.,.F.,(4,4),(0.,1.),.UNSPECIFIED.);
#163=B_SPLINE_CURVE_WITH_KNOTS('',3,(#2898,#2899,#2900,#2901),
 .UNSPECIFIED.,.F.,.F.,(4,4),(0.,1.),.UNSPECIFIED.);
#164=B_SPLINE_CURVE_WITH_KNOTS('',3,(#2903,#2904,#2905,#2906),
 .UNSPECIFIED.,.F.,.F.,(4,4),(0.,0.976622266974157),.UNSPECIFIED.);
#165=B_SPLINE_CURVE_WITH_KNOTS('',3,(#2908,#2909,#2910,#2911),
 .UNSPECIFIED.,.F.,.F.,(4,4),(0.,1.),.UNSPECIFIED.);
#166=B_SPLINE_CURVE_WITH_KNOTS('',3,(#2920,#2921,#2922,#2923),
 .UNSPECIFIED.,.F.,.F.,(4,4),(0.070487013385955,1.),.UNSPECIFIED.);
#167=B_SPLINE_CURVE_WITH_KNOTS('',3,(#2925,#2926,#2927,#2928,#2929,#2930,
#2931),.UNSPECIFIED.,.F.,.F.,(4,1,1,1,4),(0.,0.25,0.5,0.75,1.),
 .UNSPECIFIED.);
#168=B_SPLINE_CURVE_WITH_KNOTS('',3,(#2933,#2934,#2935,#2936),
 .UNSPECIFIED.,.F.,.F.,(4,4),(0.,0.929512986614045),.UNSPECIFIED.);
#169=B_SPLINE_CURVE_WITH_KNOTS('',3,(#2938,#2939,#2940,#2941),
 .UNSPECIFIED.,.F.,.F.,(4,4),(0.,1.),.UNSPECIFIED.);
#170=B_SPLINE_CURVE_WITH_KNOTS('',3,(#2950,#2951,#2952,#2953),
 .UNSPECIFIED.,.F.,.F.,(4,4),(0.0233777330258423,1.),.UNSPECIFIED.);
#171=B_SPLINE_CURVE_WITH_KNOTS('',3,(#2955,#2956,#2957,#2958,#2959,#2960,
#2961),.UNSPECIFIED.,.F.,.F.,(4,1,1,1,4),(0.,0.25,0.5,0.75,1.),
 .UNSPECIFIED.);
#172=B_SPLINE_CURVE_WITH_KNOTS('',3,(#2963,#2964,#2965,#2966),
 .UNSPECIFIED.,.F.,.F.,(4,4),(0.,1.),.UNSPECIFIED.);
#173=B_SPLINE_CURVE_WITH_KNOTS('',3,(#2972,#2973,#2974,#2975,#2976),
 .UNSPECIFIED.,.F.,.F.,(4,1,4),(0.,0.00275749365391338,0.00551498730782676),
 .UNSPECIFIED.);
#174=B_SPLINE_CURVE_WITH_KNOTS('',3,(#2980,#2981,#2982,#2983,#2984),
 .UNSPECIFIED.,.F.,.F.,(4,1,4),(0.,0.0027574936539134,0.0055149873078268),
 .UNSPECIFIED.);
#175=B_SPLINE_CURVE_WITH_KNOTS('',3,(#2985,#2986,#2987,#2988,#2989),
 .UNSPECIFIED.,.F.,.F.,(4,1,4),(0.,0.0027574936539134,0.0055149873078268),
 .UNSPECIFIED.);
#176=B_SPLINE_CURVE_WITH_KNOTS('',3,(#2993,#2994,#2995,#2996,#2997),
 .UNSPECIFIED.,.F.,.F.,(4,1,4),(0.,0.00275749365391338,0.00551498730782677),
 .UNSPECIFIED.);
#177=B_SPLINE_CURVE_WITH_KNOTS('',3,(#2998,#2999,#3000,#3001,#3002),
 .UNSPECIFIED.,.F.,.F.,(4,1,4),(0.,0.00275749365391339,0.00551498730782677),
 .UNSPECIFIED.);
#178=B_SPLINE_CURVE_WITH_KNOTS('',3,(#3006,#3007,#3008,#3009,#3010),
 .UNSPECIFIED.,.F.,.F.,(4,1,4),(0.,0.00275749365391338,0.00551498730782677),
 .UNSPECIFIED.);
#179=B_SPLINE_CURVE_WITH_KNOTS('',3,(#3020,#3021,#3022,#3023,#3024),
 .UNSPECIFIED.,.F.,.F.,(4,1,4),(0.,0.00275749365391339,0.00551498730782677),
 .UNSPECIFIED.);
#180=B_SPLINE_CURVE_WITH_KNOTS('',3,(#3028,#3029,#3030,#3031,#3032),
 .UNSPECIFIED.,.F.,.F.,(4,1,4),(0.,0.00275749365391338,0.00551498730782677),
 .UNSPECIFIED.);
#181=B_SPLINE_CURVE_WITH_KNOTS('',3,(#3041,#3042,#3043,#3044),
 .UNSPECIFIED.,.F.,.F.,(4,4),(0.370714285714287,1.),.UNSPECIFIED.);
#182=B_SPLINE_CURVE_WITH_KNOTS('',3,(#3053,#3054,#3055,#3056),
 .UNSPECIFIED.,.F.,.F.,(4,4),(0.,0.629285714285713),.UNSPECIFIED.);
#183=B_SPLINE_CURVE_WITH_KNOTS('',3,(#3066,#3067,#3068,#3069),
 .UNSPECIFIED.,.F.,.F.,(4,4),(0.,0.629285714285713),.UNSPECIFIED.);
#184=B_SPLINE_CURVE_WITH_KNOTS('',3,(#3078,#3079,#3080,#3081),
 .UNSPECIFIED.,.F.,.F.,(4,4),(0.370714285714286,1.),.UNSPECIFIED.);
#185=B_SPLINE_CURVE_WITH_KNOTS('',3,(#3091,#3092,#3093,#3094),
 .UNSPECIFIED.,.F.,.F.,(4,4),(0.370714285714287,1.),.UNSPECIFIED.);
#186=B_SPLINE_CURVE_WITH_KNOTS('',3,(#3103,#3104,#3105,#3106),
 .UNSPECIFIED.,.F.,.F.,(4,4),(0.,0.629285714285713),.UNSPECIFIED.);
#187=B_SPLINE_CURVE_WITH_KNOTS('',3,(#3116,#3117,#3118,#3119),
 .UNSPECIFIED.,.F.,.F.,(4,4),(0.,0.629285714285713),.UNSPECIFIED.);
#188=B_SPLINE_CURVE_WITH_KNOTS('',3,(#3128,#3129,#3130,#3131),
 .UNSPECIFIED.,.F.,.F.,(4,4),(0.370714285714286,1.),.UNSPECIFIED.);
#189=B_SPLINE_CURVE_WITH_KNOTS('',3,(#3154,#3155,#3156,#3157),
 .UNSPECIFIED.,.F.,.F.,(4,4),(0.,1.),.UNSPECIFIED.);
#190=B_SPLINE_CURVE_WITH_KNOTS('',3,(#3159,#3160,#3161,#3162),
 .UNSPECIFIED.,.F.,.F.,(4,4),(0.,1.),.UNSPECIFIED.);
#191=B_SPLINE_CURVE_WITH_KNOTS('',3,(#3163,#3164,#3165,#3166),
 .UNSPECIFIED.,.F.,.F.,(4,4),(0.,1.),.UNSPECIFIED.);
#192=B_SPLINE_CURVE_WITH_KNOTS('',3,(#3168,#3169,#3170,#3171),
 .UNSPECIFIED.,.F.,.F.,(4,4),(0.,1.),.UNSPECIFIED.);
#193=B_SPLINE_CURVE_WITH_KNOTS('',3,(#3173,#3174,#3175,#3176),
 .UNSPECIFIED.,.F.,.F.,(4,4),(0.,1.),.UNSPECIFIED.);
#194=B_SPLINE_CURVE_WITH_KNOTS('',3,(#3178,#3179,#3180,#3181),
 .UNSPECIFIED.,.F.,.F.,(4,4),(0.,1.),.UNSPECIFIED.);
#195=B_SPLINE_CURVE_WITH_KNOTS('',3,(#3183,#3184,#3185,#3186),
 .UNSPECIFIED.,.F.,.F.,(4,4),(0.,1.),.UNSPECIFIED.);
#196=B_SPLINE_CURVE_WITH_KNOTS('',3,(#3188,#3189,#3190,#3191),
 .UNSPECIFIED.,.F.,.F.,(4,4),(0.,1.),.UNSPECIFIED.);
#197=B_SPLINE_CURVE_WITH_KNOTS('',3,(#3265,#3266,#3267,#3268,#3269,#3270,
#3271,#3272),.UNSPECIFIED.,.F.,.F.,(4,2,2,4),(0.,0.25,0.5,1.),
 .UNSPECIFIED.);
#198=B_SPLINE_CURVE_WITH_KNOTS('',3,(#3275,#3276,#3277,#3278),
 .UNSPECIFIED.,.F.,.F.,(4,4),(0.,1.),.UNSPECIFIED.);
#199=B_SPLINE_CURVE_WITH_KNOTS('',3,(#3279,#3280,#3281,#3282),
 .UNSPECIFIED.,.F.,.F.,(4,4),(0.,1.),.UNSPECIFIED.);
#200=B_SPLINE_CURVE_WITH_KNOTS('',3,(#3284,#3285,#3286,#3287,#3288,#3289,
#3290,#3291),.UNSPECIFIED.,.F.,.F.,(4,2,2,4),(0.,0.25,0.5,1.),
 .UNSPECIFIED.);
#201=B_SPLINE_CURVE_WITH_KNOTS('',3,(#3356,#3357,#3358,#3359),
 .UNSPECIFIED.,.F.,.F.,(4,4),(0.,1.),.UNSPECIFIED.);
#202=B_SPLINE_CURVE_WITH_KNOTS('',3,(#3360,#3361,#3362,#3363),
 .UNSPECIFIED.,.F.,.F.,(4,4),(0.,1.),.UNSPECIFIED.);
#203=B_SPLINE_CURVE_WITH_KNOTS('',3,(#3365,#3366,#3367,#3368,#3369,#3370,
#3371,#3372),.UNSPECIFIED.,.F.,.F.,(4,2,2,4),(0.,0.25,0.5,1.),
 .UNSPECIFIED.);
#204=B_SPLINE_CURVE_WITH_KNOTS('',3,(#3389,#3390,#3391,#3392),
 .UNSPECIFIED.,.F.,.F.,(4,4),(0.,1.),.UNSPECIFIED.);
#205=B_SPLINE_CURVE_WITH_KNOTS('',3,(#3457,#3458,#3459,#3460),
 .UNSPECIFIED.,.F.,.F.,(4,4),(0.,1.),.UNSPECIFIED.);
#206=B_SPLINE_CURVE_WITH_KNOTS('',3,(#3533,#3534,#3535,#3536,#3537,#3538,
#3539,#3540),.UNSPECIFIED.,.F.,.F.,(4,2,2,4),(0.,0.25,0.5,1.),
 .UNSPECIFIED.);
#207=B_SPLINE_CURVE_WITH_KNOTS('',3,(#3543,#3544,#3545,#3546),
 .UNSPECIFIED.,.F.,.F.,(4,4),(0.,1.),.UNSPECIFIED.);
#208=B_SPLINE_CURVE_WITH_KNOTS('',3,(#3547,#3548,#3549,#3550),
 .UNSPECIFIED.,.F.,.F.,(4,4),(0.,1.),.UNSPECIFIED.);
#209=B_SPLINE_CURVE_WITH_KNOTS('',3,(#3552,#3553,#3554,#3555,#3556,#3557,
#3558,#3559),.UNSPECIFIED.,.F.,.F.,(4,2,2,4),(0.,0.25,0.5,1.),
 .UNSPECIFIED.);
#210=B_SPLINE_CURVE_WITH_KNOTS('',3,(#3624,#3625,#3626,#3627),
 .UNSPECIFIED.,.F.,.F.,(4,4),(0.,1.),.UNSPECIFIED.);
#211=B_SPLINE_CURVE_WITH_KNOTS('',3,(#3628,#3629,#3630,#3631),
 .UNSPECIFIED.,.F.,.F.,(4,4),(0.,1.),.UNSPECIFIED.);
#212=B_SPLINE_CURVE_WITH_KNOTS('',3,(#3633,#3634,#3635,#3636,#3637,#3638,
#3639,#3640),.UNSPECIFIED.,.F.,.F.,(4,2,2,4),(0.,0.25,0.5,1.),
 .UNSPECIFIED.);
#213=B_SPLINE_CURVE_WITH_KNOTS('',3,(#3657,#3658,#3659,#3660),
 .UNSPECIFIED.,.F.,.F.,(4,4),(0.,1.),.UNSPECIFIED.);
#214=B_SPLINE_CURVE_WITH_KNOTS('',3,(#3725,#3726,#3727,#3728),
 .UNSPECIFIED.,.F.,.F.,(4,4),(0.,1.),.UNSPECIFIED.);
#215=B_SPLINE_CURVE_WITH_KNOTS('',3,(#3745,#3746,#3747,#3748),
 .UNSPECIFIED.,.F.,.F.,(4,4),(0.,1.),.UNSPECIFIED.);
#216=B_SPLINE_CURVE_WITH_KNOTS('',3,(#3749,#3750,#3751,#3752),
 .UNSPECIFIED.,.F.,.F.,(4,4),(0.,1.),.UNSPECIFIED.);
#217=B_SPLINE_CURVE_WITH_KNOTS('',3,(#3795,#3796,#3797,#3798),
 .UNSPECIFIED.,.F.,.F.,(4,4),(0.,1.),.UNSPECIFIED.);
#218=B_SPLINE_CURVE_WITH_KNOTS('',3,(#3841,#3842,#3843,#3844),
 .UNSPECIFIED.,.F.,.F.,(4,4),(0.,1.),.UNSPECIFIED.);
#219=B_SPLINE_CURVE_WITH_KNOTS('',3,(#3853,#3854,#3855,#3856),
 .UNSPECIFIED.,.F.,.F.,(4,4),(0.,1.),.UNSPECIFIED.);
#220=B_SPLINE_CURVE_WITH_KNOTS('',3,(#3865,#3866,#3867,#3868),
 .UNSPECIFIED.,.F.,.F.,(4,4),(0.,1.),.UNSPECIFIED.);
#221=B_SPLINE_CURVE_WITH_KNOTS('',3,(#3911,#3912,#3913,#3914),
 .UNSPECIFIED.,.F.,.F.,(4,4),(0.,1.),.UNSPECIFIED.);
#222=B_SPLINE_CURVE_WITH_KNOTS('',3,(#3957,#3958,#3959,#3960),
 .UNSPECIFIED.,.F.,.F.,(4,4),(0.,1.),.UNSPECIFIED.);
#223=B_SPLINE_CURVE_WITH_KNOTS('',2,(#3973,#3974,#3975),.UNSPECIFIED.,.F.,
 .F.,(3,3),(0.,1.),.PIECEWISE_BEZIER_KNOTS.);
#224=B_SPLINE_CURVE_WITH_KNOTS('',2,(#3979,#3980,#3981),.UNSPECIFIED.,.F.,
 .F.,(3,3),(0.,1.),.PIECEWISE_BEZIER_KNOTS.);
#225=B_SPLINE_CURVE_WITH_KNOTS('',2,(#3985,#3986,#3987),.UNSPECIFIED.,.F.,
 .F.,(3,3),(0.,1.),.PIECEWISE_BEZIER_KNOTS.);
#226=B_SPLINE_CURVE_WITH_KNOTS('',2,(#3991,#3992,#3993),.UNSPECIFIED.,.F.,
 .F.,(3,3),(0.,1.),.PIECEWISE_BEZIER_KNOTS.);
#227=B_SPLINE_CURVE_WITH_KNOTS('',2,(#3997,#3998,#3999),.UNSPECIFIED.,.F.,
 .F.,(3,3),(0.,1.),.PIECEWISE_BEZIER_KNOTS.);
#228=B_SPLINE_CURVE_WITH_KNOTS('',2,(#4003,#4004,#4005),.UNSPECIFIED.,.F.,
 .F.,(3,3),(0.,1.),.PIECEWISE_BEZIER_KNOTS.);
#229=B_SPLINE_CURVE_WITH_KNOTS('',2,(#4009,#4010,#4011),.UNSPECIFIED.,.F.,
 .F.,(3,3),(0.,1.),.PIECEWISE_BEZIER_KNOTS.);
#230=B_SPLINE_CURVE_WITH_KNOTS('',2,(#4015,#4016,#4017),.UNSPECIFIED.,.F.,
 .F.,(3,3),(0.,1.),.PIECEWISE_BEZIER_KNOTS.);
#231=B_SPLINE_CURVE_WITH_KNOTS('',3,(#4028,#4029,#4030,#4031),
 .UNSPECIFIED.,.F.,.F.,(4,4),(0.,0.142857142857144),.UNSPECIFIED.);
#232=B_SPLINE_CURVE_WITH_KNOTS('',3,(#4033,#4034,#4035,#4036),
 .UNSPECIFIED.,.F.,.F.,(4,4),(0.,1.),.UNSPECIFIED.);
#233=B_SPLINE_CURVE_WITH_KNOTS('',3,(#4038,#4039,#4040,#4041),
 .UNSPECIFIED.,.F.,.F.,(4,4),(0.857142857142857,1.),.UNSPECIFIED.);
#234=B_SPLINE_CURVE_WITH_KNOTS('',3,(#4050,#4051,#4052,#4053),
 .UNSPECIFIED.,.F.,.F.,(4,4),(0.,0.142857142857143),.UNSPECIFIED.);
#235=B_SPLINE_CURVE_WITH_KNOTS('',3,(#4055,#4056,#4057,#4058),
 .UNSPECIFIED.,.F.,.F.,(4,4),(0.,1.),.UNSPECIFIED.);
#236=B_SPLINE_CURVE_WITH_KNOTS('',3,(#4060,#4061,#4062,#4063),
 .UNSPECIFIED.,.F.,.F.,(4,4),(0.857142857142856,1.),.UNSPECIFIED.);
#237=B_SPLINE_CURVE_WITH_KNOTS('',3,(#4074,#4075,#4076,#4077),
 .UNSPECIFIED.,.F.,.F.,(4,4),(0.,0.142857142857143),.UNSPECIFIED.);
#238=B_SPLINE_CURVE_WITH_KNOTS('',3,(#4079,#4080,#4081,#4082),
 .UNSPECIFIED.,.F.,.F.,(4,4),(0.,1.),.UNSPECIFIED.);
#239=B_SPLINE_CURVE_WITH_KNOTS('',3,(#4084,#4085,#4086,#4087),
 .UNSPECIFIED.,.F.,.F.,(4,4),(0.857142857142856,1.),.UNSPECIFIED.);
#240=B_SPLINE_CURVE_WITH_KNOTS('',3,(#4096,#4097,#4098,#4099),
 .UNSPECIFIED.,.F.,.F.,(4,4),(0.,0.142857142857144),.UNSPECIFIED.);
#241=B_SPLINE_CURVE_WITH_KNOTS('',3,(#4101,#4102,#4103,#4104),
 .UNSPECIFIED.,.F.,.F.,(4,4),(0.,1.),.UNSPECIFIED.);
#242=B_SPLINE_CURVE_WITH_KNOTS('',3,(#4106,#4107,#4108,#4109),
 .UNSPECIFIED.,.F.,.F.,(4,4),(0.857142857142857,1.),.UNSPECIFIED.);
#243=B_SPLINE_CURVE_WITH_KNOTS('',3,(#4122,#4123,#4124,#4125),
 .UNSPECIFIED.,.F.,.F.,(4,4),(0.,0.142857142857144),.UNSPECIFIED.);
#244=B_SPLINE_CURVE_WITH_KNOTS('',3,(#4127,#4128,#4129,#4130),
 .UNSPECIFIED.,.F.,.F.,(4,4),(0.,1.),.UNSPECIFIED.);
#245=B_SPLINE_CURVE_WITH_KNOTS('',3,(#4132,#4133,#4134,#4135),
 .UNSPECIFIED.,.F.,.F.,(4,4),(0.857142857142857,1.),.UNSPECIFIED.);
#246=B_SPLINE_CURVE_WITH_KNOTS('',3,(#4144,#4145,#4146,#4147),
 .UNSPECIFIED.,.F.,.F.,(4,4),(0.,0.142857142857143),.UNSPECIFIED.);
#247=B_SPLINE_CURVE_WITH_KNOTS('',3,(#4149,#4150,#4151,#4152),
 .UNSPECIFIED.,.F.,.F.,(4,4),(0.,1.),.UNSPECIFIED.);
#248=B_SPLINE_CURVE_WITH_KNOTS('',3,(#4154,#4155,#4156,#4157),
 .UNSPECIFIED.,.F.,.F.,(4,4),(0.857142857142856,1.),.UNSPECIFIED.);
#249=B_SPLINE_CURVE_WITH_KNOTS('',3,(#4170,#4171,#4172,#4173),
 .UNSPECIFIED.,.F.,.F.,(4,4),(0.,0.142857142857143),.UNSPECIFIED.);
#250=B_SPLINE_CURVE_WITH_KNOTS('',3,(#4175,#4176,#4177,#4178),
 .UNSPECIFIED.,.F.,.F.,(4,4),(0.,1.),.UNSPECIFIED.);
#251=B_SPLINE_CURVE_WITH_KNOTS('',3,(#4180,#4181,#4182,#4183),
 .UNSPECIFIED.,.F.,.F.,(4,4),(0.857142857142856,1.),.UNSPECIFIED.);
#252=B_SPLINE_CURVE_WITH_KNOTS('',3,(#4192,#4193,#4194,#4195),
 .UNSPECIFIED.,.F.,.F.,(4,4),(0.,0.142857142857144),.UNSPECIFIED.);
#253=B_SPLINE_CURVE_WITH_KNOTS('',3,(#4197,#4198,#4199,#4200),
 .UNSPECIFIED.,.F.,.F.,(4,4),(0.,1.),.UNSPECIFIED.);
#254=B_SPLINE_CURVE_WITH_KNOTS('',3,(#4202,#4203,#4204,#4205),
 .UNSPECIFIED.,.F.,.F.,(4,4),(0.857142857142857,1.),.UNSPECIFIED.);
#255=ORIENTED_EDGE('',*,*,#815,.F.);
#256=ORIENTED_EDGE('',*,*,#816,.T.);
#257=ORIENTED_EDGE('',*,*,#817,.T.);
#258=ORIENTED_EDGE('',*,*,#818,.T.);
#259=ORIENTED_EDGE('',*,*,#819,.T.);
#260=ORIENTED_EDGE('',*,*,#820,.F.);
#261=ORIENTED_EDGE('',*,*,#821,.F.);
#262=ORIENTED_EDGE('',*,*,#822,.T.);
#263=ORIENTED_EDGE('',*,*,#823,.T.);
#264=ORIENTED_EDGE('',*,*,#824,.T.);
#265=ORIENTED_EDGE('',*,*,#825,.T.);
#266=ORIENTED_EDGE('',*,*,#826,.F.);
#267=ORIENTED_EDGE('',*,*,#827,.T.);
#268=ORIENTED_EDGE('',*,*,#828,.T.);
#269=ORIENTED_EDGE('',*,*,#829,.F.);
#270=ORIENTED_EDGE('',*,*,#830,.T.);
#271=ORIENTED_EDGE('',*,*,#831,.F.);
#272=ORIENTED_EDGE('',*,*,#832,.F.);
#273=ORIENTED_EDGE('',*,*,#833,.F.);
#274=ORIENTED_EDGE('',*,*,#834,.F.);
#275=ORIENTED_EDGE('',*,*,#835,.T.);
#276=ORIENTED_EDGE('',*,*,#836,.T.);
#277=ORIENTED_EDGE('',*,*,#837,.T.);
#278=ORIENTED_EDGE('',*,*,#838,.F.);
#279=ORIENTED_EDGE('',*,*,#839,.T.);
#280=ORIENTED_EDGE('',*,*,#840,.T.);
#281=ORIENTED_EDGE('',*,*,#841,.T.);
#282=ORIENTED_EDGE('',*,*,#842,.F.);
#283=ORIENTED_EDGE('',*,*,#843,.T.);
#284=ORIENTED_EDGE('',*,*,#844,.T.);
#285=ORIENTED_EDGE('',*,*,#845,.T.);
#286=ORIENTED_EDGE('',*,*,#846,.T.);
#287=ORIENTED_EDGE('',*,*,#847,.F.);
#288=ORIENTED_EDGE('',*,*,#817,.F.);
#289=ORIENTED_EDGE('',*,*,#848,.F.);
#290=ORIENTED_EDGE('',*,*,#849,.T.);
#291=ORIENTED_EDGE('',*,*,#850,.T.);
#292=ORIENTED_EDGE('',*,*,#829,.T.);
#293=ORIENTED_EDGE('',*,*,#851,.T.);
#294=ORIENTED_EDGE('',*,*,#852,.F.);
#295=ORIENTED_EDGE('',*,*,#853,.F.);
#296=ORIENTED_EDGE('',*,*,#845,.F.);
#297=ORIENTED_EDGE('',*,*,#854,.T.);
#298=ORIENTED_EDGE('',*,*,#855,.F.);
#299=ORIENTED_EDGE('',*,*,#856,.T.);
#300=ORIENTED_EDGE('',*,*,#848,.T.);
#301=ORIENTED_EDGE('',*,*,#857,.F.);
#302=ORIENTED_EDGE('',*,*,#858,.T.);
#303=ORIENTED_EDGE('',*,*,#859,.T.);
#304=ORIENTED_EDGE('',*,*,#860,.F.);
#305=ORIENTED_EDGE('',*,*,#861,.T.);
#306=ORIENTED_EDGE('',*,*,#862,.F.);
#307=ORIENTED_EDGE('',*,*,#863,.T.);
#308=ORIENTED_EDGE('',*,*,#864,.F.);
#309=ORIENTED_EDGE('',*,*,#865,.T.);
#310=ORIENTED_EDGE('',*,*,#866,.T.);
#311=ORIENTED_EDGE('',*,*,#867,.T.);
#312=ORIENTED_EDGE('',*,*,#868,.T.);
#313=ORIENTED_EDGE('',*,*,#869,.T.);
#314=ORIENTED_EDGE('',*,*,#870,.T.);
#315=ORIENTED_EDGE('',*,*,#871,.T.);
#316=ORIENTED_EDGE('',*,*,#872,.F.);
#317=ORIENTED_EDGE('',*,*,#873,.T.);
#318=ORIENTED_EDGE('',*,*,#874,.F.);
#319=ORIENTED_EDGE('',*,*,#875,.T.);
#320=ORIENTED_EDGE('',*,*,#876,.T.);
#321=ORIENTED_EDGE('',*,*,#877,.F.);
#322=ORIENTED_EDGE('',*,*,#878,.T.);
#323=ORIENTED_EDGE('',*,*,#879,.T.);
#324=ORIENTED_EDGE('',*,*,#880,.T.);
#325=ORIENTED_EDGE('',*,*,#881,.T.);
#326=ORIENTED_EDGE('',*,*,#882,.T.);
#327=ORIENTED_EDGE('',*,*,#883,.F.);
#328=ORIENTED_EDGE('',*,*,#832,.T.);
#329=ORIENTED_EDGE('',*,*,#884,.T.);
#330=ORIENTED_EDGE('',*,*,#877,.T.);
#331=ORIENTED_EDGE('',*,*,#885,.T.);
#332=ORIENTED_EDGE('',*,*,#886,.F.);
#333=ORIENTED_EDGE('',*,*,#887,.F.);
#334=ORIENTED_EDGE('',*,*,#888,.T.);
#335=ORIENTED_EDGE('',*,*,#833,.T.);
#336=ORIENTED_EDGE('',*,*,#883,.T.);
#337=ORIENTED_EDGE('',*,*,#889,.T.);
#338=ORIENTED_EDGE('',*,*,#890,.F.);
#339=ORIENTED_EDGE('',*,*,#891,.F.);
#340=ORIENTED_EDGE('',*,*,#886,.T.);
#341=ORIENTED_EDGE('',*,*,#892,.T.);
#342=ORIENTED_EDGE('',*,*,#893,.F.);
#343=ORIENTED_EDGE('',*,*,#821,.T.);
#344=ORIENTED_EDGE('',*,*,#894,.T.);
#345=ORIENTED_EDGE('',*,*,#895,.F.);
#346=ORIENTED_EDGE('',*,*,#890,.T.);
#347=ORIENTED_EDGE('',*,*,#893,.T.);
#348=ORIENTED_EDGE('',*,*,#896,.F.);
#349=ORIENTED_EDGE('',*,*,#897,.F.);
#350=ORIENTED_EDGE('',*,*,#898,.F.);
#351=ORIENTED_EDGE('',*,*,#822,.F.);
#352=ORIENTED_EDGE('',*,*,#899,.F.);
#353=ORIENTED_EDGE('',*,*,#900,.T.);
#354=ORIENTED_EDGE('',*,*,#901,.T.);
#355=ORIENTED_EDGE('',*,*,#897,.T.);
#356=ORIENTED_EDGE('',*,*,#902,.T.);
#357=ORIENTED_EDGE('',*,*,#903,.F.);
#358=ORIENTED_EDGE('',*,*,#899,.T.);
#359=ORIENTED_EDGE('',*,*,#904,.F.);
#360=ORIENTED_EDGE('',*,*,#880,.F.);
#361=ORIENTED_EDGE('',*,*,#905,.T.);
#362=ORIENTED_EDGE('',*,*,#906,.F.);
#363=ORIENTED_EDGE('',*,*,#907,.F.);
#364=ORIENTED_EDGE('',*,*,#906,.T.);
#365=ORIENTED_EDGE('',*,*,#908,.F.);
#366=ORIENTED_EDGE('',*,*,#907,.T.);
#367=ORIENTED_EDGE('',*,*,#909,.F.);
#368=ORIENTED_EDGE('',*,*,#908,.T.);
#369=ORIENTED_EDGE('',*,*,#909,.T.);
#370=ORIENTED_EDGE('',*,*,#910,.F.);
#371=ORIENTED_EDGE('',*,*,#910,.T.);
#372=ORIENTED_EDGE('',*,*,#888,.F.);
#373=ORIENTED_EDGE('',*,*,#911,.T.);
#374=ORIENTED_EDGE('',*,*,#894,.F.);
#375=ORIENTED_EDGE('',*,*,#820,.T.);
#376=ORIENTED_EDGE('',*,*,#912,.T.);
#377=ORIENTED_EDGE('',*,*,#913,.T.);
#378=ORIENTED_EDGE('',*,*,#914,.T.);
#379=ORIENTED_EDGE('',*,*,#838,.T.);
#380=ORIENTED_EDGE('',*,*,#915,.T.);
#381=ORIENTED_EDGE('',*,*,#916,.F.);
#382=ORIENTED_EDGE('',*,*,#917,.T.);
#383=ORIENTED_EDGE('',*,*,#842,.T.);
#384=ORIENTED_EDGE('',*,*,#918,.T.);
#385=ORIENTED_EDGE('',*,*,#919,.T.);
#386=ORIENTED_EDGE('',*,*,#920,.T.);
#387=ORIENTED_EDGE('',*,*,#826,.T.);
#388=ORIENTED_EDGE('',*,*,#921,.T.);
#389=ORIENTED_EDGE('',*,*,#922,.F.);
#390=ORIENTED_EDGE('',*,*,#923,.T.);
#391=ORIENTED_EDGE('',*,*,#834,.T.);
#392=ORIENTED_EDGE('',*,*,#905,.F.);
#393=ORIENTED_EDGE('',*,*,#924,.F.);
#394=ORIENTED_EDGE('',*,*,#925,.T.);
#395=ORIENTED_EDGE('',*,*,#926,.F.);
#396=ORIENTED_EDGE('',*,*,#927,.T.);
#397=ORIENTED_EDGE('',*,*,#928,.F.);
#398=ORIENTED_EDGE('',*,*,#929,.T.);
#399=ORIENTED_EDGE('',*,*,#930,.F.);
#400=ORIENTED_EDGE('',*,*,#931,.T.);
#401=ORIENTED_EDGE('',*,*,#932,.F.);
#402=ORIENTED_EDGE('',*,*,#933,.T.);
#403=ORIENTED_EDGE('',*,*,#934,.T.);
#404=ORIENTED_EDGE('',*,*,#935,.T.);
#405=ORIENTED_EDGE('',*,*,#936,.T.);
#406=ORIENTED_EDGE('',*,*,#937,.T.);
#407=ORIENTED_EDGE('',*,*,#938,.T.);
#408=ORIENTED_EDGE('',*,*,#939,.T.);
#409=ORIENTED_EDGE('',*,*,#940,.T.);
#410=ORIENTED_EDGE('',*,*,#941,.T.);
#411=ORIENTED_EDGE('',*,*,#925,.F.);
#412=ORIENTED_EDGE('',*,*,#942,.T.);
#413=ORIENTED_EDGE('',*,*,#943,.T.);
#414=ORIENTED_EDGE('',*,*,#944,.T.);
#415=ORIENTED_EDGE('',*,*,#927,.F.);
#416=ORIENTED_EDGE('',*,*,#945,.T.);
#417=ORIENTED_EDGE('',*,*,#929,.F.);
#418=ORIENTED_EDGE('',*,*,#931,.F.);
#419=ORIENTED_EDGE('',*,*,#946,.F.);
#420=ORIENTED_EDGE('',*,*,#947,.T.);
#421=ORIENTED_EDGE('',*,*,#948,.T.);
#422=ORIENTED_EDGE('',*,*,#949,.T.);
#423=ORIENTED_EDGE('',*,*,#950,.T.);
#424=ORIENTED_EDGE('',*,*,#924,.T.);
#425=ORIENTED_EDGE('',*,*,#951,.F.);
#426=ORIENTED_EDGE('',*,*,#926,.T.);
#427=ORIENTED_EDGE('',*,*,#952,.T.);
#428=ORIENTED_EDGE('',*,*,#928,.T.);
#429=ORIENTED_EDGE('',*,*,#953,.F.);
#430=ORIENTED_EDGE('',*,*,#930,.T.);
#431=ORIENTED_EDGE('',*,*,#949,.F.);
#432=ORIENTED_EDGE('',*,*,#954,.F.);
#433=ORIENTED_EDGE('',*,*,#869,.F.);
#434=ORIENTED_EDGE('',*,*,#955,.F.);
#435=ORIENTED_EDGE('',*,*,#934,.F.);
#436=ORIENTED_EDGE('',*,*,#956,.T.);
#437=ORIENTED_EDGE('',*,*,#946,.T.);
#438=ORIENTED_EDGE('',*,*,#955,.T.);
#439=ORIENTED_EDGE('',*,*,#868,.F.);
#440=ORIENTED_EDGE('',*,*,#957,.T.);
#441=ORIENTED_EDGE('',*,*,#958,.T.);
#442=ORIENTED_EDGE('',*,*,#959,.T.);
#443=ORIENTED_EDGE('',*,*,#960,.T.);
#444=ORIENTED_EDGE('',*,*,#961,.T.);
#445=ORIENTED_EDGE('',*,*,#876,.F.);
#446=ORIENTED_EDGE('',*,*,#962,.T.);
#447=ORIENTED_EDGE('',*,*,#935,.F.);
#448=ORIENTED_EDGE('',*,*,#962,.F.);
#449=ORIENTED_EDGE('',*,*,#875,.F.);
#450=ORIENTED_EDGE('',*,*,#963,.F.);
#451=ORIENTED_EDGE('',*,*,#964,.T.);
#452=ORIENTED_EDGE('',*,*,#965,.T.);
#453=ORIENTED_EDGE('',*,*,#932,.T.);
#454=ORIENTED_EDGE('',*,*,#963,.T.);
#455=ORIENTED_EDGE('',*,*,#874,.T.);
#456=ORIENTED_EDGE('',*,*,#966,.F.);
#457=ORIENTED_EDGE('',*,*,#967,.T.);
#458=ORIENTED_EDGE('',*,*,#964,.F.);
#459=ORIENTED_EDGE('',*,*,#873,.F.);
#460=ORIENTED_EDGE('',*,*,#968,.T.);
#461=ORIENTED_EDGE('',*,*,#969,.T.);
#462=ORIENTED_EDGE('',*,*,#966,.T.);
#463=ORIENTED_EDGE('',*,*,#872,.T.);
#464=ORIENTED_EDGE('',*,*,#970,.F.);
#465=ORIENTED_EDGE('',*,*,#971,.T.);
#466=ORIENTED_EDGE('',*,*,#968,.F.);
#467=ORIENTED_EDGE('',*,*,#871,.F.);
#468=ORIENTED_EDGE('',*,*,#948,.F.);
#469=ORIENTED_EDGE('',*,*,#972,.T.);
#470=ORIENTED_EDGE('',*,*,#970,.T.);
#471=ORIENTED_EDGE('',*,*,#870,.F.);
#472=ORIENTED_EDGE('',*,*,#954,.T.);
#473=ORIENTED_EDGE('',*,*,#864,.T.);
#474=ORIENTED_EDGE('',*,*,#950,.F.);
#475=ORIENTED_EDGE('',*,*,#863,.F.);
#476=ORIENTED_EDGE('',*,*,#951,.T.);
#477=ORIENTED_EDGE('',*,*,#862,.T.);
#478=ORIENTED_EDGE('',*,*,#952,.F.);
#479=ORIENTED_EDGE('',*,*,#861,.F.);
#480=ORIENTED_EDGE('',*,*,#953,.T.);
#481=ORIENTED_EDGE('',*,*,#824,.F.);
#482=ORIENTED_EDGE('',*,*,#973,.T.);
#483=ORIENTED_EDGE('',*,*,#974,.F.);
#484=ORIENTED_EDGE('',*,*,#975,.T.);
#485=ORIENTED_EDGE('',*,*,#840,.F.);
#486=ORIENTED_EDGE('',*,*,#976,.T.);
#487=ORIENTED_EDGE('',*,*,#977,.T.);
#488=ORIENTED_EDGE('',*,*,#978,.T.);
#489=ORIENTED_EDGE('',*,*,#836,.F.);
#490=ORIENTED_EDGE('',*,*,#979,.T.);
#491=ORIENTED_EDGE('',*,*,#980,.F.);
#492=ORIENTED_EDGE('',*,*,#981,.T.);
#493=ORIENTED_EDGE('',*,*,#818,.F.);
#494=ORIENTED_EDGE('',*,*,#847,.T.);
#495=ORIENTED_EDGE('',*,*,#982,.F.);
#496=ORIENTED_EDGE('',*,*,#983,.F.);
#497=ORIENTED_EDGE('',*,*,#984,.T.);
#498=ORIENTED_EDGE('',*,*,#985,.T.);
#499=ORIENTED_EDGE('',*,*,#986,.F.);
#500=ORIENTED_EDGE('',*,*,#851,.F.);
#501=ORIENTED_EDGE('',*,*,#828,.F.);
#502=ORIENTED_EDGE('',*,*,#987,.T.);
#503=ORIENTED_EDGE('',*,*,#988,.T.);
#504=ORIENTED_EDGE('',*,*,#989,.T.);
#505=ORIENTED_EDGE('',*,*,#915,.F.);
#506=ORIENTED_EDGE('',*,*,#837,.F.);
#507=ORIENTED_EDGE('',*,*,#978,.F.);
#508=ORIENTED_EDGE('',*,*,#990,.F.);
#509=ORIENTED_EDGE('',*,*,#917,.F.);
#510=ORIENTED_EDGE('',*,*,#991,.F.);
#511=ORIENTED_EDGE('',*,*,#976,.F.);
#512=ORIENTED_EDGE('',*,*,#839,.F.);
#513=ORIENTED_EDGE('',*,*,#991,.T.);
#514=ORIENTED_EDGE('',*,*,#916,.T.);
#515=ORIENTED_EDGE('',*,*,#990,.T.);
#516=ORIENTED_EDGE('',*,*,#977,.F.);
#517=ORIENTED_EDGE('',*,*,#914,.F.);
#518=ORIENTED_EDGE('',*,*,#992,.F.);
#519=ORIENTED_EDGE('',*,*,#979,.F.);
#520=ORIENTED_EDGE('',*,*,#835,.F.);
#521=ORIENTED_EDGE('',*,*,#912,.F.);
#522=ORIENTED_EDGE('',*,*,#819,.F.);
#523=ORIENTED_EDGE('',*,*,#981,.F.);
#524=ORIENTED_EDGE('',*,*,#993,.F.);
#525=ORIENTED_EDGE('',*,*,#913,.F.);
#526=ORIENTED_EDGE('',*,*,#993,.T.);
#527=ORIENTED_EDGE('',*,*,#980,.T.);
#528=ORIENTED_EDGE('',*,*,#992,.T.);
#529=ORIENTED_EDGE('',*,*,#921,.F.);
#530=ORIENTED_EDGE('',*,*,#825,.F.);
#531=ORIENTED_EDGE('',*,*,#989,.F.);
#532=ORIENTED_EDGE('',*,*,#994,.F.);
#533=ORIENTED_EDGE('',*,*,#923,.F.);
#534=ORIENTED_EDGE('',*,*,#995,.F.);
#535=ORIENTED_EDGE('',*,*,#987,.F.);
#536=ORIENTED_EDGE('',*,*,#827,.F.);
#537=ORIENTED_EDGE('',*,*,#995,.T.);
#538=ORIENTED_EDGE('',*,*,#922,.T.);
#539=ORIENTED_EDGE('',*,*,#994,.T.);
#540=ORIENTED_EDGE('',*,*,#988,.F.);
#541=ORIENTED_EDGE('',*,*,#920,.F.);
#542=ORIENTED_EDGE('',*,*,#996,.F.);
#543=ORIENTED_EDGE('',*,*,#973,.F.);
#544=ORIENTED_EDGE('',*,*,#823,.F.);
#545=ORIENTED_EDGE('',*,*,#918,.F.);
#546=ORIENTED_EDGE('',*,*,#841,.F.);
#547=ORIENTED_EDGE('',*,*,#975,.F.);
#548=ORIENTED_EDGE('',*,*,#997,.F.);
#549=ORIENTED_EDGE('',*,*,#919,.F.);
#550=ORIENTED_EDGE('',*,*,#997,.T.);
#551=ORIENTED_EDGE('',*,*,#974,.T.);
#552=ORIENTED_EDGE('',*,*,#996,.T.);
#553=ORIENTED_EDGE('',*,*,#887,.T.);
#554=ORIENTED_EDGE('',*,*,#891,.T.);
#555=ORIENTED_EDGE('',*,*,#895,.T.);
#556=ORIENTED_EDGE('',*,*,#911,.F.);
#557=ORIENTED_EDGE('',*,*,#998,.T.);
#558=ORIENTED_EDGE('',*,*,#999,.T.);
#559=ORIENTED_EDGE('',*,*,#866,.F.);
#560=ORIENTED_EDGE('',*,*,#1000,.T.);
#561=ORIENTED_EDGE('',*,*,#1001,.T.);
#562=ORIENTED_EDGE('',*,*,#1002,.T.);
#563=ORIENTED_EDGE('',*,*,#902,.F.);
#564=ORIENTED_EDGE('',*,*,#896,.T.);
#565=ORIENTED_EDGE('',*,*,#892,.F.);
#566=ORIENTED_EDGE('',*,*,#889,.F.);
#567=ORIENTED_EDGE('',*,*,#885,.F.);
#568=ORIENTED_EDGE('',*,*,#882,.F.);
#569=ORIENTED_EDGE('',*,*,#881,.F.);
#570=ORIENTED_EDGE('',*,*,#904,.T.);
#571=ORIENTED_EDGE('',*,*,#867,.F.);
#572=ORIENTED_EDGE('',*,*,#999,.F.);
#573=ORIENTED_EDGE('',*,*,#1003,.F.);
#574=ORIENTED_EDGE('',*,*,#957,.F.);
#575=ORIENTED_EDGE('',*,*,#1003,.T.);
#576=ORIENTED_EDGE('',*,*,#998,.F.);
#577=ORIENTED_EDGE('',*,*,#1004,.F.);
#578=ORIENTED_EDGE('',*,*,#958,.F.);
#579=ORIENTED_EDGE('',*,*,#1004,.T.);
#580=ORIENTED_EDGE('',*,*,#1002,.F.);
#581=ORIENTED_EDGE('',*,*,#1005,.F.);
#582=ORIENTED_EDGE('',*,*,#959,.F.);
#583=ORIENTED_EDGE('',*,*,#1005,.T.);
#584=ORIENTED_EDGE('',*,*,#1001,.F.);
#585=ORIENTED_EDGE('',*,*,#1006,.F.);
#586=ORIENTED_EDGE('',*,*,#960,.F.);
#587=ORIENTED_EDGE('',*,*,#865,.F.);
#588=ORIENTED_EDGE('',*,*,#961,.F.);
#589=ORIENTED_EDGE('',*,*,#1006,.T.);
#590=ORIENTED_EDGE('',*,*,#1000,.F.);
#591=ORIENTED_EDGE('',*,*,#1007,.T.);
#592=ORIENTED_EDGE('',*,*,#1008,.T.);
#593=ORIENTED_EDGE('',*,*,#900,.F.);
#594=ORIENTED_EDGE('',*,*,#903,.T.);
#595=ORIENTED_EDGE('',*,*,#879,.F.);
#596=ORIENTED_EDGE('',*,*,#1009,.T.);
#597=ORIENTED_EDGE('',*,*,#1010,.T.);
#598=ORIENTED_EDGE('',*,*,#855,.T.);
#599=ORIENTED_EDGE('',*,*,#1011,.T.);
#600=ORIENTED_EDGE('',*,*,#1012,.T.);
#601=ORIENTED_EDGE('',*,*,#884,.F.);
#602=ORIENTED_EDGE('',*,*,#831,.T.);
#603=ORIENTED_EDGE('',*,*,#898,.T.);
#604=ORIENTED_EDGE('',*,*,#1013,.T.);
#605=ORIENTED_EDGE('',*,*,#1014,.T.);
#606=ORIENTED_EDGE('',*,*,#815,.T.);
#607=ORIENTED_EDGE('',*,*,#853,.T.);
#608=ORIENTED_EDGE('',*,*,#1015,.F.);
#609=ORIENTED_EDGE('',*,*,#982,.T.);
#610=ORIENTED_EDGE('',*,*,#846,.F.);
#611=ORIENTED_EDGE('',*,*,#1016,.T.);
#612=ORIENTED_EDGE('',*,*,#859,.F.);
#613=ORIENTED_EDGE('',*,*,#1017,.F.);
#614=ORIENTED_EDGE('',*,*,#984,.F.);
#615=ORIENTED_EDGE('',*,*,#983,.T.);
#616=ORIENTED_EDGE('',*,*,#1015,.T.);
#617=ORIENTED_EDGE('',*,*,#860,.T.);
#618=ORIENTED_EDGE('',*,*,#1016,.F.);
#619=ORIENTED_EDGE('',*,*,#1017,.T.);
#620=ORIENTED_EDGE('',*,*,#858,.F.);
#621=ORIENTED_EDGE('',*,*,#1018,.F.);
#622=ORIENTED_EDGE('',*,*,#985,.F.);
#623=ORIENTED_EDGE('',*,*,#852,.T.);
#624=ORIENTED_EDGE('',*,*,#986,.T.);
#625=ORIENTED_EDGE('',*,*,#1018,.T.);
#626=ORIENTED_EDGE('',*,*,#857,.T.);
#627=ORIENTED_EDGE('',*,*,#1019,.F.);
#628=ORIENTED_EDGE('',*,*,#1020,.T.);
#629=ORIENTED_EDGE('',*,*,#1021,.T.);
#630=ORIENTED_EDGE('',*,*,#1022,.T.);
#631=ORIENTED_EDGE('',*,*,#1022,.F.);
#632=ORIENTED_EDGE('',*,*,#1023,.T.);
#633=ORIENTED_EDGE('',*,*,#1024,.F.);
#634=ORIENTED_EDGE('',*,*,#1025,.T.);
#635=ORIENTED_EDGE('',*,*,#816,.F.);
#636=ORIENTED_EDGE('',*,*,#1014,.F.);
#637=ORIENTED_EDGE('',*,*,#1023,.F.);
#638=ORIENTED_EDGE('',*,*,#1021,.F.);
#639=ORIENTED_EDGE('',*,*,#843,.F.);
#640=ORIENTED_EDGE('',*,*,#854,.F.);
#641=ORIENTED_EDGE('',*,*,#844,.F.);
#642=ORIENTED_EDGE('',*,*,#1020,.F.);
#643=ORIENTED_EDGE('',*,*,#1026,.F.);
#644=ORIENTED_EDGE('',*,*,#1007,.F.);
#645=ORIENTED_EDGE('',*,*,#1026,.T.);
#646=ORIENTED_EDGE('',*,*,#1019,.T.);
#647=ORIENTED_EDGE('',*,*,#1025,.F.);
#648=ORIENTED_EDGE('',*,*,#1027,.F.);
#649=ORIENTED_EDGE('',*,*,#901,.F.);
#650=ORIENTED_EDGE('',*,*,#1008,.F.);
#651=ORIENTED_EDGE('',*,*,#1027,.T.);
#652=ORIENTED_EDGE('',*,*,#1024,.T.);
#653=ORIENTED_EDGE('',*,*,#1013,.F.);
#654=ORIENTED_EDGE('',*,*,#1028,.F.);
#655=ORIENTED_EDGE('',*,*,#1029,.T.);
#656=ORIENTED_EDGE('',*,*,#1030,.T.);
#657=ORIENTED_EDGE('',*,*,#1031,.T.);
#658=ORIENTED_EDGE('',*,*,#1031,.F.);
#659=ORIENTED_EDGE('',*,*,#1032,.T.);
#660=ORIENTED_EDGE('',*,*,#1033,.F.);
#661=ORIENTED_EDGE('',*,*,#1034,.T.);
#662=ORIENTED_EDGE('',*,*,#856,.F.);
#663=ORIENTED_EDGE('',*,*,#1010,.F.);
#664=ORIENTED_EDGE('',*,*,#1032,.F.);
#665=ORIENTED_EDGE('',*,*,#1030,.F.);
#666=ORIENTED_EDGE('',*,*,#849,.F.);
#667=ORIENTED_EDGE('',*,*,#830,.F.);
#668=ORIENTED_EDGE('',*,*,#850,.F.);
#669=ORIENTED_EDGE('',*,*,#1029,.F.);
#670=ORIENTED_EDGE('',*,*,#1035,.F.);
#671=ORIENTED_EDGE('',*,*,#1011,.F.);
#672=ORIENTED_EDGE('',*,*,#1035,.T.);
#673=ORIENTED_EDGE('',*,*,#1028,.T.);
#674=ORIENTED_EDGE('',*,*,#1034,.F.);
#675=ORIENTED_EDGE('',*,*,#1036,.F.);
#676=ORIENTED_EDGE('',*,*,#1033,.T.);
#677=ORIENTED_EDGE('',*,*,#1009,.F.);
#678=ORIENTED_EDGE('',*,*,#878,.F.);
#679=ORIENTED_EDGE('',*,*,#1012,.F.);
#680=ORIENTED_EDGE('',*,*,#1036,.T.);
#681=ORIENTED_EDGE('',*,*,#1037,.F.);
#682=ORIENTED_EDGE('',*,*,#936,.F.);
#683=ORIENTED_EDGE('',*,*,#1038,.F.);
#684=ORIENTED_EDGE('',*,*,#965,.F.);
#685=ORIENTED_EDGE('',*,*,#945,.F.);
#686=ORIENTED_EDGE('',*,*,#944,.F.);
#687=ORIENTED_EDGE('',*,*,#1039,.F.);
#688=ORIENTED_EDGE('',*,*,#933,.F.);
#689=ORIENTED_EDGE('',*,*,#1038,.T.);
#690=ORIENTED_EDGE('',*,*,#1037,.T.);
#691=ORIENTED_EDGE('',*,*,#967,.F.);
#692=ORIENTED_EDGE('',*,*,#1040,.F.);
#693=ORIENTED_EDGE('',*,*,#937,.F.);
#694=ORIENTED_EDGE('',*,*,#1039,.T.);
#695=ORIENTED_EDGE('',*,*,#943,.F.);
#696=ORIENTED_EDGE('',*,*,#1041,.F.);
#697=ORIENTED_EDGE('',*,*,#956,.F.);
#698=ORIENTED_EDGE('',*,*,#1040,.T.);
#699=ORIENTED_EDGE('',*,*,#969,.F.);
#700=ORIENTED_EDGE('',*,*,#1042,.F.);
#701=ORIENTED_EDGE('',*,*,#938,.F.);
#702=ORIENTED_EDGE('',*,*,#942,.F.);
#703=ORIENTED_EDGE('',*,*,#941,.F.);
#704=ORIENTED_EDGE('',*,*,#1043,.F.);
#705=ORIENTED_EDGE('',*,*,#947,.F.);
#706=ORIENTED_EDGE('',*,*,#1041,.T.);
#707=ORIENTED_EDGE('',*,*,#1042,.T.);
#708=ORIENTED_EDGE('',*,*,#971,.F.);
#709=ORIENTED_EDGE('',*,*,#1044,.F.);
#710=ORIENTED_EDGE('',*,*,#939,.F.);
#711=ORIENTED_EDGE('',*,*,#1043,.T.);
#712=ORIENTED_EDGE('',*,*,#940,.F.);
#713=ORIENTED_EDGE('',*,*,#1044,.T.);
#714=ORIENTED_EDGE('',*,*,#972,.F.);
#715=ORIENTED_EDGE('',*,*,#1045,.T.);
#716=ORIENTED_EDGE('',*,*,#1046,.T.);
#717=ORIENTED_EDGE('',*,*,#1047,.T.);
#718=ORIENTED_EDGE('',*,*,#1048,.T.);
#719=ORIENTED_EDGE('',*,*,#1049,.F.);
#720=ORIENTED_EDGE('',*,*,#1050,.T.);
#721=ORIENTED_EDGE('',*,*,#1051,.T.);
#722=ORIENTED_EDGE('',*,*,#1052,.T.);
#723=ORIENTED_EDGE('',*,*,#1053,.T.);
#724=ORIENTED_EDGE('',*,*,#1054,.T.);
#725=ORIENTED_EDGE('',*,*,#1055,.T.);
#726=ORIENTED_EDGE('',*,*,#1056,.T.);
#727=ORIENTED_EDGE('',*,*,#1057,.F.);
#728=ORIENTED_EDGE('',*,*,#1058,.T.);
#729=ORIENTED_EDGE('',*,*,#1059,.T.);
#730=ORIENTED_EDGE('',*,*,#1060,.T.);
#731=ORIENTED_EDGE('',*,*,#1061,.T.);
#732=ORIENTED_EDGE('',*,*,#1054,.F.);
#733=ORIENTED_EDGE('',*,*,#1062,.F.);
#734=ORIENTED_EDGE('',*,*,#1063,.F.);
#735=ORIENTED_EDGE('',*,*,#1064,.F.);
#736=ORIENTED_EDGE('',*,*,#1052,.F.);
#737=ORIENTED_EDGE('',*,*,#1065,.F.);
#738=ORIENTED_EDGE('',*,*,#1066,.F.);
#739=ORIENTED_EDGE('',*,*,#1067,.F.);
#740=ORIENTED_EDGE('',*,*,#1053,.F.);
#741=ORIENTED_EDGE('',*,*,#1067,.T.);
#742=ORIENTED_EDGE('',*,*,#1068,.F.);
#743=ORIENTED_EDGE('',*,*,#1062,.T.);
#744=ORIENTED_EDGE('',*,*,#1048,.F.);
#745=ORIENTED_EDGE('',*,*,#1069,.F.);
#746=ORIENTED_EDGE('',*,*,#1070,.F.);
#747=ORIENTED_EDGE('',*,*,#1071,.F.);
#748=ORIENTED_EDGE('',*,*,#1050,.F.);
#749=ORIENTED_EDGE('',*,*,#1072,.F.);
#750=ORIENTED_EDGE('',*,*,#1073,.F.);
#751=ORIENTED_EDGE('',*,*,#1074,.F.);
#752=ORIENTED_EDGE('',*,*,#1072,.T.);
#753=ORIENTED_EDGE('',*,*,#1049,.T.);
#754=ORIENTED_EDGE('',*,*,#1071,.T.);
#755=ORIENTED_EDGE('',*,*,#1075,.T.);
#756=ORIENTED_EDGE('',*,*,#1051,.F.);
#757=ORIENTED_EDGE('',*,*,#1074,.T.);
#758=ORIENTED_EDGE('',*,*,#1076,.F.);
#759=ORIENTED_EDGE('',*,*,#1065,.T.);
#760=ORIENTED_EDGE('',*,*,#1046,.F.);
#761=ORIENTED_EDGE('',*,*,#1077,.F.);
#762=ORIENTED_EDGE('',*,*,#1078,.F.);
#763=ORIENTED_EDGE('',*,*,#1079,.F.);
#764=ORIENTED_EDGE('',*,*,#1060,.F.);
#765=ORIENTED_EDGE('',*,*,#1080,.F.);
#766=ORIENTED_EDGE('',*,*,#1081,.F.);
#767=ORIENTED_EDGE('',*,*,#1082,.F.);
#768=ORIENTED_EDGE('',*,*,#1045,.F.);
#769=ORIENTED_EDGE('',*,*,#1082,.T.);
#770=ORIENTED_EDGE('',*,*,#1083,.F.);
#771=ORIENTED_EDGE('',*,*,#1077,.T.);
#772=ORIENTED_EDGE('',*,*,#1047,.F.);
#773=ORIENTED_EDGE('',*,*,#1079,.T.);
#774=ORIENTED_EDGE('',*,*,#1084,.F.);
#775=ORIENTED_EDGE('',*,*,#1069,.T.);
#776=ORIENTED_EDGE('',*,*,#1056,.F.);
#777=ORIENTED_EDGE('',*,*,#1085,.F.);
#778=ORIENTED_EDGE('',*,*,#1086,.F.);
#779=ORIENTED_EDGE('',*,*,#1087,.F.);
#780=ORIENTED_EDGE('',*,*,#1058,.F.);
#781=ORIENTED_EDGE('',*,*,#1088,.F.);
#782=ORIENTED_EDGE('',*,*,#1089,.F.);
#783=ORIENTED_EDGE('',*,*,#1090,.F.);
#784=ORIENTED_EDGE('',*,*,#1088,.T.);
#785=ORIENTED_EDGE('',*,*,#1057,.T.);
#786=ORIENTED_EDGE('',*,*,#1087,.T.);
#787=ORIENTED_EDGE('',*,*,#1091,.T.);
#788=ORIENTED_EDGE('',*,*,#1059,.F.);
#789=ORIENTED_EDGE('',*,*,#1090,.T.);
#790=ORIENTED_EDGE('',*,*,#1092,.F.);
#791=ORIENTED_EDGE('',*,*,#1080,.T.);
#792=ORIENTED_EDGE('',*,*,#1055,.F.);
#793=ORIENTED_EDGE('',*,*,#1064,.T.);
#794=ORIENTED_EDGE('',*,*,#1093,.F.);
#795=ORIENTED_EDGE('',*,*,#1085,.T.);
#796=ORIENTED_EDGE('',*,*,#1094,.F.);
#797=ORIENTED_EDGE('',*,*,#1083,.T.);
#798=ORIENTED_EDGE('',*,*,#1081,.T.);
#799=ORIENTED_EDGE('',*,*,#1092,.T.);
#800=ORIENTED_EDGE('',*,*,#1089,.T.);
#801=ORIENTED_EDGE('',*,*,#1091,.F.);
#802=ORIENTED_EDGE('',*,*,#1086,.T.);
#803=ORIENTED_EDGE('',*,*,#1093,.T.);
#804=ORIENTED_EDGE('',*,*,#1063,.T.);
#805=ORIENTED_EDGE('',*,*,#1068,.T.);
#806=ORIENTED_EDGE('',*,*,#1066,.T.);
#807=ORIENTED_EDGE('',*,*,#1076,.T.);
#808=ORIENTED_EDGE('',*,*,#1073,.T.);
#809=ORIENTED_EDGE('',*,*,#1075,.F.);
#810=ORIENTED_EDGE('',*,*,#1070,.T.);
#811=ORIENTED_EDGE('',*,*,#1084,.T.);
#812=ORIENTED_EDGE('',*,*,#1078,.T.);
#813=ORIENTED_EDGE('',*,*,#1094,.T.);
#814=ORIENTED_EDGE('',*,*,#1061,.F.);
#815=EDGE_CURVE('',#1095,#1096,#1283,.T.);
#816=EDGE_CURVE('',#1095,#1097,#111,.T.);
#817=EDGE_CURVE('',#1097,#1098,#1284,.T.);
#818=EDGE_CURVE('',#1098,#1099,#1285,.T.);
#819=EDGE_CURVE('',#1099,#1100,#112,.T.);
#820=EDGE_CURVE('',#1101,#1100,#1286,.T.);
#821=EDGE_CURVE('',#1102,#1101,#77,.T.);
#822=EDGE_CURVE('',#1102,#1096,#1287,.T.);
#823=EDGE_CURVE('',#1103,#1104,#113,.T.);
#824=EDGE_CURVE('',#1104,#1105,#1288,.T.);
#825=EDGE_CURVE('',#1105,#1106,#114,.T.);
#826=EDGE_CURVE('',#1103,#1106,#1289,.T.);
#827=EDGE_CURVE('',#1107,#1108,#115,.T.);
#828=EDGE_CURVE('',#1108,#1109,#1290,.T.);
#829=EDGE_CURVE('',#1110,#1109,#1291,.T.);
#830=EDGE_CURVE('',#1110,#1111,#116,.T.);
#831=EDGE_CURVE('',#1112,#1111,#1292,.T.);
#832=EDGE_CURVE('',#1113,#1112,#1293,.T.);
#833=EDGE_CURVE('',#1114,#1113,#78,.T.);
#834=EDGE_CURVE('',#1107,#1114,#1294,.T.);
#835=EDGE_CURVE('',#1115,#1116,#117,.T.);
#836=EDGE_CURVE('',#1116,#1117,#1295,.T.);
#837=EDGE_CURVE('',#1117,#1118,#118,.T.);
#838=EDGE_CURVE('',#1115,#1118,#1296,.T.);
#839=EDGE_CURVE('',#1119,#1120,#119,.T.);
#840=EDGE_CURVE('',#1120,#1121,#1297,.T.);
#841=EDGE_CURVE('',#1121,#1122,#120,.T.);
#842=EDGE_CURVE('',#1119,#1122,#1298,.T.);
#843=EDGE_CURVE('',#1097,#1123,#121,.T.);
#844=EDGE_CURVE('',#1123,#1124,#122,.T.);
#845=EDGE_CURVE('',#1124,#1125,#1299,.T.);
#846=EDGE_CURVE('',#1125,#1126,#1300,.T.);
#847=EDGE_CURVE('',#1098,#1126,#1301,.T.);
#848=EDGE_CURVE('',#1127,#1128,#1302,.T.);
#849=EDGE_CURVE('',#1127,#1129,#123,.T.);
#850=EDGE_CURVE('',#1129,#1110,#124,.T.);
#851=EDGE_CURVE('',#1109,#1130,#1303,.T.);
#852=EDGE_CURVE('',#1128,#1130,#1304,.T.);
#853=EDGE_CURVE('',#1125,#1131,#1305,.T.);
#854=EDGE_CURVE('',#1124,#1132,#125,.T.);
#855=EDGE_CURVE('',#1133,#1132,#1306,.T.);
#856=EDGE_CURVE('',#1133,#1127,#126,.T.);
#857=EDGE_CURVE('',#1134,#1128,#1307,.T.);
#858=EDGE_CURVE('',#1134,#1135,#1308,.T.);
#859=EDGE_CURVE('',#1135,#1136,#1309,.T.);
#860=EDGE_CURVE('',#1131,#1136,#1310,.T.);
#861=EDGE_CURVE('',#1137,#1137,#79,.T.);
#862=EDGE_CURVE('',#1138,#1138,#80,.T.);
#863=EDGE_CURVE('',#1139,#1139,#81,.T.);
#864=EDGE_CURVE('',#1140,#1140,#82,.T.);
#865=EDGE_CURVE('',#1141,#1142,#1311,.F.);
#866=EDGE_CURVE('',#1142,#1143,#1312,.T.);
#867=EDGE_CURVE('',#1143,#1144,#1313,.T.);
#868=EDGE_CURVE('',#1144,#1145,#1314,.T.);
#869=EDGE_CURVE('',#1145,#1146,#127,.T.);
#870=EDGE_CURVE('',#1146,#1147,#1315,.T.);
#871=EDGE_CURVE('',#1147,#1148,#128,.T.);
#872=EDGE_CURVE('',#1149,#1148,#1316,.T.);
#873=EDGE_CURVE('',#1149,#1150,#129,.T.);
#874=EDGE_CURVE('',#1151,#1150,#1317,.T.);
#875=EDGE_CURVE('',#1151,#1152,#130,.T.);
#876=EDGE_CURVE('',#1152,#1141,#1318,.T.);
#877=EDGE_CURVE('',#1153,#1154,#1319,.T.);
#878=EDGE_CURVE('',#1153,#1155,#131,.T.);
#879=EDGE_CURVE('',#1155,#1156,#83,.F.);
#880=EDGE_CURVE('',#1156,#1157,#1320,.T.);
#881=EDGE_CURVE('',#1157,#1154,#84,.T.);
#882=EDGE_CURVE('',#1154,#1158,#1321,.T.);
#883=EDGE_CURVE('',#1113,#1158,#1322,.T.);
#884=EDGE_CURVE('',#1112,#1153,#1323,.T.);
#885=EDGE_CURVE('',#1158,#1159,#85,.T.);
#886=EDGE_CURVE('',#1160,#1159,#1324,.T.);
#887=EDGE_CURVE('',#1161,#1160,#86,.T.);
#888=EDGE_CURVE('',#1161,#1114,#1325,.T.);
#889=EDGE_CURVE('',#1159,#1162,#1326,.T.);
#890=EDGE_CURVE('',#1163,#1162,#1327,.T.);
#891=EDGE_CURVE('',#1160,#1163,#1328,.T.);
#892=EDGE_CURVE('',#1162,#1164,#87,.T.);
#893=EDGE_CURVE('',#1102,#1164,#1329,.T.);
#894=EDGE_CURVE('',#1101,#1165,#1330,.F.);
#895=EDGE_CURVE('',#1163,#1165,#88,.T.);
#896=EDGE_CURVE('',#1166,#1164,#1331,.T.);
#897=EDGE_CURVE('',#1167,#1166,#1332,.T.);
#898=EDGE_CURVE('',#1096,#1167,#1333,.T.);
#899=EDGE_CURVE('',#1168,#1169,#1334,.T.);
#900=EDGE_CURVE('',#1168,#1170,#89,.F.);
#901=EDGE_CURVE('',#1170,#1167,#132,.T.);
#902=EDGE_CURVE('',#1166,#1169,#90,.T.);
#903=EDGE_CURVE('',#1168,#1156,#1335,.T.);
#904=EDGE_CURVE('',#1157,#1169,#1336,.T.);
#905=EDGE_CURVE('',#1171,#1171,#91,.T.);
#906=EDGE_CURVE('',#1172,#1172,#92,.T.);
#907=EDGE_CURVE('',#1173,#1173,#93,.T.);
#908=EDGE_CURVE('',#1174,#1174,#94,.T.);
#909=EDGE_CURVE('',#1175,#1175,#95,.T.);
#910=EDGE_CURVE('',#1176,#1176,#96,.T.);
#911=EDGE_CURVE('',#1161,#1165,#1337,.T.);
#912=EDGE_CURVE('',#1100,#1177,#133,.T.);
#913=EDGE_CURVE('',#1177,#1178,#1338,.T.);
#914=EDGE_CURVE('',#1178,#1115,#134,.T.);
#915=EDGE_CURVE('',#1118,#1179,#135,.T.);
#916=EDGE_CURVE('',#1180,#1179,#1339,.T.);
#917=EDGE_CURVE('',#1180,#1119,#136,.T.);
#918=EDGE_CURVE('',#1122,#1181,#137,.T.);
#919=EDGE_CURVE('',#1181,#1182,#1340,.T.);
#920=EDGE_CURVE('',#1182,#1103,#138,.T.);
#921=EDGE_CURVE('',#1106,#1183,#139,.T.);
#922=EDGE_CURVE('',#1184,#1183,#1341,.T.);
#923=EDGE_CURVE('',#1184,#1107,#140,.T.);
#924=EDGE_CURVE('',#1185,#1185,#97,.F.);
#925=EDGE_CURVE('',#1186,#1186,#57,.F.);
#926=EDGE_CURVE('',#1187,#1187,#98,.F.);
#927=EDGE_CURVE('',#1188,#1188,#58,.F.);
#928=EDGE_CURVE('',#1189,#1189,#99,.F.);
#929=EDGE_CURVE('',#1190,#1190,#59,.F.);
#930=EDGE_CURVE('',#1191,#1191,#100,.F.);
#931=EDGE_CURVE('',#1192,#1192,#60,.F.);
#932=EDGE_CURVE('',#1193,#1194,#141,.T.);
#933=EDGE_CURVE('',#1193,#1195,#142,.T.);
#934=EDGE_CURVE('',#1195,#1196,#143,.F.);
#935=EDGE_CURVE('',#1196,#1194,#144,.T.);
#936=EDGE_CURVE('',#1197,#1198,#145,.T.);
#937=EDGE_CURVE('',#1198,#1199,#146,.T.);
#938=EDGE_CURVE('',#1199,#1200,#147,.T.);
#939=EDGE_CURVE('',#1200,#1201,#148,.T.);
#940=EDGE_CURVE('',#1201,#1202,#149,.T.);
#941=EDGE_CURVE('',#1202,#1186,#150,.T.);
#942=EDGE_CURVE('',#1186,#1203,#151,.T.);
#943=EDGE_CURVE('',#1203,#1204,#152,.T.);
#944=EDGE_CURVE('',#1204,#1188,#153,.T.);
#945=EDGE_CURVE('',#1188,#1197,#154,.T.);
#946=EDGE_CURVE('',#1205,#1206,#155,.T.);
#947=EDGE_CURVE('',#1205,#1207,#156,.T.);
#948=EDGE_CURVE('',#1207,#1208,#157,.F.);
#949=EDGE_CURVE('',#1208,#1206,#158,.T.);
#950=EDGE_CURVE('',#1209,#1209,#101,.F.);
#951=EDGE_CURVE('',#1210,#1210,#102,.T.);
#952=EDGE_CURVE('',#1211,#1211,#103,.F.);
#953=EDGE_CURVE('',#1212,#1212,#104,.T.);
#954=EDGE_CURVE('',#1146,#1208,#159,.T.);
#955=EDGE_CURVE('',#1206,#1145,#160,.T.);
#956=EDGE_CURVE('',#1195,#1205,#161,.T.);
#957=EDGE_CURVE('',#1144,#1213,#1342,.T.);
#958=EDGE_CURVE('',#1213,#1214,#105,.F.);
#959=EDGE_CURVE('',#1214,#1215,#1343,.T.);
#960=EDGE_CURVE('',#1215,#1216,#106,.F.);
#961=EDGE_CURVE('',#1216,#1141,#1344,.T.);
#962=EDGE_CURVE('',#1152,#1196,#162,.T.);
#963=EDGE_CURVE('',#1194,#1151,#163,.T.);
#964=EDGE_CURVE('',#1150,#1217,#164,.T.);
#965=EDGE_CURVE('',#1217,#1193,#165,.T.);
#966=EDGE_CURVE('',#1218,#1149,#166,.T.);
#967=EDGE_CURVE('',#1218,#1217,#167,.T.);
#968=EDGE_CURVE('',#1148,#1219,#168,.T.);
#969=EDGE_CURVE('',#1219,#1218,#169,.T.);
#970=EDGE_CURVE('',#1220,#1147,#170,.T.);
#971=EDGE_CURVE('',#1220,#1219,#171,.T.);
#972=EDGE_CURVE('',#1207,#1220,#172,.T.);
#973=EDGE_CURVE('',#1104,#1221,#173,.T.);
#974=EDGE_CURVE('',#1222,#1221,#1345,.T.);
#975=EDGE_CURVE('',#1222,#1121,#174,.T.);
#976=EDGE_CURVE('',#1120,#1223,#175,.T.);
#977=EDGE_CURVE('',#1223,#1224,#1346,.T.);
#978=EDGE_CURVE('',#1224,#1117,#176,.T.);
#979=EDGE_CURVE('',#1116,#1225,#177,.T.);
#980=EDGE_CURVE('',#1226,#1225,#1347,.T.);
#981=EDGE_CURVE('',#1226,#1099,#178,.T.);
#982=EDGE_CURVE('',#1227,#1126,#1348,.T.);
#983=EDGE_CURVE('',#1228,#1227,#1349,.T.);
#984=EDGE_CURVE('',#1228,#1229,#1350,.T.);
#985=EDGE_CURVE('',#1229,#1230,#1351,.T.);
#986=EDGE_CURVE('',#1130,#1230,#1352,.T.);
#987=EDGE_CURVE('',#1108,#1231,#179,.T.);
#988=EDGE_CURVE('',#1231,#1232,#1353,.T.);
#989=EDGE_CURVE('',#1232,#1105,#180,.T.);
#990=EDGE_CURVE('',#1179,#1224,#181,.T.);
#991=EDGE_CURVE('',#1223,#1180,#182,.T.);
#992=EDGE_CURVE('',#1225,#1178,#183,.T.);
#993=EDGE_CURVE('',#1177,#1226,#184,.T.);
#994=EDGE_CURVE('',#1183,#1232,#185,.T.);
#995=EDGE_CURVE('',#1231,#1184,#186,.T.);
#996=EDGE_CURVE('',#1221,#1182,#187,.T.);
#997=EDGE_CURVE('',#1181,#1222,#188,.T.);
#998=EDGE_CURVE('',#1233,#1234,#107,.T.);
#999=EDGE_CURVE('',#1234,#1143,#1354,.T.);
#1000=EDGE_CURVE('',#1142,#1235,#1355,.F.);
#1001=EDGE_CURVE('',#1235,#1236,#108,.T.);
#1002=EDGE_CURVE('',#1236,#1233,#1356,.T.);
#1003=EDGE_CURVE('',#1213,#1234,#1357,.T.);
#1004=EDGE_CURVE('',#1214,#1233,#1358,.T.);
#1005=EDGE_CURVE('',#1215,#1236,#1359,.T.);
#1006=EDGE_CURVE('',#1216,#1235,#1360,.T.);
#1007=EDGE_CURVE('',#1132,#1237,#189,.T.);
#1008=EDGE_CURVE('',#1237,#1170,#190,.T.);
#1009=EDGE_CURVE('',#1155,#1238,#191,.T.);
#1010=EDGE_CURVE('',#1238,#1133,#192,.T.);
#1011=EDGE_CURVE('',#1111,#1239,#193,.T.);
#1012=EDGE_CURVE('',#1239,#1153,#194,.T.);
#1013=EDGE_CURVE('',#1167,#1240,#195,.T.);
#1014=EDGE_CURVE('',#1240,#1095,#196,.T.);
#1015=EDGE_CURVE('',#1227,#1131,#1361,.T.);
#1016=EDGE_CURVE('',#1228,#1136,#1362,.T.);
#1017=EDGE_CURVE('',#1229,#1135,#1363,.T.);
#1018=EDGE_CURVE('',#1230,#1134,#1364,.T.);
#1019=EDGE_CURVE('',#1241,#1242,#197,.F.);
#1020=EDGE_CURVE('',#1241,#1123,#198,.F.);
#1021=EDGE_CURVE('',#1123,#1243,#199,.F.);
#1022=EDGE_CURVE('',#1243,#1242,#200,.F.);
#1023=EDGE_CURVE('',#1243,#1240,#201,.F.);
#1024=EDGE_CURVE('',#1244,#1240,#202,.T.);
#1025=EDGE_CURVE('',#1244,#1242,#203,.F.);
#1026=EDGE_CURVE('',#1237,#1241,#204,.F.);
#1027=EDGE_CURVE('',#1237,#1244,#205,.T.);
#1028=EDGE_CURVE('',#1245,#1246,#206,.F.);
#1029=EDGE_CURVE('',#1245,#1129,#207,.F.);
#1030=EDGE_CURVE('',#1129,#1247,#208,.F.);
#1031=EDGE_CURVE('',#1247,#1246,#209,.F.);
#1032=EDGE_CURVE('',#1247,#1238,#210,.F.);
#1033=EDGE_CURVE('',#1248,#1238,#211,.T.);
#1034=EDGE_CURVE('',#1248,#1246,#212,.F.);
#1035=EDGE_CURVE('',#1239,#1245,#213,.F.);
#1036=EDGE_CURVE('',#1239,#1248,#214,.T.);
#1037=EDGE_CURVE('',#1198,#1217,#215,.F.);
#1038=EDGE_CURVE('',#1193,#1197,#216,.F.);
#1039=EDGE_CURVE('',#1195,#1204,#217,.T.);
#1040=EDGE_CURVE('',#1199,#1218,#218,.T.);
#1041=EDGE_CURVE('',#1205,#1203,#219,.F.);
#1042=EDGE_CURVE('',#1200,#1219,#220,.F.);
#1043=EDGE_CURVE('',#1207,#1202,#221,.T.);
#1044=EDGE_CURVE('',#1201,#1220,#222,.T.);
#1045=EDGE_CURVE('',#1249,#1250,#1365,.T.);
#1046=EDGE_CURVE('',#1250,#1251,#223,.F.);
#1047=EDGE_CURVE('',#1251,#1252,#1366,.T.);
#1048=EDGE_CURVE('',#1252,#1253,#224,.F.);
#1049=EDGE_CURVE('',#1254,#1253,#1367,.T.);
#1050=EDGE_CURVE('',#1254,#1255,#225,.F.);
#1051=EDGE_CURVE('',#1255,#1256,#1368,.T.);
#1052=EDGE_CURVE('',#1256,#1257,#226,.F.);
#1053=EDGE_CURVE('',#1257,#1258,#1369,.T.);
#1054=EDGE_CURVE('',#1258,#1259,#227,.F.);
#1055=EDGE_CURVE('',#1259,#1260,#1370,.T.);
#1056=EDGE_CURVE('',#1260,#1261,#228,.F.);
#1057=EDGE_CURVE('',#1262,#1261,#1371,.T.);
#1058=EDGE_CURVE('',#1262,#1263,#229,.F.);
#1059=EDGE_CURVE('',#1263,#1264,#1372,.T.);
#1060=EDGE_CURVE('',#1264,#1249,#230,.F.);
#1061=EDGE_CURVE('',#1265,#1265,#109,.T.);
#1062=EDGE_CURVE('',#1266,#1258,#231,.T.);
#1063=EDGE_CURVE('',#1267,#1266,#232,.T.);
#1064=EDGE_CURVE('',#1259,#1267,#233,.T.);
#1065=EDGE_CURVE('',#1268,#1256,#234,.T.);
#1066=EDGE_CURVE('',#1269,#1268,#235,.T.);
#1067=EDGE_CURVE('',#1257,#1269,#236,.T.);
#1068=EDGE_CURVE('',#1266,#1269,#1373,.T.);
#1069=EDGE_CURVE('',#1270,#1252,#237,.T.);
#1070=EDGE_CURVE('',#1271,#1270,#238,.T.);
#1071=EDGE_CURVE('',#1253,#1271,#239,.T.);
#1072=EDGE_CURVE('',#1272,#1254,#240,.T.);
#1073=EDGE_CURVE('',#1273,#1272,#241,.T.);
#1074=EDGE_CURVE('',#1255,#1273,#242,.T.);
#1075=EDGE_CURVE('',#1271,#1272,#1374,.T.);
#1076=EDGE_CURVE('',#1268,#1273,#1375,.T.);
#1077=EDGE_CURVE('',#1274,#1250,#243,.T.);
#1078=EDGE_CURVE('',#1275,#1274,#244,.T.);
#1079=EDGE_CURVE('',#1251,#1275,#245,.T.);
#1080=EDGE_CURVE('',#1276,#1264,#246,.T.);
#1081=EDGE_CURVE('',#1277,#1276,#247,.T.);
#1082=EDGE_CURVE('',#1249,#1277,#248,.T.);
#1083=EDGE_CURVE('',#1274,#1277,#1376,.T.);
#1084=EDGE_CURVE('',#1270,#1275,#1377,.T.);
#1085=EDGE_CURVE('',#1278,#1260,#249,.T.);
#1086=EDGE_CURVE('',#1279,#1278,#250,.T.);
#1087=EDGE_CURVE('',#1261,#1279,#251,.T.);
#1088=EDGE_CURVE('',#1280,#1262,#252,.T.);
#1089=EDGE_CURVE('',#1281,#1280,#253,.T.);
#1090=EDGE_CURVE('',#1263,#1281,#254,.T.);
#1091=EDGE_CURVE('',#1279,#1280,#1378,.T.);
#1092=EDGE_CURVE('',#1276,#1281,#1379,.T.);
#1093=EDGE_CURVE('',#1278,#1267,#1380,.T.);
#1094=EDGE_CURVE('',#1282,#1282,#110,.T.);
#1095=VERTEX_POINT('',#2373);
#1096=VERTEX_POINT('',#2374);
#1097=VERTEX_POINT('',#2381);
#1098=VERTEX_POINT('',#2383);
#1099=VERTEX_POINT('',#2385);
#1100=VERTEX_POINT('',#2390);
#1101=VERTEX_POINT('',#2392);
#1102=VERTEX_POINT('',#2394);
#1103=VERTEX_POINT('',#2401);
#1104=VERTEX_POINT('',#2402);
#1105=VERTEX_POINT('',#2404);
#1106=VERTEX_POINT('',#2409);
#1107=VERTEX_POINT('',#2416);
#1108=VERTEX_POINT('',#2417);
#1109=VERTEX_POINT('',#2419);
#1110=VERTEX_POINT('',#2421);
#1111=VERTEX_POINT('',#2428);
#1112=VERTEX_POINT('',#2430);
#1113=VERTEX_POINT('',#2432);
#1114=VERTEX_POINT('',#2434);
#1115=VERTEX_POINT('',#2441);
#1116=VERTEX_POINT('',#2442);
#1117=VERTEX_POINT('',#2444);
#1118=VERTEX_POINT('',#2449);
#1119=VERTEX_POINT('',#2456);
#1120=VERTEX_POINT('',#2457);
#1121=VERTEX_POINT('',#2459);
#1122=VERTEX_POINT('',#2464);
#1123=VERTEX_POINT('',#2471);
#1124=VERTEX_POINT('',#2476);
#1125=VERTEX_POINT('',#2478);
#1126=VERTEX_POINT('',#2480);
#1127=VERTEX_POINT('',#2484);
#1128=VERTEX_POINT('',#2485);
#1129=VERTEX_POINT('',#2490);
#1130=VERTEX_POINT('',#2496);
#1131=VERTEX_POINT('',#2500);
#1132=VERTEX_POINT('',#2507);
#1133=VERTEX_POINT('',#2509);
#1134=VERTEX_POINT('',#2517);
#1135=VERTEX_POINT('',#2519);
#1136=VERTEX_POINT('',#2521);
#1137=VERTEX_POINT('',#2524);
#1138=VERTEX_POINT('',#2526);
#1139=VERTEX_POINT('',#2528);
#1140=VERTEX_POINT('',#2530);
#1141=VERTEX_POINT('',#2532);
#1142=VERTEX_POINT('',#2533);
#1143=VERTEX_POINT('',#2535);
#1144=VERTEX_POINT('',#2537);
#1145=VERTEX_POINT('',#2539);
#1146=VERTEX_POINT('',#2544);
#1147=VERTEX_POINT('',#2546);
#1148=VERTEX_POINT('',#2551);
#1149=VERTEX_POINT('',#2553);
#1150=VERTEX_POINT('',#2558);
#1151=VERTEX_POINT('',#2560);
#1152=VERTEX_POINT('',#2565);
#1153=VERTEX_POINT('',#2569);
#1154=VERTEX_POINT('',#2570);
#1155=VERTEX_POINT('',#2578);
#1156=VERTEX_POINT('',#2580);
#1157=VERTEX_POINT('',#2582);
#1158=VERTEX_POINT('',#2586);
#1159=VERTEX_POINT('',#2591);
#1160=VERTEX_POINT('',#2593);
#1161=VERTEX_POINT('',#2595);
#1162=VERTEX_POINT('',#2599);
#1163=VERTEX_POINT('',#2601);
#1164=VERTEX_POINT('',#2605);
#1165=VERTEX_POINT('',#2608);
#1166=VERTEX_POINT('',#2612);
#1167=VERTEX_POINT('',#2614);
#1168=VERTEX_POINT('',#2618);
#1169=VERTEX_POINT('',#2619);
#1170=VERTEX_POINT('',#2621);
#1171=VERTEX_POINT('',#2635);
#1172=VERTEX_POINT('',#2637);
#1173=VERTEX_POINT('',#2640);
#1174=VERTEX_POINT('',#2643);
#1175=VERTEX_POINT('',#2646);
#1176=VERTEX_POINT('',#2649);
#1177=VERTEX_POINT('',#2657);
#1178=VERTEX_POINT('',#2659);
#1179=VERTEX_POINT('',#2668);
#1180=VERTEX_POINT('',#2670);
#1181=VERTEX_POINT('',#2679);
#1182=VERTEX_POINT('',#2681);
#1183=VERTEX_POINT('',#2690);
#1184=VERTEX_POINT('',#2692);
#1185=VERTEX_POINT('',#2699);
#1186=VERTEX_POINT('',#2701);
#1187=VERTEX_POINT('',#2704);
#1188=VERTEX_POINT('',#2706);
#1189=VERTEX_POINT('',#2709);
#1190=VERTEX_POINT('',#2711);
#1191=VERTEX_POINT('',#2714);
#1192=VERTEX_POINT('',#2716);
#1193=VERTEX_POINT('',#2729);
#1194=VERTEX_POINT('',#2730);
#1195=VERTEX_POINT('',#2738);
#1196=VERTEX_POINT('',#2743);
#1197=VERTEX_POINT('',#2753);
#1198=VERTEX_POINT('',#2754);
#1199=VERTEX_POINT('',#2760);
#1200=VERTEX_POINT('',#2765);
#1201=VERTEX_POINT('',#2771);
#1202=VERTEX_POINT('',#2776);
#1203=VERTEX_POINT('',#2793);
#1204=VERTEX_POINT('',#2798);
#1205=VERTEX_POINT('',#2825);
#1206=VERTEX_POINT('',#2826);
#1207=VERTEX_POINT('',#2834);
#1208=VERTEX_POINT('',#2839);
#1209=VERTEX_POINT('',#2846);
#1210=VERTEX_POINT('',#2849);
#1211=VERTEX_POINT('',#2852);
#1212=VERTEX_POINT('',#2855);
#1213=VERTEX_POINT('',#2878);
#1214=VERTEX_POINT('',#2880);
#1215=VERTEX_POINT('',#2882);
#1216=VERTEX_POINT('',#2884);
#1217=VERTEX_POINT('',#2907);
#1218=VERTEX_POINT('',#2924);
#1219=VERTEX_POINT('',#2937);
#1220=VERTEX_POINT('',#2954);
#1221=VERTEX_POINT('',#2977);
#1222=VERTEX_POINT('',#2979);
#1223=VERTEX_POINT('',#2990);
#1224=VERTEX_POINT('',#2992);
#1225=VERTEX_POINT('',#3003);
#1226=VERTEX_POINT('',#3005);
#1227=VERTEX_POINT('',#3012);
#1228=VERTEX_POINT('',#3014);
#1229=VERTEX_POINT('',#3016);
#1230=VERTEX_POINT('',#3018);
#1231=VERTEX_POINT('',#3025);
#1232=VERTEX_POINT('',#3027);
#1233=VERTEX_POINT('',#3136);
#1234=VERTEX_POINT('',#3137);
#1235=VERTEX_POINT('',#3140);
#1236=VERTEX_POINT('',#3142);
#1237=VERTEX_POINT('',#3158);
#1238=VERTEX_POINT('',#3167);
#1239=VERTEX_POINT('',#3177);
#1240=VERTEX_POINT('',#3187);
#1241=VERTEX_POINT('',#3273);
#1242=VERTEX_POINT('',#3274);
#1243=VERTEX_POINT('',#3283);
#1244=VERTEX_POINT('',#3364);
#1245=VERTEX_POINT('',#3541);
#1246=VERTEX_POINT('',#3542);
#1247=VERTEX_POINT('',#3551);
#1248=VERTEX_POINT('',#3632);
#1249=VERTEX_POINT('',#3971);
#1250=VERTEX_POINT('',#3972);
#1251=VERTEX_POINT('',#3976);
#1252=VERTEX_POINT('',#3978);
#1253=VERTEX_POINT('',#3982);
#1254=VERTEX_POINT('',#3984);
#1255=VERTEX_POINT('',#3988);
#1256=VERTEX_POINT('',#3990);
#1257=VERTEX_POINT('',#3994);
#1258=VERTEX_POINT('',#3996);
#1259=VERTEX_POINT('',#4000);
#1260=VERTEX_POINT('',#4002);
#1261=VERTEX_POINT('',#4006);
#1262=VERTEX_POINT('',#4008);
#1263=VERTEX_POINT('',#4012);
#1264=VERTEX_POINT('',#4014);
#1265=VERTEX_POINT('',#4019);
#1266=VERTEX_POINT('',#4032);
#1267=VERTEX_POINT('',#4037);
#1268=VERTEX_POINT('',#4054);
#1269=VERTEX_POINT('',#4059);
#1270=VERTEX_POINT('',#4078);
#1271=VERTEX_POINT('',#4083);
#1272=VERTEX_POINT('',#4100);
#1273=VERTEX_POINT('',#4105);
#1274=VERTEX_POINT('',#4126);
#1275=VERTEX_POINT('',#4131);
#1276=VERTEX_POINT('',#4148);
#1277=VERTEX_POINT('',#4153);
#1278=VERTEX_POINT('',#4174);
#1279=VERTEX_POINT('',#4179);
#1280=VERTEX_POINT('',#4196);
#1281=VERTEX_POINT('',#4201);
#1282=VERTEX_POINT('',#4214);
#1283=LINE('',#2372,#1381);
#1284=LINE('',#2382,#1382);
#1285=LINE('',#2384,#1383);
#1286=LINE('',#2391,#1384);
#1287=LINE('',#2395,#1385);
#1288=LINE('',#2403,#1386);
#1289=LINE('',#2410,#1387);
#1290=LINE('',#2418,#1388);
#1291=LINE('',#2420,#1389);
#1292=LINE('',#2429,#1390);
#1293=LINE('',#2431,#1391);
#1294=LINE('',#2435,#1392);
#1295=LINE('',#2443,#1393);
#1296=LINE('',#2450,#1394);
#1297=LINE('',#2458,#1395);
#1298=LINE('',#2465,#1396);
#1299=LINE('',#2477,#1397);
#1300=LINE('',#2479,#1398);
#1301=LINE('',#2481,#1399);
#1302=LINE('',#2483,#1400);
#1303=LINE('',#2495,#1401);
#1304=LINE('',#2497,#1402);
#1305=LINE('',#2499,#1403);
#1306=LINE('',#2508,#1404);
#1307=LINE('',#2516,#1405);
#1308=LINE('',#2518,#1406);
#1309=LINE('',#2520,#1407);
#1310=LINE('',#2522,#1408);
#1311=LINE('',#2531,#1409);
#1312=LINE('',#2534,#1410);
#1313=LINE('',#2536,#1411);
#1314=LINE('',#2538,#1412);
#1315=LINE('',#2545,#1413);
#1316=LINE('',#2552,#1414);
#1317=LINE('',#2559,#1415);
#1318=LINE('',#2566,#1416);
#1319=LINE('',#2568,#1417);
#1320=LINE('',#2581,#1418);
#1321=LINE('',#2585,#1419);
#1322=LINE('',#2587,#1420);
#1323=LINE('',#2588,#1421);
#1324=LINE('',#2592,#1422);
#1325=LINE('',#2596,#1423);
#1326=LINE('',#2598,#1424);
#1327=LINE('',#2600,#1425);
#1328=LINE('',#2602,#1426);
#1329=LINE('',#2606,#1427);
#1330=LINE('',#2607,#1428);
#1331=LINE('',#2611,#1429);
#1332=LINE('',#2613,#1430);
#1333=LINE('',#2615,#1431);
#1334=LINE('',#2617,#1432);
#1335=LINE('',#2631,#1433);
#1336=LINE('',#2632,#1434);
#1337=LINE('',#2652,#1435);
#1338=LINE('',#2658,#1436);
#1339=LINE('',#2669,#1437);
#1340=LINE('',#2680,#1438);
#1341=LINE('',#2691,#1439);
#1342=LINE('',#2877,#1440);
#1343=LINE('',#2881,#1441);
#1344=LINE('',#2885,#1442);
#1345=LINE('',#2978,#1443);
#1346=LINE('',#2991,#1444);
#1347=LINE('',#3004,#1445);
#1348=LINE('',#3011,#1446);
#1349=LINE('',#3013,#1447);
#1350=LINE('',#3015,#1448);
#1351=LINE('',#3017,#1449);
#1352=LINE('',#3019,#1450);
#1353=LINE('',#3026,#1451);
#1354=LINE('',#3138,#1452);
#1355=LINE('',#3139,#1453);
#1356=LINE('',#3143,#1454);
#1357=LINE('',#3145,#1455);
#1358=LINE('',#3147,#1456);
#1359=LINE('',#3149,#1457);
#1360=LINE('',#3151,#1458);
#1361=LINE('',#3193,#1459);
#1362=LINE('',#3195,#1460);
#1363=LINE('',#3196,#1461);
#1364=LINE('',#3199,#1462);
#1365=LINE('',#3970,#1463);
#1366=LINE('',#3977,#1464);
#1367=LINE('',#3983,#1465);
#1368=LINE('',#3989,#1466);
#1369=LINE('',#3995,#1467);
#1370=LINE('',#4001,#1468);
#1371=LINE('',#4007,#1469);
#1372=LINE('',#4013,#1470);
#1373=LINE('',#4065,#1471);
#1374=LINE('',#4111,#1472);
#1375=LINE('',#4113,#1473);
#1376=LINE('',#4159,#1474);
#1377=LINE('',#4161,#1475);
#1378=LINE('',#4207,#1476);
#1379=LINE('',#4209,#1477);
#1380=LINE('',#4211,#1478);
#1381=VECTOR('',#2056,1.);
#1382=VECTOR('',#2057,1.);
#1383=VECTOR('',#2058,1.);
#1384=VECTOR('',#2059,1.);
#1385=VECTOR('',#2062,1.);
#1386=VECTOR('',#2065,1.);
#1387=VECTOR('',#2066,1.);
#1388=VECTOR('',#2069,1.);
#1389=VECTOR('',#2070,1.);
#1390=VECTOR('',#2071,1.);
#1391=VECTOR('',#2072,1.);
#1392=VECTOR('',#2075,1.);
#1393=VECTOR('',#2078,1.);
#1394=VECTOR('',#2079,1.);
#1395=VECTOR('',#2082,1.);
#1396=VECTOR('',#2083,1.);
#1397=VECTOR('',#2086,1.);
#1398=VECTOR('',#2087,1.);
#1399=VECTOR('',#2088,1.);
#1400=VECTOR('',#2091,1.);
#1401=VECTOR('',#2092,1.);
#1402=VECTOR('',#2093,1.);
#1403=VECTOR('',#2096,1.);
#1404=VECTOR('',#2097,1.);
#1405=VECTOR('',#2098,1.);
#1406=VECTOR('',#2099,1.);
#1407=VECTOR('',#2100,1.);
#1408=VECTOR('',#2101,1.);
#1409=VECTOR('',#2110,1.);
#1410=VECTOR('',#2111,1.);
#1411=VECTOR('',#2112,1.);
#1412=VECTOR('',#2113,1.);
#1413=VECTOR('',#2114,1.);
#1414=VECTOR('',#2115,1.);
#1415=VECTOR('',#2116,1.);
#1416=VECTOR('',#2117,1.);
#1417=VECTOR('',#2120,1.);
#1418=VECTOR('',#2123,1.);
#1419=VECTOR('',#2128,1.);
#1420=VECTOR('',#2129,1.);
#1421=VECTOR('',#2130,1.);
#1422=VECTOR('',#2135,1.);
#1423=VECTOR('',#2138,1.);
#1424=VECTOR('',#2141,1.);
#1425=VECTOR('',#2142,1.);
#1426=VECTOR('',#2143,1.);
#1427=VECTOR('',#2148,1.);
#1428=VECTOR('',#2149,1.);
#1429=VECTOR('',#2154,1.);
#1430=VECTOR('',#2155,1.);
#1431=VECTOR('',#2156,1.);
#1432=VECTOR('',#2159,1.);
#1433=VECTOR('',#2166,1.);
#1434=VECTOR('',#2167,1.);
#1435=VECTOR('',#2194,1.);
#1436=VECTOR('',#2195,1.);
#1437=VECTOR('',#2196,1.);
#1438=VECTOR('',#2197,1.);
#1439=VECTOR('',#2198,1.);
#1440=VECTOR('',#2243,1.);
#1441=VECTOR('',#2246,1.);
#1442=VECTOR('',#2249,1.);
#1443=VECTOR('',#2266,1.);
#1444=VECTOR('',#2267,1.);
#1445=VECTOR('',#2268,1.);
#1446=VECTOR('',#2269,1.);
#1447=VECTOR('',#2270,1.);
#1448=VECTOR('',#2271,1.);
#1449=VECTOR('',#2272,1.);
#1450=VECTOR('',#2273,1.);
#1451=VECTOR('',#2274,1.);
#1452=VECTOR('',#2289,1.);
#1453=VECTOR('',#2290,1.);
#1454=VECTOR('',#2293,1.);
#1455=VECTOR('',#2296,1.);
#1456=VECTOR('',#2299,1.);
#1457=VECTOR('',#2302,1.);
#1458=VECTOR('',#2305,1.);
#1459=VECTOR('',#2316,1.);
#1460=VECTOR('',#2319,1.);
#1461=VECTOR('',#2320,1.);
#1462=VECTOR('',#2325,1.);
#1463=VECTOR('',#2330,1.);
#1464=VECTOR('',#2331,1.);
#1465=VECTOR('',#2332,1.);
#1466=VECTOR('',#2333,1.);
#1467=VECTOR('',#2334,1.);
#1468=VECTOR('',#2335,1.);
#1469=VECTOR('',#2336,1.);
#1470=VECTOR('',#2337,1.);
#1471=VECTOR('',#2342,1.);
#1472=VECTOR('',#2345,1.);
#1473=VECTOR('',#2348,1.);
#1474=VECTOR('',#2351,1.);
#1475=VECTOR('',#2354,1.);
#1476=VECTOR('',#2357,1.);
#1477=VECTOR('',#2360,1.);
#1478=VECTOR('',#2363,1.);
#1479=EDGE_LOOP('',(#255,#256,#257,#258,#259,#260,#261,#262));
#1480=EDGE_LOOP('',(#263,#264,#265,#266));
#1481=EDGE_LOOP('',(#267,#268,#269,#270,#271,#272,#273,#274));
#1482=EDGE_LOOP('',(#275,#276,#277,#278));
#1483=EDGE_LOOP('',(#279,#280,#281,#282));
#1484=EDGE_LOOP('',(#283,#284,#285,#286,#287,#288));
#1485=EDGE_LOOP('',(#289,#290,#291,#292,#293,#294));
#1486=EDGE_LOOP('',(#295,#296,#297,#298,#299,#300,#301,#302,#303,#304));
#1487=EDGE_LOOP('',(#305));
#1488=EDGE_LOOP('',(#306));
#1489=EDGE_LOOP('',(#307));
#1490=EDGE_LOOP('',(#308));
#1491=EDGE_LOOP('',(#309,#310,#311,#312,#313,#314,#315,#316,#317,#318,#319,
#320));
#1492=EDGE_LOOP('',(#321,#322,#323,#324,#325));
#1493=EDGE_LOOP('',(#326,#327,#328,#329,#330));
#1494=EDGE_LOOP('',(#331,#332,#333,#334,#335,#336));
#1495=EDGE_LOOP('',(#337,#338,#339,#340));
#1496=EDGE_LOOP('',(#341,#342,#343,#344,#345,#346));
#1497=EDGE_LOOP('',(#347,#348,#349,#350,#351));
#1498=EDGE_LOOP('',(#352,#353,#354,#355,#356));
#1499=EDGE_LOOP('',(#357,#358,#359,#360));
#1500=EDGE_LOOP('',(#361));
#1501=EDGE_LOOP('',(#362));
#1502=EDGE_LOOP('',(#363));
#1503=EDGE_LOOP('',(#364));
#1504=EDGE_LOOP('',(#365));
#1505=EDGE_LOOP('',(#366));
#1506=EDGE_LOOP('',(#367));
#1507=EDGE_LOOP('',(#368));
#1508=EDGE_LOOP('',(#369));
#1509=EDGE_LOOP('',(#370));
#1510=EDGE_LOOP('',(#371));
#1511=EDGE_LOOP('',(#372,#373,#374,#375,#376,#377,#378,#379,#380,#381,#382,
#383,#384,#385,#386,#387,#388,#389,#390,#391));
#1512=EDGE_LOOP('',(#392));
#1513=EDGE_LOOP('',(#393));
#1514=EDGE_LOOP('',(#394));
#1515=EDGE_LOOP('',(#395));
#1516=EDGE_LOOP('',(#396));
#1517=EDGE_LOOP('',(#397));
#1518=EDGE_LOOP('',(#398));
#1519=EDGE_LOOP('',(#399));
#1520=EDGE_LOOP('',(#400));
#1521=EDGE_LOOP('',(#401,#402,#403,#404));
#1522=EDGE_LOOP('',(#405,#406,#407,#408,#409,#410,#411,#412,#413,#414,#415,
#416));
#1523=EDGE_LOOP('',(#417));
#1524=EDGE_LOOP('',(#418));
#1525=EDGE_LOOP('',(#419,#420,#421,#422));
#1526=EDGE_LOOP('',(#423));
#1527=EDGE_LOOP('',(#424));
#1528=EDGE_LOOP('',(#425));
#1529=EDGE_LOOP('',(#426));
#1530=EDGE_LOOP('',(#427));
#1531=EDGE_LOOP('',(#428));
#1532=EDGE_LOOP('',(#429));
#1533=EDGE_LOOP('',(#430));
#1534=EDGE_LOOP('',(#431,#432,#433,#434));
#1535=EDGE_LOOP('',(#435,#436,#437,#438,#439,#440,#441,#442,#443,#444,#445,
#446));
#1536=EDGE_LOOP('',(#447,#448,#449,#450));
#1537=EDGE_LOOP('',(#451,#452,#453,#454,#455));
#1538=EDGE_LOOP('',(#456,#457,#458,#459));
#1539=EDGE_LOOP('',(#460,#461,#462,#463));
#1540=EDGE_LOOP('',(#464,#465,#466,#467));
#1541=EDGE_LOOP('',(#468,#469,#470,#471,#472));
#1542=EDGE_LOOP('',(#473));
#1543=EDGE_LOOP('',(#474));
#1544=EDGE_LOOP('',(#475));
#1545=EDGE_LOOP('',(#476));
#1546=EDGE_LOOP('',(#477));
#1547=EDGE_LOOP('',(#478));
#1548=EDGE_LOOP('',(#479));
#1549=EDGE_LOOP('',(#480));
#1550=EDGE_LOOP('',(#481,#482,#483,#484,#485,#486,#487,#488,#489,#490,#491,
#492,#493,#494,#495,#496,#497,#498,#499,#500,#501,#502,#503,#504));
#1551=EDGE_LOOP('',(#505,#506,#507,#508));
#1552=EDGE_LOOP('',(#509,#510,#511,#512));
#1553=EDGE_LOOP('',(#513,#514,#515,#516));
#1554=EDGE_LOOP('',(#517,#518,#519,#520));
#1555=EDGE_LOOP('',(#521,#522,#523,#524));
#1556=EDGE_LOOP('',(#525,#526,#527,#528));
#1557=EDGE_LOOP('',(#529,#530,#531,#532));
#1558=EDGE_LOOP('',(#533,#534,#535,#536));
#1559=EDGE_LOOP('',(#537,#538,#539,#540));
#1560=EDGE_LOOP('',(#541,#542,#543,#544));
#1561=EDGE_LOOP('',(#545,#546,#547,#548));
#1562=EDGE_LOOP('',(#549,#550,#551,#552));
#1563=EDGE_LOOP('',(#553,#554,#555,#556));
#1564=EDGE_LOOP('',(#557,#558,#559,#560,#561,#562));
#1565=EDGE_LOOP('',(#563,#564,#565,#566,#567,#568,#569,#570));
#1566=EDGE_LOOP('',(#571,#572,#573,#574));
#1567=EDGE_LOOP('',(#575,#576,#577,#578));
#1568=EDGE_LOOP('',(#579,#580,#581,#582));
#1569=EDGE_LOOP('',(#583,#584,#585,#586));
#1570=EDGE_LOOP('',(#587,#588,#589,#590));
#1571=EDGE_LOOP('',(#591,#592,#593,#594,#595,#596,#597,#598));
#1572=EDGE_LOOP('',(#599,#600,#601,#602));
#1573=EDGE_LOOP('',(#603,#604,#605,#606));
#1574=EDGE_LOOP('',(#607,#608,#609,#610));
#1575=EDGE_LOOP('',(#611,#612,#613,#614));
#1576=EDGE_LOOP('',(#615,#616,#617,#618));
#1577=EDGE_LOOP('',(#619,#620,#621,#622));
#1578=EDGE_LOOP('',(#623,#624,#625,#626));
#1579=EDGE_LOOP('',(#627,#628,#629,#630));
#1580=EDGE_LOOP('',(#631,#632,#633,#634));
#1581=EDGE_LOOP('',(#635,#636,#637,#638,#639));
#1582=EDGE_LOOP('',(#640,#641,#642,#643,#644));
#1583=EDGE_LOOP('',(#645,#646,#647,#648));
#1584=EDGE_LOOP('',(#649,#650,#651,#652,#653));
#1585=EDGE_LOOP('',(#654,#655,#656,#657));
#1586=EDGE_LOOP('',(#658,#659,#660,#661));
#1587=EDGE_LOOP('',(#662,#663,#664,#665,#666));
#1588=EDGE_LOOP('',(#667,#668,#669,#670,#671));
#1589=EDGE_LOOP('',(#672,#673,#674,#675));
#1590=EDGE_LOOP('',(#676,#677,#678,#679,#680));
#1591=EDGE_LOOP('',(#681,#682,#683,#684));
#1592=EDGE_LOOP('',(#685,#686,#687,#688,#689));
#1593=EDGE_LOOP('',(#690,#691,#692,#693));
#1594=EDGE_LOOP('',(#694,#695,#696,#697));
#1595=EDGE_LOOP('',(#698,#699,#700,#701));
#1596=EDGE_LOOP('',(#702,#703,#704,#705,#706));
#1597=EDGE_LOOP('',(#707,#708,#709,#710));
#1598=EDGE_LOOP('',(#711,#712,#713,#714));
#1599=EDGE_LOOP('',(#715,#716,#717,#718,#719,#720,#721,#722,#723,#724,#725,
#726,#727,#728,#729,#730));
#1600=EDGE_LOOP('',(#731));
#1601=EDGE_LOOP('',(#732,#733,#734,#735));
#1602=EDGE_LOOP('',(#736,#737,#738,#739));
#1603=EDGE_LOOP('',(#740,#741,#742,#743));
#1604=EDGE_LOOP('',(#744,#745,#746,#747));
#1605=EDGE_LOOP('',(#748,#749,#750,#751));
#1606=EDGE_LOOP('',(#752,#753,#754,#755));
#1607=EDGE_LOOP('',(#756,#757,#758,#759));
#1608=EDGE_LOOP('',(#760,#761,#762,#763));
#1609=EDGE_LOOP('',(#764,#765,#766,#767));
#1610=EDGE_LOOP('',(#768,#769,#770,#771));
#1611=EDGE_LOOP('',(#772,#773,#774,#775));
#1612=EDGE_LOOP('',(#776,#777,#778,#779));
#1613=EDGE_LOOP('',(#780,#781,#782,#783));
#1614=EDGE_LOOP('',(#784,#785,#786,#787));
#1615=EDGE_LOOP('',(#788,#789,#790,#791));
#1616=EDGE_LOOP('',(#792,#793,#794,#795));
#1617=EDGE_LOOP('',(#796));
#1618=EDGE_LOOP('',(#797,#798,#799,#800,#801,#802,#803,#804,#805,#806,#807,
#808,#809,#810,#811,#812));
#1619=EDGE_LOOP('',(#813));
#1620=EDGE_LOOP('',(#814));
#1621=FACE_BOUND('',#1479,.T.);
#1622=FACE_BOUND('',#1480,.T.);
#1623=FACE_BOUND('',#1481,.T.);
#1624=FACE_BOUND('',#1482,.T.);
#1625=FACE_BOUND('',#1483,.T.);
#1626=FACE_BOUND('',#1484,.T.);
#1627=FACE_BOUND('',#1485,.T.);
#1628=FACE_BOUND('',#1486,.T.);
#1629=FACE_BOUND('',#1487,.T.);
#1630=FACE_BOUND('',#1488,.T.);
#1631=FACE_BOUND('',#1489,.T.);
#1632=FACE_BOUND('',#1490,.T.);
#1633=FACE_BOUND('',#1491,.T.);
#1634=FACE_BOUND('',#1492,.T.);
#1635=FACE_BOUND('',#1493,.T.);
#1636=FACE_BOUND('',#1494,.T.);
#1637=FACE_BOUND('',#1495,.T.);
#1638=FACE_BOUND('',#1496,.T.);
#1639=FACE_BOUND('',#1497,.T.);
#1640=FACE_BOUND('',#1498,.T.);
#1641=FACE_BOUND('',#1499,.T.);
#1642=FACE_BOUND('',#1500,.T.);
#1643=FACE_BOUND('',#1501,.T.);
#1644=FACE_BOUND('',#1502,.T.);
#1645=FACE_BOUND('',#1503,.T.);
#1646=FACE_BOUND('',#1504,.T.);
#1647=FACE_BOUND('',#1505,.T.);
#1648=FACE_BOUND('',#1506,.T.);
#1649=FACE_BOUND('',#1507,.T.);
#1650=FACE_BOUND('',#1508,.T.);
#1651=FACE_BOUND('',#1509,.T.);
#1652=FACE_BOUND('',#1510,.T.);
#1653=FACE_BOUND('',#1511,.T.);
#1654=FACE_BOUND('',#1512,.T.);
#1655=FACE_BOUND('',#1513,.T.);
#1656=FACE_BOUND('',#1514,.T.);
#1657=FACE_BOUND('',#1515,.T.);
#1658=FACE_BOUND('',#1516,.T.);
#1659=FACE_BOUND('',#1517,.T.);
#1660=FACE_BOUND('',#1518,.T.);
#1661=FACE_BOUND('',#1519,.T.);
#1662=FACE_BOUND('',#1520,.T.);
#1663=FACE_BOUND('',#1521,.T.);
#1664=FACE_BOUND('',#1522,.T.);
#1665=FACE_BOUND('',#1523,.T.);
#1666=FACE_BOUND('',#1524,.T.);
#1667=FACE_BOUND('',#1525,.T.);
#1668=FACE_BOUND('',#1526,.T.);
#1669=FACE_BOUND('',#1527,.T.);
#1670=FACE_BOUND('',#1528,.T.);
#1671=FACE_BOUND('',#1529,.T.);
#1672=FACE_BOUND('',#1530,.T.);
#1673=FACE_BOUND('',#1531,.T.);
#1674=FACE_BOUND('',#1532,.T.);
#1675=FACE_BOUND('',#1533,.T.);
#1676=FACE_BOUND('',#1534,.T.);
#1677=FACE_BOUND('',#1535,.T.);
#1678=FACE_BOUND('',#1536,.T.);
#1679=FACE_BOUND('',#1537,.T.);
#1680=FACE_BOUND('',#1538,.T.);
#1681=FACE_BOUND('',#1539,.T.);
#1682=FACE_BOUND('',#1540,.T.);
#1683=FACE_BOUND('',#1541,.T.);
#1684=FACE_BOUND('',#1542,.T.);
#1685=FACE_BOUND('',#1543,.T.);
#1686=FACE_BOUND('',#1544,.T.);
#1687=FACE_BOUND('',#1545,.T.);
#1688=FACE_BOUND('',#1546,.T.);
#1689=FACE_BOUND('',#1547,.T.);
#1690=FACE_BOUND('',#1548,.T.);
#1691=FACE_BOUND('',#1549,.T.);
#1692=FACE_BOUND('',#1550,.T.);
#1693=FACE_BOUND('',#1551,.T.);
#1694=FACE_BOUND('',#1552,.T.);
#1695=FACE_BOUND('',#1553,.T.);
#1696=FACE_BOUND('',#1554,.T.);
#1697=FACE_BOUND('',#1555,.T.);
#1698=FACE_BOUND('',#1556,.T.);
#1699=FACE_BOUND('',#1557,.T.);
#1700=FACE_BOUND('',#1558,.T.);
#1701=FACE_BOUND('',#1559,.T.);
#1702=FACE_BOUND('',#1560,.T.);
#1703=FACE_BOUND('',#1561,.T.);
#1704=FACE_BOUND('',#1562,.T.);
#1705=FACE_BOUND('',#1563,.T.);
#1706=FACE_BOUND('',#1564,.T.);
#1707=FACE_BOUND('',#1565,.T.);
#1708=FACE_BOUND('',#1566,.T.);
#1709=FACE_BOUND('',#1567,.T.);
#1710=FACE_BOUND('',#1568,.T.);
#1711=FACE_BOUND('',#1569,.T.);
#1712=FACE_BOUND('',#1570,.T.);
#1713=FACE_BOUND('',#1571,.T.);
#1714=FACE_BOUND('',#1572,.T.);
#1715=FACE_BOUND('',#1573,.T.);
#1716=FACE_BOUND('',#1574,.T.);
#1717=FACE_BOUND('',#1575,.T.);
#1718=FACE_BOUND('',#1576,.T.);
#1719=FACE_BOUND('',#1577,.T.);
#1720=FACE_BOUND('',#1578,.T.);
#1721=FACE_BOUND('',#1579,.T.);
#1722=FACE_BOUND('',#1580,.T.);
#1723=FACE_BOUND('',#1581,.T.);
#1724=FACE_BOUND('',#1582,.T.);
#1725=FACE_BOUND('',#1583,.T.);
#1726=FACE_BOUND('',#1584,.T.);
#1727=FACE_BOUND('',#1585,.T.);
#1728=FACE_BOUND('',#1586,.T.);
#1729=FACE_BOUND('',#1587,.T.);
#1730=FACE_BOUND('',#1588,.T.);
#1731=FACE_BOUND('',#1589,.T.);
#1732=FACE_BOUND('',#1590,.T.);
#1733=FACE_BOUND('',#1591,.T.);
#1734=FACE_BOUND('',#1592,.T.);
#1735=FACE_BOUND('',#1593,.T.);
#1736=FACE_BOUND('',#1594,.T.);
#1737=FACE_BOUND('',#1595,.T.);
#1738=FACE_BOUND('',#1596,.T.);
#1739=FACE_BOUND('',#1597,.T.);
#1740=FACE_BOUND('',#1598,.T.);
#1741=FACE_BOUND('',#1599,.T.);
#1742=FACE_BOUND('',#1600,.T.);
#1743=FACE_BOUND('',#1601,.T.);
#1744=FACE_BOUND('',#1602,.T.);
#1745=FACE_BOUND('',#1603,.T.);
#1746=FACE_BOUND('',#1604,.T.);
#1747=FACE_BOUND('',#1605,.T.);
#1748=FACE_BOUND('',#1606,.T.);
#1749=FACE_BOUND('',#1607,.T.);
#1750=FACE_BOUND('',#1608,.T.);
#1751=FACE_BOUND('',#1609,.T.);
#1752=FACE_BOUND('',#1610,.T.);
#1753=FACE_BOUND('',#1611,.T.);
#1754=FACE_BOUND('',#1612,.T.);
#1755=FACE_BOUND('',#1613,.T.);
#1756=FACE_BOUND('',#1614,.T.);
#1757=FACE_BOUND('',#1615,.T.);
#1758=FACE_BOUND('',#1616,.T.);
#1759=FACE_BOUND('',#1617,.T.);
#1760=FACE_BOUND('',#1618,.T.);
#1761=FACE_BOUND('',#1619,.T.);
#1762=FACE_BOUND('',#1620,.T.);
#1763=PLANE('',#1943);
#1764=PLANE('',#1945);
#1765=PLANE('',#1946);
#1766=PLANE('',#1948);
#1767=PLANE('',#1949);
#1768=PLANE('',#1950);
#1769=PLANE('',#1951);
#1770=PLANE('',#1952);
#1771=PLANE('',#1960);
#1772=PLANE('',#1964);
#1773=PLANE('',#1968);
#1774=PLANE('',#1972);
#1775=PLANE('',#1976);
#1776=PLANE('',#1980);
#1777=PLANE('',#1984);
#1778=PLANE('',#1985);
#1779=PLANE('',#1998);
#1780=PLANE('',#1999);
#1781=PLANE('',#2001);
#1782=PLANE('',#2003);
#1783=PLANE('',#2005);
#1784=PLANE('',#2007);
#1785=PLANE('',#2010);
#1786=PLANE('',#2011);
#1787=PLANE('',#2012);
#1788=PLANE('',#2017);
#1789=PLANE('',#2018);
#1790=PLANE('',#2019);
#1791=PLANE('',#2020);
#1792=PLANE('',#2021);
#1793=PLANE('',#2022);
#1794=PLANE('',#2023);
#1795=PLANE('',#2026);
#1796=PLANE('',#2028);
#1797=PLANE('',#2030);
#1798=PLANE('',#2031);
#1799=PLANE('',#2032);
#1800=PLANE('',#2033);
#1801=PLANE('',#2034);
#1802=PLANE('',#2035);
#1803=PLANE('',#2036);
#1804=PLANE('',#2037);
#1805=PLANE('',#2038);
#1806=PLANE('',#2039);
#1807=PLANE('',#2041);
#1808=PLANE('',#2042);
#1809=PLANE('',#2043);
#1810=PLANE('',#2044);
#1811=PLANE('',#2045);
#1812=PLANE('',#2046);
#1813=PLANE('',#2047);
#1814=PLANE('',#2048);
#1815=PLANE('',#2049);
#1816=ADVANCED_FACE('',(#1621),#1763,.T.);
#1817=ADVANCED_FACE('',(#1622),#1764,.T.);
#1818=ADVANCED_FACE('',(#1623),#1765,.T.);
#1819=ADVANCED_FACE('',(#1624),#1766,.T.);
#1820=ADVANCED_FACE('',(#1625),#1767,.T.);
#1821=ADVANCED_FACE('',(#1626),#1768,.F.);
#1822=ADVANCED_FACE('',(#1627),#1769,.T.);
#1823=ADVANCED_FACE('',(#1628,#1629,#1630,#1631,#1632,#1633),#1770,.T.);
#1824=ADVANCED_FACE('',(#1634),#61,.F.);
#1825=ADVANCED_FACE('',(#1635),#1771,.F.);
#1826=ADVANCED_FACE('',(#1636),#62,.F.);
#1827=ADVANCED_FACE('',(#1637),#1772,.F.);
#1828=ADVANCED_FACE('',(#1638),#63,.F.);
#1829=ADVANCED_FACE('',(#1639),#1773,.T.);
#1830=ADVANCED_FACE('',(#1640),#64,.F.);
#1831=ADVANCED_FACE('',(#1641),#1774,.T.);
#1832=ADVANCED_FACE('',(#1642,#1643),#65,.T.);
#1833=ADVANCED_FACE('',(#1644,#1645),#1775,.T.);
#1834=ADVANCED_FACE('',(#1646,#1647),#66,.F.);
#1835=ADVANCED_FACE('',(#1648,#1649),#1776,.T.);
#1836=ADVANCED_FACE('',(#1650,#1651),#67,.F.);
#1837=ADVANCED_FACE('',(#1652),#1777,.T.);
#1838=ADVANCED_FACE('',(#1653,#1654),#1778,.T.);
#1839=ADVANCED_FACE('',(#1655,#1656),#68,.F.);
#1840=ADVANCED_FACE('',(#1657,#1658),#69,.F.);
#1841=ADVANCED_FACE('',(#1659,#1660),#70,.F.);
#1842=ADVANCED_FACE('',(#1661,#1662),#71,.F.);
#1843=ADVANCED_FACE('',(#1663),#15,.F.);
#1844=ADVANCED_FACE('',(#1664,#1665,#1666),#1779,.F.);
#1845=ADVANCED_FACE('',(#1667),#16,.F.);
#1846=ADVANCED_FACE('',(#1668,#1669),#1780,.T.);
#1847=ADVANCED_FACE('',(#1670,#1671),#1781,.T.);
#1848=ADVANCED_FACE('',(#1672,#1673),#1782,.T.);
#1849=ADVANCED_FACE('',(#1674,#1675),#1783,.T.);
#1850=ADVANCED_FACE('',(#1676),#17,.T.);
#1851=ADVANCED_FACE('',(#1677),#1784,.T.);
#1852=ADVANCED_FACE('',(#1678),#18,.T.);
#1853=ADVANCED_FACE('',(#1679),#1785,.F.);
#1854=ADVANCED_FACE('',(#1680),#19,.T.);
#1855=ADVANCED_FACE('',(#1681),#1786,.F.);
#1856=ADVANCED_FACE('',(#1682),#20,.T.);
#1857=ADVANCED_FACE('',(#1683),#1787,.T.);
#1858=ADVANCED_FACE('',(#1684,#1685),#72,.F.);
#1859=ADVANCED_FACE('',(#1686,#1687),#73,.F.);
#1860=ADVANCED_FACE('',(#1688,#1689),#74,.F.);
#1861=ADVANCED_FACE('',(#1690,#1691),#75,.F.);
#1862=ADVANCED_FACE('',(#1692),#1788,.T.);
#1863=ADVANCED_FACE('',(#1693),#21,.F.);
#1864=ADVANCED_FACE('',(#1694),#22,.F.);
#1865=ADVANCED_FACE('',(#1695),#1789,.F.);
#1866=ADVANCED_FACE('',(#1696),#23,.F.);
#1867=ADVANCED_FACE('',(#1697),#24,.F.);
#1868=ADVANCED_FACE('',(#1698),#1790,.T.);
#1869=ADVANCED_FACE('',(#1699),#25,.F.);
#1870=ADVANCED_FACE('',(#1700),#26,.F.);
#1871=ADVANCED_FACE('',(#1701),#1791,.F.);
#1872=ADVANCED_FACE('',(#1702),#27,.F.);
#1873=ADVANCED_FACE('',(#1703),#28,.F.);
#1874=ADVANCED_FACE('',(#1704),#1792,.T.);
#1875=ADVANCED_FACE('',(#1705),#1793,.T.);
#1876=ADVANCED_FACE('',(#1706,#1707),#1794,.T.);
#1877=ADVANCED_FACE('',(#1708),#1795,.T.);
#1878=ADVANCED_FACE('',(#1709),#13,.F.);
#1879=ADVANCED_FACE('',(#1710),#1796,.T.);
#1880=ADVANCED_FACE('',(#1711),#14,.F.);
#1881=ADVANCED_FACE('',(#1712),#1797,.F.);
#1882=ADVANCED_FACE('',(#1713),#1798,.F.);
#1883=ADVANCED_FACE('',(#1714),#1799,.T.);
#1884=ADVANCED_FACE('',(#1715),#1800,.T.);
#1885=ADVANCED_FACE('',(#1716),#1801,.F.);
#1886=ADVANCED_FACE('',(#1717),#1802,.T.);
#1887=ADVANCED_FACE('',(#1718),#1803,.F.);
#1888=ADVANCED_FACE('',(#1719),#1804,.T.);
#1889=ADVANCED_FACE('',(#1720),#1805,.F.);
#1890=ADVANCED_FACE('',(#1721),#29,.T.);
#1891=ADVANCED_FACE('',(#1722),#30,.T.);
#1892=ADVANCED_FACE('',(#1723),#31,.F.);
#1893=ADVANCED_FACE('',(#1724),#32,.F.);
#1894=ADVANCED_FACE('',(#1725),#33,.T.);
#1895=ADVANCED_FACE('',(#1726),#34,.F.);
#1896=ADVANCED_FACE('',(#1727),#35,.T.);
#1897=ADVANCED_FACE('',(#1728),#36,.T.);
#1898=ADVANCED_FACE('',(#1729),#37,.F.);
#1899=ADVANCED_FACE('',(#1730),#38,.F.);
#1900=ADVANCED_FACE('',(#1731),#39,.T.);
#1901=ADVANCED_FACE('',(#1732),#40,.F.);
#1902=ADVANCED_FACE('',(#1733),#41,.T.);
#1903=ADVANCED_FACE('',(#1734),#42,.T.);
#1904=ADVANCED_FACE('',(#1735),#43,.T.);
#1905=ADVANCED_FACE('',(#1736),#44,.T.);
#1906=ADVANCED_FACE('',(#1737),#45,.T.);
#1907=ADVANCED_FACE('',(#1738),#46,.T.);
#1908=ADVANCED_FACE('',(#1739),#47,.T.);
#1909=ADVANCED_FACE('',(#1740),#48,.T.);
#1910=ADVANCED_FACE('',(#1741,#1742),#1806,.F.);
#1911=ADVANCED_FACE('',(#1743),#49,.F.);
#1912=ADVANCED_FACE('',(#1744),#50,.F.);
#1913=ADVANCED_FACE('',(#1745),#1807,.T.);
#1914=ADVANCED_FACE('',(#1746),#51,.F.);
#1915=ADVANCED_FACE('',(#1747),#52,.F.);
#1916=ADVANCED_FACE('',(#1748),#1808,.F.);
#1917=ADVANCED_FACE('',(#1749),#1809,.T.);
#1918=ADVANCED_FACE('',(#1750),#53,.F.);
#1919=ADVANCED_FACE('',(#1751),#54,.F.);
#1920=ADVANCED_FACE('',(#1752),#1810,.T.);
#1921=ADVANCED_FACE('',(#1753),#1811,.T.);
#1922=ADVANCED_FACE('',(#1754),#55,.F.);
#1923=ADVANCED_FACE('',(#1755),#56,.F.);
#1924=ADVANCED_FACE('',(#1756),#1812,.F.);
#1925=ADVANCED_FACE('',(#1757),#1813,.T.);
#1926=ADVANCED_FACE('',(#1758),#1814,.T.);
#1927=ADVANCED_FACE('',(#1759,#1760),#1815,.T.);
#1928=ADVANCED_FACE('',(#1761,#1762),#76,.T.);
#1929=CLOSED_SHELL('',(#1816,#1817,#1818,#1819,#1820,#1821,#1822,#1823,
#1824,#1825,#1826,#1827,#1828,#1829,#1830,#1831,#1832,#1833,#1834,#1835,
#1836,#1837,#1838,#1839,#1840,#1841,#1842,#1843,#1844,#1845,#1846,#1847,
#1848,#1849,#1850,#1851,#1852,#1853,#1854,#1855,#1856,#1857,#1858,#1859,
#1860,#1861,#1862,#1863,#1864,#1865,#1866,#1867,#1868,#1869,#1870,#1871,
#1872,#1873,#1874,#1875,#1876,#1877,#1878,#1879,#1880,#1881,#1882,#1883,
#1884,#1885,#1886,#1887,#1888,#1889,#1890,#1891,#1892,#1893,#1894,#1895,
#1896,#1897,#1898,#1899,#1900,#1901,#1902,#1903,#1904,#1905,#1906,#1907,
#1908,#1909));
#1930=CLOSED_SHELL('',(#1910,#1911,#1912,#1913,#1914,#1915,#1916,#1917,
#1918,#1919,#1920,#1921,#1922,#1923,#1924,#1925,#1926,#1927,#1928));
#1931=STYLED_ITEM('',(#1932),#1939);
#1932=PRESENTATION_STYLE_ASSIGNMENT((#1933));
#1933=SURFACE_STYLE_USAGE(.BOTH.,#1934);
#1934=SURFACE_SIDE_STYLE('',(#1935));
#1935=SURFACE_STYLE_FILL_AREA(#1936);
#1936=FILL_AREA_STYLE('',(#1937));
#1937=FILL_AREA_STYLE_COLOUR('',#1938);
#1938=DRAUGHTING_PRE_DEFINED_COLOUR('black');
#1939=BREP_WITH_VOIDS('BottomCase',#1929,(#12));
#1940=SHAPE_DEFINITION_REPRESENTATION(#4222,#1941);
#1941=SHAPE_REPRESENTATION('BottomCase',(#1942),#4217);
#1942=AXIS2_PLACEMENT_3D('',#2370,#2052,#2053);
#1943=AXIS2_PLACEMENT_3D('',#2371,#2054,#2055);
#1944=AXIS2_PLACEMENT_3D('',#2393,#2060,#2061);
#1945=AXIS2_PLACEMENT_3D('',#2396,#2063,#2064);
#1946=AXIS2_PLACEMENT_3D('',#2411,#2067,#2068);
#1947=AXIS2_PLACEMENT_3D('',#2433,#2073,#2074);
#1948=AXIS2_PLACEMENT_3D('',#2436,#2076,#2077);
#1949=AXIS2_PLACEMENT_3D('',#2451,#2080,#2081);
#1950=AXIS2_PLACEMENT_3D('',#2466,#2084,#2085);
#1951=AXIS2_PLACEMENT_3D('',#2482,#2089,#2090);
#1952=AXIS2_PLACEMENT_3D('',#2498,#2094,#2095);
#1953=AXIS2_PLACEMENT_3D('',#2523,#2102,#2103);
#1954=AXIS2_PLACEMENT_3D('',#2525,#2104,#2105);
#1955=AXIS2_PLACEMENT_3D('',#2527,#2106,#2107);
#1956=AXIS2_PLACEMENT_3D('',#2529,#2108,#2109);
#1957=AXIS2_PLACEMENT_3D('',#2567,#2118,#2119);
#1958=AXIS2_PLACEMENT_3D('',#2579,#2121,#2122);
#1959=AXIS2_PLACEMENT_3D('',#2583,#2124,#2125);
#1960=AXIS2_PLACEMENT_3D('',#2584,#2126,#2127);
#1961=AXIS2_PLACEMENT_3D('',#2589,#2131,#2132);
#1962=AXIS2_PLACEMENT_3D('',#2590,#2133,#2134);
#1963=AXIS2_PLACEMENT_3D('',#2594,#2136,#2137);
#1964=AXIS2_PLACEMENT_3D('',#2597,#2139,#2140);
#1965=AXIS2_PLACEMENT_3D('',#2603,#2144,#2145);
#1966=AXIS2_PLACEMENT_3D('',#2604,#2146,#2147);
#1967=AXIS2_PLACEMENT_3D('',#2609,#2150,#2151);
#1968=AXIS2_PLACEMENT_3D('',#2610,#2152,#2153);
#1969=AXIS2_PLACEMENT_3D('',#2616,#2157,#2158);
#1970=AXIS2_PLACEMENT_3D('',#2620,#2160,#2161);
#1971=AXIS2_PLACEMENT_3D('',#2629,#2162,#2163);
#1972=AXIS2_PLACEMENT_3D('',#2630,#2164,#2165);
#1973=AXIS2_PLACEMENT_3D('',#2633,#2168,#2169);
#1974=AXIS2_PLACEMENT_3D('',#2634,#2170,#2171);
#1975=AXIS2_PLACEMENT_3D('',#2636,#2172,#2173);
#1976=AXIS2_PLACEMENT_3D('',#2638,#2174,#2175);
#1977=AXIS2_PLACEMENT_3D('',#2639,#2176,#2177);
#1978=AXIS2_PLACEMENT_3D('',#2641,#2178,#2179);
#1979=AXIS2_PLACEMENT_3D('',#2642,#2180,#2181);
#1980=AXIS2_PLACEMENT_3D('',#2644,#2182,#2183);
#1981=AXIS2_PLACEMENT_3D('',#2645,#2184,#2185);
#1982=AXIS2_PLACEMENT_3D('',#2647,#2186,#2187);
#1983=AXIS2_PLACEMENT_3D('',#2648,#2188,#2189);
#1984=AXIS2_PLACEMENT_3D('',#2650,#2190,#2191);
#1985=AXIS2_PLACEMENT_3D('',#2651,#2192,#2193);
#1986=AXIS2_PLACEMENT_3D('',#2697,#2199,#2200);
#1987=AXIS2_PLACEMENT_3D('',#2698,#2201,#2202);
#1988=AXIS2_PLACEMENT_3D('',#2700,#2203,#2204);
#1989=AXIS2_PLACEMENT_3D('',#2702,#2205,#2206);
#1990=AXIS2_PLACEMENT_3D('',#2703,#2207,#2208);
#1991=AXIS2_PLACEMENT_3D('',#2705,#2209,#2210);
#1992=AXIS2_PLACEMENT_3D('',#2707,#2211,#2212);
#1993=AXIS2_PLACEMENT_3D('',#2708,#2213,#2214);
#1994=AXIS2_PLACEMENT_3D('',#2710,#2215,#2216);
#1995=AXIS2_PLACEMENT_3D('',#2712,#2217,#2218);
#1996=AXIS2_PLACEMENT_3D('',#2713,#2219,#2220);
#1997=AXIS2_PLACEMENT_3D('',#2715,#2221,#2222);
#1998=AXIS2_PLACEMENT_3D('',#2748,#2223,#2224);
#1999=AXIS2_PLACEMENT_3D('',#2844,#2225,#2226);
#2000=AXIS2_PLACEMENT_3D('',#2845,#2227,#2228);
#2001=AXIS2_PLACEMENT_3D('',#2847,#2229,#2230);
#2002=AXIS2_PLACEMENT_3D('',#2848,#2231,#2232);
#2003=AXIS2_PLACEMENT_3D('',#2850,#2233,#2234);
#2004=AXIS2_PLACEMENT_3D('',#2851,#2235,#2236);
#2005=AXIS2_PLACEMENT_3D('',#2853,#2237,#2238);
#2006=AXIS2_PLACEMENT_3D('',#2854,#2239,#2240);
#2007=AXIS2_PLACEMENT_3D('',#2872,#2241,#2242);
#2008=AXIS2_PLACEMENT_3D('',#2879,#2244,#2245);
#2009=AXIS2_PLACEMENT_3D('',#2883,#2247,#2248);
#2010=AXIS2_PLACEMENT_3D('',#2902,#2250,#2251);
#2011=AXIS2_PLACEMENT_3D('',#2932,#2252,#2253);
#2012=AXIS2_PLACEMENT_3D('',#2962,#2254,#2255);
#2013=AXIS2_PLACEMENT_3D('',#2967,#2256,#2257);
#2014=AXIS2_PLACEMENT_3D('',#2968,#2258,#2259);
#2015=AXIS2_PLACEMENT_3D('',#2969,#2260,#2261);
#2016=AXIS2_PLACEMENT_3D('',#2970,#2262,#2263);
#2017=AXIS2_PLACEMENT_3D('',#2971,#2264,#2265);
#2018=AXIS2_PLACEMENT_3D('',#3057,#2275,#2276);
#2019=AXIS2_PLACEMENT_3D('',#3082,#2277,#2278);
#2020=AXIS2_PLACEMENT_3D('',#3107,#2279,#2280);
#2021=AXIS2_PLACEMENT_3D('',#3132,#2281,#2282);
#2022=AXIS2_PLACEMENT_3D('',#3133,#2283,#2284);
#2023=AXIS2_PLACEMENT_3D('',#3134,#2285,#2286);
#2024=AXIS2_PLACEMENT_3D('',#3135,#2287,#2288);
#2025=AXIS2_PLACEMENT_3D('',#3141,#2291,#2292);
#2026=AXIS2_PLACEMENT_3D('',#3144,#2294,#2295);
#2027=AXIS2_PLACEMENT_3D('',#3146,#2297,#2298);
#2028=AXIS2_PLACEMENT_3D('',#3148,#2300,#2301);
#2029=AXIS2_PLACEMENT_3D('',#3150,#2303,#2304);
#2030=AXIS2_PLACEMENT_3D('',#3152,#2306,#2307);
#2031=AXIS2_PLACEMENT_3D('',#3153,#2308,#2309);
#2032=AXIS2_PLACEMENT_3D('',#3172,#2310,#2311);
#2033=AXIS2_PLACEMENT_3D('',#3182,#2312,#2313);
#2034=AXIS2_PLACEMENT_3D('',#3192,#2314,#2315);
#2035=AXIS2_PLACEMENT_3D('',#3194,#2317,#2318);
#2036=AXIS2_PLACEMENT_3D('',#3197,#2321,#2322);
#2037=AXIS2_PLACEMENT_3D('',#3198,#2323,#2324);
#2038=AXIS2_PLACEMENT_3D('',#3200,#2326,#2327);
#2039=AXIS2_PLACEMENT_3D('',#3969,#2328,#2329);
#2040=AXIS2_PLACEMENT_3D('',#4018,#2338,#2339);
#2041=AXIS2_PLACEMENT_3D('',#4064,#2340,#2341);
#2042=AXIS2_PLACEMENT_3D('',#4110,#2343,#2344);
#2043=AXIS2_PLACEMENT_3D('',#4112,#2346,#2347);
#2044=AXIS2_PLACEMENT_3D('',#4158,#2349,#2350);
#2045=AXIS2_PLACEMENT_3D('',#4160,#2352,#2353);
#2046=AXIS2_PLACEMENT_3D('',#4206,#2355,#2356);
#2047=AXIS2_PLACEMENT_3D('',#4208,#2358,#2359);
#2048=AXIS2_PLACEMENT_3D('',#4210,#2361,#2362);
#2049=AXIS2_PLACEMENT_3D('',#4212,#2364,#2365);
#2050=AXIS2_PLACEMENT_3D('',#4213,#2366,#2367);
#2051=AXIS2_PLACEMENT_3D('',#4215,#2368,#2369);
#2052=DIRECTION('',(0.,0.,1.));
#2053=DIRECTION('',(1.,0.,0.));
#2054=DIRECTION('',(0.,-1.,0.));
#2055=DIRECTION('',(0.,0.,-1.));
#2056=DIRECTION('',(1.,0.,0.));
#2057=DIRECTION('',(0.,0.,1.));
#2058=DIRECTION('',(-1.,0.,0.));
#2059=DIRECTION('',(-1.,0.,0.));
#2060=DIRECTION('',(0.,-1.,0.));
#2061=DIRECTION('',(0.,0.,-1.));
#2062=DIRECTION('',(0.,0.,1.));
#2063=DIRECTION('',(-1.,0.,0.));
#2064=DIRECTION('',(0.,0.,1.));
#2065=DIRECTION('',(0.,1.,0.));
#2066=DIRECTION('',(0.,1.,0.));
#2067=DIRECTION('',(0.,-1.,0.));
#2068=DIRECTION('',(0.,0.,-1.));
#2069=DIRECTION('',(-1.,0.,0.));
#2070=DIRECTION('',(0.,0.,1.));
#2071=DIRECTION('',(1.,0.,0.));
#2072=DIRECTION('',(0.,0.,1.));
#2073=DIRECTION('',(0.,-1.,0.));
#2074=DIRECTION('',(0.,0.,-1.));
#2075=DIRECTION('',(-1.,0.,0.));
#2076=DIRECTION('',(1.,0.,0.));
#2077=DIRECTION('',(0.,0.,-1.));
#2078=DIRECTION('',(0.,-1.,0.));
#2079=DIRECTION('',(0.,-1.,0.));
#2080=DIRECTION('',(0.,1.,0.));
#2081=DIRECTION('',(0.,0.,1.));
#2082=DIRECTION('',(1.,0.,0.));
#2083=DIRECTION('',(1.,0.,0.));
#2084=DIRECTION('',(-1.,0.,0.));
#2085=DIRECTION('',(0.,0.,1.));
#2086=DIRECTION('',(0.,-1.,0.));
#2087=DIRECTION('',(0.,0.,-1.));
#2088=DIRECTION('',(0.,1.,0.));
#2089=DIRECTION('',(-1.,0.,0.));
#2090=DIRECTION('',(0.,0.,1.));
#2091=DIRECTION('',(0.,-1.,0.));
#2092=DIRECTION('',(0.,1.,0.));
#2093=DIRECTION('',(0.,0.,-1.));
#2094=DIRECTION('',(0.,0.,1.));
#2095=DIRECTION('',(1.,0.,0.));
#2096=DIRECTION('',(-1.,0.,0.));
#2097=DIRECTION('',(-1.,0.,0.));
#2098=DIRECTION('',(-1.,0.,0.));
#2099=DIRECTION('',(0.,-1.,0.));
#2100=DIRECTION('',(-1.,0.,0.));
#2101=DIRECTION('',(0.,-1.,0.));
#2102=DIRECTION('',(0.,0.,-1.));
#2103=DIRECTION('',(1.,0.,0.));
#2104=DIRECTION('',(0.,0.,1.));
#2105=DIRECTION('',(1.,0.,0.));
#2106=DIRECTION('',(0.,0.,-1.));
#2107=DIRECTION('',(1.,0.,0.));
#2108=DIRECTION('',(0.,0.,1.));
#2109=DIRECTION('',(1.,0.,0.));
#2110=DIRECTION('',(0.707106781186548,0.707106781186548,0.));
#2111=DIRECTION('',(-1.,0.,0.));
#2112=DIRECTION('',(-0.707106781186548,0.707106781186548,0.));
#2113=DIRECTION('',(-1.,0.,0.));
#2114=DIRECTION('',(0.,-1.,0.));
#2115=DIRECTION('',(-1.,0.,0.));
#2116=DIRECTION('',(0.,-1.,0.));
#2117=DIRECTION('',(-1.,0.,0.));
#2118=DIRECTION('',(0.,1.,0.));
#2119=DIRECTION('',(0.,0.,1.));
#2120=DIRECTION('',(0.,1.,0.));
#2121=DIRECTION('',(0.,1.,0.));
#2122=DIRECTION('',(0.,0.,1.));
#2123=DIRECTION('',(0.,1.,0.));
#2124=DIRECTION('',(0.,1.,0.));
#2125=DIRECTION('',(0.,0.,1.));
#2126=DIRECTION('',(1.,0.,0.));
#2127=DIRECTION('',(0.,0.,-1.));
#2128=DIRECTION('',(0.,0.,-1.));
#2129=DIRECTION('',(0.,1.,0.));
#2130=DIRECTION('',(0.,1.,0.));
#2131=DIRECTION('',(0.,1.,0.));
#2132=DIRECTION('',(0.,0.,1.));
#2133=DIRECTION('',(0.,1.,0.));
#2134=DIRECTION('',(0.,0.,1.));
#2135=DIRECTION('',(0.,1.,0.));
#2136=DIRECTION('',(0.,1.,0.));
#2137=DIRECTION('',(0.,0.,1.));
#2138=DIRECTION('',(0.,1.,0.));
#2139=DIRECTION('',(0.,0.,-1.));
#2140=DIRECTION('',(-1.,0.,0.));
#2141=DIRECTION('',(-1.,0.,0.));
#2142=DIRECTION('',(0.,1.,0.));
#2143=DIRECTION('',(-1.,0.,0.));
#2144=DIRECTION('',(0.,1.,0.));
#2145=DIRECTION('',(0.,0.,1.));
#2146=DIRECTION('',(0.,1.,0.));
#2147=DIRECTION('',(0.,0.,1.));
#2148=DIRECTION('',(0.,1.,0.));
#2149=DIRECTION('',(0.,1.,0.));
#2150=DIRECTION('',(0.,1.,0.));
#2151=DIRECTION('',(0.,0.,1.));
#2152=DIRECTION('',(1.,0.,0.));
#2153=DIRECTION('',(0.,0.,-1.));
#2154=DIRECTION('',(0.,0.,-1.));
#2155=DIRECTION('',(0.,1.,0.));
#2156=DIRECTION('',(0.,1.,0.));
#2157=DIRECTION('',(0.,1.,0.));
#2158=DIRECTION('',(0.,0.,1.));
#2159=DIRECTION('',(0.,1.,0.));
#2160=DIRECTION('',(0.,1.,0.));
#2161=DIRECTION('',(0.,0.,1.));
#2162=DIRECTION('',(0.,1.,0.));
#2163=DIRECTION('',(0.,0.,1.));
#2164=DIRECTION('',(0.,0.,-1.));
#2165=DIRECTION('',(-1.,0.,0.));
#2166=DIRECTION('',(1.,0.,0.));
#2167=DIRECTION('',(-1.,0.,0.));
#2168=DIRECTION('',(0.,0.,-1.));
#2169=DIRECTION('',(-1.,0.,0.));
#2170=DIRECTION('',(0.,0.,1.));
#2171=DIRECTION('',(1.,0.,0.));
#2172=DIRECTION('',(0.,0.,1.));
#2173=DIRECTION('',(1.,0.,0.));
#2174=DIRECTION('',(0.,0.,1.));
#2175=DIRECTION('',(1.,0.,0.));
#2176=DIRECTION('',(0.,0.,1.));
#2177=DIRECTION('',(1.,0.,0.));
#2178=DIRECTION('',(0.,0.,1.));
#2179=DIRECTION('',(1.,0.,0.));
#2180=DIRECTION('',(0.,0.,1.));
#2181=DIRECTION('',(1.,0.,0.));
#2182=DIRECTION('',(0.,0.,1.));
#2183=DIRECTION('',(1.,0.,0.));
#2184=DIRECTION('',(0.,0.,1.));
#2185=DIRECTION('',(1.,0.,0.));
#2186=DIRECTION('',(0.,0.,-1.));
#2187=DIRECTION('',(-1.,0.,0.));
#2188=DIRECTION('',(0.,0.,1.));
#2189=DIRECTION('',(1.,0.,0.));
#2190=DIRECTION('',(0.,0.,1.));
#2191=DIRECTION('',(1.,0.,0.));
#2192=DIRECTION('',(0.,0.,1.));
#2193=DIRECTION('',(1.,0.,0.));
#2194=DIRECTION('',(-1.,0.,0.));
#2195=DIRECTION('',(-0.707106781186548,-0.707106781186548,0.));
#2196=DIRECTION('',(-0.707106781186548,0.707106781186548,0.));
#2197=DIRECTION('',(0.707106781186548,0.707106781186548,0.));
#2198=DIRECTION('',(0.707106781186548,-0.707106781186548,0.));
#2199=DIRECTION('',(0.,0.,-1.));
#2200=DIRECTION('',(-1.,0.,0.));
#2201=DIRECTION('',(-2.22044604925031E-16,0.,1.));
#2202=DIRECTION('',(1.,0.,2.22044604925031E-16));
#2203=DIRECTION('',(0.,0.0871557427476582,0.996194698091746));
#2204=DIRECTION('',(0.,0.996194698091746,-0.0871557427476582));
#2205=DIRECTION('',(0.,0.,-1.));
#2206=DIRECTION('',(-1.,0.,0.));
#2207=DIRECTION('',(-2.22044604925031E-16,0.,1.));
#2208=DIRECTION('',(1.,0.,2.22044604925031E-16));
#2209=DIRECTION('',(0.,0.0871557427476582,0.996194698091746));
#2210=DIRECTION('',(0.,0.996194698091746,-0.0871557427476582));
#2211=DIRECTION('',(0.,0.,-1.));
#2212=DIRECTION('',(-1.,0.,0.));
#2213=DIRECTION('',(-2.22044604925031E-16,0.,1.));
#2214=DIRECTION('',(1.,0.,2.22044604925031E-16));
#2215=DIRECTION('',(0.,0.0871557427476582,0.996194698091746));
#2216=DIRECTION('',(0.,0.996194698091746,-0.0871557427476582));
#2217=DIRECTION('',(0.,0.,-1.));
#2218=DIRECTION('',(-1.,0.,0.));
#2219=DIRECTION('',(-2.22044604925031E-16,0.,1.));
#2220=DIRECTION('',(1.,0.,2.22044604925031E-16));
#2221=DIRECTION('',(0.,0.0871557427476582,0.996194698091746));
#2222=DIRECTION('',(0.,0.996194698091746,-0.0871557427476582));
#2223=DIRECTION('',(0.,0.0871557427476582,0.996194698091746));
#2224=DIRECTION('',(1.,0.,0.));
#2225=DIRECTION('',(0.,0.,-1.));
#2226=DIRECTION('',(1.,0.,0.));
#2227=DIRECTION('',(0.,0.,-1.));
#2228=DIRECTION('',(-1.,0.,0.));
#2229=DIRECTION('',(0.,0.,-1.));
#2230=DIRECTION('',(1.,0.,0.));
#2231=DIRECTION('',(0.,0.,-1.));
#2232=DIRECTION('',(-1.,0.,0.));
#2233=DIRECTION('',(0.,0.,-1.));
#2234=DIRECTION('',(1.,0.,0.));
#2235=DIRECTION('',(0.,0.,-1.));
#2236=DIRECTION('',(-1.,0.,0.));
#2237=DIRECTION('',(0.,0.,-1.));
#2238=DIRECTION('',(1.,0.,0.));
#2239=DIRECTION('',(0.,0.,-1.));
#2240=DIRECTION('',(-1.,0.,0.));
#2241=DIRECTION('',(0.,1.,0.));
#2242=DIRECTION('',(0.,0.,1.));
#2243=DIRECTION('',(0.,0.,-1.));
#2244=DIRECTION('',(0.,1.,0.));
#2245=DIRECTION('',(0.,0.,1.));
#2246=DIRECTION('',(1.,0.,-1.23363288210868E-16));
#2247=DIRECTION('',(0.,1.,0.));
#2248=DIRECTION('',(0.,0.,1.));
#2249=DIRECTION('',(0.,0.,1.));
#2250=DIRECTION('',(-1.,0.,0.));
#2251=DIRECTION('',(0.,0.,1.));
#2252=DIRECTION('',(0.,1.,0.));
#2253=DIRECTION('',(0.,0.,1.));
#2254=DIRECTION('',(-1.,0.,0.));
#2255=DIRECTION('',(0.,0.,1.));
#2256=DIRECTION('',(0.,0.,1.));
#2257=DIRECTION('',(1.,0.,0.));
#2258=DIRECTION('',(0.,0.,1.));
#2259=DIRECTION('',(1.,0.,0.));
#2260=DIRECTION('',(0.,0.,1.));
#2261=DIRECTION('',(1.,0.,0.));
#2262=DIRECTION('',(0.,0.,1.));
#2263=DIRECTION('',(1.,0.,0.));
#2264=DIRECTION('',(0.,0.,1.));
#2265=DIRECTION('',(1.,0.,0.));
#2266=DIRECTION('',(0.707106781186548,0.707106781186548,0.));
#2267=DIRECTION('',(-0.707106781186548,0.707106781186548,0.));
#2268=DIRECTION('',(-0.707106781186548,-0.707106781186548,0.));
#2269=DIRECTION('',(1.,0.,0.));
#2270=DIRECTION('',(0.,1.,0.));
#2271=DIRECTION('',(1.,0.,0.));
#2272=DIRECTION('',(0.,1.,0.));
#2273=DIRECTION('',(1.,0.,0.));
#2274=DIRECTION('',(0.707106781186548,-0.707106781186548,0.));
#2275=DIRECTION('',(-0.707106781186548,-0.707106781186548,0.));
#2276=DIRECTION('',(0.707106781186548,-0.707106781186548,0.));
#2277=DIRECTION('',(0.707106781186548,-0.707106781186548,0.));
#2278=DIRECTION('',(0.707106781186548,0.707106781186548,0.));
#2279=DIRECTION('',(0.707106781186548,0.707106781186548,0.));
#2280=DIRECTION('',(-0.707106781186548,0.707106781186548,0.));
#2281=DIRECTION('',(-0.707106781186548,0.707106781186548,0.));
#2282=DIRECTION('',(-0.707106781186548,-0.707106781186548,0.));
#2283=DIRECTION('',(0.,1.,0.));
#2284=DIRECTION('',(-1.,0.,0.));
#2285=DIRECTION('',(0.,1.,0.));
#2286=DIRECTION('',(-1.,0.,0.));
#2287=DIRECTION('',(0.,1.,0.));
#2288=DIRECTION('',(0.,0.,1.));
#2289=DIRECTION('',(0.,0.,1.));
#2290=DIRECTION('',(0.,0.,1.));
#2291=DIRECTION('',(0.,1.,0.));
#2292=DIRECTION('',(0.,0.,1.));
#2293=DIRECTION('',(-1.,0.,1.23363288210868E-16));
#2294=DIRECTION('',(0.707106781186548,0.707106781186548,0.));
#2295=DIRECTION('',(0.,0.,1.));
#2296=DIRECTION('',(0.707106781186548,-0.707106781186548,0.));
#2297=DIRECTION('',(0.,1.,0.));
#2298=DIRECTION('',(0.,0.,1.));
#2299=DIRECTION('',(0.,-0.707106781186548,0.707106781186548));
#2300=DIRECTION('',(8.72310176433755E-17,0.707106781186548,0.707106781186548));
#2301=DIRECTION('',(-1.,0.,1.23363288210868E-16));
#2302=DIRECTION('',(6.1331736667335E-17,-0.707106781186548,0.707106781186547));
#2303=DIRECTION('',(0.,1.,0.));
#2304=DIRECTION('',(0.,0.,1.));
#2305=DIRECTION('',(-0.707106781186548,-0.707106781186548,0.));
#2306=DIRECTION('',(0.707106781186548,-0.707106781186548,0.));
#2307=DIRECTION('',(0.,0.,-1.));
#2308=DIRECTION('',(0.,1.,0.));
#2309=DIRECTION('',(-1.,0.,0.));
#2310=DIRECTION('',(0.,0.,1.));
#2311=DIRECTION('',(1.,0.,0.));
#2312=DIRECTION('',(0.,0.,1.));
#2313=DIRECTION('',(1.,0.,0.));
#2314=DIRECTION('',(0.,1.,0.));
#2315=DIRECTION('',(0.,0.,1.));
#2316=DIRECTION('',(0.,0.,1.));
#2317=DIRECTION('',(0.,1.,0.));
#2318=DIRECTION('',(0.,0.,1.));
#2319=DIRECTION('',(0.,0.,1.));
#2320=DIRECTION('',(0.,0.,1.));
#2321=DIRECTION('',(-1.,0.,0.));
#2322=DIRECTION('',(0.,0.,1.));
#2323=DIRECTION('',(-1.,0.,0.));
#2324=DIRECTION('',(0.,0.,1.));
#2325=DIRECTION('',(0.,0.,1.));
#2326=DIRECTION('',(0.,1.,0.));
#2327=DIRECTION('',(0.,0.,1.));
#2328=DIRECTION('',(0.,0.,1.));
#2329=DIRECTION('',(1.,0.,0.));
#2330=DIRECTION('',(0.707106781186548,0.707106781186548,0.));
#2331=DIRECTION('',(1.,0.,0.));
#2332=DIRECTION('',(-0.707106781186548,0.707106781186548,0.));
#2333=DIRECTION('',(0.,-1.,0.));
#2334=DIRECTION('',(-0.707106781186548,-0.707106781186548,0.));
#2335=DIRECTION('',(-1.,0.,0.));
#2336=DIRECTION('',(0.707106781186548,-0.707106781186548,0.));
#2337=DIRECTION('',(0.,1.,0.));
#2338=DIRECTION('',(0.,0.,1.));
#2339=DIRECTION('',(1.,0.,0.));
#2340=DIRECTION('',(-0.707106781186548,0.707106781186548,0.));
#2341=DIRECTION('',(-0.707106781186548,-0.707106781186548,0.));
#2342=DIRECTION('',(0.707106781186548,0.707106781186548,0.));
#2343=DIRECTION('',(0.707106781186548,0.707106781186548,0.));
#2344=DIRECTION('',(-0.707106781186548,0.707106781186548,0.));
#2345=DIRECTION('',(0.707106781186548,-0.707106781186548,0.));
#2346=DIRECTION('',(-1.,0.,0.));
#2347=DIRECTION('',(0.,0.,1.));
#2348=DIRECTION('',(0.,1.,0.));
#2349=DIRECTION('',(0.707106781186548,-0.707106781186548,0.));
#2350=DIRECTION('',(0.707106781186548,0.707106781186548,0.));
#2351=DIRECTION('',(-0.707106781186548,-0.707106781186548,0.));
#2352=DIRECTION('',(0.,-1.,0.));
#2353=DIRECTION('',(0.,0.,-1.));
#2354=DIRECTION('',(-1.,0.,0.));
#2355=DIRECTION('',(-0.707106781186548,-0.707106781186548,0.));
#2356=DIRECTION('',(0.707106781186548,-0.707106781186548,0.));
#2357=DIRECTION('',(-0.707106781186548,0.707106781186548,0.));
#2358=DIRECTION('',(1.,0.,0.));
#2359=DIRECTION('',(0.,0.,-1.));
#2360=DIRECTION('',(0.,-1.,0.));
#2361=DIRECTION('',(0.,1.,0.));
#2362=DIRECTION('',(0.,0.,1.));
#2363=DIRECTION('',(1.,0.,0.));
#2364=DIRECTION('',(0.,0.,1.));
#2365=DIRECTION('',(1.,0.,0.));
#2366=DIRECTION('',(0.,0.,1.));
#2367=DIRECTION('',(1.,0.,0.));
#2368=DIRECTION('',(0.,0.,-1.));
#2369=DIRECTION('',(-1.,0.,0.));
#2370=CARTESIAN_POINT('',(0.,0.,0.));
#2371=CARTESIAN_POINT('',(-0.0286286796564404,0.02775,0.01));
#2372=CARTESIAN_POINT('',(0.00818766810668046,0.02775,0.004805));
#2373=CARTESIAN_POINT('',(-0.00873549999999821,0.02775,0.004805));
#2374=CARTESIAN_POINT('',(-0.00545549999999927,0.02775,0.004805));
#2375=CARTESIAN_POINT('',(-0.00873549999999821,0.02775,0.004805));
#2376=CARTESIAN_POINT('',(-0.00887093295083839,0.02775,0.004805));
#2377=CARTESIAN_POINT('',(-0.00913651374744178,0.02775,0.00482763954764455));
#2378=CARTESIAN_POINT('',(-0.00964221254165271,0.02775,0.00509322619038788));
#2379=CARTESIAN_POINT('',(-0.00973549999999821,0.02775,0.00553259411615288));
#2380=CARTESIAN_POINT('',(-0.00973549999999821,0.02775,0.005805));
#2381=CARTESIAN_POINT('',(-0.00973549999999821,0.02775,0.005805));
#2382=CARTESIAN_POINT('',(-0.00973549999999821,0.02775,0.0074025));
#2383=CARTESIAN_POINT('',(-0.00973549999999821,0.02775,0.007));
#2384=CARTESIAN_POINT('',(-0.0286286796564404,0.02775,0.007));
#2385=CARTESIAN_POINT('',(-0.023607864376269,0.02775,0.007));
#2386=CARTESIAN_POINT('',(-0.023607864376269,0.02775,0.007));
#2387=CARTESIAN_POINT('',(-0.023607864376269,0.02775,0.00553166666666667));
#2388=CARTESIAN_POINT('',(-0.023607864376269,0.02775,0.00406333333333333));
#2389=CARTESIAN_POINT('',(-0.023607864376269,0.02775,0.002595));
#2390=CARTESIAN_POINT('',(-0.023607864376269,0.02775,0.002595));
#2391=CARTESIAN_POINT('',(-0.0286286796564404,0.02775,0.002595));
#2392=CARTESIAN_POINT('',(-0.00518755080756814,0.02775,0.002595));
#2393=CARTESIAN_POINT('',(-0.00345549999999927,0.02775,0.003595));
#2394=CARTESIAN_POINT('',(-0.00545549999999927,0.02775,0.003595));
#2395=CARTESIAN_POINT('',(-0.00545549999999927,0.02775,0.01));
#2396=CARTESIAN_POINT('',(0.03075,0.0256286796564403,0.01));
#2397=CARTESIAN_POINT('',(0.03075,-0.020607864376269,0.002595));
#2398=CARTESIAN_POINT('',(0.03075,-0.020607864376269,0.00406333333333333));
#2399=CARTESIAN_POINT('',(0.03075,-0.020607864376269,0.00553166666666667));
#2400=CARTESIAN_POINT('',(0.03075,-0.020607864376269,0.007));
#2401=CARTESIAN_POINT('',(0.03075,-0.0206078643762691,0.002595));
#2402=CARTESIAN_POINT('',(0.03075,-0.0206078643762691,0.007));
#2403=CARTESIAN_POINT('',(0.03075,0.0256286796564403,0.007));
#2404=CARTESIAN_POINT('',(0.03075,0.0206078643762691,0.007));
#2405=CARTESIAN_POINT('',(0.03075,0.020607864376269,0.007));
#2406=CARTESIAN_POINT('',(0.03075,0.020607864376269,0.00553166666666667));
#2407=CARTESIAN_POINT('',(0.03075,0.020607864376269,0.00406333333333333));
#2408=CARTESIAN_POINT('',(0.03075,0.020607864376269,0.002595));
#2409=CARTESIAN_POINT('',(0.03075,0.0206078643762691,0.002595));
#2410=CARTESIAN_POINT('',(0.03075,0.0256286796564403,0.002595));
#2411=CARTESIAN_POINT('',(-0.0286286796564404,0.02775,0.01));
#2412=CARTESIAN_POINT('',(0.023607864376269,0.02775,0.002595));
#2413=CARTESIAN_POINT('',(0.023607864376269,0.02775,0.00406333333333333));
#2414=CARTESIAN_POINT('',(0.023607864376269,0.02775,0.00553166666666667));
#2415=CARTESIAN_POINT('',(0.023607864376269,0.02775,0.007));
#2416=CARTESIAN_POINT('',(0.023607864376269,0.02775,0.002595));
#2417=CARTESIAN_POINT('',(0.023607864376269,0.02775,0.007));
#2418=CARTESIAN_POINT('',(-0.0286286796564404,0.02775,0.007));
#2419=CARTESIAN_POINT('',(0.00973549999999821,0.02775,0.007));
#2420=CARTESIAN_POINT('',(0.00973549999999821,0.02775,0.0074025));
#2421=CARTESIAN_POINT('',(0.00973549999999821,0.02775,0.005805));
#2422=CARTESIAN_POINT('',(0.00973549999999821,0.02775,0.005805));
#2423=CARTESIAN_POINT('',(0.00973549999999821,0.02775,0.00566956704915982));
#2424=CARTESIAN_POINT('',(0.00971286045235366,0.02775,0.00540398625255642));
#2425=CARTESIAN_POINT('',(0.00944727380961035,0.02775,0.00489828745834552));
#2426=CARTESIAN_POINT('',(0.00900790588384533,0.02775,0.004805));
#2427=CARTESIAN_POINT('',(0.00873549999999821,0.02775,0.004805));
#2428=CARTESIAN_POINT('',(0.00873549999999821,0.02775,0.004805));
#2429=CARTESIAN_POINT('',(0.00818766810668046,0.02775,0.004805));
#2430=CARTESIAN_POINT('',(0.00548450000000073,0.02775,0.004805));
#2431=CARTESIAN_POINT('',(0.00548450000000073,0.02775,0.01));
#2432=CARTESIAN_POINT('',(0.00548450000000073,0.02775,0.003595));
#2433=CARTESIAN_POINT('',(0.00348450000000073,0.02775,0.003595));
#2434=CARTESIAN_POINT('',(0.0052165508075696,0.02775,0.002595));
#2435=CARTESIAN_POINT('',(-0.0286286796564404,0.02775,0.002595));
#2436=CARTESIAN_POINT('',(-0.03075,-0.0256286796564403,0.01));
#2437=CARTESIAN_POINT('',(-0.03075,0.020607864376269,0.002595));
#2438=CARTESIAN_POINT('',(-0.03075,0.020607864376269,0.00406333333333333));
#2439=CARTESIAN_POINT('',(-0.03075,0.020607864376269,0.00553166666666667));
#2440=CARTESIAN_POINT('',(-0.03075,0.020607864376269,0.007));
#2441=CARTESIAN_POINT('',(-0.03075,0.0206078643762691,0.002595));
#2442=CARTESIAN_POINT('',(-0.03075,0.0206078643762691,0.007));
#2443=CARTESIAN_POINT('',(-0.03075,-0.0256286796564403,0.007));
#2444=CARTESIAN_POINT('',(-0.03075,-0.0206078643762691,0.007));
#2445=CARTESIAN_POINT('',(-0.03075,-0.020607864376269,0.007));
#2446=CARTESIAN_POINT('',(-0.03075,-0.020607864376269,0.00553166666666667));
#2447=CARTESIAN_POINT('',(-0.03075,-0.020607864376269,0.00406333333333333));
#2448=CARTESIAN_POINT('',(-0.03075,-0.020607864376269,0.002595));
#2449=CARTESIAN_POINT('',(-0.03075,-0.0206078643762691,0.002595));
#2450=CARTESIAN_POINT('',(-0.03075,-0.0256286796564403,0.002595));
#2451=CARTESIAN_POINT('',(0.0286286796564404,-0.02775,0.01));
#2452=CARTESIAN_POINT('',(-0.023607864376269,-0.02775,0.002595));
#2453=CARTESIAN_POINT('',(-0.023607864376269,-0.02775,0.00406333333333333));
#2454=CARTESIAN_POINT('',(-0.023607864376269,-0.02775,0.00553166666666667));
#2455=CARTESIAN_POINT('',(-0.023607864376269,-0.02775,0.007));
#2456=CARTESIAN_POINT('',(-0.023607864376269,-0.02775,0.002595));
#2457=CARTESIAN_POINT('',(-0.023607864376269,-0.02775,0.007));
#2458=CARTESIAN_POINT('',(0.0286286796564404,-0.02775,0.007));
#2459=CARTESIAN_POINT('',(0.023607864376269,-0.02775,0.007));
#2460=CARTESIAN_POINT('',(0.023607864376269,-0.02775,0.007));
#2461=CARTESIAN_POINT('',(0.023607864376269,-0.02775,0.00553166666666667));
#2462=CARTESIAN_POINT('',(0.023607864376269,-0.02775,0.00406333333333333));
#2463=CARTESIAN_POINT('',(0.023607864376269,-0.02775,0.002595));
#2464=CARTESIAN_POINT('',(0.023607864376269,-0.02775,0.002595));
#2465=CARTESIAN_POINT('',(0.0286286796564404,-0.02775,0.002595));
#2466=CARTESIAN_POINT('',(-0.00973549999999821,0.0295379849999953,0.0074025));
#2467=CARTESIAN_POINT('',(-0.00973549999999821,0.0277499999999998,0.005805));
#2468=CARTESIAN_POINT('',(-0.00973549999999821,0.0280126616666649,0.005805));
#2469=CARTESIAN_POINT('',(-0.00973549999999821,0.02827532333333,0.005805));
#2470=CARTESIAN_POINT('',(-0.00973549999999821,0.0285379849999951,0.005805));
#2471=CARTESIAN_POINT('',(-0.00973549999999821,0.0285379849999951,0.005805));
#2472=CARTESIAN_POINT('',(-0.00973549999999821,0.0285379849999953,0.00580500000000003));
#2473=CARTESIAN_POINT('',(-0.00973549999999821,0.0285379849999953,0.00720333333333335));
#2474=CARTESIAN_POINT('',(-0.00973549999999821,0.0285379849999953,0.00860166666666668));
#2475=CARTESIAN_POINT('',(-0.00973549999999821,0.0285379849999953,0.01));
#2476=CARTESIAN_POINT('',(-0.00973549999999821,0.0285379849999952,0.01));
#2477=CARTESIAN_POINT('',(-0.00973549999999821,0.0295379849999953,0.01));
#2478=CARTESIAN_POINT('',(-0.00973549999999821,0.02795,0.01));
#2479=CARTESIAN_POINT('',(-0.00973549999999821,0.02795,0.0074025));
#2480=CARTESIAN_POINT('',(-0.00973549999999821,0.02795,0.007));
#2481=CARTESIAN_POINT('',(-0.00973549999999821,0.0295379849999953,0.007));
#2482=CARTESIAN_POINT('',(0.00973549999999821,0.0295379849999953,0.0074025));
#2483=CARTESIAN_POINT('',(0.00973549999999821,0.0295379849999953,0.01));
#2484=CARTESIAN_POINT('',(0.00973549999999821,0.0285379849999953,0.01));
#2485=CARTESIAN_POINT('',(0.00973549999999821,0.02795,0.01));
#2486=CARTESIAN_POINT('',(0.00973549999999821,0.0285379849999953,0.0100000000000001));
#2487=CARTESIAN_POINT('',(0.00973549999999821,0.0285379849999953,0.00860166666666513));
#2488=CARTESIAN_POINT('',(0.00973549999999821,0.0285379849999953,0.00720333333333019));
#2489=CARTESIAN_POINT('',(0.00973549999999821,0.0285379849999953,0.00580499999999525));
#2490=CARTESIAN_POINT('',(0.00973549999999821,0.0285379849999951,0.005805));
#2491=CARTESIAN_POINT('',(0.00973549999999821,0.0285379849999951,0.005805));
#2492=CARTESIAN_POINT('',(0.00973549999999821,0.02827532333333,0.005805));
#2493=CARTESIAN_POINT('',(0.00973549999999821,0.0280126616666649,0.005805));
#2494=CARTESIAN_POINT('',(0.00973549999999821,0.0277499999999998,0.005805));
#2495=CARTESIAN_POINT('',(0.00973549999999821,0.0295379849999953,0.007));
#2496=CARTESIAN_POINT('',(0.00973549999999821,0.02795,0.007));
#2497=CARTESIAN_POINT('',(0.00973549999999821,0.02795,0.0074025));
#2498=CARTESIAN_POINT('',(0.,0.,0.01));
#2499=CARTESIAN_POINT('',(0.,0.02795,0.01));
#2500=CARTESIAN_POINT('',(-0.03095,0.02795,0.01));
#2501=CARTESIAN_POINT('',(-0.00973549999999821,0.0285379849999953,0.01));
#2502=CARTESIAN_POINT('',(-0.00973549999999821,0.0286734179508354,0.01));
#2503=CARTESIAN_POINT('',(-0.00971286045235365,0.0289389987474388,0.01));
#2504=CARTESIAN_POINT('',(-0.00944727380961037,0.0294446975416497,0.01));
#2505=CARTESIAN_POINT('',(-0.00900790588384532,0.0295379849999953,0.01));
#2506=CARTESIAN_POINT('',(-0.00873549999999821,0.0295379849999953,0.01));
#2507=CARTESIAN_POINT('',(-0.00873549999999821,0.0295379849999953,0.01));
#2508=CARTESIAN_POINT('',(0.0035,0.0295379849999953,0.01));
#2509=CARTESIAN_POINT('',(0.00873549999999821,0.0295379849999953,0.01));
#2510=CARTESIAN_POINT('',(0.00873549999999821,0.0295379849999953,0.01));
#2511=CARTESIAN_POINT('',(0.0088709329508384,0.0295379849999953,0.01));
#2512=CARTESIAN_POINT('',(0.00913651374744181,0.0295153454523507,0.01));
#2513=CARTESIAN_POINT('',(0.0096422125416527,0.0292497588096073,0.01));
#2514=CARTESIAN_POINT('',(0.00973549999999821,0.0288103908838423,0.01));
#2515=CARTESIAN_POINT('',(0.00973549999999821,0.0285379849999952,0.01));
#2516=CARTESIAN_POINT('',(0.,0.02795,0.01));
#2517=CARTESIAN_POINT('',(0.03095,0.02795,0.01));
#2518=CARTESIAN_POINT('',(0.03095,0.,0.01));
#2519=CARTESIAN_POINT('',(0.03095,-0.02795,0.01));
#2520=CARTESIAN_POINT('',(0.,-0.02795,0.01));
#2521=CARTESIAN_POINT('',(-0.03095,-0.02795,0.01));
#2522=CARTESIAN_POINT('',(-0.03095,0.,0.01));
#2523=CARTESIAN_POINT('',(-0.0333483759114203,-0.0300948758225013,0.01));
#2524=CARTESIAN_POINT('',(-0.0316483759114203,-0.0300948758225013,0.01));
#2525=CARTESIAN_POINT('',(0.0333483759114203,-0.0300948758225013,0.01));
#2526=CARTESIAN_POINT('',(0.0350483759114203,-0.0300948758225013,0.01));
#2527=CARTESIAN_POINT('',(0.0333483759114203,0.0300948758225013,0.01));
#2528=CARTESIAN_POINT('',(0.0350483759114203,0.0300948758225013,0.01));
#2529=CARTESIAN_POINT('',(-0.0333483759114203,0.0300948758225013,0.01));
#2530=CARTESIAN_POINT('',(-0.0316483759114203,0.0300948758225013,0.01));
#2531=CARTESIAN_POINT('',(-0.0115550818933186,0.0115550818933186,0.01));
#2532=CARTESIAN_POINT('',(0.0116398362133627,0.03475,0.01));
#2533=CARTESIAN_POINT('',(0.00692782121336237,0.0300379849999996,0.01));
#2534=CARTESIAN_POINT('',(0.0035,0.0300379849999996,0.01));
#2535=CARTESIAN_POINT('',(-0.0068988212133609,0.0300379849999996,0.01));
#2536=CARTESIAN_POINT('',(0.0115695818933194,0.0115695818933194,0.01));
#2537=CARTESIAN_POINT('',(-0.0116108362133612,0.03475,0.01));
#2538=CARTESIAN_POINT('',(0.0035,0.03475,0.01));
#2539=CARTESIAN_POINT('',(-0.0305067567567567,0.03475,0.01));
#2540=CARTESIAN_POINT('',(-0.0305067567567567,0.03475,0.01));
#2541=CARTESIAN_POINT('',(-0.0358400900900901,0.03475,0.01));
#2542=CARTESIAN_POINT('',(-0.0385067567567568,0.0320833333333333,0.01));
#2543=CARTESIAN_POINT('',(-0.0385067567567568,0.02675,0.01));
#2544=CARTESIAN_POINT('',(-0.0385067567567568,0.02675,0.01));
#2545=CARTESIAN_POINT('',(-0.0385067567567568,0.02875,0.01));
#2546=CARTESIAN_POINT('',(-0.0385067567567568,-0.02675,0.01));
#2547=CARTESIAN_POINT('',(-0.0385067567567568,-0.02675,0.01));
#2548=CARTESIAN_POINT('',(-0.0385067567567568,-0.0320833333333333,0.01));
#2549=CARTESIAN_POINT('',(-0.0358400900900901,-0.03475,0.01));
#2550=CARTESIAN_POINT('',(-0.0305067567567567,-0.03475,0.01));
#2551=CARTESIAN_POINT('',(-0.0305067567567567,-0.03475,0.01));
#2552=CARTESIAN_POINT('',(0.,-0.03475,0.01));
#2553=CARTESIAN_POINT('',(0.0305067567567567,-0.03475,0.01));
#2554=CARTESIAN_POINT('',(0.0305067567567567,-0.03475,0.01));
#2555=CARTESIAN_POINT('',(0.0358400900900901,-0.03475,0.01));
#2556=CARTESIAN_POINT('',(0.0385067567567568,-0.0320833333333333,0.01));
#2557=CARTESIAN_POINT('',(0.0385067567567568,-0.02675,0.01));
#2558=CARTESIAN_POINT('',(0.0385067567567568,-0.02675,0.01));
#2559=CARTESIAN_POINT('',(0.0385067567567568,0.,0.01));
#2560=CARTESIAN_POINT('',(0.0385067567567568,0.02675,0.01));
#2561=CARTESIAN_POINT('',(0.0385067567567568,0.02675,0.01));
#2562=CARTESIAN_POINT('',(0.0385067567567568,0.0320833333333333,0.01));
#2563=CARTESIAN_POINT('',(0.0358400900900901,0.03475,0.01));
#2564=CARTESIAN_POINT('',(0.0305067567567567,0.03475,0.01));
#2565=CARTESIAN_POINT('',(0.0305067567567567,0.03475,0.01));
#2566=CARTESIAN_POINT('',(0.0035,0.03475,0.01));
#2567=CARTESIAN_POINT('',(0.00348450000000073,0.00975,0.004805));
#2568=CARTESIAN_POINT('',(0.00548450000000073,0.00975,0.004805));
#2569=CARTESIAN_POINT('',(0.00548450000000073,0.0285379849999953,0.004805));
#2570=CARTESIAN_POINT('',(0.00548450000000073,0.0300379849999996,0.004805));
#2571=CARTESIAN_POINT('',(0.00548450000000073,0.0285379849999953,0.004805));
#2572=CARTESIAN_POINT('',(0.00548450000000073,0.0286773139406943,0.004805));
#2573=CARTESIAN_POINT('',(0.00548483536785622,0.0289513500618348,0.00482943719403792));
#2574=CARTESIAN_POINT('',(0.00547903863637546,0.0293360057937882,0.00504022431240362));
#2575=CARTESIAN_POINT('',(0.00540024561660806,0.0295196365164538,0.00542937029553634));
#2576=CARTESIAN_POINT('',(0.00528657330455739,0.0295379849999952,0.00568371747754433));
#2577=CARTESIAN_POINT('',(0.00521655080756961,0.0295379849999953,0.005805));
#2578=CARTESIAN_POINT('',(0.00521655080756965,0.0295379849999953,0.005805));
#2579=CARTESIAN_POINT('',(0.00348450000000073,0.0295379849999953,0.004805));
#2580=CARTESIAN_POINT('',(0.00348450000000073,0.0295379849999953,0.006805));
#2581=CARTESIAN_POINT('',(0.00348450000000073,0.00975,0.006805));
#2582=CARTESIAN_POINT('',(0.00348450000000073,0.0300379849999996,0.006805));
#2583=CARTESIAN_POINT('',(0.00348450000000073,0.0300379849999996,0.004805));
#2584=CARTESIAN_POINT('',(0.00548450000000073,0.00975,0.0042));
#2585=CARTESIAN_POINT('',(0.00548450000000073,0.0300379849999996,0.0042));
#2586=CARTESIAN_POINT('',(0.00548450000000073,0.0300379849999996,0.003595));
#2587=CARTESIAN_POINT('',(0.00548450000000073,0.00975,0.003595));
#2588=CARTESIAN_POINT('',(0.00548450000000073,0.00975,0.004805));
#2589=CARTESIAN_POINT('',(0.00348450000000073,0.00975,0.003595));
#2590=CARTESIAN_POINT('',(0.00348450000000073,0.0300379849999996,0.003595));
#2591=CARTESIAN_POINT('',(0.00348450000000073,0.0300379849999996,0.001595));
#2592=CARTESIAN_POINT('',(0.00348450000000073,0.00975,0.001595));
#2593=CARTESIAN_POINT('',(0.00348450000000073,0.00975,0.001595));
#2594=CARTESIAN_POINT('',(0.00348450000000073,0.00975,0.003595));
#2595=CARTESIAN_POINT('',(0.0052165508075696,0.00975,0.002595));
#2596=CARTESIAN_POINT('',(0.0052165508075696,0.00975,0.002595));
#2597=CARTESIAN_POINT('',(1.45000000007309E-5,0.00975,0.001595));
#2598=CARTESIAN_POINT('',(1.45000000007309E-5,0.0300379849999996,0.001595));
#2599=CARTESIAN_POINT('',(-0.00345549999999927,0.0300379849999996,0.001595));
#2600=CARTESIAN_POINT('',(-0.00345549999999927,0.00975,0.001595));
#2601=CARTESIAN_POINT('',(-0.00345549999999927,0.00975,0.001595));
#2602=CARTESIAN_POINT('',(1.45000000007309E-5,0.00975,0.001595));
#2603=CARTESIAN_POINT('',(-0.00345549999999927,0.00975,0.003595));
#2604=CARTESIAN_POINT('',(-0.00345549999999927,0.0300379849999996,0.003595));
#2605=CARTESIAN_POINT('',(-0.00545549999999927,0.0300379849999996,0.003595));
#2606=CARTESIAN_POINT('',(-0.00545549999999927,0.00975,0.003595));
#2607=CARTESIAN_POINT('',(-0.00518755080756814,0.00975,0.002595));
#2608=CARTESIAN_POINT('',(-0.00518755080756814,0.00975,0.002595));
#2609=CARTESIAN_POINT('',(-0.00345549999999927,0.00975,0.003595));
#2610=CARTESIAN_POINT('',(-0.00545549999999927,0.00975,0.0042));
#2611=CARTESIAN_POINT('',(-0.00545549999999927,0.0300379849999996,0.0042));
#2612=CARTESIAN_POINT('',(-0.00545549999999927,0.0300379849999996,0.004805));
#2613=CARTESIAN_POINT('',(-0.00545549999999927,0.00975,0.004805));
#2614=CARTESIAN_POINT('',(-0.00545549999999927,0.0285379849999953,0.004805));
#2615=CARTESIAN_POINT('',(-0.00545549999999927,0.00975,0.004805));
#2616=CARTESIAN_POINT('',(-0.00345549999999927,0.00975,0.004805));
#2617=CARTESIAN_POINT('',(-0.00345549999999927,0.00975,0.006805));
#2618=CARTESIAN_POINT('',(-0.00345549999999927,0.0295379849999953,0.006805));
#2619=CARTESIAN_POINT('',(-0.00345549999999927,0.0300379849999996,0.006805));
#2620=CARTESIAN_POINT('',(-0.00345549999999927,0.0295379849999953,0.004805));
#2621=CARTESIAN_POINT('',(-0.00518755080756815,0.0295379849999953,0.005805));
#2622=CARTESIAN_POINT('',(-0.00518755080756815,0.0295379849999952,0.005805));
#2623=CARTESIAN_POINT('',(-0.00525737185463535,0.0295379849999952,0.00568406639904195));
#2624=CARTESIAN_POINT('',(-0.00537043666372249,0.0295199745116631,0.00543150204916588));
#2625=CARTESIAN_POINT('',(-0.00544984643866468,0.0293375167399255,0.00504236803690906));
#2626=CARTESIAN_POINT('',(-0.00545584784155034,0.0289559267074204,0.0048303983671073));
#2627=CARTESIAN_POINT('',(-0.00545549999999927,0.028677769346051,0.004805));
#2628=CARTESIAN_POINT('',(-0.00545549999999927,0.0285379849999953,0.004805));
#2629=CARTESIAN_POINT('',(-0.00345549999999927,0.0300379849999996,0.004805));
#2630=CARTESIAN_POINT('',(1.45000000007309E-5,0.00975,0.006805));
#2631=CARTESIAN_POINT('',(1.45000000007309E-5,0.0295379849999953,0.006805));
#2632=CARTESIAN_POINT('',(1.45000000007309E-5,0.0300379849999996,0.006805));
#2633=CARTESIAN_POINT('',(-0.00925,-0.00625,0.007002));
#2634=CARTESIAN_POINT('',(-0.00925,-0.00625,0.002595));
#2635=CARTESIAN_POINT('',(-0.00425,-0.00625,0.002595));
#2636=CARTESIAN_POINT('',(-0.00925,-0.00625,0.007));
#2637=CARTESIAN_POINT('',(-0.00425,-0.00625,0.007));
#2638=CARTESIAN_POINT('',(-0.08625,0.06225,0.007));
#2639=CARTESIAN_POINT('',(-0.00925,-0.00625,0.007));
#2640=CARTESIAN_POINT('',(-0.0069,-0.00625,0.007));
#2641=CARTESIAN_POINT('',(-0.00925,-0.00625,0.003));
#2642=CARTESIAN_POINT('',(-0.00925,-0.00625,0.003));
#2643=CARTESIAN_POINT('',(-0.0069,-0.00625,0.003));
#2644=CARTESIAN_POINT('',(0.,6.93889390390723E-18,0.003));
#2645=CARTESIAN_POINT('',(-0.00925,-0.00625,0.003));
#2646=CARTESIAN_POINT('',(-0.00755,-0.00625,0.003));
#2647=CARTESIAN_POINT('',(-0.00925,-0.00625,0.007002));
#2648=CARTESIAN_POINT('',(-0.00925,-0.00625,-0.0052));
#2649=CARTESIAN_POINT('',(-0.00755,-0.00625,-0.0052));
#2650=CARTESIAN_POINT('',(0.,6.93889390390723E-18,-0.0052));
#2651=CARTESIAN_POINT('',(0.,0.,0.002595));
#2652=CARTESIAN_POINT('',(0.,0.00975,0.002595));
#2653=CARTESIAN_POINT('',(-0.023607864376269,0.02775,0.002595));
#2654=CARTESIAN_POINT('',(-0.0255408610006768,0.02775,0.002595));
#2655=CARTESIAN_POINT('',(-0.0271907768234454,0.0270665824894353,0.002595));
#2656=CARTESIAN_POINT('',(-0.0285576118445749,0.0256997474683059,0.002595));
#2657=CARTESIAN_POINT('',(-0.0285576118445749,0.0256997474683059,0.002595));
#2658=CARTESIAN_POINT('',(-0.0286286796564404,0.0256286796564403,0.002595));
#2659=CARTESIAN_POINT('',(-0.0286997474683059,0.0255576118445749,0.002595));
#2660=CARTESIAN_POINT('',(-0.0286997474683059,0.0255576118445749,0.002595));
#2661=CARTESIAN_POINT('',(-0.0300665824894353,0.0241907768234454,0.002595));
#2662=CARTESIAN_POINT('',(-0.03075,0.0225408610006768,0.002595));
#2663=CARTESIAN_POINT('',(-0.03075,0.0206078643762691,0.002595));
#2664=CARTESIAN_POINT('',(-0.03075,-0.0206078643762691,0.002595));
#2665=CARTESIAN_POINT('',(-0.03075,-0.0225408610006768,0.002595));
#2666=CARTESIAN_POINT('',(-0.0300665824894353,-0.0241907768234454,0.002595));
#2667=CARTESIAN_POINT('',(-0.0286997474683059,-0.0255576118445749,0.002595));
#2668=CARTESIAN_POINT('',(-0.0286997474683059,-0.0255576118445749,0.002595));
#2669=CARTESIAN_POINT('',(-0.0286286796564404,-0.0256286796564403,0.002595));
#2670=CARTESIAN_POINT('',(-0.0285576118445749,-0.0256997474683059,0.002595));
#2671=CARTESIAN_POINT('',(-0.0285576118445749,-0.0256997474683059,0.002595));
#2672=CARTESIAN_POINT('',(-0.0271907768234454,-0.0270665824894353,0.002595));
#2673=CARTESIAN_POINT('',(-0.0255408610006768,-0.02775,0.002595));
#2674=CARTESIAN_POINT('',(-0.023607864376269,-0.02775,0.002595));
#2675=CARTESIAN_POINT('',(0.023607864376269,-0.02775,0.002595));
#2676=CARTESIAN_POINT('',(0.0255408610006768,-0.02775,0.002595));
#2677=CARTESIAN_POINT('',(0.0271907768234454,-0.0270665824894353,0.002595));
#2678=CARTESIAN_POINT('',(0.0285576118445749,-0.0256997474683059,0.002595));
#2679=CARTESIAN_POINT('',(0.0285576118445749,-0.0256997474683059,0.002595));
#2680=CARTESIAN_POINT('',(0.0286286796564404,-0.0256286796564403,0.002595));
#2681=CARTESIAN_POINT('',(0.0286997474683059,-0.0255576118445749,0.002595));
#2682=CARTESIAN_POINT('',(0.0286997474683059,-0.0255576118445749,0.002595));
#2683=CARTESIAN_POINT('',(0.0300665824894353,-0.0241907768234454,0.002595));
#2684=CARTESIAN_POINT('',(0.03075,-0.0225408610006768,0.002595));
#2685=CARTESIAN_POINT('',(0.03075,-0.0206078643762691,0.002595));
#2686=CARTESIAN_POINT('',(0.03075,0.0206078643762691,0.002595));
#2687=CARTESIAN_POINT('',(0.03075,0.0225408610006768,0.002595));
#2688=CARTESIAN_POINT('',(0.0300665824894353,0.0241907768234454,0.002595));
#2689=CARTESIAN_POINT('',(0.0286997474683059,0.0255576118445749,0.002595));
#2690=CARTESIAN_POINT('',(0.0286997474683059,0.0255576118445749,0.002595));
#2691=CARTESIAN_POINT('',(0.0286286796564404,0.0256286796564403,0.002595));
#2692=CARTESIAN_POINT('',(0.0285576118445749,0.0256997474683059,0.002595));
#2693=CARTESIAN_POINT('',(0.0285576118445749,0.0256997474683059,0.002595));
#2694=CARTESIAN_POINT('',(0.0271907768234454,0.0270665824894353,0.002595));
#2695=CARTESIAN_POINT('',(0.0255408610006768,0.02775,0.002595));
#2696=CARTESIAN_POINT('',(0.023607864376269,0.02775,0.002595));
#2697=CARTESIAN_POINT('',(-0.0333483759114203,0.0300948758225013,0.00100200000000002));
#2698=CARTESIAN_POINT('',(-0.0333483759114203,0.0300948758225013,0.00100000000000002));
#2699=CARTESIAN_POINT('',(-0.0303483759114203,0.0300948758225013,0.00100000000000002));
#2700=CARTESIAN_POINT('',(-0.0333483759114203,0.0300948758225013,-0.00867319152221514));
#2701=CARTESIAN_POINT('',(-0.0350728927816982,0.0325496755218915,-0.00888795866713863));
#2702=CARTESIAN_POINT('',(0.0333483759114203,0.0300948758225013,0.00100200000000002));
#2703=CARTESIAN_POINT('',(0.0333483759114203,0.0300948758225013,0.00100000000000003));
#2704=CARTESIAN_POINT('',(0.0363483759114203,0.0300948758225013,0.00100000000000003));
#2705=CARTESIAN_POINT('',(0.0333483759114203,0.0300948758225013,-0.00867319152221514));
#2706=CARTESIAN_POINT('',(0.035074680503559,0.0325484186599428,-0.0088878487059665));
#2707=CARTESIAN_POINT('',(0.0333483759114203,-0.0300948758225013,0.00100200000000002));
#2708=CARTESIAN_POINT('',(0.0333483759114203,-0.0300948758225013,0.00100000000000003));
#2709=CARTESIAN_POINT('',(0.0363483759114203,-0.0300948758225013,0.00100000000000003));
#2710=CARTESIAN_POINT('',(0.0333483759114203,-0.0300948758225013,-0.00340727059283658));
#2711=CARTESIAN_POINT('',(0.0333483759114203,-0.0270948758225012,-0.00366973658341436));
#2712=CARTESIAN_POINT('',(-0.0333483759114203,-0.0300948758225013,0.00100200000000002));
#2713=CARTESIAN_POINT('',(-0.0333483759114203,-0.0300948758225013,0.00100000000000002));
#2714=CARTESIAN_POINT('',(-0.0303483759114203,-0.0300948758225013,0.00100000000000002));
#2715=CARTESIAN_POINT('',(-0.0333483759114203,-0.0300948758225013,-0.00340727059283658));
#2716=CARTESIAN_POINT('',(-0.0333483759114203,-0.0270948758225012,-0.00366973658341436));
#2717=CARTESIAN_POINT('',(0.0305067567567567,0.03475,-0.00801908853566635));
#2718=CARTESIAN_POINT('',(0.0305067567567567,0.03475,-0.003));
#2719=CARTESIAN_POINT('',(0.0358400900900901,0.03475,-0.00801908853566635));
#2720=CARTESIAN_POINT('',(0.0358400900900901,0.03475,-0.003));
#2721=CARTESIAN_POINT('',(0.0385067567567568,0.0320833333333333,-0.00801908853566635));
#2722=CARTESIAN_POINT('',(0.0385067567567568,0.0320833333333333,-0.003));
#2723=CARTESIAN_POINT('',(0.0385067567567568,0.02675,-0.00801908853566635));
#2724=CARTESIAN_POINT('',(0.0385067567567568,0.02675,-0.003));
#2725=CARTESIAN_POINT('',(0.0385067567567568,0.02675,-0.00737673296930098));
#2726=CARTESIAN_POINT('',(0.0385067567567568,0.02675,-0.00591782197953399));
#2727=CARTESIAN_POINT('',(0.0385067567567568,0.02675,-0.00445891098976699));
#2728=CARTESIAN_POINT('',(0.0385067567567568,0.02675,-0.003));
#2729=CARTESIAN_POINT('',(0.0385067567567568,0.02675,-0.00737673296930098));
#2730=CARTESIAN_POINT('',(0.0385067567567568,0.02675,-0.003));
#2731=CARTESIAN_POINT('',(0.0385067567567568,0.02675,-0.007376732969301));
#2732=CARTESIAN_POINT('',(0.0385067567567568,0.0280161149522971,-0.0074805805054088));
#2733=CARTESIAN_POINT('',(0.0382125050435924,0.0303081212078229,-0.00766155193845707));
#2734=CARTESIAN_POINT('',(0.036690060357657,0.0329290820831422,-0.00785272069217169));
#2735=CARTESIAN_POINT('',(0.0341013274797207,0.0344419701268856,-0.00796395348509589));
#2736=CARTESIAN_POINT('',(0.0317929627790903,0.03475,-0.00798915361398245));
#2737=CARTESIAN_POINT('',(0.0305067567567567,0.03475,-0.00798915361398245));
#2738=CARTESIAN_POINT('',(0.0305067567567567,0.03475,-0.00798915361398245));
#2739=CARTESIAN_POINT('',(0.0305067567567567,0.03475,-0.003));
#2740=CARTESIAN_POINT('',(0.0305067567567567,0.03475,-0.00466305120466082));
#2741=CARTESIAN_POINT('',(0.0305067567567568,0.03475,-0.00632610240932163));
#2742=CARTESIAN_POINT('',(0.0305067567567568,0.03475,-0.00798915361398245));
#2743=CARTESIAN_POINT('',(0.0305067567567567,0.03475,-0.003));
#2744=CARTESIAN_POINT('',(0.0305067567567567,0.03475,-0.003));
#2745=CARTESIAN_POINT('',(0.0358400900900901,0.03475,-0.003));
#2746=CARTESIAN_POINT('',(0.0385067567567568,0.0320833333333333,-0.003));
#2747=CARTESIAN_POINT('',(0.0385067567567568,0.02675,-0.003));
#2748=CARTESIAN_POINT('',(0.,-0.03475,-0.003));
#2749=CARTESIAN_POINT('',(0.0375067567567567,0.0266628442572524,-0.00837292766739273));
#2750=CARTESIAN_POINT('',(0.0375067567567567,0.00882951092391907,-0.00681271316784708));
#2751=CARTESIAN_POINT('',(0.0375067567567567,-0.00900382240941428,-0.00525249866830144));
#2752=CARTESIAN_POINT('',(0.0375067567567567,-0.0268371557427476,-0.00369228416875579));
#2753=CARTESIAN_POINT('',(0.0375067567567567,0.0266628442572523,-0.00837292766739273));
#2754=CARTESIAN_POINT('',(0.0375067567567567,-0.0268371557427476,-0.00369228416875579));
#2755=CARTESIAN_POINT('',(0.0375067567567567,-0.0268371557427476,-0.00369228416875579));
#2756=CARTESIAN_POINT('',(0.0375067567667657,-0.0292241253500133,-0.00348345138793912));
#2757=CARTESIAN_POINT('',(0.036404705798126,-0.0327202426656926,-0.0031775807564605));
#2758=CARTESIAN_POINT('',(0.0329008352013898,-0.0338371557526582,-0.00307986352320726));
#2759=CARTESIAN_POINT('',(0.0305067567567567,-0.0338371557427477,-0.00307986352407432));
#2760=CARTESIAN_POINT('',(0.0305067567567567,-0.0338371557427477,-0.00307986352407432));
#2761=CARTESIAN_POINT('',(0.0305067567567567,-0.0338371557427477,-0.00307986352407432));
#2762=CARTESIAN_POINT('',(0.0101689189189189,-0.0338371557427477,-0.00307986352407432));
#2763=CARTESIAN_POINT('',(-0.0101689189189189,-0.0338371557427477,-0.00307986352407432));
#2764=CARTESIAN_POINT('',(-0.0305067567567567,-0.0338371557427477,-0.00307986352407432));
#2765=CARTESIAN_POINT('',(-0.0305067567567567,-0.0338371557427477,-0.00307986352407432));
#2766=CARTESIAN_POINT('',(-0.0305067567567567,-0.0338371557427477,-0.00307986352407432));
#2767=CARTESIAN_POINT('',(-0.0329000900553765,-0.0338371557526858,-0.00307986352320485));
#2768=CARTESIAN_POINT('',(-0.0364050783711394,-0.0327198700190876,-0.00317761335881394));
#2769=CARTESIAN_POINT('',(-0.0375067567667522,-0.0292248706431958,-0.00348338618323465));
#2770=CARTESIAN_POINT('',(-0.0375067567567567,-0.0268371557427476,-0.00369228416875579));
#2771=CARTESIAN_POINT('',(-0.0375067567567567,-0.0268371557427476,-0.00369228416875579));
#2772=CARTESIAN_POINT('',(-0.0375067567567567,-0.0268371557427476,-0.00369228416875579));
#2773=CARTESIAN_POINT('',(-0.0375067567567567,-0.00900382240941429,-0.00525249866830144));
#2774=CARTESIAN_POINT('',(-0.0375067567567567,0.00882951092391907,-0.00681271316784708));
#2775=CARTESIAN_POINT('',(-0.0375067567567567,0.0266628442572524,-0.00837292766739273));
#2776=CARTESIAN_POINT('',(-0.0375067567567567,0.0266628442572523,-0.00837292766739273));
#2777=CARTESIAN_POINT('',(-0.0375067567567567,0.0266628442572524,-0.00837292766739273));
#2778=CARTESIAN_POINT('',(-0.037506756759286,0.0272777636343562,-0.00842672614187173));
#2779=CARTESIAN_POINT('',(-0.0374598768391555,0.027993690466001,-0.00848936162355469));
#2780=CARTESIAN_POINT('',(-0.0373336861868748,0.0287734727937681,-0.00855758373725216));
#2781=CARTESIAN_POINT('',(-0.0372690658202567,0.0290854067375741,-0.00858487442110412));
#2782=CARTESIAN_POINT('',(-0.0372111463257774,0.02932652833439,-0.00860596982735679));
#2783=CARTESIAN_POINT('',(-0.0371260238137549,0.0296410411281749,-0.00863348613134682));
#2784=CARTESIAN_POINT('',(-0.036966195246163,0.0301321853013824,-0.0086764556786593));
#2785=CARTESIAN_POINT('',(-0.0366759922839322,0.0307928244278981,-0.00873425411291109));
#2786=CARTESIAN_POINT('',(-0.0360925002548417,0.0317089841937712,-0.00881440770640355));
#2787=CARTESIAN_POINT('',(-0.0355172079702307,0.0322526537558526,-0.00886197262978977));
#2788=CARTESIAN_POINT('',(-0.0350728927817021,0.0325496755218966,-0.00888795866713907));
#2789=CARTESIAN_POINT('',(-0.0350728927817021,0.0325496755218966,-0.00888795866713907));
#2790=CARTESIAN_POINT('',(-0.0339627658740416,0.0332917880203199,-0.00895288509781201));
#2791=CARTESIAN_POINT('',(-0.0324407205323932,0.0336628442654385,-0.00898534831279038));
#2792=CARTESIAN_POINT('',(-0.0305067567567567,0.0336628442572524,-0.0089853483120742));
#2793=CARTESIAN_POINT('',(-0.0305067567567567,0.0336628442572523,-0.00898534831207419));
#2794=CARTESIAN_POINT('',(-0.0305067567567567,0.0336628442572524,-0.0089853483120742));
#2795=CARTESIAN_POINT('',(-0.0101689189189189,0.0336628442572524,-0.0089853483120742));
#2796=CARTESIAN_POINT('',(0.0101689189189189,0.0336628442572524,-0.0089853483120742));
#2797=CARTESIAN_POINT('',(0.0305067567567567,0.0336628442572524,-0.0089853483120742));
#2798=CARTESIAN_POINT('',(0.0305067567567567,0.0336628442572523,-0.00898534831207419));
#2799=CARTESIAN_POINT('',(0.0305067567567567,0.0336628442572524,-0.0089853483120742));
#2800=CARTESIAN_POINT('',(0.0324418975254455,0.03366284426527,-0.00898534831277564));
#2801=CARTESIAN_POINT('',(0.0339645387743819,0.0332913690661694,-0.00895284844407331));
#2802=CARTESIAN_POINT('',(0.0350746805035657,0.0325484186599508,-0.00888784870596719));
#2803=CARTESIAN_POINT('',(0.0350746805035657,0.0325484186599508,-0.00888784870596719));
#2804=CARTESIAN_POINT('',(0.0355213878799963,0.0322494645552132,-0.00886169361088811));
#2805=CARTESIAN_POINT('',(0.036098170386248,0.0317059659868844,-0.00881414364751678));
#2806=CARTESIAN_POINT('',(0.0366842970050905,0.0307766208969424,-0.00873283648764337));
#2807=CARTESIAN_POINT('',(0.0369683435174194,0.0301347392602004,-0.00867667912110299));
#2808=CARTESIAN_POINT('',(0.0371607727284618,0.0295264273385873,-0.00862345872407416));
#2809=CARTESIAN_POINT('',(0.0372802445561434,0.0290536996417446,-0.00858210040966571));
#2810=CARTESIAN_POINT('',(0.0374506990573784,0.0281460038158879,-0.00850268731497344));
#2811=CARTESIAN_POINT('',(0.037506756759359,0.0272824124763413,-0.00842713286284395));
#2812=CARTESIAN_POINT('',(0.0375067567567567,0.0266628442572524,-0.00837292766739273));
#2813=CARTESIAN_POINT('',(-0.0385067567567568,0.02675,-0.00801908853566635));
#2814=CARTESIAN_POINT('',(-0.0385067567567568,0.02675,-0.003));
#2815=CARTESIAN_POINT('',(-0.0385067567567568,0.0320833333333333,-0.00801908853566635));
#2816=CARTESIAN_POINT('',(-0.0385067567567568,0.0320833333333333,-0.003));
#2817=CARTESIAN_POINT('',(-0.0358400900900901,0.03475,-0.00801908853566635));
#2818=CARTESIAN_POINT('',(-0.0358400900900901,0.03475,-0.003));
#2819=CARTESIAN_POINT('',(-0.0305067567567567,0.03475,-0.00801908853566635));
#2820=CARTESIAN_POINT('',(-0.0305067567567567,0.03475,-0.003));
#2821=CARTESIAN_POINT('',(-0.0305067567567568,0.03475,-0.00798915361398244));
#2822=CARTESIAN_POINT('',(-0.0305067567567568,0.03475,-0.00632610240932163));
#2823=CARTESIAN_POINT('',(-0.0305067567567568,0.03475,-0.00466305120466081));
#2824=CARTESIAN_POINT('',(-0.0305067567567568,0.03475,-0.003));
#2825=CARTESIAN_POINT('',(-0.0305067567567567,0.03475,-0.00798915361398244));
#2826=CARTESIAN_POINT('',(-0.0305067567567567,0.03475,-0.003));
#2827=CARTESIAN_POINT('',(-0.0305067567567567,0.03475,-0.00798915361398245));
#2828=CARTESIAN_POINT('',(-0.0317936804652061,0.03475,-0.00798915361398245));
#2829=CARTESIAN_POINT('',(-0.0341030636528244,0.0344419387820172,-0.00796394516321162));
#2830=CARTESIAN_POINT('',(-0.0366932856781613,0.032925808850215,-0.00785248640799225));
#2831=CARTESIAN_POINT('',(-0.0382124471658925,0.0303066161799608,-0.00766144375396169));
#2832=CARTESIAN_POINT('',(-0.0385067567567568,0.0280155467711592,-0.00748053390285692));
#2833=CARTESIAN_POINT('',(-0.0385067567567568,0.02675,-0.00737673296930095));
#2834=CARTESIAN_POINT('',(-0.0385067567567568,0.02675,-0.00737673296930098));
#2835=CARTESIAN_POINT('',(-0.0385067567567568,0.02675,-0.003));
#2836=CARTESIAN_POINT('',(-0.0385067567567568,0.02675,-0.00445891098976699));
#2837=CARTESIAN_POINT('',(-0.0385067567567568,0.02675,-0.00591782197953399));
#2838=CARTESIAN_POINT('',(-0.0385067567567568,0.02675,-0.00737673296930098));
#2839=CARTESIAN_POINT('',(-0.0385067567567568,0.02675,-0.003));
#2840=CARTESIAN_POINT('',(-0.0385067567567568,0.02675,-0.003));
#2841=CARTESIAN_POINT('',(-0.0385067567567568,0.0320833333333333,-0.003));
#2842=CARTESIAN_POINT('',(-0.0358400900900901,0.03475,-0.003));
#2843=CARTESIAN_POINT('',(-0.0305067567567567,0.03475,-0.003));
#2844=CARTESIAN_POINT('',(0.,0.,0.001));
#2845=CARTESIAN_POINT('',(-0.0333483759114203,0.0300948758225013,0.001));
#2846=CARTESIAN_POINT('',(-0.0350483759114203,0.0300948758225013,0.001));
#2847=CARTESIAN_POINT('',(0.,0.,0.001));
#2848=CARTESIAN_POINT('',(0.0333483759114203,0.0300948758225013,0.001));
#2849=CARTESIAN_POINT('',(0.0316483759114203,0.0300948758225013,0.001));
#2850=CARTESIAN_POINT('',(0.,0.,0.001));
#2851=CARTESIAN_POINT('',(0.0333483759114203,-0.0300948758225013,0.001));
#2852=CARTESIAN_POINT('',(0.0316483759114203,-0.0300948758225013,0.001));
#2853=CARTESIAN_POINT('',(0.,0.,0.001));
#2854=CARTESIAN_POINT('',(-0.0333483759114203,-0.0300948758225013,0.001));
#2855=CARTESIAN_POINT('',(-0.0350483759114203,-0.0300948758225013,0.001));
#2856=CARTESIAN_POINT('',(-0.0305067567567567,0.03475,-0.003));
#2857=CARTESIAN_POINT('',(-0.0305067567567567,0.03475,0.01));
#2858=CARTESIAN_POINT('',(-0.0358400900900901,0.0347500000000001,-0.003));
#2859=CARTESIAN_POINT('',(-0.0358400900900901,0.0347500000000001,0.01));
#2860=CARTESIAN_POINT('',(-0.0385067567567568,0.0320833333333334,-0.003));
#2861=CARTESIAN_POINT('',(-0.0385067567567568,0.0320833333333334,0.01));
#2862=CARTESIAN_POINT('',(-0.0385067567567568,0.02675,-0.003));
#2863=CARTESIAN_POINT('',(-0.0385067567567568,0.02675,0.01));
#2864=CARTESIAN_POINT('',(-0.0385067567567568,0.02675,0.01));
#2865=CARTESIAN_POINT('',(-0.0385067567567568,0.02675,0.00566666666666666));
#2866=CARTESIAN_POINT('',(-0.0385067567567568,0.02675,0.00133333333333333));
#2867=CARTESIAN_POINT('',(-0.0385067567567568,0.02675,-0.003));
#2868=CARTESIAN_POINT('',(-0.0305067567567568,0.03475,-0.003));
#2869=CARTESIAN_POINT('',(-0.0305067567567568,0.03475,0.00133333333333333));
#2870=CARTESIAN_POINT('',(-0.0305067567567568,0.03475,0.00566666666666666));
#2871=CARTESIAN_POINT('',(-0.0305067567567568,0.03475,0.01));
#2872=CARTESIAN_POINT('',(0.0035,0.03475,-0.003));
#2873=CARTESIAN_POINT('',(0.0305067567567567,0.03475,-0.00798915361398245));
#2874=CARTESIAN_POINT('',(0.0101689189189189,0.03475,-0.00798915361398245));
#2875=CARTESIAN_POINT('',(-0.0101689189189189,0.03475,-0.00798915361398245));
#2876=CARTESIAN_POINT('',(-0.0305067567567568,0.03475,-0.00798915361398245));
#2877=CARTESIAN_POINT('',(-0.0116108362133612,0.03475,0.003095));
#2878=CARTESIAN_POINT('',(-0.0116108362133612,0.03475,0.003095));
#2879=CARTESIAN_POINT('',(-0.00361083621336124,0.03475,0.003095));
#2880=CARTESIAN_POINT('',(-0.00361083621336124,0.03475,-0.004905));
#2881=CARTESIAN_POINT('',(0.0036398362133627,0.03475,-0.004905));
#2882=CARTESIAN_POINT('',(0.0036398362133627,0.03475,-0.004905));
#2883=CARTESIAN_POINT('',(0.0036398362133627,0.03475,0.003095));
#2884=CARTESIAN_POINT('',(0.0116398362133627,0.03475,0.003095));
#2885=CARTESIAN_POINT('',(0.0116398362133627,0.03475,-0.003));
#2886=CARTESIAN_POINT('',(0.0305067567567567,0.03475,0.01));
#2887=CARTESIAN_POINT('',(0.0305067567567567,0.03475,0.00566666666666666));
#2888=CARTESIAN_POINT('',(0.0305067567567567,0.03475,0.00133333333333333));
#2889=CARTESIAN_POINT('',(0.0305067567567567,0.03475,-0.003));
#2890=CARTESIAN_POINT('',(0.0305067567567567,0.03475,0.01));
#2891=CARTESIAN_POINT('',(0.0305067567567567,0.03475,-0.003));
#2892=CARTESIAN_POINT('',(0.0358400900900901,0.0347500000000001,0.01));
#2893=CARTESIAN_POINT('',(0.0358400900900901,0.0347500000000001,-0.003));
#2894=CARTESIAN_POINT('',(0.0385067567567568,0.0320833333333333,0.01));
#2895=CARTESIAN_POINT('',(0.0385067567567568,0.0320833333333333,-0.003));
#2896=CARTESIAN_POINT('',(0.0385067567567568,0.02675,0.01));
#2897=CARTESIAN_POINT('',(0.0385067567567568,0.02675,-0.003));
#2898=CARTESIAN_POINT('',(0.0385067567567568,0.02675,-0.003));
#2899=CARTESIAN_POINT('',(0.0385067567567568,0.02675,0.00133333333333333));
#2900=CARTESIAN_POINT('',(0.0385067567567568,0.02675,0.00566666666666666));
#2901=CARTESIAN_POINT('',(0.0385067567567568,0.02675,0.01));
#2902=CARTESIAN_POINT('',(0.0385067567567568,0.,-0.003));
#2903=CARTESIAN_POINT('',(0.0385067567567568,-0.02675,0.01));
#2904=CARTESIAN_POINT('',(0.0385067567567568,-0.02675,0.00576797017644532));
#2905=CARTESIAN_POINT('',(0.0385067567567568,-0.02675,0.00153594035289064));
#2906=CARTESIAN_POINT('',(0.0385067567567568,-0.02675,-0.00269608947066405));
#2907=CARTESIAN_POINT('',(0.0385067567567568,-0.02675,-0.00269608947066405));
#2908=CARTESIAN_POINT('',(0.0385067567567568,-0.02675,-0.00269608947066405));
#2909=CARTESIAN_POINT('',(0.0385067567567568,-0.00891666666666667,-0.00425630397020969));
#2910=CARTESIAN_POINT('',(0.0385067567567568,0.00891666666666667,-0.00581651846975534));
#2911=CARTESIAN_POINT('',(0.0385067567567568,0.02675,-0.00737673296930098));
#2912=CARTESIAN_POINT('',(0.0305067567567567,-0.03475,-0.00277226600748803));
#2913=CARTESIAN_POINT('',(0.0305067567567567,-0.03475,0.01));
#2914=CARTESIAN_POINT('',(0.0358400900900901,-0.0347500000000001,-0.00277226600748803));
#2915=CARTESIAN_POINT('',(0.0358400900900901,-0.0347500000000001,0.01));
#2916=CARTESIAN_POINT('',(0.0385067567567568,-0.0320833333333334,-0.00277226600748803));
#2917=CARTESIAN_POINT('',(0.0385067567567568,-0.0320833333333334,0.01));
#2918=CARTESIAN_POINT('',(0.0385067567567568,-0.02675,-0.00277226600748803));
#2919=CARTESIAN_POINT('',(0.0385067567567568,-0.02675,0.01));
#2920=CARTESIAN_POINT('',(0.0305067567567567,-0.03475,-0.00208366882598259));
#2921=CARTESIAN_POINT('',(0.0305067567567568,-0.03475,0.00194422078267828));
#2922=CARTESIAN_POINT('',(0.0305067567567568,-0.03475,0.00597211039133914));
#2923=CARTESIAN_POINT('',(0.0305067567567567,-0.03475,0.01));
#2924=CARTESIAN_POINT('',(0.0305067567567567,-0.03475,-0.00208366882598259));
#2925=CARTESIAN_POINT('',(0.0305067567567567,-0.03475,-0.00208366882598258));
#2926=CARTESIAN_POINT('',(0.0317928101681735,-0.03475,-0.00208366882598258));
#2927=CARTESIAN_POINT('',(0.0341010713746898,-0.0344420898731459,-0.00210886718519534));
#2928=CARTESIAN_POINT('',(0.0366901496798106,-0.0329290005076522,-0.00222010794165168));
#2929=CARTESIAN_POINT('',(0.038212403860009,-0.0303083277635228,-0.00241124749574848));
#2930=CARTESIAN_POINT('',(0.0385067567567568,-0.0280162357776102,-0.00259223202438293));
#2931=CARTESIAN_POINT('',(0.0385067567567568,-0.02675,-0.00269608947066405));
#2932=CARTESIAN_POINT('',(0.,-0.03475,-0.003));
#2933=CARTESIAN_POINT('',(-0.0305067567567567,-0.03475,0.01));
#2934=CARTESIAN_POINT('',(-0.0305067567567567,-0.03475,0.00597211039133914));
#2935=CARTESIAN_POINT('',(-0.0305067567567567,-0.03475,0.00194422078267828));
#2936=CARTESIAN_POINT('',(-0.0305067567567567,-0.03475,-0.00208366882598258));
#2937=CARTESIAN_POINT('',(-0.0305067567567567,-0.03475,-0.00208366882598258));
#2938=CARTESIAN_POINT('',(-0.0305067567567567,-0.03475,-0.00208366882598258));
#2939=CARTESIAN_POINT('',(-0.0101689189189189,-0.03475,-0.00208366882598258));
#2940=CARTESIAN_POINT('',(0.0101689189189189,-0.03475,-0.00208366882598258));
#2941=CARTESIAN_POINT('',(0.0305067567567567,-0.03475,-0.00208366882598258));
#2942=CARTESIAN_POINT('',(-0.0305067567567567,-0.03475,0.01));
#2943=CARTESIAN_POINT('',(-0.0305067567567567,-0.03475,-0.00277226600748803));
#2944=CARTESIAN_POINT('',(-0.0358400900900901,-0.0347500000000001,0.01));
#2945=CARTESIAN_POINT('',(-0.0358400900900901,-0.0347500000000001,-0.00277226600748804));
#2946=CARTESIAN_POINT('',(-0.0385067567567568,-0.0320833333333333,0.01));
#2947=CARTESIAN_POINT('',(-0.0385067567567568,-0.0320833333333333,-0.00277226600748804));
#2948=CARTESIAN_POINT('',(-0.0385067567567568,-0.02675,0.01));
#2949=CARTESIAN_POINT('',(-0.0385067567567568,-0.02675,-0.00277226600748803));
#2950=CARTESIAN_POINT('',(-0.0385067567567568,-0.02675,-0.00269608947066405));
#2951=CARTESIAN_POINT('',(-0.0385067567567568,-0.02675,0.00153594035289063));
#2952=CARTESIAN_POINT('',(-0.0385067567567568,-0.02675,0.00576797017644532));
#2953=CARTESIAN_POINT('',(-0.0385067567567568,-0.02675,0.01));
#2954=CARTESIAN_POINT('',(-0.0385067567567568,-0.02675,-0.00269608947066405));
#2955=CARTESIAN_POINT('',(-0.0385067567567568,-0.02675,-0.00269608947066404));
#2956=CARTESIAN_POINT('',(-0.0385067567567568,-0.0280160931217471,-0.00259224372510547));
#2957=CARTESIAN_POINT('',(-0.0382125233240143,-0.0303080838875166,-0.00241127465814011));
#2958=CARTESIAN_POINT('',(-0.0366900442222471,-0.0329290968211562,-0.0022201006287001));
#2959=CARTESIAN_POINT('',(-0.0341013737409387,-0.0344419484951362,-0.00210886927461008));
#2960=CARTESIAN_POINT('',(-0.0317929903460185,-0.03475,-0.00208366882598258));
#2961=CARTESIAN_POINT('',(-0.0305067567567567,-0.03475,-0.00208366882598258));
#2962=CARTESIAN_POINT('',(-0.0385067567567568,0.02875,-0.003));
#2963=CARTESIAN_POINT('',(-0.0385067567567568,0.02675,-0.00737673296930098));
#2964=CARTESIAN_POINT('',(-0.0385067567567568,0.00891666666666667,-0.00581651846975534));
#2965=CARTESIAN_POINT('',(-0.0385067567567568,-0.00891666666666667,-0.00425630397020969));
#2966=CARTESIAN_POINT('',(-0.0385067567567568,-0.02675,-0.00269608947066405));
#2967=CARTESIAN_POINT('',(-0.0333483759114203,0.0300948758225013,-0.003));
#2968=CARTESIAN_POINT('',(0.0333483759114203,0.0300948758225013,-0.003));
#2969=CARTESIAN_POINT('',(0.0333483759114203,-0.0300948758225013,-0.003));
#2970=CARTESIAN_POINT('',(-0.0333483759114203,-0.0300948758225013,-0.003));
#2971=CARTESIAN_POINT('',(0.,0.,0.007));
#2972=CARTESIAN_POINT('',(0.03075,-0.0206078643762691,0.007));
#2973=CARTESIAN_POINT('',(0.03075,-0.0215312127621378,0.007));
#2974=CARTESIAN_POINT('',(0.0304237178742506,-0.0233718404462734,0.00700000000000001));
#2975=CARTESIAN_POINT('',(0.0293524910334257,-0.024904868279455,0.007));
#2976=CARTESIAN_POINT('',(0.0286997474683059,-0.0255576118445749,0.007));
#2977=CARTESIAN_POINT('',(0.0286997474683059,-0.0255576118445749,0.007));
#2978=CARTESIAN_POINT('',(0.0286286796564404,-0.0256286796564403,0.007));
#2979=CARTESIAN_POINT('',(0.0285576118445749,-0.0256997474683059,0.007));
#2980=CARTESIAN_POINT('',(0.0285576118445749,-0.0256997474683059,0.007));
#2981=CARTESIAN_POINT('',(0.0279047059395294,-0.0263526533733513,0.007));
#2982=CARTESIAN_POINT('',(0.0263724693187401,-0.0274234573867459,0.007));
#2983=CARTESIAN_POINT('',(0.0245309831788133,-0.02775,0.007));
#2984=CARTESIAN_POINT('',(0.023607864376269,-0.02775,0.007));
#2985=CARTESIAN_POINT('',(-0.023607864376269,-0.02775,0.007));
#2986=CARTESIAN_POINT('',(-0.0245312127621378,-0.02775,0.007));
#2987=CARTESIAN_POINT('',(-0.0263718404462734,-0.0274237178742506,0.007));
#2988=CARTESIAN_POINT('',(-0.027904868279455,-0.0263524910334257,0.007));
#2989=CARTESIAN_POINT('',(-0.0285576118445749,-0.0256997474683059,0.007));
#2990=CARTESIAN_POINT('',(-0.0285576118445749,-0.0256997474683059,0.007));
#2991=CARTESIAN_POINT('',(-0.0286286796564404,-0.0256286796564403,0.007));
#2992=CARTESIAN_POINT('',(-0.0286997474683059,-0.0255576118445749,0.007));
#2993=CARTESIAN_POINT('',(-0.0286997474683059,-0.0255576118445749,0.007));
#2994=CARTESIAN_POINT('',(-0.0293526533733513,-0.0249047059395294,0.007));
#2995=CARTESIAN_POINT('',(-0.0304234573867459,-0.02337246931874,0.007));
#2996=CARTESIAN_POINT('',(-0.03075,-0.0215309831788133,0.007));
#2997=CARTESIAN_POINT('',(-0.03075,-0.0206078643762691,0.007));
#2998=CARTESIAN_POINT('',(-0.03075,0.0206078643762691,0.007));
#2999=CARTESIAN_POINT('',(-0.03075,0.0215312127621378,0.007));
#3000=CARTESIAN_POINT('',(-0.0304237178742506,0.0233718404462734,0.007));
#3001=CARTESIAN_POINT('',(-0.0293524910334257,0.024904868279455,0.007));
#3002=CARTESIAN_POINT('',(-0.0286997474683059,0.0255576118445749,0.007));
#3003=CARTESIAN_POINT('',(-0.0286997474683059,0.0255576118445749,0.007));
#3004=CARTESIAN_POINT('',(-0.0286286796564404,0.0256286796564403,0.007));
#3005=CARTESIAN_POINT('',(-0.0285576118445749,0.0256997474683059,0.007));
#3006=CARTESIAN_POINT('',(-0.0285576118445749,0.0256997474683059,0.007));
#3007=CARTESIAN_POINT('',(-0.0279047059395294,0.0263526533733513,0.007));
#3008=CARTESIAN_POINT('',(-0.02637246931874,0.0274234573867459,0.00700000000000001));
#3009=CARTESIAN_POINT('',(-0.0245309831788133,0.02775,0.007));
#3010=CARTESIAN_POINT('',(-0.023607864376269,0.02775,0.007));
#3011=CARTESIAN_POINT('',(0.,0.02795,0.007));
#3012=CARTESIAN_POINT('',(-0.03095,0.02795,0.007));
#3013=CARTESIAN_POINT('',(-0.03095,0.,0.007));
#3014=CARTESIAN_POINT('',(-0.03095,-0.02795,0.007));
#3015=CARTESIAN_POINT('',(0.,-0.02795,0.007));
#3016=CARTESIAN_POINT('',(0.03095,-0.02795,0.007));
#3017=CARTESIAN_POINT('',(0.03095,0.,0.007));
#3018=CARTESIAN_POINT('',(0.03095,0.02795,0.007));
#3019=CARTESIAN_POINT('',(0.,0.02795,0.007));
#3020=CARTESIAN_POINT('',(0.023607864376269,0.02775,0.007));
#3021=CARTESIAN_POINT('',(0.0245312127621378,0.02775,0.007));
#3022=CARTESIAN_POINT('',(0.0263718404462734,0.0274237178742506,0.007));
#3023=CARTESIAN_POINT('',(0.027904868279455,0.0263524910334257,0.007));
#3024=CARTESIAN_POINT('',(0.0285576118445749,0.0256997474683059,0.007));
#3025=CARTESIAN_POINT('',(0.0285576118445749,0.0256997474683059,0.007));
#3026=CARTESIAN_POINT('',(0.0286286796564404,0.0256286796564403,0.007));
#3027=CARTESIAN_POINT('',(0.0286997474683059,0.0255576118445749,0.007));
#3028=CARTESIAN_POINT('',(0.0286997474683059,0.0255576118445749,0.007));
#3029=CARTESIAN_POINT('',(0.0293526533733513,0.0249047059395294,0.007));
#3030=CARTESIAN_POINT('',(0.0304234573867459,0.02337246931874,0.007));
#3031=CARTESIAN_POINT('',(0.03075,0.0215309831788133,0.007));
#3032=CARTESIAN_POINT('',(0.03075,0.0206078643762691,0.007));
#3033=CARTESIAN_POINT('',(-0.03075,-0.020607864376269,0.002595));
#3034=CARTESIAN_POINT('',(-0.03075,-0.020607864376269,0.007));
#3035=CARTESIAN_POINT('',(-0.03075,-0.0225408610006768,0.00259500000000001));
#3036=CARTESIAN_POINT('',(-0.03075,-0.0225408610006768,0.00700000000000001));
#3037=CARTESIAN_POINT('',(-0.0300665824894353,-0.0241907768234454,0.00259500000000001));
#3038=CARTESIAN_POINT('',(-0.0300665824894353,-0.0241907768234454,0.00700000000000001));
#3039=CARTESIAN_POINT('',(-0.0286997474683058,-0.0255576118445749,0.002595));
#3040=CARTESIAN_POINT('',(-0.0286997474683058,-0.0255576118445749,0.007));
#3041=CARTESIAN_POINT('',(-0.0286997474683058,-0.0255576118445749,0.002595));
#3042=CARTESIAN_POINT('',(-0.0286997474683058,-0.0255576118445749,0.00406333333333333));
#3043=CARTESIAN_POINT('',(-0.0286997474683058,-0.0255576118445749,0.00553166666666667));
#3044=CARTESIAN_POINT('',(-0.0286997474683058,-0.0255576118445749,0.007));
#3045=CARTESIAN_POINT('',(-0.0285576118445749,-0.0256997474683059,0.002595));
#3046=CARTESIAN_POINT('',(-0.0285576118445749,-0.0256997474683059,0.007));
#3047=CARTESIAN_POINT('',(-0.0271907768234454,-0.0270665824894353,0.002595));
#3048=CARTESIAN_POINT('',(-0.0271907768234454,-0.0270665824894353,0.007));
#3049=CARTESIAN_POINT('',(-0.0255408610006768,-0.02775,0.002595));
#3050=CARTESIAN_POINT('',(-0.0255408610006768,-0.02775,0.007));
#3051=CARTESIAN_POINT('',(-0.023607864376269,-0.02775,0.002595));
#3052=CARTESIAN_POINT('',(-0.023607864376269,-0.02775,0.007));
#3053=CARTESIAN_POINT('',(-0.0285576118445749,-0.0256997474683058,0.007));
#3054=CARTESIAN_POINT('',(-0.0285576118445749,-0.0256997474683058,0.00553166666666667));
#3055=CARTESIAN_POINT('',(-0.0285576118445749,-0.0256997474683058,0.00406333333333333));
#3056=CARTESIAN_POINT('',(-0.0285576118445749,-0.0256997474683058,0.002595));
#3057=CARTESIAN_POINT('',(-0.0286286796564404,-0.0256286796564403,0.007));
#3058=CARTESIAN_POINT('',(-0.03075,0.020607864376269,0.007));
#3059=CARTESIAN_POINT('',(-0.03075,0.020607864376269,0.002595));
#3060=CARTESIAN_POINT('',(-0.03075,0.0225408610006768,0.00699999999999999));
#3061=CARTESIAN_POINT('',(-0.03075,0.0225408610006768,0.00259499999999999));
#3062=CARTESIAN_POINT('',(-0.0300665824894353,0.0241907768234454,0.007));
#3063=CARTESIAN_POINT('',(-0.0300665824894353,0.0241907768234454,0.002595));
#3064=CARTESIAN_POINT('',(-0.0286997474683058,0.0255576118445749,0.007));
#3065=CARTESIAN_POINT('',(-0.0286997474683058,0.0255576118445749,0.002595));
#3066=CARTESIAN_POINT('',(-0.0286997474683058,0.0255576118445749,0.007));
#3067=CARTESIAN_POINT('',(-0.0286997474683058,0.0255576118445749,0.00553166666666667));
#3068=CARTESIAN_POINT('',(-0.0286997474683058,0.0255576118445749,0.00406333333333333));
#3069=CARTESIAN_POINT('',(-0.0286997474683058,0.0255576118445749,0.002595));
#3070=CARTESIAN_POINT('',(-0.0285576118445749,0.0256997474683058,0.007));
#3071=CARTESIAN_POINT('',(-0.0285576118445749,0.0256997474683058,0.002595));
#3072=CARTESIAN_POINT('',(-0.0271907768234454,0.0270665824894353,0.007));
#3073=CARTESIAN_POINT('',(-0.0271907768234454,0.0270665824894353,0.002595));
#3074=CARTESIAN_POINT('',(-0.0255408610006768,0.02775,0.007));
#3075=CARTESIAN_POINT('',(-0.0255408610006768,0.02775,0.002595));
#3076=CARTESIAN_POINT('',(-0.023607864376269,0.02775,0.007));
#3077=CARTESIAN_POINT('',(-0.023607864376269,0.02775,0.002595));
#3078=CARTESIAN_POINT('',(-0.0285576118445749,0.0256997474683058,0.002595));
#3079=CARTESIAN_POINT('',(-0.0285576118445749,0.0256997474683058,0.00406333333333333));
#3080=CARTESIAN_POINT('',(-0.0285576118445749,0.0256997474683058,0.00553166666666667));
#3081=CARTESIAN_POINT('',(-0.0285576118445749,0.0256997474683058,0.007));
#3082=CARTESIAN_POINT('',(-0.0286286796564404,0.0256286796564403,0.007));
#3083=CARTESIAN_POINT('',(0.03075,0.020607864376269,0.002595));
#3084=CARTESIAN_POINT('',(0.03075,0.020607864376269,0.007));
#3085=CARTESIAN_POINT('',(0.03075,0.0225408610006768,0.00259500000000001));
#3086=CARTESIAN_POINT('',(0.03075,0.0225408610006768,0.00700000000000001));
#3087=CARTESIAN_POINT('',(0.0300665824894353,0.0241907768234454,0.00259500000000001));
#3088=CARTESIAN_POINT('',(0.0300665824894353,0.0241907768234454,0.00700000000000001));
#3089=CARTESIAN_POINT('',(0.0286997474683058,0.0255576118445749,0.002595));
#3090=CARTESIAN_POINT('',(0.0286997474683058,0.0255576118445749,0.007));
#3091=CARTESIAN_POINT('',(0.0286997474683058,0.0255576118445749,0.002595));
#3092=CARTESIAN_POINT('',(0.0286997474683058,0.0255576118445749,0.00406333333333333));
#3093=CARTESIAN_POINT('',(0.0286997474683058,0.0255576118445749,0.00553166666666667));
#3094=CARTESIAN_POINT('',(0.0286997474683058,0.0255576118445749,0.007));
#3095=CARTESIAN_POINT('',(0.0285576118445749,0.0256997474683058,0.002595));
#3096=CARTESIAN_POINT('',(0.0285576118445749,0.0256997474683058,0.007));
#3097=CARTESIAN_POINT('',(0.0271907768234454,0.0270665824894353,0.002595));
#3098=CARTESIAN_POINT('',(0.0271907768234454,0.0270665824894353,0.007));
#3099=CARTESIAN_POINT('',(0.0255408610006768,0.02775,0.002595));
#3100=CARTESIAN_POINT('',(0.0255408610006768,0.02775,0.007));
#3101=CARTESIAN_POINT('',(0.023607864376269,0.02775,0.002595));
#3102=CARTESIAN_POINT('',(0.023607864376269,0.02775,0.007));
#3103=CARTESIAN_POINT('',(0.0285576118445749,0.0256997474683058,0.007));
#3104=CARTESIAN_POINT('',(0.0285576118445749,0.0256997474683058,0.00553166666666667));
#3105=CARTESIAN_POINT('',(0.0285576118445749,0.0256997474683058,0.00406333333333333));
#3106=CARTESIAN_POINT('',(0.0285576118445749,0.0256997474683058,0.002595));
#3107=CARTESIAN_POINT('',(0.0286286796564404,0.0256286796564403,0.007));
#3108=CARTESIAN_POINT('',(0.03075,-0.020607864376269,0.007));
#3109=CARTESIAN_POINT('',(0.03075,-0.020607864376269,0.002595));
#3110=CARTESIAN_POINT('',(0.03075,-0.0225408610006768,0.00699999999999999));
#3111=CARTESIAN_POINT('',(0.03075,-0.0225408610006768,0.00259499999999999));
#3112=CARTESIAN_POINT('',(0.0300665824894353,-0.0241907768234454,0.007));
#3113=CARTESIAN_POINT('',(0.0300665824894353,-0.0241907768234454,0.002595));
#3114=CARTESIAN_POINT('',(0.0286997474683058,-0.0255576118445749,0.007));
#3115=CARTESIAN_POINT('',(0.0286997474683058,-0.0255576118445749,0.002595));
#3116=CARTESIAN_POINT('',(0.0286997474683058,-0.0255576118445749,0.007));
#3117=CARTESIAN_POINT('',(0.0286997474683058,-0.0255576118445749,0.00553166666666667));
#3118=CARTESIAN_POINT('',(0.0286997474683058,-0.0255576118445749,0.00406333333333333));
#3119=CARTESIAN_POINT('',(0.0286997474683058,-0.0255576118445749,0.002595));
#3120=CARTESIAN_POINT('',(0.0285576118445749,-0.0256997474683059,0.007));
#3121=CARTESIAN_POINT('',(0.0285576118445749,-0.0256997474683059,0.002595));
#3122=CARTESIAN_POINT('',(0.0271907768234454,-0.0270665824894353,0.007));
#3123=CARTESIAN_POINT('',(0.0271907768234454,-0.0270665824894353,0.002595));
#3124=CARTESIAN_POINT('',(0.0255408610006768,-0.02775,0.007));
#3125=CARTESIAN_POINT('',(0.0255408610006768,-0.02775,0.002595));
#3126=CARTESIAN_POINT('',(0.023607864376269,-0.02775,0.007));
#3127=CARTESIAN_POINT('',(0.023607864376269,-0.02775,0.002595));
#3128=CARTESIAN_POINT('',(0.0285576118445749,-0.0256997474683058,0.002595));
#3129=CARTESIAN_POINT('',(0.0285576118445749,-0.0256997474683058,0.00406333333333333));
#3130=CARTESIAN_POINT('',(0.0285576118445749,-0.0256997474683058,0.00553166666666667));
#3131=CARTESIAN_POINT('',(0.0285576118445749,-0.0256997474683058,0.007));
#3132=CARTESIAN_POINT('',(0.0286286796564404,-0.0256286796564403,0.007));
#3133=CARTESIAN_POINT('',(0.,0.00975,0.000482268942474141));
#3134=CARTESIAN_POINT('',(0.,0.0300379849999996,0.000482268942474141));
#3135=CARTESIAN_POINT('',(-0.00361083621336124,0.0300379849999996,0.003095));
#3136=CARTESIAN_POINT('',(-0.00361083621336124,0.0300379849999996,-0.000192984999999645));
#3137=CARTESIAN_POINT('',(-0.0068988212133609,0.0300379849999996,0.003095));
#3138=CARTESIAN_POINT('',(-0.0068988212133609,0.0300379849999996,-0.003));
#3139=CARTESIAN_POINT('',(0.00692782121336237,0.0300379849999996,0.00395));
#3140=CARTESIAN_POINT('',(0.00692782121336237,0.0300379849999996,0.003095));
#3141=CARTESIAN_POINT('',(0.0036398362133627,0.0300379849999996,0.003095));
#3142=CARTESIAN_POINT('',(0.0036398362133627,0.0300379849999996,-0.000192984999999646));
#3143=CARTESIAN_POINT('',(0.0035,0.0300379849999996,-0.000192984999999646));
#3144=CARTESIAN_POINT('',(-0.0116108362133612,0.03475,-0.003));
#3145=CARTESIAN_POINT('',(-0.0116108362133612,0.03475,0.003095));
#3146=CARTESIAN_POINT('',(-0.00361083621336124,0.02975,0.003095));
#3147=CARTESIAN_POINT('',(-0.00361083621336124,0.03475,-0.004905));
#3148=CARTESIAN_POINT('',(0.0035,0.03475,-0.004905));
#3149=CARTESIAN_POINT('',(0.0036398362133627,0.03475,-0.004905));
#3150=CARTESIAN_POINT('',(0.0036398362133627,0.02975,0.003095));
#3151=CARTESIAN_POINT('',(0.0116398362133627,0.03475,0.003095));
#3152=CARTESIAN_POINT('',(0.0066398362133627,0.02975,0.00395));
#3153=CARTESIAN_POINT('',(0.,0.0295379849999953,0.000482268942474141));
#3154=CARTESIAN_POINT('',(-0.00873549999999821,0.0295379849999953,0.01));
#3155=CARTESIAN_POINT('',(-0.00873549999999821,0.0295379849999953,0.00860166666666668));
#3156=CARTESIAN_POINT('',(-0.00873549999999821,0.0295379849999953,0.00720333333333335));
#3157=CARTESIAN_POINT('',(-0.00873549999999821,0.0295379849999953,0.00580500000000003));
#3158=CARTESIAN_POINT('',(-0.00873549999999821,0.0295379849999953,0.005805));
#3159=CARTESIAN_POINT('',(-0.00873549999999868,0.0295379849999953,0.00580500000000002));
#3160=CARTESIAN_POINT('',(-0.0075528502691885,0.0295379849999953,0.00580500000000002));
#3161=CARTESIAN_POINT('',(-0.00637020053837833,0.0295379849999953,0.00580500000000002));
#3162=CARTESIAN_POINT('',(-0.00518755080756815,0.0295379849999953,0.00580500000000002));
#3163=CARTESIAN_POINT('',(0.00521655080756984,0.0295379849999953,0.00580500000000002));
#3164=CARTESIAN_POINT('',(0.00638953387170724,0.0295379849999953,0.00580500000000002));
#3165=CARTESIAN_POINT('',(0.00756251693584464,0.0295379849999953,0.00580500000000002));
#3166=CARTESIAN_POINT('',(0.00873549999998204,0.0295379849999953,0.00580500000000002));
#3167=CARTESIAN_POINT('',(0.00873549999999821,0.0295379849999953,0.00580499999999685));
#3168=CARTESIAN_POINT('',(0.00873549999999821,0.0295379849999953,0.00580499999999685));
#3169=CARTESIAN_POINT('',(0.00873549999999821,0.0295379849999953,0.00720333333333126));
#3170=CARTESIAN_POINT('',(0.00873549999999821,0.0295379849999953,0.00860166666666566));
#3171=CARTESIAN_POINT('',(0.00873549999999821,0.0295379849999953,0.0100000000000001));
#3172=CARTESIAN_POINT('',(0.00818766810668046,0.0295379849999953,0.004805));
#3173=CARTESIAN_POINT('',(0.00873549999999821,0.0277499999999998,0.004805));
#3174=CARTESIAN_POINT('',(0.00873549999999821,0.0280126616666649,0.004805));
#3175=CARTESIAN_POINT('',(0.00873549999999821,0.02827532333333,0.004805));
#3176=CARTESIAN_POINT('',(0.00873549999999821,0.0285379849999951,0.004805));
#3177=CARTESIAN_POINT('',(0.00873549999999821,0.0285379849999951,0.004805));
#3178=CARTESIAN_POINT('',(0.00873549999998205,0.0285379849999953,0.004805));
#3179=CARTESIAN_POINT('',(0.00765183333332197,0.0285379849999953,0.004805));
#3180=CARTESIAN_POINT('',(0.00656816666666189,0.0285379849999953,0.004805));
#3181=CARTESIAN_POINT('',(0.00548450000000181,0.0285379849999953,0.004805));
#3182=CARTESIAN_POINT('',(0.00818766810668046,0.0295379849999953,0.004805));
#3183=CARTESIAN_POINT('',(-0.00545549999999926,0.0285379849999953,0.004805));
#3184=CARTESIAN_POINT('',(-0.0065488333333324,0.0285379849999953,0.004805));
#3185=CARTESIAN_POINT('',(-0.00764216666666555,0.0285379849999953,0.004805));
#3186=CARTESIAN_POINT('',(-0.00873549999999869,0.0285379849999953,0.004805));
#3187=CARTESIAN_POINT('',(-0.00873549999999821,0.0285379849999951,0.004805));
#3188=CARTESIAN_POINT('',(-0.00873549999999819,0.0285379849999951,0.004805));
#3189=CARTESIAN_POINT('',(-0.00873549999999819,0.02827532333333,0.004805));
#3190=CARTESIAN_POINT('',(-0.00873549999999819,0.0280126616666649,0.004805));
#3191=CARTESIAN_POINT('',(-0.00873549999999819,0.0277499999999998,0.004805));
#3192=CARTESIAN_POINT('',(0.,0.02795,0.006998));
#3193=CARTESIAN_POINT('',(-0.03095,0.02795,0.006998));
#3194=CARTESIAN_POINT('',(0.,-0.02795,0.006998));
#3195=CARTESIAN_POINT('',(-0.03095,-0.02795,0.006998));
#3196=CARTESIAN_POINT('',(0.03095,-0.02795,0.006998));
#3197=CARTESIAN_POINT('',(-0.03095,0.,0.006998));
#3198=CARTESIAN_POINT('',(0.03095,0.,0.006998));
#3199=CARTESIAN_POINT('',(0.03095,0.02795,0.006998));
#3200=CARTESIAN_POINT('',(0.,0.02795,0.006998));
#3201=CARTESIAN_POINT('',(-0.00936049999999829,0.0291629849999952,0.00518));
#3202=CARTESIAN_POINT('',(-0.00938133333333161,0.0291213183333286,0.0051591666666667));
#3203=CARTESIAN_POINT('',(-0.00939975331325017,0.029077111115128,0.00514074668674814));
#3204=CARTESIAN_POINT('',(-0.0094310638131199,0.0289834336400369,0.00510943618687839));
#3205=CARTESIAN_POINT('',(-0.00944395433307108,0.0289339633831465,0.00509654566692721));
#3206=CARTESIAN_POINT('',(-0.00947327757326676,0.028777385151007,0.0050672224267315));
#3207=CARTESIAN_POINT('',(-0.00948549999999821,0.0286629849999952,0.005055));
#3208=CARTESIAN_POINT('',(-0.0094854999999982,0.0285379849999952,0.005055));
#3209=CARTESIAN_POINT('',(-0.00938133333333161,0.0291838183333286,0.0052216666666667));
#3210=CARTESIAN_POINT('',(-0.00941687413981642,0.02913602580648,0.00520695919351521));
#3211=CARTESIAN_POINT('',(-0.00944506223260819,0.0290865983218312,0.00519309323415654));
#3212=CARTESIAN_POINT('',(-0.0094887466515567,0.0289855443945376,0.00516802097309174));
#3213=CARTESIAN_POINT('',(-0.00950424297771346,0.0289339179518929,0.00515681467138561));
#3214=CARTESIAN_POINT('',(-0.00953471479735787,0.0287773466233721,0.00512865019784639));
#3215=CARTESIAN_POINT('',(-0.0095406597947233,0.0286629853205944,0.00511015979472512));
#3216=CARTESIAN_POINT('',(-0.00953332585499061,0.0285379849999952,0.00510282585499242));
#3217=CARTESIAN_POINT('',(-0.00939975331325017,0.0292022383132471,0.00526587388486727));
#3218=CARTESIAN_POINT('',(-0.00944506223264905,0.029149891765798,0.00525638675831383));
#3219=CARTESIAN_POINT('',(-0.009479417735786,0.0290963993817164,0.00524658576736699));
#3220=CARTESIAN_POINT('',(-0.00953078546726693,0.0289894798198829,0.00522742307576169));
#3221=CARTESIAN_POINT('',(-0.00954783655680028,0.0289360314303917,0.00521806137510323));
#3222=CARTESIAN_POINT('',(-0.00957971134236221,0.0287779718799966,0.00519223573717317));
#3223=CARTESIAN_POINT('',(-0.00958291518878797,0.0286634483665804,0.0051704414093523));
#3224=CARTESIAN_POINT('',(-0.00957407077295215,0.0285379849999952,0.00515761114734936));
#3225=CARTESIAN_POINT('',(-0.0094310638131199,0.0292335488131168,0.00535955135995831));
#3226=CARTESIAN_POINT('',(-0.00948874665166902,0.0291749640267916,0.00535744088598186));
#3227=CARTESIAN_POINT('',(-0.0095307853915584,0.0291155621929597,0.00535350557396783));
#3228=CARTESIAN_POINT('',(-0.00959187578106093,0.0289997401335447,0.00534324530004721));
#3229=CARTESIAN_POINT('',(-0.0096110668646334,0.0289432498470013,0.00533692033814063));
#3230=CARTESIAN_POINT('',(-0.0096464252595213,0.0287804425018303,0.00531625101685599));
#3231=CARTESIAN_POINT('',(-0.00964795963129551,0.0286649264067658,0.00529289250844962));
#3232=CARTESIAN_POINT('',(-0.00964003765212212,0.0285379849999952,0.00527570706029191));
#3233=CARTESIAN_POINT('',(-0.00944395433307108,0.029246439333068,0.00540902161684878));
#3234=CARTESIAN_POINT('',(-0.00950424297785637,0.0291861703284672,0.00540906744885128));
#3235=CARTESIAN_POINT('',(-0.00954783639893261,0.0291249239443177,0.00540695395180476));
#3236=CARTESIAN_POINT('',(-0.00961106668569254,0.0290060650218611,0.00539973505196085));
#3237=CARTESIAN_POINT('',(-0.00963090469691614,0.028948354785112,0.00539462964916345));
#3238=CARTESIAN_POINT('',(-0.00966848078846627,0.0287822878670397,0.00537681571066574));
#3239=CARTESIAN_POINT('',(-0.00967111415508187,0.0286659414009653,0.00535516306425488));
#3240=CARTESIAN_POINT('',(-0.00966536888754355,0.0285379849999952,0.00533888215240316));
#3241=CARTESIAN_POINT('',(-0.00947327757326676,0.0292757625732637,0.00556559984898813));
#3242=CARTESIAN_POINT('',(-0.00953471479743923,0.0292143348020676,0.00556563901782163));
#3243=CARTESIAN_POINT('',(-0.00957971118900222,0.0291507497132636,0.00556501421880422));
#3244=CARTESIAN_POINT('',(-0.009646425580252,0.0290267340631897,0.00556254429079214));
#3245=CARTESIAN_POINT('',(-0.00966848182782599,0.028966167249023,0.00556069916179747));
#3246=CARTESIAN_POINT('',(-0.00971482899380632,0.0287894929356434,0.00555349468843445));
#3247=CARTESIAN_POINT('',(-0.00972315352189614,0.0286692540520438,0.0055433331144283));
#3248=CARTESIAN_POINT('',(-0.00972229465682379,0.0285379849999952,0.00553364364151994));
#3249=CARTESIAN_POINT('',(-0.00948549999999822,0.0292879849999952,0.00568));
#3250=CARTESIAN_POINT('',(-0.00954065979472331,0.0292328252052701,0.00568000032059926));
#3251=CARTESIAN_POINT('',(-0.0095829149025485,0.0291725441000733,0.00567953783892341));
#3252=CARTESIAN_POINT('',(-0.00964795975421082,0.0290500923057386,0.0056780608132365));
#3253=CARTESIAN_POINT('',(-0.00967111510430746,0.0289878188047215,0.00567704626922545));
#3254=CARTESIAN_POINT('',(-0.0097231525850098,0.0287996547551091,0.00567373485701202));
#3255=CARTESIAN_POINT('',(-0.00973549999999821,0.0286718193774029,0.00567117020862934));
#3256=CARTESIAN_POINT('',(-0.00973549999999821,0.0285379849999952,0.00566974268886626));
#3257=CARTESIAN_POINT('',(-0.00948549999999821,0.0292879849999953,0.005805));
#3258=CARTESIAN_POINT('',(-0.00953332585499061,0.0292401591450028,0.005805));
#3259=CARTESIAN_POINT('',(-0.00957407042801642,0.0291853744087124,0.005805));
#3260=CARTESIAN_POINT('',(-0.0096400376540155,0.0290672779977613,0.005805));
#3261=CARTESIAN_POINT('',(-0.00966536974047802,0.0290041000871694,0.005805));
#3262=CARTESIAN_POINT('',(-0.00972229352808114,0.0288093449047824,0.005805));
#3263=CARTESIAN_POINT('',(-0.00973549999999821,0.0286732475838285,0.005805));
#3264=CARTESIAN_POINT('',(-0.00973549999999821,0.0285379849999952,0.005805));
#3265=CARTESIAN_POINT('',(-0.00936049999999829,0.0291629849999952,0.00518));
#3266=CARTESIAN_POINT('',(-0.00938133333333161,0.0291838183333286,0.0052216666666667));
#3267=CARTESIAN_POINT('',(-0.00939975331325017,0.0292022383132471,0.00526587388486727));
#3268=CARTESIAN_POINT('',(-0.0094310638131199,0.0292335488131168,0.00535955135995831));
#3269=CARTESIAN_POINT('',(-0.00944395433307108,0.029246439333068,0.00540902161684878));
#3270=CARTESIAN_POINT('',(-0.00947327757326676,0.0292757625732637,0.00556559984898813));
#3271=CARTESIAN_POINT('',(-0.00948549999999822,0.0292879849999952,0.00568));
#3272=CARTESIAN_POINT('',(-0.00948549999999821,0.0292879849999953,0.005805));
#3273=CARTESIAN_POINT('',(-0.00948549999999821,0.0292879849999953,0.005805));
#3274=CARTESIAN_POINT('',(-0.00936049999999829,0.0291629849999952,0.00518));
#3275=CARTESIAN_POINT('',(-0.00973549999999821,0.0285379849999952,0.005805));
#3276=CARTESIAN_POINT('',(-0.00973549999999822,0.0288713183333286,0.00580499999999997));
#3277=CARTESIAN_POINT('',(-0.00965216666666489,0.0291213183333286,0.00580499999999997));
#3278=CARTESIAN_POINT('',(-0.00948549999999822,0.0292879849999953,0.005805));
#3279=CARTESIAN_POINT('',(-0.00948549999999821,0.0285379849999952,0.00505499999999999));
#3280=CARTESIAN_POINT('',(-0.00965216666666488,0.0285379849999952,0.00522166666666666));
#3281=CARTESIAN_POINT('',(-0.00973549999999821,0.0285379849999952,0.00547166666666667));
#3282=CARTESIAN_POINT('',(-0.00973549999999821,0.0285379849999952,0.005805));
#3283=CARTESIAN_POINT('',(-0.00948549999999821,0.0285379849999952,0.005055));
#3284=CARTESIAN_POINT('',(-0.00936049999999829,0.0291629849999952,0.00518));
#3285=CARTESIAN_POINT('',(-0.00938133333333161,0.0291213183333286,0.0051591666666667));
#3286=CARTESIAN_POINT('',(-0.00939975331325017,0.029077111115128,0.00514074668674814));
#3287=CARTESIAN_POINT('',(-0.0094310638131199,0.0289834336400369,0.00510943618687839));
#3288=CARTESIAN_POINT('',(-0.00944395433307108,0.0289339633831465,0.00509654566692721));
#3289=CARTESIAN_POINT('',(-0.00947327757326676,0.028777385151007,0.0050672224267315));
#3290=CARTESIAN_POINT('',(-0.00948549999999821,0.0286629849999952,0.005055));
#3291=CARTESIAN_POINT('',(-0.0094854999999982,0.0285379849999952,0.005055));
#3292=CARTESIAN_POINT('',(-0.00936049999999829,0.0291629849999952,0.00518));
#3293=CARTESIAN_POINT('',(-0.00931883333333164,0.0291838183333286,0.0051591666666667));
#3294=CARTESIAN_POINT('',(-0.00927462611513109,0.0292022383132471,0.00514074668674813));
#3295=CARTESIAN_POINT('',(-0.0091809486400401,0.0292335488131168,0.00510943618687838));
#3296=CARTESIAN_POINT('',(-0.00913147838314965,0.029246439333068,0.0050965456669272));
#3297=CARTESIAN_POINT('',(-0.00897490015101035,0.0292757625732637,0.00506722242673149));
#3298=CARTESIAN_POINT('',(-0.00886049999999849,0.0292879849999953,0.005055));
#3299=CARTESIAN_POINT('',(-0.00873549999999853,0.0292879849999953,0.005055));
#3300=CARTESIAN_POINT('',(-0.00938133333333161,0.0291213183333286,0.0051591666666667));
#3301=CARTESIAN_POINT('',(-0.00933354080648313,0.02913602580648,0.00512362586018188));
#3302=CARTESIAN_POINT('',(-0.00928411332183431,0.0291498917658387,0.0050954377673901));
#3303=CARTESIAN_POINT('',(-0.00918305939454079,0.0291749640269035,0.00505175334844156));
#3304=CARTESIAN_POINT('',(-0.00913143295189609,0.0291861703286097,0.00503625702228479));
#3305=CARTESIAN_POINT('',(-0.00897486162337532,0.0292143348021489,0.00500578520264037));
#3306=CARTESIAN_POINT('',(-0.00886050032059772,0.0292328252052701,0.00499984020527494));
#3307=CARTESIAN_POINT('',(-0.00873549999999853,0.0292401591450028,0.00500717414500763));
#3308=CARTESIAN_POINT('',(-0.00939975331325017,0.029077111115128,0.00514074668674814));
#3309=CARTESIAN_POINT('',(-0.00934740676580107,0.0290865982416814,0.00509543776734925));
#3310=CARTESIAN_POINT('',(-0.00929391438171959,0.0290963992326283,0.00506108226421228));
#3311=CARTESIAN_POINT('',(-0.0091869948198861,0.0291155619242335,0.00500971453273132));
#3312=CARTESIAN_POINT('',(-0.00913354643039488,0.029124923624892,0.00499266344319797));
#3313=CARTESIAN_POINT('',(-0.00897548687999981,0.0291507492628221,0.00496078865763602));
#3314=CARTESIAN_POINT('',(-0.0088609633665837,0.0291725435906429,0.00495758481121027));
#3315=CARTESIAN_POINT('',(-0.00873549999999852,0.0291853738526459,0.00496642922704609));
#3316=CARTESIAN_POINT('',(-0.0094310638131199,0.0289834336400369,0.00510943618687839));
#3317=CARTESIAN_POINT('',(-0.00937247902679463,0.0289855441140133,0.00505175334832925));
#3318=CARTESIAN_POINT('',(-0.00931307719296284,0.0289894794260274,0.00500971460843986));
#3319=CARTESIAN_POINT('',(-0.00919725513354779,0.0289997396999481,0.0049486242189373));
#3320=CARTESIAN_POINT('',(-0.0091407648470044,0.0290060646618546,0.00492943313536483));
#3321=CARTESIAN_POINT('',(-0.00897795750183361,0.0290267339831392,0.00489407474047692));
#3322=CARTESIAN_POINT('',(-0.00886244140676913,0.0290500924915456,0.00489254036870271));
#3323=CARTESIAN_POINT('',(-0.00873549999999848,0.0290672779397034,0.00490046234787611));
#3324=CARTESIAN_POINT('',(-0.00944395433307108,0.0289339633831465,0.00509654566692721));
#3325=CARTESIAN_POINT('',(-0.00938368532847023,0.0289339175511439,0.00503625702214189));
#3326=CARTESIAN_POINT('',(-0.00932243894432083,0.0289360310481905,0.00499266360106565));
#3327=CARTESIAN_POINT('',(-0.00920358002186417,0.0289432499480344,0.00492943331430568));
#3328=CARTESIAN_POINT('',(-0.00914586978511515,0.0289483553508318,0.00490959530308209));
#3329=CARTESIAN_POINT('',(-0.00897980286704292,0.0289661692893295,0.00487201921153195));
#3330=CARTESIAN_POINT('',(-0.00886345640096858,0.0289878219357403,0.00486938584491636));
#3331=CARTESIAN_POINT('',(-0.00873549999999847,0.029004102847592,0.00487513111245467));
#3332=CARTESIAN_POINT('',(-0.00947327757326676,0.028777385151007,0.0050672224267315));
#3333=CARTESIAN_POINT('',(-0.00941184980207064,0.0287773459821736,0.00500578520255904));
#3334=CARTESIAN_POINT('',(-0.00934826471326672,0.028777970781191,0.00496078881099604));
#3335=CARTESIAN_POINT('',(-0.00922424906319274,0.0287804407092031,0.00489407441974623));
#3336=CARTESIAN_POINT('',(-0.00916368224902617,0.0287822858381978,0.00487201817217224));
#3337=CARTESIAN_POINT('',(-0.0089870079356466,0.0287894903115608,0.00482567100619192));
#3338=CARTESIAN_POINT('',(-0.008866769052047,0.0287996518855669,0.0048173464781021));
#3339=CARTESIAN_POINT('',(-0.00873549999999841,0.0288093413584753,0.00481820534317445));
#3340=CARTESIAN_POINT('',(-0.00948549999999821,0.0286629849999952,0.005055));
#3341=CARTESIAN_POINT('',(-0.00943034020527313,0.028662984679396,0.00499984020527495));
#3342=CARTESIAN_POINT('',(-0.0093700591000763,0.0286634471610718,0.00495758509744976));
#3343=CARTESIAN_POINT('',(-0.00924760730574165,0.0286649241867587,0.00489254024578741));
#3344=CARTESIAN_POINT('',(-0.00918533380472454,0.0286659387307698,0.00486938489569078));
#3345=CARTESIAN_POINT('',(-0.00899716975511227,0.0286692501429832,0.00481734741498843));
#3346=CARTESIAN_POINT('',(-0.00886933437740606,0.0286718147913659,0.004805));
#3347=CARTESIAN_POINT('',(-0.00873549999999836,0.0286732423111289,0.004805));
#3348=CARTESIAN_POINT('',(-0.0094854999999982,0.0285379849999952,0.005055));
#3349=CARTESIAN_POINT('',(-0.0094376741450058,0.0285379849999952,0.00500717414500762));
#3350=CARTESIAN_POINT('',(-0.00938288940871547,0.0285379849999952,0.00496642957198182));
#3351=CARTESIAN_POINT('',(-0.00926479299776431,0.0285379849999952,0.00490046234598272));
#3352=CARTESIAN_POINT('',(-0.00920161508717242,0.0285379849999952,0.00487513025952021));
#3353=CARTESIAN_POINT('',(-0.00900685990478553,0.0285379849999952,0.00481820647191709));
#3354=CARTESIAN_POINT('',(-0.00887076258383166,0.0285379849999952,0.004805));
#3355=CARTESIAN_POINT('',(-0.00873549999999836,0.0285379849999952,0.004805));
#3356=CARTESIAN_POINT('',(-0.00873549999999836,0.0285379849999952,0.004805));
#3357=CARTESIAN_POINT('',(-0.00906883333333162,0.0285379849999952,0.00480500000000002));
#3358=CARTESIAN_POINT('',(-0.00931883333333156,0.0285379849999952,0.00488833333333335));
#3359=CARTESIAN_POINT('',(-0.00948549999999821,0.0285379849999952,0.00505499999999999));
#3360=CARTESIAN_POINT('',(-0.00873549999999853,0.0292879849999952,0.005055));
#3361=CARTESIAN_POINT('',(-0.00873549999999847,0.0291213183333286,0.00488833333333332));
#3362=CARTESIAN_POINT('',(-0.00873549999999841,0.0288713183333286,0.00480499999999999));
#3363=CARTESIAN_POINT('',(-0.00873549999999836,0.0285379849999952,0.004805));
#3364=CARTESIAN_POINT('',(-0.00873549999999853,0.0292879849999953,0.005055));
#3365=CARTESIAN_POINT('',(-0.00936049999999829,0.0291629849999952,0.00518));
#3366=CARTESIAN_POINT('',(-0.00931883333333164,0.0291838183333286,0.0051591666666667));
#3367=CARTESIAN_POINT('',(-0.00927462611513109,0.0292022383132471,0.00514074668674813));
#3368=CARTESIAN_POINT('',(-0.0091809486400401,0.0292335488131168,0.00510943618687838));
#3369=CARTESIAN_POINT('',(-0.00913147838314965,0.029246439333068,0.0050965456669272));
#3370=CARTESIAN_POINT('',(-0.00897490015101035,0.0292757625732637,0.00506722242673149));
#3371=CARTESIAN_POINT('',(-0.00886049999999849,0.0292879849999953,0.005055));
#3372=CARTESIAN_POINT('',(-0.00873549999999853,0.0292879849999953,0.005055));
#3373=CARTESIAN_POINT('',(-0.00873549999999819,0.0277499999999998,0.004805));
#3374=CARTESIAN_POINT('',(-0.00873549999999819,0.0285379849999952,0.004805));
#3375=CARTESIAN_POINT('',(-0.00940216666666487,0.0277499999999998,0.00480499999999999));
#3376=CARTESIAN_POINT('',(-0.00940216666666487,0.0285379849999952,0.00480499999999999));
#3377=CARTESIAN_POINT('',(-0.00973549999999821,0.0277499999999999,0.00513833333333333));
#3378=CARTESIAN_POINT('',(-0.00973549999999821,0.0285379849999953,0.00513833333333333));
#3379=CARTESIAN_POINT('',(-0.00973549999999821,0.0277499999999998,0.005805));
#3380=CARTESIAN_POINT('',(-0.00973549999999821,0.0285379849999952,0.005805));
#3381=CARTESIAN_POINT('',(-0.00973549999999821,0.0285379849999952,0.01));
#3382=CARTESIAN_POINT('',(-0.00973549999999821,0.0285379849999952,0.005805));
#3383=CARTESIAN_POINT('',(-0.00973549999999823,0.0292046516666619,0.0099999999999999));
#3384=CARTESIAN_POINT('',(-0.00973549999999823,0.0292046516666619,0.00580499999999989));
#3385=CARTESIAN_POINT('',(-0.00940216666666489,0.0295379849999953,0.0099999999999999));
#3386=CARTESIAN_POINT('',(-0.00940216666666489,0.0295379849999953,0.00580499999999989));
#3387=CARTESIAN_POINT('',(-0.00873549999999821,0.0295379849999953,0.01));
#3388=CARTESIAN_POINT('',(-0.00873549999999821,0.0295379849999953,0.005805));
#3389=CARTESIAN_POINT('',(-0.00948549999999822,0.0292879849999953,0.005805));
#3390=CARTESIAN_POINT('',(-0.00931883333333157,0.0294546516666619,0.00580499999999997));
#3391=CARTESIAN_POINT('',(-0.00906883333333162,0.0295379849999952,0.00580499999999997));
#3392=CARTESIAN_POINT('',(-0.00873549999999836,0.0295379849999953,0.005805));
#3393=CARTESIAN_POINT('',(-0.00936049999999829,0.0291629849999952,0.00518));
#3394=CARTESIAN_POINT('',(-0.00938133333333161,0.0291838183333286,0.0052216666666667));
#3395=CARTESIAN_POINT('',(-0.00939975331325017,0.0292022383132471,0.00526587388486727));
#3396=CARTESIAN_POINT('',(-0.00943106381311991,0.0292335488131168,0.00535955135995831));
#3397=CARTESIAN_POINT('',(-0.00944395433307108,0.029246439333068,0.00540902161684878));
#3398=CARTESIAN_POINT('',(-0.00947327757326676,0.0292757625732637,0.00556559984898813));
#3399=CARTESIAN_POINT('',(-0.00948549999999822,0.0292879849999952,0.00568));
#3400=CARTESIAN_POINT('',(-0.00948549999999821,0.0292879849999953,0.005805));
#3401=CARTESIAN_POINT('',(-0.00931883333333164,0.0291838183333286,0.0051591666666667));
#3402=CARTESIAN_POINT('',(-0.00933354080648313,0.0292193591398134,0.0052069591935152));
#3403=CARTESIAN_POINT('',(-0.0093474067658418,0.0292475472326052,0.00525638667816404));
#3404=CARTESIAN_POINT('',(-0.00937247902690658,0.0292912316515536,0.00535744060545761));
#3405=CARTESIAN_POINT('',(-0.0093836853286127,0.0293067279777104,0.00540906704810233));
#3406=CARTESIAN_POINT('',(-0.00941184980215189,0.0293371997973549,0.00556563837662317));
#3407=CARTESIAN_POINT('',(-0.00943034020527313,0.0293431447947203,0.0056799996794008));
#3408=CARTESIAN_POINT('',(-0.0094376741450058,0.0293358108549877,0.005805));
#3409=CARTESIAN_POINT('',(-0.00927462611513109,0.0292022383132471,0.00514074668674813));
#3410=CARTESIAN_POINT('',(-0.00928411324168454,0.029247547232646,0.00519309323419725));
#3411=CARTESIAN_POINT('',(-0.00929391423263137,0.029281902735783,0.00524658561827876));
#3412=CARTESIAN_POINT('',(-0.00931307692423665,0.0293332704672639,0.00535350518011229));
#3413=CARTESIAN_POINT('',(-0.0093224386248951,0.0293503215567972,0.00540695356960353));
#3414=CARTESIAN_POINT('',(-0.00934826426282511,0.0293821963423593,0.00556501311999865));
#3415=CARTESIAN_POINT('',(-0.00937005859064595,0.029385400188785,0.00567953663341481));
#3416=CARTESIAN_POINT('',(-0.00938288885264887,0.0293765557729492,0.005805));
#3417=CARTESIAN_POINT('',(-0.0091809486400401,0.0292335488131168,0.00510943618687838));
#3418=CARTESIAN_POINT('',(-0.00918305911401655,0.029291231651666,0.00516802097320367));
#3419=CARTESIAN_POINT('',(-0.00918699442603058,0.0293332703915554,0.00522742280703548));
#3420=CARTESIAN_POINT('',(-0.00919725469995118,0.0293943607810579,0.00534324486645058));
#3421=CARTESIAN_POINT('',(-0.00920357966185774,0.0294135518646304,0.00539973515299399));
#3422=CARTESIAN_POINT('',(-0.00922424898314235,0.0294489102595183,0.00556254249816484));
#3423=CARTESIAN_POINT('',(-0.00924760749154868,0.0294504446312925,0.00567805859322937));
#3424=CARTESIAN_POINT('',(-0.00926479293970636,0.0294425226521191,0.005805));
#3425=CARTESIAN_POINT('',(-0.00913147838314965,0.029246439333068,0.0050965456669272));
#3426=CARTESIAN_POINT('',(-0.00913143255114715,0.0293067279778533,0.00515681467152806));
#3427=CARTESIAN_POINT('',(-0.00913354604819366,0.0293503213989296,0.00521806105567749));
#3428=CARTESIAN_POINT('',(-0.00914076494803756,0.0294135516856895,0.00533691997813418));
#3429=CARTESIAN_POINT('',(-0.00914587035083494,0.0294333896969131,0.00539463021488323));
#3430=CARTESIAN_POINT('',(-0.00916368428933261,0.0294709657884633,0.00556069713295551));
#3431=CARTESIAN_POINT('',(-0.00918533693574342,0.0294735991550789,0.00567704359902989));
#3432=CARTESIAN_POINT('',(-0.00920161784759512,0.0294678538875406,0.005805));
#3433=CARTESIAN_POINT('',(-0.00897490015101035,0.0292757625732637,0.00506722242673149));
#3434=CARTESIAN_POINT('',(-0.00897486098217686,0.0293371997974363,0.00512865019792762));
#3435=CARTESIAN_POINT('',(-0.00897548578119426,0.0293821961889992,0.00519223528673157));
#3436=CARTESIAN_POINT('',(-0.00897795570920632,0.0294489105802491,0.00531625093680558));
#3437=CARTESIAN_POINT('',(-0.00897980083820098,0.029470966827823,0.00537681775097218));
#3438=CARTESIAN_POINT('',(-0.00898700531156396,0.0295173139938034,0.0055534920643518));
#3439=CARTESIAN_POINT('',(-0.00899716688557006,0.0295256385218932,0.00567373094795144));
#3440=CARTESIAN_POINT('',(-0.00900685635847841,0.0295247796568208,0.005805));
#3441=CARTESIAN_POINT('',(-0.00886049999999849,0.0292879849999953,0.005055));
#3442=CARTESIAN_POINT('',(-0.00886049967939926,0.0293431447947203,0.0051101597947251));
#3443=CARTESIAN_POINT('',(-0.00886096216107511,0.0293853999025455,0.00517044089992196));
#3444=CARTESIAN_POINT('',(-0.00886243918676199,0.0294504447542079,0.00529289269425664));
#3445=CARTESIAN_POINT('',(-0.00886345373077303,0.0294736001043045,0.00535516619527377));
#3446=CARTESIAN_POINT('',(-0.00886676514298642,0.0295256375850068,0.00554333024488608));
#3447=CARTESIAN_POINT('',(-0.00886932979136906,0.0295379849999953,0.00567116562259234));
#3448=CARTESIAN_POINT('',(-0.00887075731113213,0.0295379849999953,0.005805));
#3449=CARTESIAN_POINT('',(-0.00873549999999853,0.0292879849999953,0.005055));
#3450=CARTESIAN_POINT('',(-0.00873549999999853,0.0293358108549877,0.00510282585499242));
#3451=CARTESIAN_POINT('',(-0.00873549999999851,0.0293765554280134,0.00515761059128278));
#3452=CARTESIAN_POINT('',(-0.00873549999999848,0.0294425226540126,0.00527570700223396));
#3453=CARTESIAN_POINT('',(-0.00873549999999846,0.0294678547404751,0.00533888491282587));
#3454=CARTESIAN_POINT('',(-0.0087354999999984,0.0295247785280782,0.00553364009521282));
#3455=CARTESIAN_POINT('',(-0.00873549999999836,0.0295379849999953,0.00566973741616673));
#3456=CARTESIAN_POINT('',(-0.00873549999999836,0.0295379849999953,0.005805));
#3457=CARTESIAN_POINT('',(-0.00873549999999836,0.0295379849999952,0.005805));
#3458=CARTESIAN_POINT('',(-0.00873549999999842,0.0295379849999952,0.00547166666666667));
#3459=CARTESIAN_POINT('',(-0.00873549999999847,0.0294546516666619,0.00522166666666667));
#3460=CARTESIAN_POINT('',(-0.00873549999999853,0.0292879849999952,0.005055));
#3461=CARTESIAN_POINT('',(-0.00873549999999869,0.0285379849999952,0.004805));
#3462=CARTESIAN_POINT('',(-0.00516626311241356,0.0285379849999952,0.004805));
#3463=CARTESIAN_POINT('',(-0.00873549999999869,0.0292046516666619,0.00480499999999998));
#3464=CARTESIAN_POINT('',(-0.00516626311241356,0.0292046516666619,0.00480499999999998));
#3465=CARTESIAN_POINT('',(-0.00873549999999869,0.0295379849999952,0.00513833333333333));
#3466=CARTESIAN_POINT('',(-0.00516626311241356,0.0295379849999952,0.00513833333333333));
#3467=CARTESIAN_POINT('',(-0.00873549999999869,0.0295379849999952,0.00580500000000002));
#3468=CARTESIAN_POINT('',(-0.00516626311241356,0.0295379849999952,0.00580500000000002));
#3469=CARTESIAN_POINT('',(0.00936049999999524,0.0291629849999957,0.00517999999999886));
#3470=CARTESIAN_POINT('',(0.0093813333333289,0.0291838183333291,0.00522166666666538));
#3471=CARTESIAN_POINT('',(0.00939975331324778,0.0292022383132477,0.00526587388486581));
#3472=CARTESIAN_POINT('',(0.00943106381311811,0.0292335488131175,0.0053595513599566));
#3473=CARTESIAN_POINT('',(0.00944395433306956,0.0292464393330686,0.00540902161684695));
#3474=CARTESIAN_POINT('',(0.00947327757326599,0.0292757625732643,0.00556559984898601));
#3475=CARTESIAN_POINT('',(0.00948549999999788,0.0292879849999956,0.00567999999999775));
#3476=CARTESIAN_POINT('',(0.00948549999999821,0.0292879849999953,0.00580499999999764));
#3477=CARTESIAN_POINT('',(0.00938133333332887,0.029121318333329,0.00515916666666552));
#3478=CARTESIAN_POINT('',(0.00941687413981424,0.0291360258064806,0.00520695919351381));
#3479=CARTESIAN_POINT('',(0.00944506223260644,0.0291498917658394,0.00525638667816247));
#3480=CARTESIAN_POINT('',(0.00948874665155562,0.0291749640269042,0.00535744060545575));
#3481=CARTESIAN_POINT('',(0.00950424297771262,0.0291861703286103,0.00540906704810036));
#3482=CARTESIAN_POINT('',(0.00953471479735753,0.0292143348021493,0.00556563837662094));
#3483=CARTESIAN_POINT('',(0.00954065979472313,0.0292328252052704,0.00567999967939846));
#3484=CARTESIAN_POINT('',(0.00953332585499062,0.0292401591450028,0.00580499999999757));
#3485=CARTESIAN_POINT('',(0.00939975331324772,0.0290771111151284,0.00514074668674697));
#3486=CARTESIAN_POINT('',(0.00944506223264726,0.029086598241682,0.00519309323419586));
#3487=CARTESIAN_POINT('',(0.00947941773578469,0.0290963992326289,0.00524658561827719));
#3488=CARTESIAN_POINT('',(0.0095307854672663,0.0291155619242342,0.00535350518011043));
#3489=CARTESIAN_POINT('',(0.00954783655679984,0.0291249236248927,0.00540695356960156));
#3490=CARTESIAN_POINT('',(0.00957971134236211,0.0291507492628224,0.00556501311999643));
#3491=CARTESIAN_POINT('',(0.00958291518878787,0.0291725435906431,0.00567953663341248));
#3492=CARTESIAN_POINT('',(0.00957407077295215,0.0291853738526459,0.00580499999999759));
#3493=CARTESIAN_POINT('',(0.00943106381311801,0.0289834336400373,0.00510943618687732));
#3494=CARTESIAN_POINT('',(0.00948874665166786,0.0289855441140139,0.00516802097320241));
#3495=CARTESIAN_POINT('',(0.00953078539155772,0.0289894794260281,0.00522742280703405));
#3496=CARTESIAN_POINT('',(0.00959187578106087,0.0289997396999487,0.00534324486644887));
#3497=CARTESIAN_POINT('',(0.00961106686463347,0.0290060646618551,0.00539973515299215));
#3498=CARTESIAN_POINT('',(0.00964642525952148,0.0290267339831395,0.00556254249816273));
#3499=CARTESIAN_POINT('',(0.00964795963129551,0.0290500924915457,0.00567805859322712));
#3500=CARTESIAN_POINT('',(0.00964003765212213,0.0290672779397033,0.00580499999999774));
#3501=CARTESIAN_POINT('',(0.00944395433306944,0.0289339633831468,0.00509654566692621));
#3502=CARTESIAN_POINT('',(0.00950424297785544,0.0289339175511444,0.00515681467152691));
#3503=CARTESIAN_POINT('',(0.00954783639893211,0.028936031048191,0.0052180610556762));
#3504=CARTESIAN_POINT('',(0.00961106668569259,0.0289432499480349,0.00533691997813263));
#3505=CARTESIAN_POINT('',(0.00963090469691629,0.0289483553508323,0.00539463021488155));
#3506=CARTESIAN_POINT('',(0.00966848078846647,0.0289661692893297,0.00556069713295355));
#3507=CARTESIAN_POINT('',(0.00967111415508187,0.0289878219357404,0.00567704359902777));
#3508=CARTESIAN_POINT('',(0.00966536888754356,0.029004102847592,0.00580499999999787));
#3509=CARTESIAN_POINT('',(0.00947327757326587,0.0287773851510074,0.0050672224267308));
#3510=CARTESIAN_POINT('',(0.00953471479743877,0.0287773459821739,0.00512865019792691));
#3511=CARTESIAN_POINT('',(0.00957971118900203,0.0287779707811913,0.00519223528673076));
#3512=CARTESIAN_POINT('',(0.00964642558025213,0.0287804407092034,0.00531625093680456));
#3513=CARTESIAN_POINT('',(0.00966848182782615,0.0287822858381981,0.00537681775097101));
#3514=CARTESIAN_POINT('',(0.00971482899380647,0.0287894903115609,0.00555349206435024));
#3515=CARTESIAN_POINT('',(0.00972315352189614,0.0287996518855669,0.00567373094794962));
#3516=CARTESIAN_POINT('',(0.00972229465682379,0.0288093413584753,0.00580499999999827));
#3517=CARTESIAN_POINT('',(0.0094854999999978,0.0286629849999953,0.00505499999999962));
#3518=CARTESIAN_POINT('',(0.00954065979472304,0.0286629846793961,0.00511015979472478));
#3519=CARTESIAN_POINT('',(0.0095829149025483,0.0286634471610719,0.00517044089992158));
#3520=CARTESIAN_POINT('',(0.00964795975421075,0.0286649241867588,0.00529289269425607));
#3521=CARTESIAN_POINT('',(0.00967111510430741,0.0286659387307698,0.00535516619527303));
#3522=CARTESIAN_POINT('',(0.0097231525850098,0.0286692501429833,0.00554333024488486));
#3523=CARTESIAN_POINT('',(0.00973549999999821,0.0286718147913659,0.00567116562259075));
#3524=CARTESIAN_POINT('',(0.00973549999999821,0.0286732423111289,0.00580499999999854));
#3525=CARTESIAN_POINT('',(0.00948549999999821,0.0285379849999952,0.005055));
#3526=CARTESIAN_POINT('',(0.00953332585499061,0.0285379849999952,0.00510282585499243));
#3527=CARTESIAN_POINT('',(0.0095740704280164,0.0285379849999952,0.00515761059128267));
#3528=CARTESIAN_POINT('',(0.00964003765401551,0.0285379849999952,0.00527570700223356));
#3529=CARTESIAN_POINT('',(0.00966536974047802,0.0285379849999952,0.00533888491282526));
#3530=CARTESIAN_POINT('',(0.00972229352808114,0.0285379849999952,0.00553364009521163));
#3531=CARTESIAN_POINT('',(0.00973549999999821,0.0285379849999952,0.00566973741616513));
#3532=CARTESIAN_POINT('',(0.00973549999999821,0.0285379849999952,0.00580499999999844));
#3533=CARTESIAN_POINT('',(0.00936049999999524,0.0291629849999957,0.00517999999999886));
#3534=CARTESIAN_POINT('',(0.00938133333332887,0.029121318333329,0.00515916666666552));
#3535=CARTESIAN_POINT('',(0.00939975331324772,0.0290771111151284,0.00514074668674697));
#3536=CARTESIAN_POINT('',(0.00943106381311801,0.0289834336400373,0.00510943618687732));
#3537=CARTESIAN_POINT('',(0.00944395433306944,0.0289339633831468,0.00509654566692621));
#3538=CARTESIAN_POINT('',(0.00947327757326587,0.0287773851510074,0.0050672224267308));
#3539=CARTESIAN_POINT('',(0.0094854999999978,0.0286629849999953,0.00505499999999962));
#3540=CARTESIAN_POINT('',(0.00948549999999821,0.0285379849999952,0.005055));
#3541=CARTESIAN_POINT('',(0.00948549999999821,0.0285379849999952,0.005055));
#3542=CARTESIAN_POINT('',(0.00936049999999524,0.0291629849999957,0.00517999999999886));
#3543=CARTESIAN_POINT('',(0.00973549999999821,0.0285379849999952,0.00580499999999844));
#3544=CARTESIAN_POINT('',(0.00973549999999795,0.0285379849999952,0.00547166666666588));
#3545=CARTESIAN_POINT('',(0.00965216666666462,0.0285379849999952,0.0052216666666664));
#3546=CARTESIAN_POINT('',(0.00948549999999821,0.0285379849999952,0.005055));
#3547=CARTESIAN_POINT('',(0.00948549999999821,0.0292879849999953,0.00580499999999764));
#3548=CARTESIAN_POINT('',(0.00965216666666489,0.0291213183333286,0.00580499999999788));
#3549=CARTESIAN_POINT('',(0.00973549999999822,0.0288713183333286,0.00580499999999815));
#3550=CARTESIAN_POINT('',(0.00973549999999821,0.0285379849999952,0.00580499999999844));
#3551=CARTESIAN_POINT('',(0.00948549999999821,0.0292879849999953,0.00580499999999764));
#3552=CARTESIAN_POINT('',(0.00936049999999524,0.0291629849999957,0.00517999999999886));
#3553=CARTESIAN_POINT('',(0.0093813333333289,0.0291838183333291,0.00522166666666538));
#3554=CARTESIAN_POINT('',(0.00939975331324778,0.0292022383132477,0.00526587388486581));
#3555=CARTESIAN_POINT('',(0.00943106381311811,0.0292335488131175,0.0053595513599566));
#3556=CARTESIAN_POINT('',(0.00944395433306956,0.0292464393330686,0.00540902161684695));
#3557=CARTESIAN_POINT('',(0.00947327757326599,0.0292757625732643,0.00556559984898601));
#3558=CARTESIAN_POINT('',(0.00948549999999788,0.0292879849999956,0.00567999999999775));
#3559=CARTESIAN_POINT('',(0.00948549999999821,0.0292879849999953,0.00580499999999764));
#3560=CARTESIAN_POINT('',(0.00936049999999524,0.0291629849999957,0.00517999999999886));
#3561=CARTESIAN_POINT('',(0.00931883333332795,0.0291838183333289,0.00515916666666568));
#3562=CARTESIAN_POINT('',(0.00927462611512675,0.0292022383132474,0.00514074668674726));
#3563=CARTESIAN_POINT('',(0.00918094864003443,0.0292335488131169,0.00510943618687776));
#3564=CARTESIAN_POINT('',(0.00913147838314332,0.0292464393330681,0.00509654566692669));
#3565=CARTESIAN_POINT('',(0.00897490015100202,0.0292757625732637,0.00506722242673127));
#3566=CARTESIAN_POINT('',(0.00886049999998878,0.0292879849999952,0.005055));
#3567=CARTESIAN_POINT('',(0.00873549999998743,0.0292879849999952,0.005055));
#3568=CARTESIAN_POINT('',(0.0093813333333289,0.0291838183333291,0.00522166666666538));
#3569=CARTESIAN_POINT('',(0.00933354080647968,0.0292193591398138,0.00520695919351405));
#3570=CARTESIAN_POINT('',(0.00928411332183014,0.0292475472326055,0.00519309323415554));
#3571=CARTESIAN_POINT('',(0.00918305939453519,0.0292912316515538,0.00516802097309102));
#3572=CARTESIAN_POINT('',(0.0091314329518898,0.0293067279777106,0.00515681467138502));
#3573=CARTESIAN_POINT('',(0.008974861623367,0.0293371997973549,0.00512865019784615));
#3574=CARTESIAN_POINT('',(0.00886050032058802,0.0293431447947202,0.00511015979472506));
#3575=CARTESIAN_POINT('',(0.00873549999998743,0.0293358108549877,0.00510282585499243));
#3576=CARTESIAN_POINT('',(0.00939975331324778,0.0292022383132477,0.00526587388486581));
#3577=CARTESIAN_POINT('',(0.00934740676579792,0.0292475472326465,0.00525638675831253));
#3578=CARTESIAN_POINT('',(0.00929391438171567,0.0292819027357833,0.00524658576736586));
#3579=CARTESIAN_POINT('',(0.00918699481988071,0.0293332704672641,0.00522742307576087));
#3580=CARTESIAN_POINT('',(0.00913354643038878,0.0293503215567974,0.00521806137510255));
#3581=CARTESIAN_POINT('',(0.00897548687999171,0.0293821963423593,0.00519223573717287));
#3582=CARTESIAN_POINT('',(0.00886096336657423,0.029385400188785,0.00517044140935222));
#3583=CARTESIAN_POINT('',(0.00873549999998777,0.0293765557729492,0.00515761114734932));
#3584=CARTESIAN_POINT('',(0.00943106381311811,0.0292335488131175,0.0053595513599566));
#3585=CARTESIAN_POINT('',(0.0093724790267921,0.0292912316516666,0.0053574408859803));
#3586=CARTESIAN_POINT('',(0.00931307719295955,0.0293332703915559,0.00535350557396643));
#3587=CARTESIAN_POINT('',(0.00919725513354301,0.0293943607810583,0.00534324530004613));
#3588=CARTESIAN_POINT('',(0.00914076484699891,0.0294135518646307,0.00533692033813971));
#3589=CARTESIAN_POINT('',(0.00897795750182616,0.0294489102595184,0.00531625101685548));
#3590=CARTESIAN_POINT('',(0.0088624414067604,0.0294504446312925,0.00529289250844937));
#3591=CARTESIAN_POINT('',(0.00873549999998879,0.0294425226521191,0.00527570706029171));
#3592=CARTESIAN_POINT('',(0.00944395433306956,0.0292464393330686,0.00540902161684695));
#3593=CARTESIAN_POINT('',(0.00938368532846804,0.029306727977854,0.00540906744884959));
#3594=CARTESIAN_POINT('',(0.00932243894431788,0.0293503213989301,0.00540695395180323));
#3595=CARTESIAN_POINT('',(0.00920358002185979,0.02941355168569,0.00539973505195963));
#3596=CARTESIAN_POINT('',(0.00914586978511005,0.0294333896969134,0.00539462964916239));
#3597=CARTESIAN_POINT('',(0.0089798028670359,0.0294709657884634,0.0053768157106651));
#3598=CARTESIAN_POINT('',(0.00886345640096032,0.0294735991550789,0.00535516306425452));
#3599=CARTESIAN_POINT('',(0.00873549999998946,0.0294678538875406,0.00533888215240287));
#3600=CARTESIAN_POINT('',(0.00947327757326599,0.0292757625732643,0.00556559984898601));
#3601=CARTESIAN_POINT('',(0.00941184980206943,0.0293371997974368,0.00556563901781961));
#3602=CARTESIAN_POINT('',(0.00934826471326489,0.0293821961889997,0.00556501421880232));
#3603=CARTESIAN_POINT('',(0.00922424906318961,0.0294489105802494,0.00556254429079052));
#3604=CARTESIAN_POINT('',(0.00916368224902236,0.0294709668278233,0.005560699161796));
#3605=CARTESIAN_POINT('',(0.00898700793564094,0.0295173139938034,0.00555349468843342));
#3606=CARTESIAN_POINT('',(0.00886676905204023,0.0295256385218932,0.00554333311442757));
#3607=CARTESIAN_POINT('',(0.00873549999999147,0.0295247796568208,0.00553364364151933));
#3608=CARTESIAN_POINT('',(0.00948549999999788,0.0292879849999956,0.00567999999999775));
#3609=CARTESIAN_POINT('',(0.00943034020527264,0.0293431447947207,0.00568000032059704));
#3610=CARTESIAN_POINT('',(0.00937005910007535,0.0293853999025459,0.00567953783892128));
#3611=CARTESIAN_POINT('',(0.00924760730573958,0.0294504447542082,0.00567806081323463));
#3612=CARTESIAN_POINT('',(0.00918533380472181,0.0294736001043047,0.00567704626922373));
#3613=CARTESIAN_POINT('',(0.00899716975510766,0.0295256375850068,0.00567373485701074));
#3614=CARTESIAN_POINT('',(0.00886933437740033,0.0295379849999952,0.00567117020862838));
#3615=CARTESIAN_POINT('',(0.00873549999999282,0.0295379849999953,0.00566974268886546));
#3616=CARTESIAN_POINT('',(0.00948549999999821,0.0292879849999953,0.00580499999999764));
#3617=CARTESIAN_POINT('',(0.0094376741450058,0.0293358108549877,0.00580499999999772));
#3618=CARTESIAN_POINT('',(0.00938288940871512,0.0293765554280134,0.00580499999999784));
#3619=CARTESIAN_POINT('',(0.00926479299776292,0.0294425226540125,0.00580499999999814));
#3620=CARTESIAN_POINT('',(0.00920161508717035,0.0294678547404751,0.00580499999999831));
#3621=CARTESIAN_POINT('',(0.00900685990478138,0.0295247785280782,0.0058049999999988));
#3622=CARTESIAN_POINT('',(0.00887076258382612,0.0295379849999953,0.00580499999999912));
#3623=CARTESIAN_POINT('',(0.00873549999999282,0.0295379849999953,0.00580499999999923));
#3624=CARTESIAN_POINT('',(0.00873549999999282,0.0295379849999953,0.00580499999999923));
#3625=CARTESIAN_POINT('',(0.00906883333332885,0.0295379849999962,0.00580499999999868));
#3626=CARTESIAN_POINT('',(0.00931883333333065,0.0294546516666628,0.00580499999999815));
#3627=CARTESIAN_POINT('',(0.00948549999999821,0.0292879849999953,0.00580499999999764));
#3628=CARTESIAN_POINT('',(0.00873549999998743,0.0292879849999952,0.00505499999999996));
#3629=CARTESIAN_POINT('',(0.00873549999998923,0.0294546516666618,0.0052216666666665));
#3630=CARTESIAN_POINT('',(0.00873549999999102,0.0295379849999951,0.00547166666666625));
#3631=CARTESIAN_POINT('',(0.00873549999999282,0.0295379849999953,0.00580499999999923));
#3632=CARTESIAN_POINT('',(0.00873549999998743,0.0292879849999953,0.005055));
#3633=CARTESIAN_POINT('',(0.00936049999999524,0.0291629849999957,0.00517999999999886));
#3634=CARTESIAN_POINT('',(0.00931883333332795,0.0291838183333289,0.00515916666666568));
#3635=CARTESIAN_POINT('',(0.00927462611512675,0.0292022383132474,0.00514074668674726));
#3636=CARTESIAN_POINT('',(0.00918094864003443,0.0292335488131169,0.00510943618687776));
#3637=CARTESIAN_POINT('',(0.00913147838314332,0.0292464393330681,0.00509654566692669));
#3638=CARTESIAN_POINT('',(0.00897490015100202,0.0292757625732637,0.00506722242673127));
#3639=CARTESIAN_POINT('',(0.00886049999998878,0.0292879849999952,0.005055));
#3640=CARTESIAN_POINT('',(0.00873549999998743,0.0292879849999952,0.005055));
#3641=CARTESIAN_POINT('',(0.00973549999999821,0.0285379849999952,0.00580499999999525));
#3642=CARTESIAN_POINT('',(0.00973549999999821,0.0285379849999952,0.0100000000000001));
#3643=CARTESIAN_POINT('',(0.00973549999999823,0.0292046516666637,0.00580499999999516));
#3644=CARTESIAN_POINT('',(0.00973549999999823,0.0292046516666637,0.00999999999999998));
#3645=CARTESIAN_POINT('',(0.0094021666666631,0.0295379849999971,0.00580499999999516));
#3646=CARTESIAN_POINT('',(0.0094021666666631,0.0295379849999971,0.00999999999999998));
#3647=CARTESIAN_POINT('',(0.00873549999999282,0.0295379849999952,0.00580499999999525));
#3648=CARTESIAN_POINT('',(0.00873549999999282,0.0295379849999952,0.0100000000000001));
#3649=CARTESIAN_POINT('',(0.00873549999999282,0.0285379849999952,0.004805));
#3650=CARTESIAN_POINT('',(0.00873549999999282,0.0277499999999998,0.004805));
#3651=CARTESIAN_POINT('',(0.00940216666666308,0.0285379849999952,0.0048049999999982));
#3652=CARTESIAN_POINT('',(0.00940216666666308,0.0277499999999998,0.0048049999999982));
#3653=CARTESIAN_POINT('',(0.00973549999999821,0.0285379849999952,0.00513833333333153));
#3654=CARTESIAN_POINT('',(0.00973549999999821,0.0277499999999998,0.00513833333333153));
#3655=CARTESIAN_POINT('',(0.00973549999999821,0.0285379849999952,0.005805));
#3656=CARTESIAN_POINT('',(0.00973549999999821,0.0277499999999998,0.005805));
#3657=CARTESIAN_POINT('',(0.00948549999999821,0.0285379849999952,0.005055));
#3658=CARTESIAN_POINT('',(0.00931883333333065,0.0285379849999952,0.00488833333333243));
#3659=CARTESIAN_POINT('',(0.00906883333332885,0.0285379849999952,0.0048049999999991));
#3660=CARTESIAN_POINT('',(0.00873549999999282,0.0285379849999952,0.004805));
#3661=CARTESIAN_POINT('',(0.00936049999999524,0.0291629849999957,0.00517999999999886));
#3662=CARTESIAN_POINT('',(0.00938133333332887,0.029121318333329,0.00515916666666552));
#3663=CARTESIAN_POINT('',(0.00939975331324772,0.0290771111151284,0.00514074668674697));
#3664=CARTESIAN_POINT('',(0.00943106381311801,0.0289834336400373,0.00510943618687732));
#3665=CARTESIAN_POINT('',(0.00944395433306944,0.0289339633831468,0.00509654566692621));
#3666=CARTESIAN_POINT('',(0.00947327757326587,0.0287773851510074,0.0050672224267308));
#3667=CARTESIAN_POINT('',(0.0094854999999978,0.0286629849999953,0.00505499999999962));
#3668=CARTESIAN_POINT('',(0.00948549999999821,0.0285379849999952,0.005055));
#3669=CARTESIAN_POINT('',(0.00931883333332795,0.0291838183333289,0.00515916666666568));
#3670=CARTESIAN_POINT('',(0.00933354080647962,0.0291360258064803,0.0051236258601809));
#3671=CARTESIAN_POINT('',(0.00934740676583855,0.0290865983218314,0.00509543776738916));
#3672=CARTESIAN_POINT('',(0.00937247902690392,0.0289855443945378,0.00505175334844069));
#3673=CARTESIAN_POINT('',(0.00938368532861037,0.0289339179518931,0.00503625702228396));
#3674=CARTESIAN_POINT('',(0.00941184980215056,0.0287773466233722,0.00500578520263971));
#3675=CARTESIAN_POINT('',(0.00943034020527257,0.0286629853205945,0.00499984020527446));
#3676=CARTESIAN_POINT('',(0.0094376741450058,0.0285379849999952,0.00500717414500762));
#3677=CARTESIAN_POINT('',(0.00927462611512675,0.0292022383132474,0.00514074668674726));
#3678=CARTESIAN_POINT('',(0.0092841132416803,0.0291498917657982,0.00509543776734843));
#3679=CARTESIAN_POINT('',(0.00929391423262735,0.0290963993817166,0.00506108226421151));
#3680=CARTESIAN_POINT('',(0.00931307692423321,0.028989479819883,0.00500971453273062));
#3681=CARTESIAN_POINT('',(0.00932243862489201,0.0289360314303918,0.00499266344319729));
#3682=CARTESIAN_POINT('',(0.00934826426282316,0.0287779718799967,0.00496078865763546));
#3683=CARTESIAN_POINT('',(0.00937005859064494,0.0286634483665806,0.00495758481120982));
#3684=CARTESIAN_POINT('',(0.00938288885264852,0.0285379849999952,0.00496642922704607));
#3685=CARTESIAN_POINT('',(0.00918094864003443,0.0292335488131169,0.00510943618687776));
#3686=CARTESIAN_POINT('',(0.00918305911401088,0.0291749640267916,0.0050517533483287));
#3687=CARTESIAN_POINT('',(0.00918699442602509,0.0291155621929597,0.00500971460843936));
#3688=CARTESIAN_POINT('',(0.00919725469994626,0.0289997401335446,0.00494862421893687));
#3689=CARTESIAN_POINT('',(0.00920357966185322,0.0289432498470012,0.00492943313536443));
#3690=CARTESIAN_POINT('',(0.00922424898313912,0.0287804425018304,0.00489407474047658));
#3691=CARTESIAN_POINT('',(0.00924760749154657,0.028664926406766,0.0048925403687024));
#3692=CARTESIAN_POINT('',(0.00926479293970498,0.0285379849999952,0.00490046234787612));
#3693=CARTESIAN_POINT('',(0.00913147838314332,0.0292464393330681,0.00509654566692669));
#3694=CARTESIAN_POINT('',(0.00913143255114079,0.0291861703284672,0.00503625702214143));
#3695=CARTESIAN_POINT('',(0.00913354604818748,0.0291249239443176,0.00499266360106524));
#3696=CARTESIAN_POINT('',(0.00914076494803194,0.029006065021861,0.00492943331430536));
#3697=CARTESIAN_POINT('',(0.00914587035082972,0.028948354785112,0.00490959530308179));
#3698=CARTESIAN_POINT('',(0.00916368428932872,0.0287822878670397,0.0048720192115317));
#3699=CARTESIAN_POINT('',(0.00918533693574066,0.0286659414009654,0.00486938584491612));
#3700=CARTESIAN_POINT('',(0.00920161784759304,0.0285379849999952,0.00487513111245468));
#3701=CARTESIAN_POINT('',(0.00897490015100202,0.0292757625732637,0.00506722242673127));
#3702=CARTESIAN_POINT('',(0.00897486098216851,0.0292143348020675,0.00500578520255882));
#3703=CARTESIAN_POINT('',(0.00897548578118612,0.0291507497132635,0.00496078881099585));
#3704=CARTESIAN_POINT('',(0.00897795570919881,0.0290267340631895,0.00489407441974612));
#3705=CARTESIAN_POINT('',(0.0089798008381939,0.0289661672490229,0.00487201817217216));
#3706=CARTESIAN_POINT('',(0.00898700531155826,0.0287894929356434,0.00482567100619187));
#3707=CARTESIAN_POINT('',(0.00899716688556545,0.0286692540520439,0.00481734647810204));
#3708=CARTESIAN_POINT('',(0.00900685635847426,0.0285379849999952,0.00481820534317444));
#3709=CARTESIAN_POINT('',(0.00886049999998878,0.0292879849999952,0.005055));
#3710=CARTESIAN_POINT('',(0.00886049967938956,0.02923282520527,0.00499984020527484));
#3711=CARTESIAN_POINT('',(0.00886096216106564,0.0291725441000731,0.00495758509744965));
#3712=CARTESIAN_POINT('',(0.00886243918675325,0.0290500923057385,0.00489254024578735));
#3713=CARTESIAN_POINT('',(0.00886345373076476,0.0289878188047214,0.00486938489569074));
#3714=CARTESIAN_POINT('',(0.00886676514297964,0.028799654755109,0.00481734741498842));
#3715=CARTESIAN_POINT('',(0.00886932979136332,0.028671819377403,0.004805));
#3716=CARTESIAN_POINT('',(0.00887075731112659,0.0285379849999952,0.004805));
#3717=CARTESIAN_POINT('',(0.00873549999998743,0.0292879849999952,0.005055));
#3718=CARTESIAN_POINT('',(0.00873549999998743,0.0292401591450028,0.00500717414500762));
#3719=CARTESIAN_POINT('',(0.00873549999998777,0.0291853744087125,0.00496642957198182));
#3720=CARTESIAN_POINT('',(0.00873549999998878,0.0290672779977613,0.00490046234598272));
#3721=CARTESIAN_POINT('',(0.00873549999998945,0.0290041000871694,0.00487513025952022));
#3722=CARTESIAN_POINT('',(0.00873549999999147,0.0288093449047824,0.00481820647191707));
#3723=CARTESIAN_POINT('',(0.00873549999999282,0.0286732475838285,0.004805));
#3724=CARTESIAN_POINT('',(0.00873549999999282,0.0285379849999952,0.004805));
#3725=CARTESIAN_POINT('',(0.00873549999999282,0.0285379849999952,0.004805));
#3726=CARTESIAN_POINT('',(0.00873549999999102,0.0288713183333286,0.00480499999999999));
#3727=CARTESIAN_POINT('',(0.00873549999998923,0.0291213183333286,0.0048883333333333));
#3728=CARTESIAN_POINT('',(0.00873549999998743,0.0292879849999952,0.00505499999999996));
#3729=CARTESIAN_POINT('',(0.00519543711241507,0.0285379849999952,0.004805));
#3730=CARTESIAN_POINT('',(0.00873549999999282,0.0285379849999952,0.004805));
#3731=CARTESIAN_POINT('',(0.00519543711241507,0.0292046516666619,0.00480499999999997));
#3732=CARTESIAN_POINT('',(0.00873549999999282,0.0292046516666619,0.00480499999999997));
#3733=CARTESIAN_POINT('',(0.00519543711241507,0.0295379849999953,0.00513833333333331));
#3734=CARTESIAN_POINT('',(0.00873549999999282,0.0295379849999953,0.00513833333333331));
#3735=CARTESIAN_POINT('',(0.00519543711241507,0.0295379849999953,0.00580500000000002));
#3736=CARTESIAN_POINT('',(0.00873549999999282,0.0295379849999953,0.00580500000000002));
#3737=CARTESIAN_POINT('',(0.0375067567567567,0.0266628442572524,-0.00837292766739275));
#3738=CARTESIAN_POINT('',(0.0375067567567567,-0.0268371557427477,-0.00369228416875578));
#3739=CARTESIAN_POINT('',(0.0381734234234217,0.0266628442572528,-0.0083729276673889));
#3740=CARTESIAN_POINT('',(0.0381734234234217,-0.0268371557427473,-0.00369228416875193));
#3741=CARTESIAN_POINT('',(0.038506756756755,0.026691896171502,-0.00804086276802498));
#3742=CARTESIAN_POINT('',(0.038506756756755,-0.0268081038284981,-0.00336021926938801));
#3743=CARTESIAN_POINT('',(0.0385067567567568,0.0267500000000001,-0.00737673296930099));
#3744=CARTESIAN_POINT('',(0.0385067567567568,-0.02675,-0.00269608947066402));
#3745=CARTESIAN_POINT('',(0.0385067567567568,-0.02675,-0.00269608947066404));
#3746=CARTESIAN_POINT('',(0.038506756756755,-0.0268081038284981,-0.00336021926938802));
#3747=CARTESIAN_POINT('',(0.0381734234234217,-0.0268371557427473,-0.00369228416875193));
#3748=CARTESIAN_POINT('',(0.0375067567567567,-0.0268371557427477,-0.00369228416875578));
#3749=CARTESIAN_POINT('',(0.0375067567567567,0.0266628442572524,-0.00837292766739274));
#3750=CARTESIAN_POINT('',(0.0381734234234217,0.0266628442572527,-0.00837292766738889));
#3751=CARTESIAN_POINT('',(0.038506756756755,0.0266918961715019,-0.00804086276802497));
#3752=CARTESIAN_POINT('',(0.0385067567567568,0.02675,-0.00737673296930098));
#3753=CARTESIAN_POINT('',(0.0305067567567567,0.0336628442572523,-0.00898534831207419));
#3754=CARTESIAN_POINT('',(0.0314623816417905,0.0336628442612116,-0.00898534831242059));
#3755=CARTESIAN_POINT('',(0.0324075120315791,0.0335787113464586,-0.0089779876361503));
#3756=CARTESIAN_POINT('',(0.03379010536127,0.0331967069937588,-0.00894456658587151));
#3757=CARTESIAN_POINT('',(0.0342396283655212,0.0330254209183075,-0.00892958099604968));
#3758=CARTESIAN_POINT('',(0.035077227407354,0.0325731015411932,-0.00889000817825907));
#3759=CARTESIAN_POINT('',(0.0354703945361316,0.0322859213828561,-0.00886488317001499));
#3760=CARTESIAN_POINT('',(0.0361381072460722,0.0316163388631816,-0.00880630229024836));
#3761=CARTESIAN_POINT('',(0.0364231885946968,0.0312237730963805,-0.00877195723596489));
#3762=CARTESIAN_POINT('',(0.0368730269767582,0.0303869421286743,-0.00869874401300316));
#3763=CARTESIAN_POINT('',(0.037041345001743,0.0299440495199099,-0.00865999593057687));
#3764=CARTESIAN_POINT('',(0.0374228072172477,0.028561967746654,-0.00853907944335117));
#3765=CARTESIAN_POINT('',(0.0375067567607517,0.0276139863970036,-0.00845614182202275));
#3766=CARTESIAN_POINT('',(0.0375067567567567,0.0266628442572523,-0.00837292766739273));
#3767=CARTESIAN_POINT('',(0.0305067567567567,0.03475,-0.00908046211505172));
#3768=CARTESIAN_POINT('',(0.0315324843876331,0.0347500000050013,-0.00908046211549447));
#3769=CARTESIAN_POINT('',(0.032566672172703,0.0346626700351442,-0.00907282173314571));
#3770=CARTESIAN_POINT('',(0.0341466381686965,0.0342211667688987,-0.00903419520243208));
#3771=CARTESIAN_POINT('',(0.0346727537548272,0.0340196433351982,-0.00901656418654988));
#3772=CARTESIAN_POINT('',(0.035673357436324,0.0334703628097679,-0.00896850836748133));
#3773=CARTESIAN_POINT('',(0.0361535700132041,0.0331136391045957,-0.00893729908726681));
#3774=CARTESIAN_POINT('',(0.0369639921838028,0.0322820365038171,-0.00886454328713981));
#3775=CARTESIAN_POINT('',(0.0373052160006457,0.0317968972795866,-0.00882209910479088));
#3776=CARTESIAN_POINT('',(0.0378284358470279,0.0307940287738158,-0.00873435947952293));
#3777=CARTESIAN_POINT('',(0.0380163915365964,0.0302774191147359,-0.00868916199088881));
#3778=CARTESIAN_POINT('',(0.038433235494414,0.0287061418670877,-0.00855169304446205));
#3779=CARTESIAN_POINT('',(0.0385122864266152,0.0276774949798006,-0.0084616981030513));
#3780=CARTESIAN_POINT('',(0.0385067567567568,0.0266628442572523,-0.00837292766739273));
#3781=CARTESIAN_POINT('',(0.0305067567567567,0.03475,-0.00798915361398245));
#3782=CARTESIAN_POINT('',(0.0315265373083033,0.03475,-0.00798915361433404));
#3783=CARTESIAN_POINT('',(0.0325524516220228,0.0346632886161465,-0.00798179293806201));
#3784=CARTESIAN_POINT('',(0.034117111407476,0.0342309801274571,-0.00794837188777804));
#3785=CARTESIAN_POINT('',(0.0346376701956922,0.0340341213433834,-0.00793338629795703));
#3786=CARTESIAN_POINT('',(0.035629509249753,0.0334985094414079,-0.00789381348016823));
#3787=CARTESIAN_POINT('',(0.0361067981713851,0.0331510864288362,-0.00786868847192326));
#3788=CARTESIAN_POINT('',(0.0369178931465953,0.032337720126923,-0.0078101075921566));
#3789=CARTESIAN_POINT('',(0.0372626611356825,0.0318612985104753,-0.0077757625378752));
#3790=CARTESIAN_POINT('',(0.0377951665959528,0.0308706825797071,-0.00770254931490936));
#3791=CARTESIAN_POINT('',(0.0379885665969499,0.0303578976610685,-0.00766380123248532));
#3792=CARTESIAN_POINT('',(0.0384202355038588,0.0287939112054925,-0.00754288474525902));
#3793=CARTESIAN_POINT('',(0.0385067567567568,0.0277649200913011,-0.00745997734662763));
#3794=CARTESIAN_POINT('',(0.0385067567567568,0.02675,-0.00737673296930098));
#3795=CARTESIAN_POINT('',(0.0305067567567567,0.03475,-0.00798915361398245));
#3796=CARTESIAN_POINT('',(0.0305067567567567,0.03475,-0.00871669261469529));
#3797=CARTESIAN_POINT('',(0.0305067567567567,0.0343876147524175,-0.00904875751405919));
#3798=CARTESIAN_POINT('',(0.0305067567567567,0.0336628442572523,-0.00898534831207419));
#3799=CARTESIAN_POINT('',(0.0305067567567567,-0.03475,-0.00208366882598258));
#3800=CARTESIAN_POINT('',(0.0315265373083079,-0.03475,-0.00208366882563284));
#3801=CARTESIAN_POINT('',(0.0325524516220166,-0.0346632886161482,-0.00209102950190509));
#3802=CARTESIAN_POINT('',(0.0341171114074791,-0.0342309801274562,-0.00212445055218594));
#3803=CARTESIAN_POINT('',(0.0346376701956929,-0.034034121343383,-0.0021394361420082));
#3804=CARTESIAN_POINT('',(0.0356295092497523,-0.0334985094414083,-0.00217900895979659));
#3805=CARTESIAN_POINT('',(0.0361067981713826,-0.0331510864288386,-0.00220413396804177));
#3806=CARTESIAN_POINT('',(0.0369178931465978,-0.0323377201269205,-0.00226271484780842));
#3807=CARTESIAN_POINT('',(0.0372626611356825,-0.0318612985104754,-0.00229705990209209));
#3808=CARTESIAN_POINT('',(0.0377951665959528,-0.0308706825797071,-0.00237027312505338));
#3809=CARTESIAN_POINT('',(0.0379885665969501,-0.030357897661068,-0.00240902120748001));
#3810=CARTESIAN_POINT('',(0.0384202355038585,-0.0287939112054933,-0.00252993769470538));
#3811=CARTESIAN_POINT('',(0.0385067567567568,-0.0277649200913,-0.00261284509333271));
#3812=CARTESIAN_POINT('',(0.0385067567567568,-0.02675,-0.00269608947066405));
#3813=CARTESIAN_POINT('',(0.0305067567567567,-0.03475,-0.003));
#3814=CARTESIAN_POINT('',(0.0315215230578905,-0.034750000004674,-0.00299999999958451));
#3815=CARTESIAN_POINT('',(0.0325405567032529,-0.0346637777634387,-0.00300754346824193));
#3816=CARTESIAN_POINT('',(0.0340921004032905,-0.0342392892385945,-0.00304468140196419));
#3817=CARTESIAN_POINT('',(0.0346078315049181,-0.0340464034775059,-0.0030615567194162));
#3818=CARTESIAN_POINT('',(0.0355916601808238,-0.0335227799813978,-0.00310736783927805));
#3819=CARTESIAN_POINT('',(0.036065965854471,-0.033183673946565,-0.00313703577306137));
#3820=CARTESIAN_POINT('',(0.0368766228367848,-0.0323874651496701,-0.00320669501658827));
#3821=CARTESIAN_POINT('',(0.037223947898171,-0.0319197233307099,-0.00324761712320473));
#3822=CARTESIAN_POINT('',(0.0377640656642124,-0.0309421325371305,-0.00333314523521036));
#3823=CARTESIAN_POINT('',(0.0379622338637904,-0.0304338914235969,-0.00337761057098297));
#3824=CARTESIAN_POINT('',(0.0384073627135686,-0.0288793763762829,-0.00351361301490135));
#3825=CARTESIAN_POINT('',(0.0385012291590549,-0.0278514280176479,-0.003603546842967));
#3826=CARTESIAN_POINT('',(0.0385067567567568,-0.0268371557427476,-0.00369228416875579));
#3827=CARTESIAN_POINT('',(0.0305067567567567,-0.0338371557427477,-0.00307986352407433));
#3828=CARTESIAN_POINT('',(0.0314623816417955,-0.0338371557467036,-0.00307986352372823));
#3829=CARTESIAN_POINT('',(0.0324075120315725,-0.0337530228319535,-0.00308722419999824));
#3830=CARTESIAN_POINT('',(0.0337901053612733,-0.0333710184792543,-0.00312064525027698));
#3831=CARTESIAN_POINT('',(0.0342396283655212,-0.0331997324038011,-0.00313563084009899));
#3832=CARTESIAN_POINT('',(0.035077227407354,-0.0327474130266902,-0.0031752036578893));
#3833=CARTESIAN_POINT('',(0.0354703945361316,-0.0324602328683563,-0.00320032866613309));
#3834=CARTESIAN_POINT('',(0.0361381072460722,-0.0317906503486721,-0.00325890954590059));
#3835=CARTESIAN_POINT('',(0.0364231885946968,-0.0313980845818756,-0.00329325460018364));
#3836=CARTESIAN_POINT('',(0.0368730269767581,-0.0305612536141699,-0.00336646782314532));
#3837=CARTESIAN_POINT('',(0.0370413450017446,-0.0301183610054052,-0.00340521590557166));
#3838=CARTESIAN_POINT('',(0.0374228072172444,-0.0287362792321494,-0.00352613239279734));
#3839=CARTESIAN_POINT('',(0.037506756760745,-0.0277882978824989,-0.00360907001412577));
#3840=CARTESIAN_POINT('',(0.0375067567567567,-0.0268371557427476,-0.00369228416875579));
#3841=CARTESIAN_POINT('',(0.0305067567567567,-0.0338371557427476,-0.00307986352407432));
#3842=CARTESIAN_POINT('',(0.0305067567567567,-0.0344457185809159,-0.00302662117469145));
#3843=CARTESIAN_POINT('',(0.0305067567567567,-0.03475,-0.00269455627532753));
#3844=CARTESIAN_POINT('',(0.0305067567567567,-0.03475,-0.00208366882598258));
#3845=CARTESIAN_POINT('',(-0.0305067567567568,0.0336628442572523,-0.00898534831207419));
#3846=CARTESIAN_POINT('',(0.0305067567567567,0.0336628442572523,-0.00898534831207419));
#3847=CARTESIAN_POINT('',(-0.0305067567567568,0.0343876147524175,-0.00904875751405919));
#3848=CARTESIAN_POINT('',(0.0305067567567567,0.0343876147524175,-0.00904875751405919));
#3849=CARTESIAN_POINT('',(-0.0305067567567568,0.03475,-0.00871669261469529));
#3850=CARTESIAN_POINT('',(0.0305067567567567,0.03475,-0.00871669261469529));
#3851=CARTESIAN_POINT('',(-0.0305067567567568,0.03475,-0.00798915361398245));
#3852=CARTESIAN_POINT('',(0.0305067567567567,0.03475,-0.00798915361398245));
#3853=CARTESIAN_POINT('',(-0.0305067567567567,0.0336628442572523,-0.00898534831207419));
#3854=CARTESIAN_POINT('',(-0.0305067567567567,0.0343876147524175,-0.00904875751405919));
#3855=CARTESIAN_POINT('',(-0.0305067567567567,0.03475,-0.00871669261469529));
#3856=CARTESIAN_POINT('',(-0.0305067567567567,0.03475,-0.00798915361398245));
#3857=CARTESIAN_POINT('',(0.0305067567567567,-0.0338371557427476,-0.00307986352407432));
#3858=CARTESIAN_POINT('',(-0.0305067567567567,-0.0338371557427476,-0.00307986352407432));
#3859=CARTESIAN_POINT('',(0.0305067567567567,-0.0344457185809159,-0.00302662117469145));
#3860=CARTESIAN_POINT('',(-0.0305067567567568,-0.0344457185809159,-0.00302662117469145));
#3861=CARTESIAN_POINT('',(0.0305067567567567,-0.03475,-0.00269455627532753));
#3862=CARTESIAN_POINT('',(-0.0305067567567568,-0.03475,-0.00269455627532753));
#3863=CARTESIAN_POINT('',(0.0305067567567567,-0.03475,-0.00208366882598258));
#3864=CARTESIAN_POINT('',(-0.0305067567567568,-0.03475,-0.00208366882598258));
#3865=CARTESIAN_POINT('',(-0.0305067567567567,-0.03475,-0.00208366882598258));
#3866=CARTESIAN_POINT('',(-0.0305067567567567,-0.03475,-0.00269455627532753));
#3867=CARTESIAN_POINT('',(-0.0305067567567567,-0.0344457185809159,-0.00302662117469145));
#3868=CARTESIAN_POINT('',(-0.0305067567567567,-0.0338371557427477,-0.00307986352407432));
#3869=CARTESIAN_POINT('',(-0.0375067567567567,0.0266628442572523,-0.00837292766739272));
#3870=CARTESIAN_POINT('',(-0.0375067567606722,0.0276148077773922,-0.00845621368349519));
#3871=CARTESIAN_POINT('',(-0.0374232267360357,0.0285564811293583,-0.00853859942653669));
#3872=CARTESIAN_POINT('',(-0.0370444757804869,0.0299346635908576,-0.00865917476818813));
#3873=CARTESIAN_POINT('',(-0.0368745143044668,0.0303834478103904,-0.00869843829976658));
#3874=CARTESIAN_POINT('',(-0.0364254221652886,0.0312203394562378,-0.00877165683137778));
#3875=CARTESIAN_POINT('',(-0.0361398877881094,0.0316141446795391,-0.00880611032405395));
#3876=CARTESIAN_POINT('',(-0.035472614747171,0.0322841011679288,-0.00886472392184368));
#3877=CARTESIAN_POINT('',(-0.0350808999967555,0.0325707078319936,-0.00888979875584033));
#3878=CARTESIAN_POINT('',(-0.0342431674768425,0.0330239166553338,-0.00892944939009252));
#3879=CARTESIAN_POINT('',(-0.0337994111462403,0.0331935668426483,-0.00894429185824759));
#3880=CARTESIAN_POINT('',(-0.0324137714664358,0.0335781047258584,-0.00897793456372473));
#3881=CARTESIAN_POINT('',(-0.0314611011223781,0.0336628442612919,-0.00898534831242761));
#3882=CARTESIAN_POINT('',(-0.0305067567567567,0.0336628442572523,-0.00898534831207419));
#3883=CARTESIAN_POINT('',(-0.0385067567567568,0.0266628442572523,-0.00837292766739272));
#3884=CARTESIAN_POINT('',(-0.0385122916088798,0.0276784458997315,-0.00846178129778725));
#3885=CARTESIAN_POINT('',(-0.0384335936318734,0.0287001964461384,-0.00855117288753402));
#3886=CARTESIAN_POINT('',(-0.0380198621905789,0.0302666041175323,-0.00868821580123497));
#3887=CARTESIAN_POINT('',(-0.0378301219891849,0.0307899151522837,-0.0087339995842745));
#3888=CARTESIAN_POINT('',(-0.037307857379981,0.031792708960815,-0.0088217326743775));
#3889=CARTESIAN_POINT('',(-0.0369661411329477,0.0322793182046747,-0.00886430546678201));
#3890=CARTESIAN_POINT('',(-0.0361562768209693,0.0331113716745353,-0.00893710071283998));
#3891=CARTESIAN_POINT('',(-0.0356778010469085,0.0334674202334068,-0.00896825092540922));
#3892=CARTESIAN_POINT('',(-0.0346769257923868,0.0340178520468981,-0.00901640746912947));
#3893=CARTESIAN_POINT('',(-0.0341574117065562,0.0342174947165621,-0.00903387393948138));
#3894=CARTESIAN_POINT('',(-0.0325735502880307,0.0346620534072669,-0.00907276778519558));
#3895=CARTESIAN_POINT('',(-0.0315309910424555,0.0347500000050901,-0.00908046211549631));
#3896=CARTESIAN_POINT('',(-0.0305067567567567,0.03475,-0.00908046211505172));
#3897=CARTESIAN_POINT('',(-0.0385067567567568,0.02675,-0.00737673296930098));
#3898=CARTESIAN_POINT('',(-0.0385067567567568,0.0277658708442831,-0.00746005532799364));
#3899=CARTESIAN_POINT('',(-0.0384206393278729,0.0287879604734217,-0.00754240472844805));
#3900=CARTESIAN_POINT('',(-0.0379921444259788,0.0303471490785925,-0.00766298007009482));
#3901=CARTESIAN_POINT('',(-0.037796895255195,0.0308666057333988,-0.00770224360167372));
#3902=CARTESIAN_POINT('',(-0.037265336902688,0.031857174734529,-0.00777546213328715));
#3903=CARTESIAN_POINT('',(-0.0369200557649601,0.0323350550446205,-0.00780991562596316));
#3904=CARTESIAN_POINT('',(-0.0361094954121607,0.0331488750763256,-0.00786852922375097));
#3905=CARTESIAN_POINT('',(-0.0356339201371287,0.0334956413964388,-0.00789360405775014));
#3906=CARTESIAN_POINT('',(-0.0346417995421091,0.0340323733351383,-0.00793325469199922));
#3907=CARTESIAN_POINT('',(-0.0341277765827843,0.0342273892892576,-0.00794809716015482));
#3908=CARTESIAN_POINT('',(-0.032559270981432,0.0346626754768531,-0.00798173986563503));
#3909=CARTESIAN_POINT('',(-0.0315250640245133,0.03475,-0.00798915361433685));
#3910=CARTESIAN_POINT('',(-0.0305067567567567,0.03475,-0.00798915361398245));
#3911=CARTESIAN_POINT('',(-0.0385067567567567,0.02675,-0.00737673296930098));
#3912=CARTESIAN_POINT('',(-0.0385067567567557,0.0266918961715019,-0.00804086276802487));
#3913=CARTESIAN_POINT('',(-0.0381734234234224,0.0266628442572527,-0.00837292766738879));
#3914=CARTESIAN_POINT('',(-0.0375067567567567,0.0266628442572523,-0.00837292766739274));
#3915=CARTESIAN_POINT('',(-0.0305067567567567,-0.0338371557427477,-0.00307986352407433));
#3916=CARTESIAN_POINT('',(-0.0314623816417955,-0.0338371557467158,-0.00307986352372715));
#3917=CARTESIAN_POINT('',(-0.0324075120315725,-0.0337530228319501,-0.00308722419999855));
#3918=CARTESIAN_POINT('',(-0.0337901053612733,-0.033371018479256,-0.00312064525027683));
#3919=CARTESIAN_POINT('',(-0.0342396283655196,-0.0331997324038045,-0.00313563084009869));
#3920=CARTESIAN_POINT('',(-0.0350772274073557,-0.0327474130266868,-0.0031752036578896));
#3921=CARTESIAN_POINT('',(-0.0354703945361316,-0.0324602328683546,-0.00320032866613325));
#3922=CARTESIAN_POINT('',(-0.0361381072460722,-0.0317906503486738,-0.00325890954590045));
#3923=CARTESIAN_POINT('',(-0.0364231885946952,-0.0313980845818747,-0.00329325460018372));
#3924=CARTESIAN_POINT('',(-0.0368730269767598,-0.0305612536141708,-0.00336646782314524));
#3925=CARTESIAN_POINT('',(-0.0370413450017446,-0.0301183610054052,-0.00340521590557165));
#3926=CARTESIAN_POINT('',(-0.0374228072172444,-0.0287362792321493,-0.00352613239279734));
#3927=CARTESIAN_POINT('',(-0.0375067567607384,-0.0277882978824989,-0.00360907001412577));
#3928=CARTESIAN_POINT('',(-0.0375067567567567,-0.0268371557427476,-0.00369228416875579));
#3929=CARTESIAN_POINT('',(-0.0305067567567567,-0.03475,-0.003));
#3930=CARTESIAN_POINT('',(-0.0315215230578903,-0.0347500000047006,-0.0029999999995953));
#3931=CARTESIAN_POINT('',(-0.0325405567032529,-0.0346637777634353,-0.00300754346824339));
#3932=CARTESIAN_POINT('',(-0.0340921004032905,-0.0342392892385961,-0.00304468140196346));
#3933=CARTESIAN_POINT('',(-0.0346078315049164,-0.0340464034775092,-0.00306155671941487));
#3934=CARTESIAN_POINT('',(-0.0355916601808254,-0.0335227799813946,-0.00310736783927939));
#3935=CARTESIAN_POINT('',(-0.036065965854471,-0.0331836739465634,-0.0031370357730622));
#3936=CARTESIAN_POINT('',(-0.0368766228367848,-0.0323874651496717,-0.00320669501658746));
#3937=CARTESIAN_POINT('',(-0.0372239478981693,-0.0319197233307083,-0.00324761712320596));
#3938=CARTESIAN_POINT('',(-0.0377640656642141,-0.0309421325371322,-0.00333314523520911));
#3939=CARTESIAN_POINT('',(-0.0379622338637888,-0.0304338914235969,-0.00337761057098193));
#3940=CARTESIAN_POINT('',(-0.0384073627135719,-0.0288793763762829,-0.00351361301490343));
#3941=CARTESIAN_POINT('',(-0.0385012291590484,-0.0278514280176478,-0.00360354684296505));
#3942=CARTESIAN_POINT('',(-0.0385067567567568,-0.0268371557427476,-0.00369228416875579));
#3943=CARTESIAN_POINT('',(-0.0305067567567567,-0.03475,-0.00208366882598258));
#3944=CARTESIAN_POINT('',(-0.0315265373083073,-0.03475,-0.00208366882563989));
#3945=CARTESIAN_POINT('',(-0.0325524516220174,-0.0346632886161479,-0.00209102950190613));
#3946=CARTESIAN_POINT('',(-0.0341171114074786,-0.0342309801274563,-0.00212445055218542));
#3947=CARTESIAN_POINT('',(-0.0346376701956902,-0.0340341213433844,-0.00213943614200728));
#3948=CARTESIAN_POINT('',(-0.0356295092497549,-0.0334985094414069,-0.00217900895979752));
#3949=CARTESIAN_POINT('',(-0.0361067981713842,-0.0331510864288369,-0.00220413396804218));
#3950=CARTESIAN_POINT('',(-0.0369178931465961,-0.0323377201269222,-0.00226271484780802));
#3951=CARTESIAN_POINT('',(-0.0372626611356829,-0.0318612985104748,-0.00229705990209239));
#3952=CARTESIAN_POINT('',(-0.0377951665959525,-0.0308706825797077,-0.00237027312505308));
#3953=CARTESIAN_POINT('',(-0.0379885665969501,-0.030357897661068,-0.0024090212074797));
#3954=CARTESIAN_POINT('',(-0.0384202355038585,-0.0287939112054933,-0.002529937694706));
#3955=CARTESIAN_POINT('',(-0.0385067567567568,-0.0277649200913,-0.00261284509333263));
#3956=CARTESIAN_POINT('',(-0.0385067567567568,-0.02675,-0.00269608947066405));
#3957=CARTESIAN_POINT('',(-0.0375067567567567,-0.0268371557427477,-0.00369228416875579));
#3958=CARTESIAN_POINT('',(-0.0381734234234224,-0.0268371557427473,-0.00369228416875184));
#3959=CARTESIAN_POINT('',(-0.0385067567567557,-0.0268081038284981,-0.00336021926938792));
#3960=CARTESIAN_POINT('',(-0.0385067567567568,-0.02675,-0.00269608947066405));
#3961=CARTESIAN_POINT('',(-0.0375067567567567,-0.0268371557427477,-0.00369228416875578));
#3962=CARTESIAN_POINT('',(-0.0375067567567567,0.0266628442572524,-0.00837292766739274));
#3963=CARTESIAN_POINT('',(-0.0381734234234224,-0.0268371557427473,-0.00369228416875184));
#3964=CARTESIAN_POINT('',(-0.0381734234234224,0.0266628442572528,-0.0083729276673888));
#3965=CARTESIAN_POINT('',(-0.0385067567567557,-0.0268081038284981,-0.00336021926938792));
#3966=CARTESIAN_POINT('',(-0.0385067567567557,0.026691896171502,-0.00804086276802488));
#3967=CARTESIAN_POINT('',(-0.0385067567567567,-0.02675,-0.00269608947066403));
#3968=CARTESIAN_POINT('',(-0.0385067567567567,0.0267500000000001,-0.00737673296930099));
#3969=CARTESIAN_POINT('',(0.,0.,0.001));
#3970=CARTESIAN_POINT('',(-0.0286286796564404,0.0256286796564403,0.001));
#3971=CARTESIAN_POINT('',(-0.0286997474683059,0.0255576118445749,0.001));
#3972=CARTESIAN_POINT('',(-0.0285576118445749,0.0256997474683059,0.001));
#3973=CARTESIAN_POINT('',(-0.023607864376269,0.02775,0.001));
#3974=CARTESIAN_POINT('',(-0.0265073593128807,0.02775,0.001));
#3975=CARTESIAN_POINT('',(-0.0285576118445749,0.0256997474683059,0.001));
#3976=CARTESIAN_POINT('',(-0.023607864376269,0.02775,0.001));
#3977=CARTESIAN_POINT('',(-0.0286286796564404,0.02775,0.001));
#3978=CARTESIAN_POINT('',(0.023607864376269,0.02775,0.001));
#3979=CARTESIAN_POINT('',(0.0285576118445749,0.0256997474683059,0.001));
#3980=CARTESIAN_POINT('',(0.0265073593128807,0.02775,0.001));
#3981=CARTESIAN_POINT('',(0.023607864376269,0.02775,0.001));
#3982=CARTESIAN_POINT('',(0.0285576118445749,0.0256997474683059,0.001));
#3983=CARTESIAN_POINT('',(0.0286286796564404,0.0256286796564403,0.001));
#3984=CARTESIAN_POINT('',(0.0286997474683059,0.0255576118445749,0.001));
#3985=CARTESIAN_POINT('',(0.03075,0.0206078643762691,0.001));
#3986=CARTESIAN_POINT('',(0.03075,0.0235073593128807,0.001));
#3987=CARTESIAN_POINT('',(0.0286997474683059,0.0255576118445749,0.001));
#3988=CARTESIAN_POINT('',(0.03075,0.0206078643762691,0.001));
#3989=CARTESIAN_POINT('',(0.03075,0.0256286796564403,0.001));
#3990=CARTESIAN_POINT('',(0.03075,-0.0206078643762691,0.001));
#3991=CARTESIAN_POINT('',(0.0286997474683059,-0.0255576118445749,0.001));
#3992=CARTESIAN_POINT('',(0.03075,-0.0235073593128807,0.001));
#3993=CARTESIAN_POINT('',(0.03075,-0.0206078643762691,0.001));
#3994=CARTESIAN_POINT('',(0.0286997474683059,-0.0255576118445749,0.001));
#3995=CARTESIAN_POINT('',(0.0286286796564404,-0.0256286796564403,0.001));
#3996=CARTESIAN_POINT('',(0.0285576118445749,-0.0256997474683058,0.001));
#3997=CARTESIAN_POINT('',(0.023607864376269,-0.02775,0.001));
#3998=CARTESIAN_POINT('',(0.0265073593128807,-0.02775,0.001));
#3999=CARTESIAN_POINT('',(0.0285576118445749,-0.0256997474683059,0.001));
#4000=CARTESIAN_POINT('',(0.023607864376269,-0.02775,0.001));
#4001=CARTESIAN_POINT('',(0.0286286796564404,-0.02775,0.001));
#4002=CARTESIAN_POINT('',(-0.023607864376269,-0.02775,0.001));
#4003=CARTESIAN_POINT('',(-0.0285576118445749,-0.0256997474683059,0.001));
#4004=CARTESIAN_POINT('',(-0.0265073593128807,-0.02775,0.001));
#4005=CARTESIAN_POINT('',(-0.023607864376269,-0.02775,0.001));
#4006=CARTESIAN_POINT('',(-0.0285576118445749,-0.0256997474683059,0.001));
#4007=CARTESIAN_POINT('',(-0.0286286796564404,-0.0256286796564403,0.001));
#4008=CARTESIAN_POINT('',(-0.0286997474683059,-0.0255576118445749,0.001));
#4009=CARTESIAN_POINT('',(-0.03075,-0.0206078643762691,0.001));
#4010=CARTESIAN_POINT('',(-0.03075,-0.0235073593128807,0.001));
#4011=CARTESIAN_POINT('',(-0.0286997474683059,-0.0255576118445749,0.001));
#4012=CARTESIAN_POINT('',(-0.03075,-0.0206078643762691,0.001));
#4013=CARTESIAN_POINT('',(-0.03075,-0.0256286796564403,0.001));
#4014=CARTESIAN_POINT('',(-0.03075,0.0206078643762691,0.001));
#4015=CARTESIAN_POINT('',(-0.0286997474683059,0.0255576118445749,0.001));
#4016=CARTESIAN_POINT('',(-0.03075,0.0235073593128807,0.001));
#4017=CARTESIAN_POINT('',(-0.03075,0.0206078643762691,0.001));
#4018=CARTESIAN_POINT('',(-0.00925,-0.00625,0.001));
#4019=CARTESIAN_POINT('',(-0.00425,-0.00625,0.001));
#4020=CARTESIAN_POINT('',(0.0285576118445749,-0.0256997474683059,0.001));
#4021=CARTESIAN_POINT('',(0.0285576118445749,-0.0256997474683059,0.));
#4022=CARTESIAN_POINT('',(0.0271907768234454,-0.0270665824894353,0.001));
#4023=CARTESIAN_POINT('',(0.0271907768234454,-0.0270665824894353,1.51788304147971E-18));
#4024=CARTESIAN_POINT('',(0.0255408610006768,-0.02775,0.001));
#4025=CARTESIAN_POINT('',(0.0255408610006768,-0.02775,0.));
#4026=CARTESIAN_POINT('',(0.023607864376269,-0.02775,0.001));
#4027=CARTESIAN_POINT('',(0.023607864376269,-0.02775,-4.33680868994202E-19));
#4028=CARTESIAN_POINT('',(0.0285576118445749,-0.0256997474683058,-9.54097911787244E-18));
#4029=CARTESIAN_POINT('',(0.0285576118445749,-0.0256997474683058,0.000333333333333327));
#4030=CARTESIAN_POINT('',(0.0285576118445749,-0.0256997474683058,0.000666666666666663));
#4031=CARTESIAN_POINT('',(0.0285576118445749,-0.0256997474683058,0.000999999999999999));
#4032=CARTESIAN_POINT('',(0.0285576118445749,-0.0256997474683059,0.));
#4033=CARTESIAN_POINT('',(0.023607864376269,-0.02775,0.));
#4034=CARTESIAN_POINT('',(0.0255408610006768,-0.02775,0.));
#4035=CARTESIAN_POINT('',(0.0271907768234454,-0.0270665824894353,0.));
#4036=CARTESIAN_POINT('',(0.0285576118445749,-0.0256997474683059,0.));
#4037=CARTESIAN_POINT('',(0.023607864376269,-0.02775,0.));
#4038=CARTESIAN_POINT('',(0.023607864376269,-0.02775,0.000999999999999999));
#4039=CARTESIAN_POINT('',(0.023607864376269,-0.02775,0.000666666666666666));
#4040=CARTESIAN_POINT('',(0.023607864376269,-0.02775,0.000333333333333333));
#4041=CARTESIAN_POINT('',(0.023607864376269,-0.02775,0.));
#4042=CARTESIAN_POINT('',(0.03075,-0.020607864376269,0.001));
#4043=CARTESIAN_POINT('',(0.03075,-0.020607864376269,0.));
#4044=CARTESIAN_POINT('',(0.03075,-0.0225408610006768,0.000999999999999995));
#4045=CARTESIAN_POINT('',(0.03075,-0.0225408610006768,-6.28837260041593E-18));
#4046=CARTESIAN_POINT('',(0.0300665824894353,-0.0241907768234454,0.001));
#4047=CARTESIAN_POINT('',(0.0300665824894353,-0.0241907768234454,-1.51788304147971E-18));
#4048=CARTESIAN_POINT('',(0.0286997474683058,-0.0255576118445749,0.001));
#4049=CARTESIAN_POINT('',(0.0286997474683058,-0.0255576118445749,1.51788304147971E-18));
#4050=CARTESIAN_POINT('',(0.03075,-0.020607864376269,0.));
#4051=CARTESIAN_POINT('',(0.03075,-0.020607864376269,0.000333333333333333));
#4052=CARTESIAN_POINT('',(0.03075,-0.020607864376269,0.000666666666666666));
#4053=CARTESIAN_POINT('',(0.03075,-0.020607864376269,0.000999999999999999));
#4054=CARTESIAN_POINT('',(0.03075,-0.0206078643762691,0.));
#4055=CARTESIAN_POINT('',(0.0286997474683059,-0.0255576118445749,0.));
#4056=CARTESIAN_POINT('',(0.0300665824894353,-0.0241907768234454,0.));
#4057=CARTESIAN_POINT('',(0.03075,-0.0225408610006768,0.));
#4058=CARTESIAN_POINT('',(0.03075,-0.0206078643762691,0.));
#4059=CARTESIAN_POINT('',(0.0286997474683059,-0.0255576118445749,0.));
#4060=CARTESIAN_POINT('',(0.0286997474683058,-0.0255576118445749,0.001));
#4061=CARTESIAN_POINT('',(0.0286997474683058,-0.0255576118445749,0.000666666666666664));
#4062=CARTESIAN_POINT('',(0.0286997474683058,-0.0255576118445749,0.000333333333333327));
#4063=CARTESIAN_POINT('',(0.0286997474683058,-0.0255576118445749,-9.54097911787244E-18));
#4064=CARTESIAN_POINT('',(0.0286286796564404,-0.0256286796564403,0.007));
#4065=CARTESIAN_POINT('',(0.0286286796564404,-0.0256286796564403,0.));
#4066=CARTESIAN_POINT('',(0.0285576118445749,0.0256997474683058,6.28120432158942E-19));
#4067=CARTESIAN_POINT('',(0.0285576118445749,0.0256997474683058,0.001));
#4068=CARTESIAN_POINT('',(0.0271907768234454,0.0270665824894353,3.36102673470509E-18));
#4069=CARTESIAN_POINT('',(0.0271907768234454,0.0270665824894353,0.001));
#4070=CARTESIAN_POINT('',(0.0255408610006768,0.02775,-2.05998412772246E-18));
#4071=CARTESIAN_POINT('',(0.0255408610006768,0.02775,0.000999999999999998));
#4072=CARTESIAN_POINT('',(0.023607864376269,0.02775,-4.02319649128918E-19));
#4073=CARTESIAN_POINT('',(0.023607864376269,0.02775,0.000999999999999999));
#4074=CARTESIAN_POINT('',(0.023607864376269,0.02775,0.));
#4075=CARTESIAN_POINT('',(0.023607864376269,0.02775,0.000333333333333333));
#4076=CARTESIAN_POINT('',(0.023607864376269,0.02775,0.000666666666666666));
#4077=CARTESIAN_POINT('',(0.023607864376269,0.02775,0.000999999999999999));
#4078=CARTESIAN_POINT('',(0.023607864376269,0.02775,0.));
#4079=CARTESIAN_POINT('',(0.0285576118445749,0.0256997474683059,0.));
#4080=CARTESIAN_POINT('',(0.0271907768234454,0.0270665824894353,0.));
#4081=CARTESIAN_POINT('',(0.0255408610006768,0.02775,0.));
#4082=CARTESIAN_POINT('',(0.023607864376269,0.02775,0.));
#4083=CARTESIAN_POINT('',(0.0285576118445749,0.0256997474683059,0.));
#4084=CARTESIAN_POINT('',(0.0285576118445749,0.0256997474683058,0.001));
#4085=CARTESIAN_POINT('',(0.0285576118445749,0.0256997474683058,0.000666666666666665));
#4086=CARTESIAN_POINT('',(0.0285576118445749,0.0256997474683058,0.000333333333333327));
#4087=CARTESIAN_POINT('',(0.0285576118445749,0.0256997474683058,-9.54097911787244E-18));
#4088=CARTESIAN_POINT('',(0.03075,0.020607864376269,-3.83204238925423E-19));
#4089=CARTESIAN_POINT('',(0.03075,0.020607864376269,0.000999999999999996));
#4090=CARTESIAN_POINT('',(0.03075,0.0225408610006768,6.03539209350269E-18));
#4091=CARTESIAN_POINT('',(0.03075,0.0225408610006768,0.001));
#4092=CARTESIAN_POINT('',(0.0300665824894353,0.0241907768234454,5.67399136934084E-18));
#4093=CARTESIAN_POINT('',(0.0300665824894353,0.0241907768234454,0.001));
#4094=CARTESIAN_POINT('',(0.0286997474683058,0.0255576118445749,-4.51900244344622E-19));
#4095=CARTESIAN_POINT('',(0.0286997474683058,0.0255576118445749,0.000999999999999996));
#4096=CARTESIAN_POINT('',(0.0286997474683058,0.0255576118445749,-9.54097911787244E-18));
#4097=CARTESIAN_POINT('',(0.0286997474683058,0.0255576118445749,0.000333333333333327));
#4098=CARTESIAN_POINT('',(0.0286997474683058,0.0255576118445749,0.000666666666666664));
#4099=CARTESIAN_POINT('',(0.0286997474683058,0.0255576118445749,0.001));
#4100=CARTESIAN_POINT('',(0.0286997474683059,0.0255576118445749,0.));
#4101=CARTESIAN_POINT('',(0.03075,0.0206078643762691,0.));
#4102=CARTESIAN_POINT('',(0.03075,0.0225408610006768,0.));
#4103=CARTESIAN_POINT('',(0.0300665824894353,0.0241907768234454,0.));
#4104=CARTESIAN_POINT('',(0.0286997474683059,0.0255576118445749,0.));
#4105=CARTESIAN_POINT('',(0.03075,0.0206078643762691,0.));
#4106=CARTESIAN_POINT('',(0.03075,0.020607864376269,0.000999999999999999));
#4107=CARTESIAN_POINT('',(0.03075,0.020607864376269,0.000666666666666666));
#4108=CARTESIAN_POINT('',(0.03075,0.020607864376269,0.000333333333333333));
#4109=CARTESIAN_POINT('',(0.03075,0.020607864376269,0.));
#4110=CARTESIAN_POINT('',(0.0286286796564404,0.0256286796564403,0.007));
#4111=CARTESIAN_POINT('',(0.0286286796564404,0.0256286796564403,0.));
#4112=CARTESIAN_POINT('',(0.03075,0.0256286796564403,0.01));
#4113=CARTESIAN_POINT('',(0.03075,0.0256286796564403,0.));
#4114=CARTESIAN_POINT('',(-0.0285576118445749,0.0256997474683058,0.001));
#4115=CARTESIAN_POINT('',(-0.0285576118445749,0.0256997474683058,4.33680868994202E-19));
#4116=CARTESIAN_POINT('',(-0.0271907768234454,0.0270665824894353,0.001));
#4117=CARTESIAN_POINT('',(-0.0271907768234454,0.0270665824894353,2.60208521396521E-18));
#4118=CARTESIAN_POINT('',(-0.0255408610006768,0.02775,0.000999999999999998));
#4119=CARTESIAN_POINT('',(-0.0255408610006768,0.02775,-1.30104260698261E-18));
#4120=CARTESIAN_POINT('',(-0.023607864376269,0.02775,0.001));
#4121=CARTESIAN_POINT('',(-0.023607864376269,0.02775,4.33680868994202E-19));
#4122=CARTESIAN_POINT('',(-0.0285576118445749,0.0256997474683058,-9.54097911787244E-18));
#4123=CARTESIAN_POINT('',(-0.0285576118445749,0.0256997474683058,0.000333333333333327));
#4124=CARTESIAN_POINT('',(-0.0285576118445749,0.0256997474683058,0.000666666666666663));
#4125=CARTESIAN_POINT('',(-0.0285576118445749,0.0256997474683058,0.000999999999999999));
#4126=CARTESIAN_POINT('',(-0.0285576118445749,0.0256997474683059,0.));
#4127=CARTESIAN_POINT('',(-0.023607864376269,0.02775,0.));
#4128=CARTESIAN_POINT('',(-0.0255408610006768,0.02775,0.));
#4129=CARTESIAN_POINT('',(-0.0271907768234454,0.0270665824894353,0.));
#4130=CARTESIAN_POINT('',(-0.0285576118445749,0.0256997474683059,0.));
#4131=CARTESIAN_POINT('',(-0.023607864376269,0.02775,0.));
#4132=CARTESIAN_POINT('',(-0.023607864376269,0.02775,0.000999999999999999));
#4133=CARTESIAN_POINT('',(-0.023607864376269,0.02775,0.000666666666666666));
#4134=CARTESIAN_POINT('',(-0.023607864376269,0.02775,0.000333333333333333));
#4135=CARTESIAN_POINT('',(-0.023607864376269,0.02775,0.));
#4136=CARTESIAN_POINT('',(-0.03075,0.020607864376269,0.001));
#4137=CARTESIAN_POINT('',(-0.03075,0.020607864376269,0.));
#4138=CARTESIAN_POINT('',(-0.03075,0.0225408610006768,0.000999999999999995));
#4139=CARTESIAN_POINT('',(-0.03075,0.0225408610006768,-6.28837260041593E-18));
#4140=CARTESIAN_POINT('',(-0.0300665824894353,0.0241907768234454,0.001));
#4141=CARTESIAN_POINT('',(-0.0300665824894353,0.0241907768234454,-1.30104260698261E-18));
#4142=CARTESIAN_POINT('',(-0.0286997474683058,0.0255576118445749,0.001));
#4143=CARTESIAN_POINT('',(-0.0286997474683058,0.0255576118445749,1.30104260698261E-18));
#4144=CARTESIAN_POINT('',(-0.03075,0.020607864376269,0.));
#4145=CARTESIAN_POINT('',(-0.03075,0.020607864376269,0.000333333333333333));
#4146=CARTESIAN_POINT('',(-0.03075,0.020607864376269,0.000666666666666666));
#4147=CARTESIAN_POINT('',(-0.03075,0.020607864376269,0.000999999999999999));
#4148=CARTESIAN_POINT('',(-0.03075,0.0206078643762691,0.));
#4149=CARTESIAN_POINT('',(-0.0286997474683059,0.0255576118445749,0.));
#4150=CARTESIAN_POINT('',(-0.0300665824894353,0.0241907768234454,0.));
#4151=CARTESIAN_POINT('',(-0.03075,0.0225408610006768,0.));
#4152=CARTESIAN_POINT('',(-0.03075,0.0206078643762691,0.));
#4153=CARTESIAN_POINT('',(-0.0286997474683059,0.0255576118445749,0.));
#4154=CARTESIAN_POINT('',(-0.0286997474683058,0.0255576118445749,0.001));
#4155=CARTESIAN_POINT('',(-0.0286997474683058,0.0255576118445749,0.000666666666666664));
#4156=CARTESIAN_POINT('',(-0.0286997474683058,0.0255576118445749,0.000333333333333327));
#4157=CARTESIAN_POINT('',(-0.0286997474683058,0.0255576118445749,-9.54097911787244E-18));
#4158=CARTESIAN_POINT('',(-0.0286286796564404,0.0256286796564403,0.007));
#4159=CARTESIAN_POINT('',(-0.0286286796564404,0.0256286796564403,0.));
#4160=CARTESIAN_POINT('',(-0.0286286796564404,0.02775,0.01));
#4161=CARTESIAN_POINT('',(-0.0286286796564404,0.02775,0.));
#4162=CARTESIAN_POINT('',(-0.0285576118445749,-0.0256997474683059,3.63192793868429E-19));
#4163=CARTESIAN_POINT('',(-0.0285576118445749,-0.0256997474683059,0.001));
#4164=CARTESIAN_POINT('',(-0.0271907768234454,-0.0270665824894353,2.02384405530627E-18));
#4165=CARTESIAN_POINT('',(-0.0271907768234454,-0.0270665824894353,0.001));
#4166=CARTESIAN_POINT('',(-0.0255408610006768,-0.02775,5.78241158658935E-19));
#4167=CARTESIAN_POINT('',(-0.0255408610006768,-0.02775,0.001));
#4168=CARTESIAN_POINT('',(-0.023607864376269,-0.02775,4.46822713509178E-19));
#4169=CARTESIAN_POINT('',(-0.023607864376269,-0.02775,0.001));
#4170=CARTESIAN_POINT('',(-0.023607864376269,-0.02775,0.));
#4171=CARTESIAN_POINT('',(-0.023607864376269,-0.02775,0.000333333333333333));
#4172=CARTESIAN_POINT('',(-0.023607864376269,-0.02775,0.000666666666666666));
#4173=CARTESIAN_POINT('',(-0.023607864376269,-0.02775,0.000999999999999999));
#4174=CARTESIAN_POINT('',(-0.023607864376269,-0.02775,0.));
#4175=CARTESIAN_POINT('',(-0.0285576118445749,-0.0256997474683059,0.));
#4176=CARTESIAN_POINT('',(-0.0271907768234454,-0.0270665824894353,0.));
#4177=CARTESIAN_POINT('',(-0.0255408610006768,-0.02775,0.));
#4178=CARTESIAN_POINT('',(-0.023607864376269,-0.02775,0.));
#4179=CARTESIAN_POINT('',(-0.0285576118445749,-0.0256997474683059,0.));
#4180=CARTESIAN_POINT('',(-0.0285576118445749,-0.0256997474683058,0.001));
#4181=CARTESIAN_POINT('',(-0.0285576118445749,-0.0256997474683058,0.000666666666666665));
#4182=CARTESIAN_POINT('',(-0.0285576118445749,-0.0256997474683058,0.000333333333333327));
#4183=CARTESIAN_POINT('',(-0.0285576118445749,-0.0256997474683058,-9.54097911787244E-18));
#4184=CARTESIAN_POINT('',(-0.03075,-0.020607864376269,-3.83204238925378E-19));
#4185=CARTESIAN_POINT('',(-0.03075,-0.020607864376269,0.000999999999999996));
#4186=CARTESIAN_POINT('',(-0.03075,-0.0225408610006768,6.03539209350267E-18));
#4187=CARTESIAN_POINT('',(-0.03075,-0.0225408610006768,0.001));
#4188=CARTESIAN_POINT('',(-0.0300665824894353,-0.0241907768234454,5.67399136934082E-18));
#4189=CARTESIAN_POINT('',(-0.0300665824894353,-0.0241907768234454,0.001));
#4190=CARTESIAN_POINT('',(-0.0286997474683058,-0.0255576118445749,-4.51900244344586E-19));
#4191=CARTESIAN_POINT('',(-0.0286997474683058,-0.0255576118445749,0.000999999999999996));
#4192=CARTESIAN_POINT('',(-0.0286997474683058,-0.0255576118445749,-9.54097911787244E-18));
#4193=CARTESIAN_POINT('',(-0.0286997474683058,-0.0255576118445749,0.000333333333333327));
#4194=CARTESIAN_POINT('',(-0.0286997474683058,-0.0255576118445749,0.000666666666666664));
#4195=CARTESIAN_POINT('',(-0.0286997474683058,-0.0255576118445749,0.001));
#4196=CARTESIAN_POINT('',(-0.0286997474683059,-0.0255576118445749,0.));
#4197=CARTESIAN_POINT('',(-0.03075,-0.0206078643762691,0.));
#4198=CARTESIAN_POINT('',(-0.03075,-0.0225408610006768,0.));
#4199=CARTESIAN_POINT('',(-0.0300665824894353,-0.0241907768234454,0.));
#4200=CARTESIAN_POINT('',(-0.0286997474683059,-0.0255576118445749,0.));
#4201=CARTESIAN_POINT('',(-0.03075,-0.0206078643762691,0.));
#4202=CARTESIAN_POINT('',(-0.03075,-0.020607864376269,0.000999999999999999));
#4203=CARTESIAN_POINT('',(-0.03075,-0.020607864376269,0.000666666666666666));
#4204=CARTESIAN_POINT('',(-0.03075,-0.020607864376269,0.000333333333333333));
#4205=CARTESIAN_POINT('',(-0.03075,-0.020607864376269,0.));
#4206=CARTESIAN_POINT('',(-0.0286286796564404,-0.0256286796564403,0.007));
#4207=CARTESIAN_POINT('',(-0.0286286796564404,-0.0256286796564403,0.));
#4208=CARTESIAN_POINT('',(-0.03075,-0.0256286796564403,0.01));
#4209=CARTESIAN_POINT('',(-0.03075,-0.0256286796564403,0.));
#4210=CARTESIAN_POINT('',(0.0286286796564404,-0.02775,0.01));
#4211=CARTESIAN_POINT('',(0.0286286796564404,-0.02775,0.));
#4212=CARTESIAN_POINT('',(0.,0.,0.));
#4213=CARTESIAN_POINT('',(-0.00925,-0.00625,0.));
#4214=CARTESIAN_POINT('',(-0.00425,-0.00625,0.));
#4215=CARTESIAN_POINT('',(-0.00925,-0.00625,0.007002));
#4216=MECHANICAL_DESIGN_GEOMETRIC_PRESENTATION_REPRESENTATION('',(#1931),
#4217);
#4217=(
GEOMETRIC_REPRESENTATION_CONTEXT(3)
GLOBAL_UNCERTAINTY_ASSIGNED_CONTEXT((#4218))
GLOBAL_UNIT_ASSIGNED_CONTEXT((#4221,#4220,#4219))
REPRESENTATION_CONTEXT('BottomCase','TOP_LEVEL_ASSEMBLY_PART')
);
#4218=UNCERTAINTY_MEASURE_WITH_UNIT(LENGTH_MEASURE(2.00000000000155E-5),
#4221,'DISTANCE_ACCURACY_VALUE','Maximum Tolerance applied to model');
#4219=(
NAMED_UNIT(*)
SI_UNIT($,.STERADIAN.)
SOLID_ANGLE_UNIT()
);
#4220=(
NAMED_UNIT(*)
PLANE_ANGLE_UNIT()
SI_UNIT($,.RADIAN.)
);
#4221=(
LENGTH_UNIT()
NAMED_UNIT(*)
SI_UNIT($,.METRE.)
);
#4222=PRODUCT_DEFINITION_SHAPE('','',#4223);
#4223=PRODUCT_DEFINITION('','',#4225,#4224);
#4224=PRODUCT_DEFINITION_CONTEXT('',#4231,'design');
#4225=PRODUCT_DEFINITION_FORMATION_WITH_SPECIFIED_SOURCE('','',#4227,
 .NOT_KNOWN.);
#4226=PRODUCT_RELATED_PRODUCT_CATEGORY('','',(#4227));
#4227=PRODUCT('BottomCase','BottomCase','BottomCase',(#4229));
#4228=PRODUCT_CATEGORY('','');
#4229=PRODUCT_CONTEXT('',#4231,'mechanical');
#4230=APPLICATION_PROTOCOL_DEFINITION('international standard',
'ap242_managed_model_based_3d_engineering',2020,#4231);
#4231=APPLICATION_CONTEXT('managed model based 3d engineering');
ENDSEC;
END-ISO-10303-21;
