ISO-10303-21;
HEADER;
/* Generated by software containing ST-Developer
 * from STEP Tools, Inc. (www.steptools.com) 
 */
/* OPTION: using custom renumber hook */

FILE_DESCRIPTION(
/* description */ ('STEP AP242 Edition 2',
'CAx-IF Rec.Pracs.---Representation and Presentation of Product Manufa
cturing Information (PMI)---4.0---2014-10-13',
'CAx-IF Rec.Pracs.---3D Tessellated Geometry---0.4---2014-09-14','2;1',
'CAx-IF Rec.Pracs.---User Defined Attributes---1.5---2016-08-15'),
/* implementation_level */ '2;1');

FILE_NAME(
/* name */ 'MushTogether',
/* time_stamp */ '2026-07-21T21:51:00Z',
/* author */ (''),
/* organization */ (''),
/* preprocessor_version */ 'ST-DEVELOPER v20',
/* originating_system */ 'ONSHAPE BY PTC INC, 1.218',
/* authorisation */ '  ');

FILE_SCHEMA (('AP242_MANAGED_MODEL_BASED_3D_ENGINEERING_MIM_LF { 1 0 10303 442 3 1 4 }'));
ENDSEC;

DATA;
#10=COLOUR_RGB('',0.949019607843137,0.274509803921568,0.274509803921568);
#11=ORIENTED_CLOSED_SHELL('',*,#4618,.F.);
#12=ELLIPSE('',#4769,0.00301145951263004,0.003);
#13=ELLIPSE('',#4772,0.00301145951263004,0.003);
#14=ELLIPSE('',#4775,0.00301145951263004,0.003);
#15=ELLIPSE('',#4778,0.00301145951263004,0.003);
#16=BREP_WITH_VOIDS('Case',#4617,(#11));
#17=SHAPE_REPRESENTATION_RELATIONSHIP('','',#4658,#21);
#18=SHAPE_REPRESENTATION_RELATIONSHIP('','',#4659,#22);
#19=SHAPE_REPRESENTATION_RELATIONSHIP('','',#4660,#23);
#20=SHAPE_REPRESENTATION_RELATIONSHIP('','',#4661,#24);
#21=ADVANCED_BREP_SHAPE_REPRESENTATION('',(#4651),#9240);
#22=ADVANCED_BREP_SHAPE_REPRESENTATION('',(#16),#9241);
#23=ADVANCED_BREP_SHAPE_REPRESENTATION('',(#4652),#9242);
#24=ADVANCED_BREP_SHAPE_REPRESENTATION('',(#4653),#9243);
#25=CONICAL_SURFACE('',#4702,0.008,0.785398163397448);
#26=CONICAL_SURFACE('',#4808,0.003,0.785398163397448);
#27=CONICAL_SURFACE('',#4810,0.003,0.785398163397448);
#28=CONICAL_SURFACE('',#4961,0.008,0.0872664625997164);
#29=CIRCLE('',#4676,0.008);
#30=CIRCLE('',#4677,0.008);
#31=CIRCLE('',#4683,0.01);
#32=CIRCLE('',#4685,0.00235);
#33=CIRCLE('',#4686,0.00235);
#34=CIRCLE('',#4687,0.00235);
#35=CIRCLE('',#4688,0.00235);
#36=CIRCLE('',#4712,0.00235);
#37=CIRCLE('',#4715,0.00235);
#38=CIRCLE('',#4718,0.00235);
#39=CIRCLE('',#4721,0.00235);
#40=CIRCLE('',#4725,0.002);
#41=CIRCLE('',#4728,0.002);
#42=CIRCLE('',#4734,0.0017);
#43=CIRCLE('',#4735,0.0017);
#44=CIRCLE('',#4736,0.0017);
#45=CIRCLE('',#4737,0.0017);
#46=CIRCLE('',#4739,0.002);
#47=CIRCLE('',#4740,0.002);
#48=CIRCLE('',#4743,0.002);
#49=CIRCLE('',#4744,0.002);
#50=CIRCLE('',#4747,0.002);
#51=CIRCLE('',#4748,0.002);
#52=CIRCLE('',#4751,0.002);
#53=CIRCLE('',#4752,0.002);
#54=CIRCLE('',#4755,0.005);
#55=CIRCLE('',#4756,0.005);
#56=CIRCLE('',#4758,0.00235);
#57=CIRCLE('',#4760,0.00235);
#58=CIRCLE('',#4762,0.0017);
#59=CIRCLE('',#4764,0.0017);
#60=CIRCLE('',#4768,0.003);
#61=CIRCLE('',#4771,0.003);
#62=CIRCLE('',#4774,0.003);
#63=CIRCLE('',#4777,0.003);
#64=CIRCLE('',#4781,0.0017);
#65=CIRCLE('',#4783,0.0017);
#66=CIRCLE('',#4785,0.0017);
#67=CIRCLE('',#4787,0.0017);
#68=CIRCLE('',#4789,0.008);
#69=CIRCLE('',#4790,0.008);
#70=CIRCLE('',#4805,0.00328798499999967);
#71=CIRCLE('',#4806,0.00328798499999967);
#72=CIRCLE('',#4821,0.005);
#73=CIRCLE('',#4831,0.005);
#74=CIRCLE('',#4837,0.0005);
#75=CIRCLE('',#4838,0.0005);
#76=CIRCLE('',#4841,0.0005);
#77=CIRCLE('',#4842,0.0005);
#78=CIRCLE('',#4845,0.0005);
#79=CIRCLE('',#4846,0.0005);
#80=CIRCLE('',#4849,0.0005);
#81=CIRCLE('',#4850,0.0005);
#82=CIRCLE('',#4853,0.000500000000000006);
#83=CIRCLE('',#4854,0.000500000000000006);
#84=CIRCLE('',#4857,0.0005);
#85=CIRCLE('',#4858,0.0005);
#86=CIRCLE('',#4861,0.0005);
#87=CIRCLE('',#4862,0.0005);
#88=CIRCLE('',#4864,0.0005);
#89=CIRCLE('',#4865,0.0005);
#90=CIRCLE('',#4868,0.0005);
#91=CIRCLE('',#4869,0.0005);
#92=CIRCLE('',#4872,0.0005);
#93=CIRCLE('',#4873,0.0005);
#94=CIRCLE('',#4876,0.0005);
#95=CIRCLE('',#4877,0.0005);
#96=CIRCLE('',#4880,0.0005);
#97=CIRCLE('',#4881,0.0005);
#98=CIRCLE('',#4884,0.0005);
#99=CIRCLE('',#4885,0.0005);
#100=CIRCLE('',#4888,0.0005);
#101=CIRCLE('',#4889,0.0005);
#102=CIRCLE('',#4893,0.0005);
#103=CIRCLE('',#4894,0.0005);
#104=CIRCLE('',#4897,0.0005);
#105=CIRCLE('',#4898,0.0005);
#106=CIRCLE('',#4901,0.0005);
#107=CIRCLE('',#4902,0.0005);
#108=CIRCLE('',#4906,0.0005);
#109=CIRCLE('',#4907,0.0005);
#110=CIRCLE('',#4910,0.0005);
#111=CIRCLE('',#4911,0.0005);
#112=CIRCLE('',#4914,0.0005);
#113=CIRCLE('',#4915,0.0005);
#114=CIRCLE('',#4925,0.0005);
#115=CIRCLE('',#4926,0.0005);
#116=CIRCLE('',#4928,0.0005);
#117=CIRCLE('',#4929,0.0005);
#118=CIRCLE('',#4931,0.0005);
#119=CIRCLE('',#4932,0.0005);
#120=CIRCLE('',#4934,0.0017);
#121=CIRCLE('',#4935,0.0017);
#122=CIRCLE('',#4937,0.0017);
#123=CIRCLE('',#4938,0.0017);
#124=CIRCLE('',#4941,0.0017);
#125=CIRCLE('',#4942,0.0017);
#126=CIRCLE('',#4944,0.0017);
#127=CIRCLE('',#4945,0.0017);
#128=CIRCLE('',#4948,0.0005);
#129=CIRCLE('',#4949,0.0005);
#130=CIRCLE('',#4957,0.0045);
#131=CIRCLE('',#4958,0.0045);
#132=CIRCLE('',#4960,0.008);
#133=CIRCLE('',#4964,0.0032);
#134=CIRCLE('',#4966,0.0032);
#135=CYLINDRICAL_SURFACE('',#4675,0.008);
#136=CYLINDRICAL_SURFACE('',#4711,0.00235);
#137=CYLINDRICAL_SURFACE('',#4714,0.00235);
#138=CYLINDRICAL_SURFACE('',#4717,0.00235);
#139=CYLINDRICAL_SURFACE('',#4720,0.00235);
#140=CYLINDRICAL_SURFACE('',#4738,0.002);
#141=CYLINDRICAL_SURFACE('',#4742,0.002);
#142=CYLINDRICAL_SURFACE('',#4746,0.002);
#143=CYLINDRICAL_SURFACE('',#4750,0.002);
#144=CYLINDRICAL_SURFACE('',#4754,0.005);
#145=CYLINDRICAL_SURFACE('',#4759,0.00235);
#146=CYLINDRICAL_SURFACE('',#4763,0.0017);
#147=CYLINDRICAL_SURFACE('',#4767,0.003);
#148=CYLINDRICAL_SURFACE('',#4770,0.003);
#149=CYLINDRICAL_SURFACE('',#4773,0.003);
#150=CYLINDRICAL_SURFACE('',#4776,0.003);
#151=CYLINDRICAL_SURFACE('',#4794,0.0017);
#152=CYLINDRICAL_SURFACE('',#4795,0.0017);
#153=CYLINDRICAL_SURFACE('',#4796,0.0017);
#154=CYLINDRICAL_SURFACE('',#4797,0.0017);
#155=CYLINDRICAL_SURFACE('',#4832,0.005);
#156=CYLINDRICAL_SURFACE('',#4836,0.0005);
#157=CYLINDRICAL_SURFACE('',#4840,0.0005);
#158=CYLINDRICAL_SURFACE('',#4844,0.0005);
#159=CYLINDRICAL_SURFACE('',#4848,0.0005);
#160=CYLINDRICAL_SURFACE('',#4852,0.000500000000000006);
#161=CYLINDRICAL_SURFACE('',#4856,0.0005);
#162=CYLINDRICAL_SURFACE('',#4860,0.0005);
#163=CYLINDRICAL_SURFACE('',#4863,0.0005);
#164=CYLINDRICAL_SURFACE('',#4867,0.0005);
#165=CYLINDRICAL_SURFACE('',#4871,0.0005);
#166=CYLINDRICAL_SURFACE('',#4875,0.0005);
#167=CYLINDRICAL_SURFACE('',#4879,0.0005);
#168=CYLINDRICAL_SURFACE('',#4883,0.0005);
#169=CYLINDRICAL_SURFACE('',#4887,0.0005);
#170=CYLINDRICAL_SURFACE('',#4892,0.0005);
#171=CYLINDRICAL_SURFACE('',#4896,0.0005);
#172=CYLINDRICAL_SURFACE('',#4900,0.0005);
#173=CYLINDRICAL_SURFACE('',#4905,0.0005);
#174=CYLINDRICAL_SURFACE('',#4909,0.0005);
#175=CYLINDRICAL_SURFACE('',#4913,0.0005);
#176=CYLINDRICAL_SURFACE('',#4924,0.0005);
#177=CYLINDRICAL_SURFACE('',#4927,0.0005);
#178=CYLINDRICAL_SURFACE('',#4930,0.0005);
#179=CYLINDRICAL_SURFACE('',#4933,0.0017);
#180=CYLINDRICAL_SURFACE('',#4936,0.0017);
#181=CYLINDRICAL_SURFACE('',#4940,0.0017);
#182=CYLINDRICAL_SURFACE('',#4943,0.0017);
#183=CYLINDRICAL_SURFACE('',#4947,0.0005);
#184=CYLINDRICAL_SURFACE('',#4956,0.0045);
#185=CYLINDRICAL_SURFACE('',#4965,0.0032);
#186=B_SPLINE_SURFACE_WITH_KNOTS('',3,1,((#5947,#5948),(#5949,#5950),(#5951,
#5952),(#5953,#5954)),.SURF_OF_LINEAR_EXTRUSION.,.F.,.F.,.F.,(4,4),(2,2),
(0.,1.),(0.,1.),.PIECEWISE_BEZIER_KNOTS.);
#187=B_SPLINE_SURFACE_WITH_KNOTS('',3,1,((#5972,#5973),(#5974,#5975),(#5976,
#5977),(#5978,#5979)),.SURF_OF_LINEAR_EXTRUSION.,.F.,.F.,.F.,(4,4),(2,2),
(0.,1.),(0.,1.),.PIECEWISE_BEZIER_KNOTS.);
#188=B_SPLINE_SURFACE_WITH_KNOTS('',3,1,((#5997,#5998),(#5999,#6000),(#6001,
#6002),(#6003,#6004)),.SURF_OF_LINEAR_EXTRUSION.,.F.,.F.,.F.,(4,4),(2,2),
(0.,1.),(0.,1.),.PIECEWISE_BEZIER_KNOTS.);
#189=B_SPLINE_SURFACE_WITH_KNOTS('',3,1,((#6109,#6110),(#6111,#6112),(#6113,
#6114),(#6115,#6116)),.SURF_OF_LINEAR_EXTRUSION.,.F.,.F.,.F.,(4,4),(2,2),
(0.,1.),(0.,1.),.PIECEWISE_BEZIER_KNOTS.);
#190=B_SPLINE_SURFACE_WITH_KNOTS('',3,1,((#6472,#6473),(#6474,#6475),(#6476,
#6477),(#6478,#6479)),.SURF_OF_LINEAR_EXTRUSION.,.F.,.F.,.F.,(4,4),(2,2),
(-8.81909400520424E-15,0.999999999999996),(0.,1.),
 .PIECEWISE_BEZIER_KNOTS.);
#191=B_SPLINE_SURFACE_WITH_KNOTS('',3,1,((#6484,#6485),(#6486,#6487),(#6488,
#6489),(#6490,#6491)),.SURF_OF_LINEAR_EXTRUSION.,.F.,.F.,.F.,(4,4),(2,2),
(-6.2899305534563E-15,1.),(0.,1.),.PIECEWISE_BEZIER_KNOTS.);
#192=B_SPLINE_SURFACE_WITH_KNOTS('',3,1,((#6496,#6497),(#6498,#6499),(#6500,
#6501),(#6502,#6503)),.SURF_OF_LINEAR_EXTRUSION.,.F.,.F.,.F.,(4,4),(2,2),
(-7.32146185048298E-15,1.),(0.,1.),.PIECEWISE_BEZIER_KNOTS.);
#193=B_SPLINE_SURFACE_WITH_KNOTS('',3,1,((#6508,#6509),(#6510,#6511),(#6512,
#6513),(#6514,#6515)),.SURF_OF_LINEAR_EXTRUSION.,.F.,.F.,.F.,(4,4),(2,2),
(-8.48615756909226E-15,1.),(0.,1.),.PIECEWISE_BEZIER_KNOTS.);
#194=B_SPLINE_SURFACE_WITH_KNOTS('',3,1,((#6520,#6521),(#6522,#6523),(#6524,
#6525),(#6526,#6527)),.SURF_OF_LINEAR_EXTRUSION.,.F.,.F.,.F.,(4,4),(2,2),
(5.85382348465218E-16,1.),(0.,1.),.PIECEWISE_BEZIER_KNOTS.);
#195=B_SPLINE_SURFACE_WITH_KNOTS('',3,1,((#6532,#6533),(#6534,#6535),(#6536,
#6537),(#6538,#6539)),.SURF_OF_LINEAR_EXTRUSION.,.F.,.F.,.F.,(4,4),(2,2),
(-9.81231044745275E-17,0.999999999999996),(0.,1.),
 .PIECEWISE_BEZIER_KNOTS.);
#196=B_SPLINE_SURFACE_WITH_KNOTS('',3,1,((#6544,#6545),(#6546,#6547),(#6548,
#6549),(#6550,#6551)),.SURF_OF_LINEAR_EXTRUSION.,.F.,.F.,.F.,(4,4),(2,2),
(-4.0970885455882E-15,1.),(0.,1.),.PIECEWISE_BEZIER_KNOTS.);
#197=B_SPLINE_SURFACE_WITH_KNOTS('',3,1,((#6556,#6557),(#6558,#6559),(#6560,
#6561),(#6562,#6563)),.SURF_OF_LINEAR_EXTRUSION.,.F.,.F.,.F.,(4,4),(2,2),
(3.59585391377526E-16,1.),(0.,1.),.PIECEWISE_BEZIER_KNOTS.);
#198=B_SPLINE_SURFACE_WITH_KNOTS('',3,1,((#6568,#6569),(#6570,#6571),(#6572,
#6573),(#6574,#6575)),.SURF_OF_LINEAR_EXTRUSION.,.F.,.F.,.F.,(4,4),(2,2),
(-2.65651020427363E-15,1.),(0.,1.),.PIECEWISE_BEZIER_KNOTS.);
#199=B_SPLINE_SURFACE_WITH_KNOTS('',3,1,((#6580,#6581),(#6582,#6583),(#6584,
#6585),(#6586,#6587)),.SURF_OF_LINEAR_EXTRUSION.,.F.,.F.,.F.,(4,4),(2,2),
(-1.51490262371254E-15,1.00000000000001),(0.,1.),
 .PIECEWISE_BEZIER_KNOTS.);
#200=B_SPLINE_SURFACE_WITH_KNOTS('',3,1,((#6592,#6593),(#6594,#6595),(#6596,
#6597),(#6598,#6599)),.SURF_OF_LINEAR_EXTRUSION.,.F.,.F.,.F.,(4,4),(2,2),
(-5.35789278573852E-15,1.),(0.,1.),.PIECEWISE_BEZIER_KNOTS.);
#201=B_SPLINE_SURFACE_WITH_KNOTS('',1,3,((#6613,#6614,#6615,#6616,#6617,
#6618),(#6619,#6620,#6621,#6622,#6623,#6624)),.RULED_SURF.,.F.,.F.,.F.,
(2,2),(4,2,4),(0.,1.),(0.,0.0023721985621448,0.0047443971242896),
 .UNSPECIFIED.);
#202=B_SPLINE_SURFACE_WITH_KNOTS('',1,3,((#6638,#6639,#6640,#6641,#6642,
#6643),(#6644,#6645,#6646,#6647,#6648,#6649)),.RULED_SURF.,.F.,.F.,.F.,
(2,2),(4,2,4),(0.,1.),(0.,0.0023721985621448,0.00474439712428959),
 .UNSPECIFIED.);
#203=B_SPLINE_SURFACE_WITH_KNOTS('',1,3,((#6659,#6660,#6661,#6662,#6663,
#6664),(#6665,#6666,#6667,#6668,#6669,#6670)),.RULED_SURF.,.F.,.F.,.F.,
(2,2),(4,2,4),(0.,1.),(0.,0.00237219856214478,0.00474439712428957),
 .UNSPECIFIED.);
#204=B_SPLINE_SURFACE_WITH_KNOTS('',1,3,((#6675,#6676,#6677,#6678,#6679,
#6680),(#6681,#6682,#6683,#6684,#6685,#6686)),.RULED_SURF.,.F.,.F.,.F.,
(2,2),(4,2,4),(0.,1.),(0.,0.00237219856214481,0.00474439712428961),
 .UNSPECIFIED.);
#205=B_SPLINE_SURFACE_WITH_KNOTS('',1,3,((#6705,#6706,#6707,#6708,#6709,
#6710),(#6711,#6712,#6713,#6714,#6715,#6716)),.RULED_SURF.,.F.,.F.,.F.,
(2,2),(4,2,4),(0.,1.),(0.,0.00237219856214479,0.00474439712428958),
 .UNSPECIFIED.);
#206=B_SPLINE_SURFACE_WITH_KNOTS('',1,3,((#6728,#6729,#6730,#6731,#6732,
#6733),(#6734,#6735,#6736,#6737,#6738,#6739)),.RULED_SURF.,.F.,.F.,.F.,
(2,2),(4,2,4),(0.,1.),(0.,0.00237219856214479,0.00474439712428958),
 .UNSPECIFIED.);
#207=B_SPLINE_SURFACE_WITH_KNOTS('',1,3,((#6744,#6745,#6746,#6747,#6748,
#6749),(#6750,#6751,#6752,#6753,#6754,#6755)),.RULED_SURF.,.F.,.F.,.F.,
(2,2),(4,2,4),(0.,1.),(0.,0.0023721985621448,0.00474439712428959),
 .UNSPECIFIED.);
#208=B_SPLINE_SURFACE_WITH_KNOTS('',1,3,((#6770,#6771,#6772,#6773,#6774,
#6775),(#6776,#6777,#6778,#6779,#6780,#6781)),.RULED_SURF.,.F.,.F.,.F.,
(2,2),(4,2,4),(0.,1.),(0.,0.0023721985621448,0.00474439712428959),
 .UNSPECIFIED.);
#209=B_SPLINE_SURFACE_WITH_KNOTS('',1,3,((#6805,#6806,#6807,#6808,#6809,
#6810),(#6811,#6812,#6813,#6814,#6815,#6816)),.RULED_SURF.,.F.,.F.,.F.,
(2,2),(4,2,4),(0.,1.),(0.,0.00237219856214479,0.00474439712428958),
 .UNSPECIFIED.);
#210=B_SPLINE_SURFACE_WITH_KNOTS('',1,3,((#6843,#6844,#6845,#6846,#6847,
#6848),(#6849,#6850,#6851,#6852,#6853,#6854)),.RULED_SURF.,.F.,.F.,.F.,
(2,2),(4,2,4),(0.,1.),(0.,0.00237219856214479,0.00474439712428958),
 .UNSPECIFIED.);
#211=B_SPLINE_SURFACE_WITH_KNOTS('',1,3,((#6859,#6860,#6861,#6862,#6863,
#6864),(#6865,#6866,#6867,#6868,#6869,#6870)),.RULED_SURF.,.F.,.F.,.F.,
(2,2),(4,2,4),(0.,1.),(0.,0.00237219856214478,0.00474439712428957),
 .UNSPECIFIED.);
#212=B_SPLINE_SURFACE_WITH_KNOTS('',1,3,((#6885,#6886,#6887,#6888,#6889,
#6890,#6891,#6892,#6893,#6894,#6895,#6896,#6897,#6898,#6899,#6900,#6901,
#6902),(#6903,#6904,#6905,#6906,#6907,#6908,#6909,#6910,#6911,#6912,#6913,
#6914,#6915,#6916,#6917,#6918,#6919,#6920)),.RULED_SURF.,.F.,.F.,.F.,(2,
2),(4,2,2,2,2,2,2,2,4),(0.,1.),(0.,0.000933288651096588,0.00186657730219317,
0.00279986595328977,0.00373315460438636,0.00466644325548294,0.00559973190657953,
0.00653302055767612,0.00746630920877271),.UNSPECIFIED.);
#213=B_SPLINE_SURFACE_WITH_KNOTS('',1,3,((#6925,#6926,#6927,#6928,#6929,
#6930,#6931,#6932,#6933,#6934,#6935,#6936,#6937,#6938,#6939,#6940,#6941,
#6942),(#6943,#6944,#6945,#6946,#6947,#6948,#6949,#6950,#6951,#6952,#6953,
#6954,#6955,#6956,#6957,#6958,#6959,#6960)),.RULED_SURF.,.F.,.F.,.F.,(2,
2),(4,2,2,2,2,2,2,2,4),(0.,1.),(0.,0.000933288651096587,0.00186657730219317,
0.00279986595328976,0.00373315460438635,0.00466644325548293,0.00559973190657952,
0.00653302055767611,0.00746630920877269),.UNSPECIFIED.);
#214=B_SPLINE_SURFACE_WITH_KNOTS('',1,3,((#6975,#6976,#6977,#6978,#6979,
#6980,#6981,#6982,#6983,#6984,#6985,#6986,#6987,#6988,#6989,#6990,#6991,
#6992),(#6993,#6994,#6995,#6996,#6997,#6998,#6999,#7000,#7001,#7002,#7003,
#7004,#7005,#7006,#7007,#7008,#7009,#7010)),.RULED_SURF.,.F.,.F.,.F.,(2,
2),(4,2,2,2,2,2,2,2,4),(0.,1.),(0.,0.000933288651096587,0.00186657730219317,
0.00279986595328976,0.00373315460438635,0.00466644325548293,0.00559973190657952,
0.00653302055767611,0.00746630920877269),.UNSPECIFIED.);
#215=B_SPLINE_SURFACE_WITH_KNOTS('',1,3,((#7015,#7016,#7017,#7018,#7019,
#7020,#7021,#7022,#7023,#7024,#7025,#7026,#7027,#7028,#7029,#7030,#7031,
#7032),(#7033,#7034,#7035,#7036,#7037,#7038,#7039,#7040,#7041,#7042,#7043,
#7044,#7045,#7046,#7047,#7048,#7049,#7050)),.RULED_SURF.,.F.,.F.,.F.,(2,
2),(4,2,2,2,2,2,2,2,4),(0.,1.),(0.,0.000933288651096588,0.00186657730219317,
0.00279986595328977,0.00373315460438636,0.00466644325548294,0.00559973190657953,
0.00653302055767612,0.00746630920877271),.UNSPECIFIED.);
#216=B_SPLINE_SURFACE_WITH_KNOTS('',3,1,((#7419,#7420),(#7421,#7422),(#7423,
#7424),(#7425,#7426)),.SURF_OF_LINEAR_EXTRUSION.,.F.,.F.,.F.,(4,4),(2,2),
(0.,1.),(0.,1.),.PIECEWISE_BEZIER_KNOTS.);
#217=B_SPLINE_SURFACE_WITH_KNOTS('',3,1,((#7452,#7453),(#7454,#7455),(#7456,
#7457),(#7458,#7459)),.SURF_OF_LINEAR_EXTRUSION.,.F.,.F.,.F.,(4,4),(2,2),
(0.,1.),(0.,1.),.PIECEWISE_BEZIER_KNOTS.);
#218=B_SPLINE_SURFACE_WITH_KNOTS('',3,1,((#7480,#7481),(#7482,#7483),(#7484,
#7485),(#7486,#7487)),.SURF_OF_LINEAR_EXTRUSION.,.F.,.F.,.F.,(4,4),(2,2),
(0.,1.),(0.,1.),.PIECEWISE_BEZIER_KNOTS.);
#219=B_SPLINE_SURFACE_WITH_KNOTS('',3,1,((#7524,#7525),(#7526,#7527),(#7528,
#7529),(#7530,#7531)),.SURF_OF_LINEAR_EXTRUSION.,.F.,.F.,.F.,(4,4),(2,2),
(-4.76068027100807E-18,1.),(0.,1.),.PIECEWISE_BEZIER_KNOTS.);
#220=B_SPLINE_SURFACE_WITH_KNOTS('',3,1,((#7558,#7559),(#7560,#7561),(#7562,
#7563),(#7564,#7565)),.SURF_OF_LINEAR_EXTRUSION.,.F.,.F.,.F.,(4,4),(2,2),
(-3.76516736275101E-16,1.),(0.,1.),.PIECEWISE_BEZIER_KNOTS.);
#221=B_SPLINE_SURFACE_WITH_KNOTS('',3,1,((#7588,#7589),(#7590,#7591),(#7592,
#7593),(#7594,#7595)),.SURF_OF_LINEAR_EXTRUSION.,.F.,.F.,.F.,(4,4),(2,2),
(-2.77590065721092E-16,1.),(0.,1.),.PIECEWISE_BEZIER_KNOTS.);
#222=B_SPLINE_SURFACE_WITH_KNOTS('',3,1,((#7605,#7606),(#7607,#7608),(#7609,
#7610),(#7611,#7612)),.SURF_OF_LINEAR_EXTRUSION.,.F.,.F.,.F.,(4,4),(2,2),
(-3.76516736275101E-16,1.),(0.,1.),.PIECEWISE_BEZIER_KNOTS.);
#223=B_SPLINE_SURFACE_WITH_KNOTS('',3,1,((#7622,#7623),(#7624,#7625),(#7626,
#7627),(#7628,#7629)),.SURF_OF_LINEAR_EXTRUSION.,.F.,.F.,.F.,(4,4),(2,2),
(-2.77590065721092E-16,1.),(0.,1.),.PIECEWISE_BEZIER_KNOTS.);
#224=B_SPLINE_SURFACE_WITH_KNOTS('',3,1,((#7701,#7702),(#7703,#7704),(#7705,
#7706),(#7707,#7708)),.SURF_OF_LINEAR_EXTRUSION.,.F.,.F.,.F.,(4,4),(2,2),
(-3.1295661519885E-15,1.),(0.,1.),.PIECEWISE_BEZIER_KNOTS.);
#225=B_SPLINE_SURFACE_WITH_KNOTS('',3,1,((#7713,#7714),(#7715,#7716),(#7717,
#7718),(#7719,#7720)),.SURF_OF_LINEAR_EXTRUSION.,.F.,.F.,.F.,(4,4),(2,2),
(6.77163073684824E-17,1.),(0.,1.),.PIECEWISE_BEZIER_KNOTS.);
#226=B_SPLINE_SURFACE_WITH_KNOTS('',3,1,((#7726,#7727),(#7728,#7729),(#7730,
#7731),(#7732,#7733)),.SURF_OF_LINEAR_EXTRUSION.,.F.,.F.,.F.,(4,4),(2,2),
(1.59412674245234E-15,1.00000000000001),(0.,1.),
 .PIECEWISE_BEZIER_KNOTS.);
#227=B_SPLINE_SURFACE_WITH_KNOTS('',3,1,((#7738,#7739),(#7740,#7741),(#7742,
#7743),(#7744,#7745)),.SURF_OF_LINEAR_EXTRUSION.,.F.,.F.,.F.,(4,4),(2,2),
(-3.22909707101949E-15,1.),(0.,1.),.PIECEWISE_BEZIER_KNOTS.);
#228=B_SPLINE_SURFACE_WITH_KNOTS('',3,1,((#7751,#7752),(#7753,#7754),(#7755,
#7756),(#7757,#7758)),.SURF_OF_LINEAR_EXTRUSION.,.F.,.F.,.F.,(4,4),(2,2),
(-5.49698864743725E-15,1.00000000000001),(0.,1.),
 .PIECEWISE_BEZIER_KNOTS.);
#229=B_SPLINE_SURFACE_WITH_KNOTS('',3,1,((#7763,#7764),(#7765,#7766),(#7767,
#7768),(#7769,#7770)),.SURF_OF_LINEAR_EXTRUSION.,.F.,.F.,.F.,(4,4),(2,2),
(-2.40121271782453E-15,1.),(0.,1.),.PIECEWISE_BEZIER_KNOTS.);
#230=B_SPLINE_SURFACE_WITH_KNOTS('',3,1,((#7776,#7777),(#7778,#7779),(#7780,
#7781),(#7782,#7783)),.SURF_OF_LINEAR_EXTRUSION.,.F.,.F.,.F.,(4,4),(2,2),
(1.59412674245234E-15,1.00000000000001),(0.,1.),
 .PIECEWISE_BEZIER_KNOTS.);
#231=B_SPLINE_SURFACE_WITH_KNOTS('',3,1,((#7788,#7789),(#7790,#7791),(#7792,
#7793),(#7794,#7795)),.SURF_OF_LINEAR_EXTRUSION.,.F.,.F.,.F.,(4,4),(2,2),
(6.77163073684824E-17,1.),(0.,1.),.PIECEWISE_BEZIER_KNOTS.);
#232=B_SPLINE_SURFACE_WITH_KNOTS('',3,3,((#7869,#7870,#7871,#7872,#7873,
#7874,#7875,#7876),(#7877,#7878,#7879,#7880,#7881,#7882,#7883,#7884),(#7885,
#7886,#7887,#7888,#7889,#7890,#7891,#7892),(#7893,#7894,#7895,#7896,#7897,
#7898,#7899,#7900),(#7901,#7902,#7903,#7904,#7905,#7906,#7907,#7908),(#7909,
#7910,#7911,#7912,#7913,#7914,#7915,#7916),(#7917,#7918,#7919,#7920,#7921,
#7922,#7923,#7924),(#7925,#7926,#7927,#7928,#7929,#7930,#7931,#7932)),
 .UNSPECIFIED.,.F.,.F.,.F.,(4,2,2,4),(4,2,2,4),(0.,0.25,0.5,1.),(0.,0.25,
0.5,1.),.UNSPECIFIED.);
#233=B_SPLINE_SURFACE_WITH_KNOTS('',3,3,((#7960,#7961,#7962,#7963,#7964,
#7965,#7966,#7967),(#7968,#7969,#7970,#7971,#7972,#7973,#7974,#7975),(#7976,
#7977,#7978,#7979,#7980,#7981,#7982,#7983),(#7984,#7985,#7986,#7987,#7988,
#7989,#7990,#7991),(#7992,#7993,#7994,#7995,#7996,#7997,#7998,#7999),(#8000,
#8001,#8002,#8003,#8004,#8005,#8006,#8007),(#8008,#8009,#8010,#8011,#8012,
#8013,#8014,#8015),(#8016,#8017,#8018,#8019,#8020,#8021,#8022,#8023)),
 .UNSPECIFIED.,.F.,.F.,.F.,(4,2,2,4),(4,2,2,4),(0.,0.25,0.5,1.),(0.,0.25,
0.5,1.),.UNSPECIFIED.);
#234=B_SPLINE_SURFACE_WITH_KNOTS('',3,1,((#8041,#8042),(#8043,#8044),(#8045,
#8046),(#8047,#8048)),.SURF_OF_LINEAR_EXTRUSION.,.F.,.F.,.F.,(4,4),(2,2),
(-9.20446082331555E-15,1.),(0.,1.),.PIECEWISE_BEZIER_KNOTS.);
#235=B_SPLINE_SURFACE_WITH_KNOTS('',3,1,((#8049,#8050),(#8051,#8052),(#8053,
#8054),(#8055,#8056)),.SURF_OF_LINEAR_EXTRUSION.,.F.,.F.,.F.,(4,4),(2,2),
(-2.78009743548253E-14,1.),(0.,1.),.PIECEWISE_BEZIER_KNOTS.);
#236=B_SPLINE_SURFACE_WITH_KNOTS('',3,3,((#8061,#8062,#8063,#8064,#8065,
#8066,#8067,#8068),(#8069,#8070,#8071,#8072,#8073,#8074,#8075,#8076),(#8077,
#8078,#8079,#8080,#8081,#8082,#8083,#8084),(#8085,#8086,#8087,#8088,#8089,
#8090,#8091,#8092),(#8093,#8094,#8095,#8096,#8097,#8098,#8099,#8100),(#8101,
#8102,#8103,#8104,#8105,#8106,#8107,#8108),(#8109,#8110,#8111,#8112,#8113,
#8114,#8115,#8116),(#8117,#8118,#8119,#8120,#8121,#8122,#8123,#8124)),
 .UNSPECIFIED.,.F.,.F.,.F.,(4,2,2,4),(4,2,2,4),(0.,0.25,0.5,1.),(0.,0.25,
0.5,1.),.UNSPECIFIED.);
#237=B_SPLINE_SURFACE_WITH_KNOTS('',3,1,((#8129,#8130),(#8131,#8132),(#8133,
#8134),(#8135,#8136)),.SURF_OF_LINEAR_EXTRUSION.,.F.,.F.,.F.,(4,4),(2,2),
(-2.52821381958783E-14,1.00000000000001),(0.,1.),
 .PIECEWISE_BEZIER_KNOTS.);
#238=B_SPLINE_SURFACE_WITH_KNOTS('',3,3,((#8137,#8138,#8139,#8140,#8141,
#8142,#8143,#8144),(#8145,#8146,#8147,#8148,#8149,#8150,#8151,#8152),(#8153,
#8154,#8155,#8156,#8157,#8158,#8159,#8160),(#8161,#8162,#8163,#8164,#8165,
#8166,#8167,#8168),(#8169,#8170,#8171,#8172,#8173,#8174,#8175,#8176),(#8177,
#8178,#8179,#8180,#8181,#8182,#8183,#8184),(#8185,#8186,#8187,#8188,#8189,
#8190,#8191,#8192),(#8193,#8194,#8195,#8196,#8197,#8198,#8199,#8200)),
 .UNSPECIFIED.,.F.,.F.,.F.,(4,2,2,4),(4,2,2,4),(0.,0.25,0.5,1.),(0.,0.25,
0.5,1.),.UNSPECIFIED.);
#239=B_SPLINE_SURFACE_WITH_KNOTS('',3,3,((#8228,#8229,#8230,#8231,#8232,
#8233,#8234,#8235),(#8236,#8237,#8238,#8239,#8240,#8241,#8242,#8243),(#8244,
#8245,#8246,#8247,#8248,#8249,#8250,#8251),(#8252,#8253,#8254,#8255,#8256,
#8257,#8258,#8259),(#8260,#8261,#8262,#8263,#8264,#8265,#8266,#8267),(#8268,
#8269,#8270,#8271,#8272,#8273,#8274,#8275),(#8276,#8277,#8278,#8279,#8280,
#8281,#8282,#8283),(#8284,#8285,#8286,#8287,#8288,#8289,#8290,#8291)),
 .UNSPECIFIED.,.F.,.F.,.F.,(4,2,2,4),(4,2,2,4),(0.,0.25,0.5,1.),(0.,0.25,
0.5,1.),.UNSPECIFIED.);
#240=B_SPLINE_SURFACE_WITH_KNOTS('',3,1,((#8309,#8310),(#8311,#8312),(#8313,
#8314),(#8315,#8316)),.SURF_OF_LINEAR_EXTRUSION.,.F.,.F.,.F.,(4,4),(2,2),
(-2.77821915028564E-14,1.00000000000269),(0.,1.),
 .PIECEWISE_BEZIER_KNOTS.);
#241=B_SPLINE_SURFACE_WITH_KNOTS('',3,1,((#8317,#8318),(#8319,#8320),(#8321,
#8322),(#8323,#8324)),.SURF_OF_LINEAR_EXTRUSION.,.F.,.F.,.F.,(4,4),(2,2),
(-2.69402985197519E-12,1.),(0.,1.),.PIECEWISE_BEZIER_KNOTS.);
#242=B_SPLINE_SURFACE_WITH_KNOTS('',3,3,((#8329,#8330,#8331,#8332,#8333,
#8334,#8335,#8336),(#8337,#8338,#8339,#8340,#8341,#8342,#8343,#8344),(#8345,
#8346,#8347,#8348,#8349,#8350,#8351,#8352),(#8353,#8354,#8355,#8356,#8357,
#8358,#8359,#8360),(#8361,#8362,#8363,#8364,#8365,#8366,#8367,#8368),(#8369,
#8370,#8371,#8372,#8373,#8374,#8375,#8376),(#8377,#8378,#8379,#8380,#8381,
#8382,#8383,#8384),(#8385,#8386,#8387,#8388,#8389,#8390,#8391,#8392)),
 .UNSPECIFIED.,.F.,.F.,.F.,(4,2,2,4),(4,2,2,4),(0.,0.25,0.5,1.),(0.,0.25,
0.5,1.),.UNSPECIFIED.);
#243=B_SPLINE_SURFACE_WITH_KNOTS('',3,1,((#8397,#8398),(#8399,#8400),(#8401,
#8402),(#8403,#8404)),.SURF_OF_LINEAR_EXTRUSION.,.F.,.F.,.F.,(4,4),(2,2),
(-2.4245184849591E-14,1.00000000000001),(0.,1.),
 .PIECEWISE_BEZIER_KNOTS.);
#244=B_SPLINE_SURFACE_WITH_KNOTS('',3,1,((#8456,#8457),(#8458,#8459),(#8460,
#8461),(#8462,#8463)),.SURF_OF_LINEAR_EXTRUSION.,.F.,.F.,.F.,(4,4),(2,2),
(1.25126245964136E-15,1.),(0.,1.),.PIECEWISE_BEZIER_KNOTS.);
#245=B_SPLINE_SURFACE_WITH_KNOTS('',3,1,((#8478,#8479),(#8480,#8481),(#8482,
#8483),(#8484,#8485)),.SURF_OF_LINEAR_EXTRUSION.,.F.,.F.,.F.,(4,4),(2,2),
(1.59412674245279E-15,1.00000000000001),(0.,1.),
 .PIECEWISE_BEZIER_KNOTS.);
#246=B_SPLINE_SURFACE_WITH_KNOTS('',3,1,((#8502,#8503),(#8504,#8505),(#8506,
#8507),(#8508,#8509)),.SURF_OF_LINEAR_EXTRUSION.,.F.,.F.,.F.,(4,4),(2,2),
(-1.93654300471678E-15,1.),(0.,1.),.PIECEWISE_BEZIER_KNOTS.);
#247=B_SPLINE_SURFACE_WITH_KNOTS('',3,1,((#8524,#8525),(#8526,#8527),(#8528,
#8529),(#8530,#8531)),.SURF_OF_LINEAR_EXTRUSION.,.F.,.F.,.F.,(4,4),(2,2),
(-5.49698864743725E-15,1.00000000000001),(0.,1.),
 .PIECEWISE_BEZIER_KNOTS.);
#248=B_SPLINE_SURFACE_WITH_KNOTS('',3,1,((#8550,#8551),(#8552,#8553),(#8554,
#8555),(#8556,#8557)),.SURF_OF_LINEAR_EXTRUSION.,.F.,.F.,.F.,(4,4),(2,2),
(-1.93654300471678E-15,1.),(0.,1.),.PIECEWISE_BEZIER_KNOTS.);
#249=B_SPLINE_SURFACE_WITH_KNOTS('',3,1,((#8572,#8573),(#8574,#8575),(#8576,
#8577),(#8578,#8579)),.SURF_OF_LINEAR_EXTRUSION.,.F.,.F.,.F.,(4,4),(2,2),
(1.59412674245279E-15,1.00000000000001),(0.,1.),
 .PIECEWISE_BEZIER_KNOTS.);
#250=B_SPLINE_SURFACE_WITH_KNOTS('',3,1,((#8598,#8599),(#8600,#8601),(#8602,
#8603),(#8604,#8605)),.SURF_OF_LINEAR_EXTRUSION.,.F.,.F.,.F.,(4,4),(2,2),
(1.25126245964136E-15,1.),(0.,1.),.PIECEWISE_BEZIER_KNOTS.);
#251=B_SPLINE_SURFACE_WITH_KNOTS('',3,1,((#8620,#8621),(#8622,#8623),(#8624,
#8625),(#8626,#8627)),.SURF_OF_LINEAR_EXTRUSION.,.F.,.F.,.F.,(4,4),(2,2),
(-3.12956615198849E-15,1.),(0.,1.),.PIECEWISE_BEZIER_KNOTS.);
#252=B_SPLINE_SURFACE_WITH_KNOTS('',3,1,((#8940,#8941),(#8942,#8943),(#8944,
#8945),(#8946,#8947)),.SURF_OF_LINEAR_EXTRUSION.,.F.,.F.,.F.,(4,4),(2,2),
(0.,1.),(0.,1.),.PIECEWISE_BEZIER_KNOTS.);
#253=B_SPLINE_SURFACE_WITH_KNOTS('',3,1,((#8968,#8969),(#8970,#8971),(#8972,
#8973),(#8974,#8975)),.SURF_OF_LINEAR_EXTRUSION.,.F.,.F.,.F.,(4,4),(2,2),
(0.,1.),(0.,1.),.PIECEWISE_BEZIER_KNOTS.);
#254=B_SPLINE_SURFACE_WITH_KNOTS('',3,1,((#8993,#8994),(#8995,#8996),(#8997,
#8998),(#8999,#9000)),.SURF_OF_LINEAR_EXTRUSION.,.F.,.F.,.F.,(4,4),(2,2),
(0.,1.),(0.,1.),.PIECEWISE_BEZIER_KNOTS.);
#255=B_SPLINE_SURFACE_WITH_KNOTS('',3,1,((#9018,#9019),(#9020,#9021),(#9022,
#9023),(#9024,#9025)),.SURF_OF_LINEAR_EXTRUSION.,.F.,.F.,.F.,(4,4),(2,2),
(0.,1.),(0.,1.),.PIECEWISE_BEZIER_KNOTS.);
#256=B_SPLINE_SURFACE_WITH_KNOTS('',3,3,((#9160,#9161,#9162,#9163,#9164,
#9165,#9166,#9167,#9168,#9169,#9170,#9171,#9172,#9173,#9174,#9175,#9176,
#9177,#9178),(#9179,#9180,#9181,#9182,#9183,#9184,#9185,#9186,#9187,#9188,
#9189,#9190,#9191,#9192,#9193,#9194,#9195,#9196,#9197),(#9198,#9199,#9200,
#9201,#9202,#9203,#9204,#9205,#9206,#9207,#9208,#9209,#9210,#9211,#9212,
#9213,#9214,#9215,#9216),(#9217,#9218,#9219,#9220,#9221,#9222,#9223,#9224,
#9225,#9226,#9227,#9228,#9229,#9230,#9231,#9232,#9233,#9234,#9235)),
 .UNSPECIFIED.,.F.,.T.,.F.,(4,4),(1,1,1,1,1,1,1,1,1,1,1,1,1,1,1,1,1,1,1,
1,1,1,1),(1.06358181742104E-6,1.),(-1.17809724509617,-0.785398163397448,
-0.392699081698725,0.,0.392699081698724,0.785398163397448,1.17809724509617,
1.5707963267949,1.96349540849362,2.35619449019234,2.74889357189107,3.14159265358979,
3.53429173528852,3.92699081698724,4.31968989868597,4.71238898038469,5.10508806208341,
5.49778714378214,5.89048622548086,6.28318530717959,6.67588438887831,7.06858347057703,
7.46128255227576),.UNSPECIFIED.);
#257=LINE('',#5900,#569);
#258=LINE('',#5907,#570);
#259=LINE('',#5915,#571);
#260=LINE('',#5922,#572);
#261=LINE('',#5930,#573);
#262=LINE('',#5937,#574);
#263=LINE('',#5939,#575);
#264=LINE('',#5942,#576);
#265=LINE('',#5944,#577);
#266=LINE('',#5946,#578);
#267=LINE('',#5955,#579);
#268=LINE('',#5967,#580);
#269=LINE('',#5970,#581);
#270=LINE('',#5971,#582);
#271=LINE('',#5980,#583);
#272=LINE('',#5992,#584);
#273=LINE('',#5995,#585);
#274=LINE('',#5996,#586);
#275=LINE('',#6005,#587);
#276=LINE('',#6017,#588);
#277=LINE('',#6020,#589);
#278=LINE('',#6021,#590);
#279=LINE('',#6029,#591);
#280=LINE('',#6036,#592);
#281=LINE('',#6044,#593);
#282=LINE('',#6051,#594);
#283=LINE('',#6059,#595);
#284=LINE('',#6066,#596);
#285=LINE('',#6074,#597);
#286=LINE('',#6081,#598);
#287=LINE('',#6083,#599);
#288=LINE('',#6086,#600);
#289=LINE('',#6093,#601);
#290=LINE('',#6095,#602);
#291=LINE('',#6107,#603);
#292=LINE('',#6108,#604);
#293=LINE('',#6132,#605);
#294=LINE('',#6139,#606);
#295=LINE('',#6147,#607);
#296=LINE('',#6154,#608);
#297=LINE('',#6162,#609);
#298=LINE('',#6169,#610);
#299=LINE('',#6192,#611);
#300=LINE('',#6214,#612);
#301=LINE('',#6236,#613);
#302=LINE('',#6258,#614);
#303=LINE('',#6269,#615);
#304=LINE('',#6280,#616);
#305=LINE('',#6284,#617);
#306=LINE('',#6295,#618);
#307=LINE('',#6306,#619);
#308=LINE('',#6317,#620);
#309=LINE('',#6324,#621);
#310=LINE('',#6335,#622);
#311=LINE('',#6346,#623);
#312=LINE('',#6353,#624);
#313=LINE('',#6360,#625);
#314=LINE('',#6371,#626);
#315=LINE('',#6381,#627);
#316=LINE('',#6384,#628);
#317=LINE('',#6386,#629);
#318=LINE('',#6388,#630);
#319=LINE('',#6432,#631);
#320=LINE('',#6434,#632);
#321=LINE('',#6436,#633);
#322=LINE('',#6438,#634);
#323=LINE('',#6440,#635);
#324=LINE('',#6442,#636);
#325=LINE('',#6444,#637);
#326=LINE('',#6446,#638);
#327=LINE('',#6722,#639);
#328=LINE('',#6802,#640);
#329=LINE('',#6804,#641);
#330=LINE('',#6827,#642);
#331=LINE('',#7074,#643);
#332=LINE('',#7084,#644);
#333=LINE('',#7086,#645);
#334=LINE('',#7093,#646);
#335=LINE('',#7097,#647);
#336=LINE('',#7105,#648);
#337=LINE('',#7112,#649);
#338=LINE('',#7120,#650);
#339=LINE('',#7122,#651);
#340=LINE('',#7131,#652);
#341=LINE('',#7133,#653);
#342=LINE('',#7137,#654);
#343=LINE('',#7145,#655);
#344=LINE('',#7152,#656);
#345=LINE('',#7160,#657);
#346=LINE('',#7167,#658);
#347=LINE('',#7179,#659);
#348=LINE('',#7181,#660);
#349=LINE('',#7183,#661);
#350=LINE('',#7185,#662);
#351=LINE('',#7197,#663);
#352=LINE('',#7199,#664);
#353=LINE('',#7201,#665);
#354=LINE('',#7210,#666);
#355=LINE('',#7218,#667);
#356=LINE('',#7220,#668);
#357=LINE('',#7222,#669);
#358=LINE('',#7224,#670);
#359=LINE('',#7233,#671);
#360=LINE('',#7236,#672);
#361=LINE('',#7238,#673);
#362=LINE('',#7240,#674);
#363=LINE('',#7247,#675);
#364=LINE('',#7254,#676);
#365=LINE('',#7261,#677);
#366=LINE('',#7268,#678);
#367=LINE('',#7270,#679);
#368=LINE('',#7283,#680);
#369=LINE('',#7287,#681);
#370=LINE('',#7289,#682);
#371=LINE('',#7290,#683);
#372=LINE('',#7294,#684);
#373=LINE('',#7298,#685);
#374=LINE('',#7300,#686);
#375=LINE('',#7302,#687);
#376=LINE('',#7304,#688);
#377=LINE('',#7308,#689);
#378=LINE('',#7309,#690);
#379=LINE('',#7313,#691);
#380=LINE('',#7315,#692);
#381=LINE('',#7317,#693);
#382=LINE('',#7319,#694);
#383=LINE('',#7333,#695);
#384=LINE('',#7334,#696);
#385=LINE('',#7354,#697);
#386=LINE('',#7360,#698);
#387=LINE('',#7371,#699);
#388=LINE('',#7382,#700);
#389=LINE('',#7393,#701);
#390=LINE('',#7509,#702);
#391=LINE('',#7510,#703);
#392=LINE('',#7522,#704);
#393=LINE('',#7523,#705);
#394=LINE('',#7578,#706);
#395=LINE('',#7583,#707);
#396=LINE('',#7587,#708);
#397=LINE('',#7646,#709);
#398=LINE('',#7659,#710);
#399=LINE('',#7672,#711);
#400=LINE('',#7679,#712);
#401=LINE('',#7681,#713);
#402=LINE('',#7683,#714);
#403=LINE('',#7685,#715);
#404=LINE('',#7687,#716);
#405=LINE('',#7694,#717);
#406=LINE('',#7806,#718);
#407=LINE('',#7807,#719);
#408=LINE('',#7811,#720);
#409=LINE('',#7813,#721);
#410=LINE('',#7815,#722);
#411=LINE('',#7817,#723);
#412=LINE('',#7819,#724);
#413=LINE('',#7861,#725);
#414=LINE('',#7863,#726);
#415=LINE('',#7864,#727);
#416=LINE('',#7867,#728);
#417=LINE('',#8406,#729);
#418=LINE('',#8413,#730);
#419=LINE('',#8419,#731);
#420=LINE('',#8425,#732);
#421=LINE('',#8431,#733);
#422=LINE('',#8437,#734);
#423=LINE('',#8443,#735);
#424=LINE('',#8449,#736);
#425=LINE('',#8501,#737);
#426=LINE('',#8547,#738);
#427=LINE('',#8549,#739);
#428=LINE('',#8595,#740);
#429=LINE('',#8597,#741);
#430=LINE('',#8643,#742);
#431=LINE('',#8645,#743);
#432=LINE('',#8647,#744);
#433=LINE('',#8654,#745);
#434=LINE('',#8657,#746);
#435=LINE('',#8659,#747);
#436=LINE('',#8661,#748);
#437=LINE('',#8663,#749);
#438=LINE('',#8665,#750);
#439=LINE('',#8667,#751);
#440=LINE('',#8669,#752);
#441=LINE('',#8671,#753);
#442=LINE('',#8674,#754);
#443=LINE('',#8676,#755);
#444=LINE('',#8678,#756);
#445=LINE('',#8682,#757);
#446=LINE('',#8686,#758);
#447=LINE('',#8688,#759);
#448=LINE('',#8690,#760);
#449=LINE('',#8694,#761);
#450=LINE('',#8698,#762);
#451=LINE('',#8700,#763);
#452=LINE('',#8702,#764);
#453=LINE('',#8706,#765);
#454=LINE('',#8710,#766);
#455=LINE('',#8712,#767);
#456=LINE('',#8714,#768);
#457=LINE('',#8719,#769);
#458=LINE('',#8723,#770);
#459=LINE('',#8725,#771);
#460=LINE('',#8727,#772);
#461=LINE('',#8729,#773);
#462=LINE('',#8733,#774);
#463=LINE('',#8737,#775);
#464=LINE('',#8739,#776);
#465=LINE('',#8741,#777);
#466=LINE('',#8745,#778);
#467=LINE('',#8749,#779);
#468=LINE('',#8751,#780);
#469=LINE('',#8753,#781);
#470=LINE('',#8757,#782);
#471=LINE('',#8764,#783);
#472=LINE('',#8768,#784);
#473=LINE('',#8770,#785);
#474=LINE('',#8772,#786);
#475=LINE('',#8774,#787);
#476=LINE('',#8778,#788);
#477=LINE('',#8782,#789);
#478=LINE('',#8784,#790);
#479=LINE('',#8786,#791);
#480=LINE('',#8790,#792);
#481=LINE('',#8794,#793);
#482=LINE('',#8796,#794);
#483=LINE('',#8798,#795);
#484=LINE('',#8802,#796);
#485=LINE('',#8806,#797);
#486=LINE('',#8809,#798);
#487=LINE('',#8811,#799);
#488=LINE('',#8813,#800);
#489=LINE('',#8817,#801);
#490=LINE('',#8821,#802);
#491=LINE('',#8823,#803);
#492=LINE('',#8825,#804);
#493=LINE('',#8829,#805);
#494=LINE('',#8833,#806);
#495=LINE('',#8835,#807);
#496=LINE('',#8837,#808);
#497=LINE('',#8841,#809);
#498=LINE('',#8845,#810);
#499=LINE('',#8847,#811);
#500=LINE('',#8849,#812);
#501=LINE('',#8851,#813);
#502=LINE('',#8854,#814);
#503=LINE('',#8856,#815);
#504=LINE('',#8858,#816);
#505=LINE('',#8862,#817);
#506=LINE('',#8866,#818);
#507=LINE('',#8868,#819);
#508=LINE('',#8870,#820);
#509=LINE('',#8874,#821);
#510=LINE('',#8878,#822);
#511=LINE('',#8880,#823);
#512=LINE('',#8882,#824);
#513=LINE('',#8886,#825);
#514=LINE('',#8890,#826);
#515=LINE('',#8892,#827);
#516=LINE('',#8894,#828);
#517=LINE('',#8896,#829);
#518=LINE('',#8899,#830);
#519=LINE('',#8901,#831);
#520=LINE('',#8903,#832);
#521=LINE('',#8907,#833);
#522=LINE('',#8911,#834);
#523=LINE('',#8913,#835);
#524=LINE('',#8915,#836);
#525=LINE('',#8919,#837);
#526=LINE('',#8923,#838);
#527=LINE('',#8925,#839);
#528=LINE('',#8927,#840);
#529=LINE('',#8931,#841);
#530=LINE('',#8935,#842);
#531=LINE('',#8937,#843);
#532=LINE('',#8939,#844);
#533=LINE('',#8954,#845);
#534=LINE('',#8961,#846);
#535=LINE('',#8963,#847);
#536=LINE('',#8965,#848);
#537=LINE('',#8967,#849);
#538=LINE('',#8981,#850);
#539=LINE('',#8988,#851);
#540=LINE('',#8990,#852);
#541=LINE('',#8992,#853);
#542=LINE('',#9006,#854);
#543=LINE('',#9013,#855);
#544=LINE('',#9015,#856);
#545=LINE('',#9017,#857);
#546=LINE('',#9031,#858);
#547=LINE('',#9038,#859);
#548=LINE('',#9041,#860);
#549=LINE('',#9043,#861);
#550=LINE('',#9045,#862);
#551=LINE('',#9047,#863);
#552=LINE('',#9049,#864);
#553=LINE('',#9051,#865);
#554=LINE('',#9053,#866);
#555=LINE('',#9055,#867);
#556=LINE('',#9056,#868);
#557=LINE('',#9058,#869);
#558=LINE('',#9059,#870);
#559=LINE('',#9061,#871);
#560=LINE('',#9062,#872);
#561=LINE('',#9083,#873);
#562=LINE('',#9084,#874);
#563=LINE('',#9096,#875);
#564=LINE('',#9097,#876);
#565=LINE('',#9103,#877);
#566=LINE('',#9104,#878);
#567=LINE('',#9106,#879);
#568=LINE('',#9108,#880);
#569=VECTOR('',#4972,1.);
#570=VECTOR('',#4973,1.);
#571=VECTOR('',#4976,1.);
#572=VECTOR('',#4977,1.);
#573=VECTOR('',#4980,1.);
#574=VECTOR('',#4981,1.);
#575=VECTOR('',#4984,1.);
#576=VECTOR('',#4985,1.);
#577=VECTOR('',#4986,1.);
#578=VECTOR('',#4987,1.);
#579=VECTOR('',#4988,1.);
#580=VECTOR('',#4991,1.);
#581=VECTOR('',#4992,1.);
#582=VECTOR('',#4993,1.);
#583=VECTOR('',#4994,1.);
#584=VECTOR('',#4997,1.);
#585=VECTOR('',#4998,1.);
#586=VECTOR('',#4999,1.);
#587=VECTOR('',#5000,1.);
#588=VECTOR('',#5003,1.);
#589=VECTOR('',#5004,1.);
#590=VECTOR('',#5005,1.);
#591=VECTOR('',#5008,1.);
#592=VECTOR('',#5009,1.);
#593=VECTOR('',#5012,1.);
#594=VECTOR('',#5013,1.);
#595=VECTOR('',#5016,1.);
#596=VECTOR('',#5017,1.);
#597=VECTOR('',#5020,1.);
#598=VECTOR('',#5021,1.);
#599=VECTOR('',#5024,1.);
#600=VECTOR('',#5025,1.);
#601=VECTOR('',#5026,1.);
#602=VECTOR('',#5029,1.);
#603=VECTOR('',#5036,1.);
#604=VECTOR('',#5037,1.);
#605=VECTOR('',#5040,1.);
#606=VECTOR('',#5041,1.);
#607=VECTOR('',#5044,1.);
#608=VECTOR('',#5045,1.);
#609=VECTOR('',#5048,1.);
#610=VECTOR('',#5049,1.);
#611=VECTOR('',#5052,1.);
#612=VECTOR('',#5053,1.);
#613=VECTOR('',#5054,1.);
#614=VECTOR('',#5055,1.);
#615=VECTOR('',#5056,1.);
#616=VECTOR('',#5057,1.);
#617=VECTOR('',#5060,1.);
#618=VECTOR('',#5061,1.);
#619=VECTOR('',#5062,1.);
#620=VECTOR('',#5063,1.);
#621=VECTOR('',#5064,1.);
#622=VECTOR('',#5065,1.);
#623=VECTOR('',#5066,1.);
#624=VECTOR('',#5067,1.);
#625=VECTOR('',#5068,1.);
#626=VECTOR('',#5069,1.);
#627=VECTOR('',#5080,1.);
#628=VECTOR('',#5081,1.);
#629=VECTOR('',#5082,1.);
#630=VECTOR('',#5083,1.);
#631=VECTOR('',#5086,1.);
#632=VECTOR('',#5087,1.);
#633=VECTOR('',#5088,1.);
#634=VECTOR('',#5091,1.);
#635=VECTOR('',#5092,1.);
#636=VECTOR('',#5095,1.);
#637=VECTOR('',#5096,1.);
#638=VECTOR('',#5099,1.);
#639=VECTOR('',#5114,1.);
#640=VECTOR('',#5119,1.);
#641=VECTOR('',#5122,1.);
#642=VECTOR('',#5127,1.);
#643=VECTOR('',#5168,1.);
#644=VECTOR('',#5169,1.);
#645=VECTOR('',#5170,1.);
#646=VECTOR('',#5171,1.);
#647=VECTOR('',#5174,1.);
#648=VECTOR('',#5177,1.);
#649=VECTOR('',#5178,1.);
#650=VECTOR('',#5181,1.);
#651=VECTOR('',#5182,1.);
#652=VECTOR('',#5183,1.);
#653=VECTOR('',#5184,1.);
#654=VECTOR('',#5187,1.);
#655=VECTOR('',#5190,1.);
#656=VECTOR('',#5191,1.);
#657=VECTOR('',#5194,1.);
#658=VECTOR('',#5195,1.);
#659=VECTOR('',#5198,1.);
#660=VECTOR('',#5199,1.);
#661=VECTOR('',#5200,1.);
#662=VECTOR('',#5203,1.);
#663=VECTOR('',#5204,1.);
#664=VECTOR('',#5205,1.);
#665=VECTOR('',#5208,1.);
#666=VECTOR('',#5209,1.);
#667=VECTOR('',#5210,1.);
#668=VECTOR('',#5211,1.);
#669=VECTOR('',#5212,1.);
#670=VECTOR('',#5213,1.);
#671=VECTOR('',#5222,1.);
#672=VECTOR('',#5223,1.);
#673=VECTOR('',#5224,1.);
#674=VECTOR('',#5225,1.);
#675=VECTOR('',#5226,1.);
#676=VECTOR('',#5227,1.);
#677=VECTOR('',#5228,1.);
#678=VECTOR('',#5229,1.);
#679=VECTOR('',#5232,1.);
#680=VECTOR('',#5235,1.);
#681=VECTOR('',#5240,1.);
#682=VECTOR('',#5241,1.);
#683=VECTOR('',#5242,1.);
#684=VECTOR('',#5247,1.);
#685=VECTOR('',#5250,1.);
#686=VECTOR('',#5253,1.);
#687=VECTOR('',#5254,1.);
#688=VECTOR('',#5255,1.);
#689=VECTOR('',#5260,1.);
#690=VECTOR('',#5261,1.);
#691=VECTOR('',#5266,1.);
#692=VECTOR('',#5267,1.);
#693=VECTOR('',#5268,1.);
#694=VECTOR('',#5271,1.);
#695=VECTOR('',#5278,1.);
#696=VECTOR('',#5279,1.);
#697=VECTOR('',#5306,1.);
#698=VECTOR('',#5307,1.);
#699=VECTOR('',#5308,1.);
#700=VECTOR('',#5309,1.);
#701=VECTOR('',#5310,1.);
#702=VECTOR('',#5337,1.);
#703=VECTOR('',#5338,1.);
#704=VECTOR('',#5339,1.);
#705=VECTOR('',#5340,1.);
#706=VECTOR('',#5361,1.);
#707=VECTOR('',#5362,1.);
#708=VECTOR('',#5365,1.);
#709=VECTOR('',#5382,1.);
#710=VECTOR('',#5383,1.);
#711=VECTOR('',#5384,1.);
#712=VECTOR('',#5385,1.);
#713=VECTOR('',#5386,1.);
#714=VECTOR('',#5387,1.);
#715=VECTOR('',#5388,1.);
#716=VECTOR('',#5389,1.);
#717=VECTOR('',#5390,1.);
#718=VECTOR('',#5405,1.);
#719=VECTOR('',#5406,1.);
#720=VECTOR('',#5409,1.);
#721=VECTOR('',#5412,1.);
#722=VECTOR('',#5415,1.);
#723=VECTOR('',#5418,1.);
#724=VECTOR('',#5421,1.);
#725=VECTOR('',#5432,1.);
#726=VECTOR('',#5435,1.);
#727=VECTOR('',#5436,1.);
#728=VECTOR('',#5441,1.);
#729=VECTOR('',#5446,1.);
#730=VECTOR('',#5447,1.);
#731=VECTOR('',#5448,1.);
#732=VECTOR('',#5449,1.);
#733=VECTOR('',#5450,1.);
#734=VECTOR('',#5451,1.);
#735=VECTOR('',#5452,1.);
#736=VECTOR('',#5453,1.);
#737=VECTOR('',#5458,1.);
#738=VECTOR('',#5461,1.);
#739=VECTOR('',#5464,1.);
#740=VECTOR('',#5467,1.);
#741=VECTOR('',#5470,1.);
#742=VECTOR('',#5473,1.);
#743=VECTOR('',#5476,1.);
#744=VECTOR('',#5479,1.);
#745=VECTOR('',#5490,1.);
#746=VECTOR('',#5491,1.);
#747=VECTOR('',#5492,1.);
#748=VECTOR('',#5493,1.);
#749=VECTOR('',#5494,1.);
#750=VECTOR('',#5495,1.);
#751=VECTOR('',#5496,1.);
#752=VECTOR('',#5497,1.);
#753=VECTOR('',#5500,1.);
#754=VECTOR('',#5501,1.);
#755=VECTOR('',#5502,1.);
#756=VECTOR('',#5503,1.);
#757=VECTOR('',#5508,1.);
#758=VECTOR('',#5513,1.);
#759=VECTOR('',#5514,1.);
#760=VECTOR('',#5515,1.);
#761=VECTOR('',#5520,1.);
#762=VECTOR('',#5525,1.);
#763=VECTOR('',#5526,1.);
#764=VECTOR('',#5527,1.);
#765=VECTOR('',#5532,1.);
#766=VECTOR('',#5537,1.);
#767=VECTOR('',#5538,1.);
#768=VECTOR('',#5539,1.);
#769=VECTOR('',#5544,1.);
#770=VECTOR('',#5547,1.);
#771=VECTOR('',#5550,1.);
#772=VECTOR('',#5551,1.);
#773=VECTOR('',#5552,1.);
#774=VECTOR('',#5557,1.);
#775=VECTOR('',#5562,1.);
#776=VECTOR('',#5563,1.);
#777=VECTOR('',#5564,1.);
#778=VECTOR('',#5569,1.);
#779=VECTOR('',#5574,1.);
#780=VECTOR('',#5575,1.);
#781=VECTOR('',#5576,1.);
#782=VECTOR('',#5581,1.);
#783=VECTOR('',#5588,1.);
#784=VECTOR('',#5591,1.);
#785=VECTOR('',#5594,1.);
#786=VECTOR('',#5595,1.);
#787=VECTOR('',#5596,1.);
#788=VECTOR('',#5601,1.);
#789=VECTOR('',#5606,1.);
#790=VECTOR('',#5607,1.);
#791=VECTOR('',#5608,1.);
#792=VECTOR('',#5613,1.);
#793=VECTOR('',#5618,1.);
#794=VECTOR('',#5619,1.);
#795=VECTOR('',#5620,1.);
#796=VECTOR('',#5625,1.);
#797=VECTOR('',#5630,1.);
#798=VECTOR('',#5631,1.);
#799=VECTOR('',#5632,1.);
#800=VECTOR('',#5633,1.);
#801=VECTOR('',#5638,1.);
#802=VECTOR('',#5643,1.);
#803=VECTOR('',#5644,1.);
#804=VECTOR('',#5645,1.);
#805=VECTOR('',#5650,1.);
#806=VECTOR('',#5655,1.);
#807=VECTOR('',#5656,1.);
#808=VECTOR('',#5657,1.);
#809=VECTOR('',#5662,1.);
#810=VECTOR('',#5667,1.);
#811=VECTOR('',#5668,1.);
#812=VECTOR('',#5669,1.);
#813=VECTOR('',#5672,1.);
#814=VECTOR('',#5673,1.);
#815=VECTOR('',#5674,1.);
#816=VECTOR('',#5675,1.);
#817=VECTOR('',#5680,1.);
#818=VECTOR('',#5685,1.);
#819=VECTOR('',#5686,1.);
#820=VECTOR('',#5687,1.);
#821=VECTOR('',#5692,1.);
#822=VECTOR('',#5697,1.);
#823=VECTOR('',#5698,1.);
#824=VECTOR('',#5699,1.);
#825=VECTOR('',#5704,1.);
#826=VECTOR('',#5709,1.);
#827=VECTOR('',#5710,1.);
#828=VECTOR('',#5711,1.);
#829=VECTOR('',#5714,1.);
#830=VECTOR('',#5715,1.);
#831=VECTOR('',#5716,1.);
#832=VECTOR('',#5717,1.);
#833=VECTOR('',#5722,1.);
#834=VECTOR('',#5727,1.);
#835=VECTOR('',#5728,1.);
#836=VECTOR('',#5729,1.);
#837=VECTOR('',#5734,1.);
#838=VECTOR('',#5739,1.);
#839=VECTOR('',#5740,1.);
#840=VECTOR('',#5741,1.);
#841=VECTOR('',#5746,1.);
#842=VECTOR('',#5751,1.);
#843=VECTOR('',#5752,1.);
#844=VECTOR('',#5753,1.);
#845=VECTOR('',#5754,1.);
#846=VECTOR('',#5755,1.);
#847=VECTOR('',#5758,1.);
#848=VECTOR('',#5759,1.);
#849=VECTOR('',#5760,1.);
#850=VECTOR('',#5761,1.);
#851=VECTOR('',#5764,1.);
#852=VECTOR('',#5765,1.);
#853=VECTOR('',#5766,1.);
#854=VECTOR('',#5767,1.);
#855=VECTOR('',#5770,1.);
#856=VECTOR('',#5771,1.);
#857=VECTOR('',#5772,1.);
#858=VECTOR('',#5773,1.);
#859=VECTOR('',#5776,1.);
#860=VECTOR('',#5777,1.);
#861=VECTOR('',#5778,1.);
#862=VECTOR('',#5779,1.);
#863=VECTOR('',#5780,1.);
#864=VECTOR('',#5781,1.);
#865=VECTOR('',#5782,1.);
#866=VECTOR('',#5783,1.);
#867=VECTOR('',#5786,1.);
#868=VECTOR('',#5787,1.);
#869=VECTOR('',#5790,1.);
#870=VECTOR('',#5791,1.);
#871=VECTOR('',#5794,1.);
#872=VECTOR('',#5795,1.);
#873=VECTOR('',#5828,1.);
#874=VECTOR('',#5829,1.);
#875=VECTOR('',#5844,1.);
#876=VECTOR('',#5845,1.);
#877=VECTOR('',#5856,1.);
#878=VECTOR('',#5857,1.);
#879=VECTOR('',#5860,1.);
#880=VECTOR('',#5863,1.);
#881=ORIENTED_EDGE('',*,*,#2199,.T.);
#882=ORIENTED_EDGE('',*,*,#2200,.T.);
#883=ORIENTED_EDGE('',*,*,#2201,.T.);
#884=ORIENTED_EDGE('',*,*,#2202,.F.);
#885=ORIENTED_EDGE('',*,*,#2203,.T.);
#886=ORIENTED_EDGE('',*,*,#2204,.T.);
#887=ORIENTED_EDGE('',*,*,#2205,.T.);
#888=ORIENTED_EDGE('',*,*,#2206,.T.);
#889=ORIENTED_EDGE('',*,*,#2207,.T.);
#890=ORIENTED_EDGE('',*,*,#2208,.T.);
#891=ORIENTED_EDGE('',*,*,#2209,.T.);
#892=ORIENTED_EDGE('',*,*,#2210,.T.);
#893=ORIENTED_EDGE('',*,*,#2211,.F.);
#894=ORIENTED_EDGE('',*,*,#2212,.T.);
#895=ORIENTED_EDGE('',*,*,#2213,.T.);
#896=ORIENTED_EDGE('',*,*,#2214,.T.);
#897=ORIENTED_EDGE('',*,*,#2215,.F.);
#898=ORIENTED_EDGE('',*,*,#2216,.T.);
#899=ORIENTED_EDGE('',*,*,#2211,.T.);
#900=ORIENTED_EDGE('',*,*,#2217,.T.);
#901=ORIENTED_EDGE('',*,*,#2218,.F.);
#902=ORIENTED_EDGE('',*,*,#2219,.T.);
#903=ORIENTED_EDGE('',*,*,#2215,.T.);
#904=ORIENTED_EDGE('',*,*,#2220,.T.);
#905=ORIENTED_EDGE('',*,*,#2221,.F.);
#906=ORIENTED_EDGE('',*,*,#2222,.T.);
#907=ORIENTED_EDGE('',*,*,#2218,.T.);
#908=ORIENTED_EDGE('',*,*,#2223,.T.);
#909=ORIENTED_EDGE('',*,*,#2224,.F.);
#910=ORIENTED_EDGE('',*,*,#2225,.T.);
#911=ORIENTED_EDGE('',*,*,#2221,.T.);
#912=ORIENTED_EDGE('',*,*,#2226,.F.);
#913=ORIENTED_EDGE('',*,*,#2227,.F.);
#914=ORIENTED_EDGE('',*,*,#2228,.T.);
#915=ORIENTED_EDGE('',*,*,#2224,.T.);
#916=ORIENTED_EDGE('',*,*,#2229,.T.);
#917=ORIENTED_EDGE('',*,*,#2230,.F.);
#918=ORIENTED_EDGE('',*,*,#2231,.T.);
#919=ORIENTED_EDGE('',*,*,#2227,.T.);
#920=ORIENTED_EDGE('',*,*,#2232,.F.);
#921=ORIENTED_EDGE('',*,*,#2233,.T.);
#922=ORIENTED_EDGE('',*,*,#2234,.T.);
#923=ORIENTED_EDGE('',*,*,#2235,.T.);
#924=ORIENTED_EDGE('',*,*,#2236,.F.);
#925=ORIENTED_EDGE('',*,*,#2237,.T.);
#926=ORIENTED_EDGE('',*,*,#2238,.T.);
#927=ORIENTED_EDGE('',*,*,#2239,.T.);
#928=ORIENTED_EDGE('',*,*,#2240,.F.);
#929=ORIENTED_EDGE('',*,*,#2241,.T.);
#930=ORIENTED_EDGE('',*,*,#2242,.T.);
#931=ORIENTED_EDGE('',*,*,#2243,.T.);
#932=ORIENTED_EDGE('',*,*,#2244,.T.);
#933=ORIENTED_EDGE('',*,*,#2245,.T.);
#934=ORIENTED_EDGE('',*,*,#2246,.T.);
#935=ORIENTED_EDGE('',*,*,#2247,.T.);
#936=ORIENTED_EDGE('',*,*,#2248,.F.);
#937=ORIENTED_EDGE('',*,*,#2249,.F.);
#938=ORIENTED_EDGE('',*,*,#2250,.T.);
#939=ORIENTED_EDGE('',*,*,#2251,.T.);
#940=ORIENTED_EDGE('',*,*,#2252,.T.);
#941=ORIENTED_EDGE('',*,*,#2253,.F.);
#942=ORIENTED_EDGE('',*,*,#2254,.T.);
#943=ORIENTED_EDGE('',*,*,#2249,.T.);
#944=ORIENTED_EDGE('',*,*,#2255,.F.);
#945=ORIENTED_EDGE('',*,*,#2256,.T.);
#946=ORIENTED_EDGE('',*,*,#2257,.T.);
#947=ORIENTED_EDGE('',*,*,#2253,.T.);
#948=ORIENTED_EDGE('',*,*,#2258,.T.);
#949=ORIENTED_EDGE('',*,*,#2213,.F.);
#950=ORIENTED_EDGE('',*,*,#2259,.T.);
#951=ORIENTED_EDGE('',*,*,#2230,.T.);
#952=ORIENTED_EDGE('',*,*,#2260,.T.);
#953=ORIENTED_EDGE('',*,*,#2261,.T.);
#954=ORIENTED_EDGE('',*,*,#2262,.T.);
#955=ORIENTED_EDGE('',*,*,#2263,.T.);
#956=ORIENTED_EDGE('',*,*,#2264,.T.);
#957=ORIENTED_EDGE('',*,*,#2265,.T.);
#958=ORIENTED_EDGE('',*,*,#2266,.T.);
#959=ORIENTED_EDGE('',*,*,#2267,.T.);
#960=ORIENTED_EDGE('',*,*,#2268,.T.);
#961=ORIENTED_EDGE('',*,*,#2269,.T.);
#962=ORIENTED_EDGE('',*,*,#2270,.T.);
#963=ORIENTED_EDGE('',*,*,#2271,.T.);
#964=ORIENTED_EDGE('',*,*,#2272,.F.);
#965=ORIENTED_EDGE('',*,*,#2273,.T.);
#966=ORIENTED_EDGE('',*,*,#2274,.T.);
#967=ORIENTED_EDGE('',*,*,#2275,.T.);
#968=ORIENTED_EDGE('',*,*,#2276,.T.);
#969=ORIENTED_EDGE('',*,*,#2277,.T.);
#970=ORIENTED_EDGE('',*,*,#2278,.T.);
#971=ORIENTED_EDGE('',*,*,#2279,.T.);
#972=ORIENTED_EDGE('',*,*,#2280,.T.);
#973=ORIENTED_EDGE('',*,*,#2281,.T.);
#974=ORIENTED_EDGE('',*,*,#2282,.T.);
#975=ORIENTED_EDGE('',*,*,#2283,.T.);
#976=ORIENTED_EDGE('',*,*,#2284,.T.);
#977=ORIENTED_EDGE('',*,*,#2285,.T.);
#978=ORIENTED_EDGE('',*,*,#2286,.T.);
#979=ORIENTED_EDGE('',*,*,#2287,.T.);
#980=ORIENTED_EDGE('',*,*,#2288,.T.);
#981=ORIENTED_EDGE('',*,*,#2289,.T.);
#982=ORIENTED_EDGE('',*,*,#2290,.T.);
#983=ORIENTED_EDGE('',*,*,#2291,.T.);
#984=ORIENTED_EDGE('',*,*,#2292,.T.);
#985=ORIENTED_EDGE('',*,*,#2293,.T.);
#986=ORIENTED_EDGE('',*,*,#2294,.T.);
#987=ORIENTED_EDGE('',*,*,#2295,.T.);
#988=ORIENTED_EDGE('',*,*,#2296,.T.);
#989=ORIENTED_EDGE('',*,*,#2297,.T.);
#990=ORIENTED_EDGE('',*,*,#2298,.T.);
#991=ORIENTED_EDGE('',*,*,#2299,.T.);
#992=ORIENTED_EDGE('',*,*,#2300,.T.);
#993=ORIENTED_EDGE('',*,*,#2301,.T.);
#994=ORIENTED_EDGE('',*,*,#2302,.T.);
#995=ORIENTED_EDGE('',*,*,#2303,.T.);
#996=ORIENTED_EDGE('',*,*,#2304,.T.);
#997=ORIENTED_EDGE('',*,*,#2305,.T.);
#998=ORIENTED_EDGE('',*,*,#2306,.T.);
#999=ORIENTED_EDGE('',*,*,#2307,.T.);
#1000=ORIENTED_EDGE('',*,*,#2308,.T.);
#1001=ORIENTED_EDGE('',*,*,#2309,.T.);
#1002=ORIENTED_EDGE('',*,*,#2310,.F.);
#1003=ORIENTED_EDGE('',*,*,#2311,.T.);
#1004=ORIENTED_EDGE('',*,*,#2312,.T.);
#1005=ORIENTED_EDGE('',*,*,#2252,.F.);
#1006=ORIENTED_EDGE('',*,*,#2313,.T.);
#1007=ORIENTED_EDGE('',*,*,#2248,.T.);
#1008=ORIENTED_EDGE('',*,*,#2314,.T.);
#1009=ORIENTED_EDGE('',*,*,#2268,.F.);
#1010=ORIENTED_EDGE('',*,*,#2315,.T.);
#1011=ORIENTED_EDGE('',*,*,#2258,.F.);
#1012=ORIENTED_EDGE('',*,*,#2255,.T.);
#1013=ORIENTED_EDGE('',*,*,#2240,.T.);
#1014=ORIENTED_EDGE('',*,*,#2316,.T.);
#1015=ORIENTED_EDGE('',*,*,#2236,.T.);
#1016=ORIENTED_EDGE('',*,*,#2317,.T.);
#1017=ORIENTED_EDGE('',*,*,#2264,.F.);
#1018=ORIENTED_EDGE('',*,*,#2318,.T.);
#1019=ORIENTED_EDGE('',*,*,#2244,.F.);
#1020=ORIENTED_EDGE('',*,*,#2319,.T.);
#1021=ORIENTED_EDGE('',*,*,#2214,.F.);
#1022=ORIENTED_EDGE('',*,*,#2260,.F.);
#1023=ORIENTED_EDGE('',*,*,#2232,.T.);
#1024=ORIENTED_EDGE('',*,*,#2229,.F.);
#1025=ORIENTED_EDGE('',*,*,#2226,.T.);
#1026=ORIENTED_EDGE('',*,*,#2223,.F.);
#1027=ORIENTED_EDGE('',*,*,#2220,.F.);
#1028=ORIENTED_EDGE('',*,*,#2217,.F.);
#1029=ORIENTED_EDGE('',*,*,#2310,.T.);
#1030=ORIENTED_EDGE('',*,*,#2320,.F.);
#1031=ORIENTED_EDGE('',*,*,#2321,.F.);
#1032=ORIENTED_EDGE('',*,*,#2322,.T.);
#1033=ORIENTED_EDGE('',*,*,#2311,.F.);
#1034=ORIENTED_EDGE('',*,*,#2322,.F.);
#1035=ORIENTED_EDGE('',*,*,#2323,.T.);
#1036=ORIENTED_EDGE('',*,*,#2324,.T.);
#1037=ORIENTED_EDGE('',*,*,#2312,.F.);
#1038=ORIENTED_EDGE('',*,*,#2324,.F.);
#1039=ORIENTED_EDGE('',*,*,#2325,.T.);
#1040=ORIENTED_EDGE('',*,*,#2326,.T.);
#1041=ORIENTED_EDGE('',*,*,#2309,.F.);
#1042=ORIENTED_EDGE('',*,*,#2326,.F.);
#1043=ORIENTED_EDGE('',*,*,#2327,.T.);
#1044=ORIENTED_EDGE('',*,*,#2320,.T.);
#1045=ORIENTED_EDGE('',*,*,#2321,.T.);
#1046=ORIENTED_EDGE('',*,*,#2327,.F.);
#1047=ORIENTED_EDGE('',*,*,#2325,.F.);
#1048=ORIENTED_EDGE('',*,*,#2323,.F.);
#1049=ORIENTED_EDGE('',*,*,#2206,.F.);
#1050=ORIENTED_EDGE('',*,*,#2328,.T.);
#1051=ORIENTED_EDGE('',*,*,#2202,.T.);
#1052=ORIENTED_EDGE('',*,*,#2329,.T.);
#1053=ORIENTED_EDGE('',*,*,#2272,.T.);
#1054=ORIENTED_EDGE('',*,*,#2330,.T.);
#1055=ORIENTED_EDGE('',*,*,#2210,.F.);
#1056=ORIENTED_EDGE('',*,*,#2331,.T.);
#1057=ORIENTED_EDGE('',*,*,#2271,.F.);
#1058=ORIENTED_EDGE('',*,*,#2332,.T.);
#1059=ORIENTED_EDGE('',*,*,#2207,.F.);
#1060=ORIENTED_EDGE('',*,*,#2330,.F.);
#1061=ORIENTED_EDGE('',*,*,#2209,.F.);
#1062=ORIENTED_EDGE('',*,*,#2333,.T.);
#1063=ORIENTED_EDGE('',*,*,#2203,.F.);
#1064=ORIENTED_EDGE('',*,*,#2331,.F.);
#1065=ORIENTED_EDGE('',*,*,#2201,.F.);
#1066=ORIENTED_EDGE('',*,*,#2334,.T.);
#1067=ORIENTED_EDGE('',*,*,#2269,.F.);
#1068=ORIENTED_EDGE('',*,*,#2329,.F.);
#1069=ORIENTED_EDGE('',*,*,#2205,.F.);
#1070=ORIENTED_EDGE('',*,*,#2335,.T.);
#1071=ORIENTED_EDGE('',*,*,#2199,.F.);
#1072=ORIENTED_EDGE('',*,*,#2328,.F.);
#1073=ORIENTED_EDGE('',*,*,#2235,.F.);
#1074=ORIENTED_EDGE('',*,*,#2336,.T.);
#1075=ORIENTED_EDGE('',*,*,#2261,.F.);
#1076=ORIENTED_EDGE('',*,*,#2317,.F.);
#1077=ORIENTED_EDGE('',*,*,#2263,.F.);
#1078=ORIENTED_EDGE('',*,*,#2337,.T.);
#1079=ORIENTED_EDGE('',*,*,#2241,.F.);
#1080=ORIENTED_EDGE('',*,*,#2318,.F.);
#1081=ORIENTED_EDGE('',*,*,#2239,.F.);
#1082=ORIENTED_EDGE('',*,*,#2338,.T.);
#1083=ORIENTED_EDGE('',*,*,#2233,.F.);
#1084=ORIENTED_EDGE('',*,*,#2316,.F.);
#1085=ORIENTED_EDGE('',*,*,#2251,.F.);
#1086=ORIENTED_EDGE('',*,*,#2339,.T.);
#1087=ORIENTED_EDGE('',*,*,#2245,.F.);
#1088=ORIENTED_EDGE('',*,*,#2313,.F.);
#1089=ORIENTED_EDGE('',*,*,#2247,.F.);
#1090=ORIENTED_EDGE('',*,*,#2340,.T.);
#1091=ORIENTED_EDGE('',*,*,#2265,.F.);
#1092=ORIENTED_EDGE('',*,*,#2314,.F.);
#1093=ORIENTED_EDGE('',*,*,#2267,.F.);
#1094=ORIENTED_EDGE('',*,*,#2341,.T.);
#1095=ORIENTED_EDGE('',*,*,#2256,.F.);
#1096=ORIENTED_EDGE('',*,*,#2315,.F.);
#1097=ORIENTED_EDGE('',*,*,#2243,.F.);
#1098=ORIENTED_EDGE('',*,*,#2342,.T.);
#1099=ORIENTED_EDGE('',*,*,#2237,.F.);
#1100=ORIENTED_EDGE('',*,*,#2319,.F.);
#1101=ORIENTED_EDGE('',*,*,#2343,.F.);
#1102=ORIENTED_EDGE('',*,*,#2238,.F.);
#1103=ORIENTED_EDGE('',*,*,#2344,.F.);
#1104=ORIENTED_EDGE('',*,*,#2304,.F.);
#1105=ORIENTED_EDGE('',*,*,#2344,.T.);
#1106=ORIENTED_EDGE('',*,*,#2342,.F.);
#1107=ORIENTED_EDGE('',*,*,#2345,.F.);
#1108=ORIENTED_EDGE('',*,*,#2281,.F.);
#1109=ORIENTED_EDGE('',*,*,#2346,.F.);
#1110=ORIENTED_EDGE('',*,*,#2288,.F.);
#1111=ORIENTED_EDGE('',*,*,#2347,.F.);
#1112=ORIENTED_EDGE('',*,*,#2266,.F.);
#1113=ORIENTED_EDGE('',*,*,#2343,.T.);
#1114=ORIENTED_EDGE('',*,*,#2303,.F.);
#1115=ORIENTED_EDGE('',*,*,#2348,.F.);
#1116=ORIENTED_EDGE('',*,*,#2338,.F.);
#1117=ORIENTED_EDGE('',*,*,#2345,.T.);
#1118=ORIENTED_EDGE('',*,*,#2242,.F.);
#1119=ORIENTED_EDGE('',*,*,#2349,.F.);
#1120=ORIENTED_EDGE('',*,*,#2282,.F.);
#1121=ORIENTED_EDGE('',*,*,#2347,.T.);
#1122=ORIENTED_EDGE('',*,*,#2287,.F.);
#1123=ORIENTED_EDGE('',*,*,#2350,.F.);
#1124=ORIENTED_EDGE('',*,*,#2341,.F.);
#1125=ORIENTED_EDGE('',*,*,#2346,.T.);
#1126=ORIENTED_EDGE('',*,*,#2340,.F.);
#1127=ORIENTED_EDGE('',*,*,#2351,.F.);
#1128=ORIENTED_EDGE('',*,*,#2289,.F.);
#1129=ORIENTED_EDGE('',*,*,#2352,.F.);
#1130=ORIENTED_EDGE('',*,*,#2298,.F.);
#1131=ORIENTED_EDGE('',*,*,#2353,.F.);
#1132=ORIENTED_EDGE('',*,*,#2204,.F.);
#1133=ORIENTED_EDGE('',*,*,#2348,.T.);
#1134=ORIENTED_EDGE('',*,*,#2302,.F.);
#1135=ORIENTED_EDGE('',*,*,#2354,.F.);
#1136=ORIENTED_EDGE('',*,*,#2234,.F.);
#1137=ORIENTED_EDGE('',*,*,#2349,.T.);
#1138=ORIENTED_EDGE('',*,*,#2337,.F.);
#1139=ORIENTED_EDGE('',*,*,#2355,.F.);
#1140=ORIENTED_EDGE('',*,*,#2283,.F.);
#1141=ORIENTED_EDGE('',*,*,#2350,.T.);
#1142=ORIENTED_EDGE('',*,*,#2286,.F.);
#1143=ORIENTED_EDGE('',*,*,#2356,.F.);
#1144=ORIENTED_EDGE('',*,*,#2257,.F.);
#1145=ORIENTED_EDGE('',*,*,#2351,.T.);
#1146=ORIENTED_EDGE('',*,*,#2246,.F.);
#1147=ORIENTED_EDGE('',*,*,#2357,.F.);
#1148=ORIENTED_EDGE('',*,*,#2290,.F.);
#1149=ORIENTED_EDGE('',*,*,#2353,.T.);
#1150=ORIENTED_EDGE('',*,*,#2297,.F.);
#1151=ORIENTED_EDGE('',*,*,#2358,.F.);
#1152=ORIENTED_EDGE('',*,*,#2335,.F.);
#1153=ORIENTED_EDGE('',*,*,#2352,.T.);
#1154=ORIENTED_EDGE('',*,*,#2333,.F.);
#1155=ORIENTED_EDGE('',*,*,#2359,.F.);
#1156=ORIENTED_EDGE('',*,*,#2360,.F.);
#1157=ORIENTED_EDGE('',*,*,#2299,.F.);
#1158=ORIENTED_EDGE('',*,*,#2361,.F.);
#1159=ORIENTED_EDGE('',*,*,#2336,.F.);
#1160=ORIENTED_EDGE('',*,*,#2354,.T.);
#1161=ORIENTED_EDGE('',*,*,#2301,.F.);
#1162=ORIENTED_EDGE('',*,*,#2362,.F.);
#1163=ORIENTED_EDGE('',*,*,#2363,.F.);
#1164=ORIENTED_EDGE('',*,*,#2284,.F.);
#1165=ORIENTED_EDGE('',*,*,#2355,.T.);
#1166=ORIENTED_EDGE('',*,*,#2262,.F.);
#1167=ORIENTED_EDGE('',*,*,#2361,.T.);
#1168=ORIENTED_EDGE('',*,*,#2364,.F.);
#1169=ORIENTED_EDGE('',*,*,#2285,.F.);
#1170=ORIENTED_EDGE('',*,*,#2363,.T.);
#1171=ORIENTED_EDGE('',*,*,#2365,.F.);
#1172=ORIENTED_EDGE('',*,*,#2254,.F.);
#1173=ORIENTED_EDGE('',*,*,#2356,.T.);
#1174=ORIENTED_EDGE('',*,*,#2357,.T.);
#1175=ORIENTED_EDGE('',*,*,#2339,.F.);
#1176=ORIENTED_EDGE('',*,*,#2366,.F.);
#1177=ORIENTED_EDGE('',*,*,#2291,.F.);
#1178=ORIENTED_EDGE('',*,*,#2358,.T.);
#1179=ORIENTED_EDGE('',*,*,#2296,.F.);
#1180=ORIENTED_EDGE('',*,*,#2367,.F.);
#1181=ORIENTED_EDGE('',*,*,#2200,.F.);
#1182=ORIENTED_EDGE('',*,*,#2368,.F.);
#1183=ORIENTED_EDGE('',*,*,#2359,.T.);
#1184=ORIENTED_EDGE('',*,*,#2208,.F.);
#1185=ORIENTED_EDGE('',*,*,#2369,.F.);
#1186=ORIENTED_EDGE('',*,*,#2360,.T.);
#1187=ORIENTED_EDGE('',*,*,#2368,.T.);
#1188=ORIENTED_EDGE('',*,*,#2370,.F.);
#1189=ORIENTED_EDGE('',*,*,#2292,.F.);
#1190=ORIENTED_EDGE('',*,*,#2366,.T.);
#1191=ORIENTED_EDGE('',*,*,#2250,.F.);
#1192=ORIENTED_EDGE('',*,*,#2365,.T.);
#1193=ORIENTED_EDGE('',*,*,#2364,.T.);
#1194=ORIENTED_EDGE('',*,*,#2362,.T.);
#1195=ORIENTED_EDGE('',*,*,#2300,.F.);
#1196=ORIENTED_EDGE('',*,*,#2367,.T.);
#1197=ORIENTED_EDGE('',*,*,#2295,.F.);
#1198=ORIENTED_EDGE('',*,*,#2371,.F.);
#1199=ORIENTED_EDGE('',*,*,#2334,.F.);
#1200=ORIENTED_EDGE('',*,*,#2369,.T.);
#1201=ORIENTED_EDGE('',*,*,#2332,.F.);
#1202=ORIENTED_EDGE('',*,*,#2372,.F.);
#1203=ORIENTED_EDGE('',*,*,#2293,.F.);
#1204=ORIENTED_EDGE('',*,*,#2370,.T.);
#1205=ORIENTED_EDGE('',*,*,#2371,.T.);
#1206=ORIENTED_EDGE('',*,*,#2294,.F.);
#1207=ORIENTED_EDGE('',*,*,#2372,.T.);
#1208=ORIENTED_EDGE('',*,*,#2270,.F.);
#1209=ORIENTED_EDGE('',*,*,#2373,.F.);
#1210=ORIENTED_EDGE('',*,*,#2231,.F.);
#1211=ORIENTED_EDGE('',*,*,#2374,.F.);
#1212=ORIENTED_EDGE('',*,*,#2278,.F.);
#1213=ORIENTED_EDGE('',*,*,#2374,.T.);
#1214=ORIENTED_EDGE('',*,*,#2259,.F.);
#1215=ORIENTED_EDGE('',*,*,#2375,.F.);
#1216=ORIENTED_EDGE('',*,*,#2279,.F.);
#1217=ORIENTED_EDGE('',*,*,#2373,.T.);
#1218=ORIENTED_EDGE('',*,*,#2277,.F.);
#1219=ORIENTED_EDGE('',*,*,#2376,.F.);
#1220=ORIENTED_EDGE('',*,*,#2228,.F.);
#1221=ORIENTED_EDGE('',*,*,#2375,.T.);
#1222=ORIENTED_EDGE('',*,*,#2212,.F.);
#1223=ORIENTED_EDGE('',*,*,#2377,.F.);
#1224=ORIENTED_EDGE('',*,*,#2280,.F.);
#1225=ORIENTED_EDGE('',*,*,#2376,.T.);
#1226=ORIENTED_EDGE('',*,*,#2276,.F.);
#1227=ORIENTED_EDGE('',*,*,#2378,.F.);
#1228=ORIENTED_EDGE('',*,*,#2225,.F.);
#1229=ORIENTED_EDGE('',*,*,#2377,.T.);
#1230=ORIENTED_EDGE('',*,*,#2216,.F.);
#1231=ORIENTED_EDGE('',*,*,#2379,.F.);
#1232=ORIENTED_EDGE('',*,*,#2273,.F.);
#1233=ORIENTED_EDGE('',*,*,#2378,.T.);
#1234=ORIENTED_EDGE('',*,*,#2275,.F.);
#1235=ORIENTED_EDGE('',*,*,#2380,.F.);
#1236=ORIENTED_EDGE('',*,*,#2222,.F.);
#1237=ORIENTED_EDGE('',*,*,#2379,.T.);
#1238=ORIENTED_EDGE('',*,*,#2219,.F.);
#1239=ORIENTED_EDGE('',*,*,#2380,.T.);
#1240=ORIENTED_EDGE('',*,*,#2274,.F.);
#1241=ORIENTED_EDGE('',*,*,#2381,.T.);
#1242=ORIENTED_EDGE('',*,*,#2308,.F.);
#1243=ORIENTED_EDGE('',*,*,#2381,.F.);
#1244=ORIENTED_EDGE('',*,*,#2382,.T.);
#1245=ORIENTED_EDGE('',*,*,#2307,.F.);
#1246=ORIENTED_EDGE('',*,*,#2382,.F.);
#1247=ORIENTED_EDGE('',*,*,#2383,.T.);
#1248=ORIENTED_EDGE('',*,*,#2306,.F.);
#1249=ORIENTED_EDGE('',*,*,#2383,.F.);
#1250=ORIENTED_EDGE('',*,*,#2384,.T.);
#1251=ORIENTED_EDGE('',*,*,#2305,.F.);
#1252=ORIENTED_EDGE('',*,*,#2384,.F.);
#1253=ORIENTED_EDGE('',*,*,#2385,.F.);
#1254=ORIENTED_EDGE('',*,*,#2386,.T.);
#1255=ORIENTED_EDGE('',*,*,#2387,.T.);
#1256=ORIENTED_EDGE('',*,*,#2388,.T.);
#1257=ORIENTED_EDGE('',*,*,#2389,.T.);
#1258=ORIENTED_EDGE('',*,*,#2390,.F.);
#1259=ORIENTED_EDGE('',*,*,#2391,.F.);
#1260=ORIENTED_EDGE('',*,*,#2392,.T.);
#1261=ORIENTED_EDGE('',*,*,#2393,.T.);
#1262=ORIENTED_EDGE('',*,*,#2394,.T.);
#1263=ORIENTED_EDGE('',*,*,#2395,.T.);
#1264=ORIENTED_EDGE('',*,*,#2396,.F.);
#1265=ORIENTED_EDGE('',*,*,#2397,.T.);
#1266=ORIENTED_EDGE('',*,*,#2398,.T.);
#1267=ORIENTED_EDGE('',*,*,#2399,.F.);
#1268=ORIENTED_EDGE('',*,*,#2400,.T.);
#1269=ORIENTED_EDGE('',*,*,#2401,.F.);
#1270=ORIENTED_EDGE('',*,*,#2402,.F.);
#1271=ORIENTED_EDGE('',*,*,#2403,.F.);
#1272=ORIENTED_EDGE('',*,*,#2404,.F.);
#1273=ORIENTED_EDGE('',*,*,#2405,.T.);
#1274=ORIENTED_EDGE('',*,*,#2406,.T.);
#1275=ORIENTED_EDGE('',*,*,#2407,.T.);
#1276=ORIENTED_EDGE('',*,*,#2408,.F.);
#1277=ORIENTED_EDGE('',*,*,#2409,.T.);
#1278=ORIENTED_EDGE('',*,*,#2410,.T.);
#1279=ORIENTED_EDGE('',*,*,#2411,.T.);
#1280=ORIENTED_EDGE('',*,*,#2412,.F.);
#1281=ORIENTED_EDGE('',*,*,#2413,.T.);
#1282=ORIENTED_EDGE('',*,*,#2414,.T.);
#1283=ORIENTED_EDGE('',*,*,#2415,.T.);
#1284=ORIENTED_EDGE('',*,*,#2416,.T.);
#1285=ORIENTED_EDGE('',*,*,#2417,.F.);
#1286=ORIENTED_EDGE('',*,*,#2387,.F.);
#1287=ORIENTED_EDGE('',*,*,#2418,.F.);
#1288=ORIENTED_EDGE('',*,*,#2419,.T.);
#1289=ORIENTED_EDGE('',*,*,#2420,.T.);
#1290=ORIENTED_EDGE('',*,*,#2399,.T.);
#1291=ORIENTED_EDGE('',*,*,#2421,.T.);
#1292=ORIENTED_EDGE('',*,*,#2422,.F.);
#1293=ORIENTED_EDGE('',*,*,#2423,.F.);
#1294=ORIENTED_EDGE('',*,*,#2415,.F.);
#1295=ORIENTED_EDGE('',*,*,#2424,.T.);
#1296=ORIENTED_EDGE('',*,*,#2425,.F.);
#1297=ORIENTED_EDGE('',*,*,#2426,.T.);
#1298=ORIENTED_EDGE('',*,*,#2418,.T.);
#1299=ORIENTED_EDGE('',*,*,#2427,.F.);
#1300=ORIENTED_EDGE('',*,*,#2428,.T.);
#1301=ORIENTED_EDGE('',*,*,#2429,.T.);
#1302=ORIENTED_EDGE('',*,*,#2430,.F.);
#1303=ORIENTED_EDGE('',*,*,#2431,.T.);
#1304=ORIENTED_EDGE('',*,*,#2432,.F.);
#1305=ORIENTED_EDGE('',*,*,#2433,.T.);
#1306=ORIENTED_EDGE('',*,*,#2434,.F.);
#1307=ORIENTED_EDGE('',*,*,#2435,.T.);
#1308=ORIENTED_EDGE('',*,*,#2436,.T.);
#1309=ORIENTED_EDGE('',*,*,#2437,.T.);
#1310=ORIENTED_EDGE('',*,*,#2438,.T.);
#1311=ORIENTED_EDGE('',*,*,#2439,.T.);
#1312=ORIENTED_EDGE('',*,*,#2440,.T.);
#1313=ORIENTED_EDGE('',*,*,#2441,.T.);
#1314=ORIENTED_EDGE('',*,*,#2442,.F.);
#1315=ORIENTED_EDGE('',*,*,#2443,.T.);
#1316=ORIENTED_EDGE('',*,*,#2444,.F.);
#1317=ORIENTED_EDGE('',*,*,#2445,.T.);
#1318=ORIENTED_EDGE('',*,*,#2446,.T.);
#1319=ORIENTED_EDGE('',*,*,#2447,.F.);
#1320=ORIENTED_EDGE('',*,*,#2448,.T.);
#1321=ORIENTED_EDGE('',*,*,#2449,.T.);
#1322=ORIENTED_EDGE('',*,*,#2450,.T.);
#1323=ORIENTED_EDGE('',*,*,#2451,.T.);
#1324=ORIENTED_EDGE('',*,*,#2452,.T.);
#1325=ORIENTED_EDGE('',*,*,#2453,.F.);
#1326=ORIENTED_EDGE('',*,*,#2402,.T.);
#1327=ORIENTED_EDGE('',*,*,#2454,.T.);
#1328=ORIENTED_EDGE('',*,*,#2447,.T.);
#1329=ORIENTED_EDGE('',*,*,#2455,.T.);
#1330=ORIENTED_EDGE('',*,*,#2456,.F.);
#1331=ORIENTED_EDGE('',*,*,#2457,.F.);
#1332=ORIENTED_EDGE('',*,*,#2458,.T.);
#1333=ORIENTED_EDGE('',*,*,#2403,.T.);
#1334=ORIENTED_EDGE('',*,*,#2453,.T.);
#1335=ORIENTED_EDGE('',*,*,#2459,.T.);
#1336=ORIENTED_EDGE('',*,*,#2460,.F.);
#1337=ORIENTED_EDGE('',*,*,#2461,.F.);
#1338=ORIENTED_EDGE('',*,*,#2456,.T.);
#1339=ORIENTED_EDGE('',*,*,#2462,.T.);
#1340=ORIENTED_EDGE('',*,*,#2463,.F.);
#1341=ORIENTED_EDGE('',*,*,#2391,.T.);
#1342=ORIENTED_EDGE('',*,*,#2464,.T.);
#1343=ORIENTED_EDGE('',*,*,#2465,.F.);
#1344=ORIENTED_EDGE('',*,*,#2460,.T.);
#1345=ORIENTED_EDGE('',*,*,#2463,.T.);
#1346=ORIENTED_EDGE('',*,*,#2466,.F.);
#1347=ORIENTED_EDGE('',*,*,#2467,.F.);
#1348=ORIENTED_EDGE('',*,*,#2468,.F.);
#1349=ORIENTED_EDGE('',*,*,#2392,.F.);
#1350=ORIENTED_EDGE('',*,*,#2469,.F.);
#1351=ORIENTED_EDGE('',*,*,#2470,.T.);
#1352=ORIENTED_EDGE('',*,*,#2471,.T.);
#1353=ORIENTED_EDGE('',*,*,#2467,.T.);
#1354=ORIENTED_EDGE('',*,*,#2472,.T.);
#1355=ORIENTED_EDGE('',*,*,#2473,.F.);
#1356=ORIENTED_EDGE('',*,*,#2469,.T.);
#1357=ORIENTED_EDGE('',*,*,#2474,.F.);
#1358=ORIENTED_EDGE('',*,*,#2450,.F.);
#1359=ORIENTED_EDGE('',*,*,#2475,.T.);
#1360=ORIENTED_EDGE('',*,*,#2476,.F.);
#1361=ORIENTED_EDGE('',*,*,#2477,.F.);
#1362=ORIENTED_EDGE('',*,*,#2476,.T.);
#1363=ORIENTED_EDGE('',*,*,#2478,.F.);
#1364=ORIENTED_EDGE('',*,*,#2477,.T.);
#1365=ORIENTED_EDGE('',*,*,#2479,.F.);
#1366=ORIENTED_EDGE('',*,*,#2478,.T.);
#1367=ORIENTED_EDGE('',*,*,#2479,.T.);
#1368=ORIENTED_EDGE('',*,*,#2480,.F.);
#1369=ORIENTED_EDGE('',*,*,#2480,.T.);
#1370=ORIENTED_EDGE('',*,*,#2458,.F.);
#1371=ORIENTED_EDGE('',*,*,#2481,.T.);
#1372=ORIENTED_EDGE('',*,*,#2464,.F.);
#1373=ORIENTED_EDGE('',*,*,#2390,.T.);
#1374=ORIENTED_EDGE('',*,*,#2482,.T.);
#1375=ORIENTED_EDGE('',*,*,#2483,.T.);
#1376=ORIENTED_EDGE('',*,*,#2484,.T.);
#1377=ORIENTED_EDGE('',*,*,#2408,.T.);
#1378=ORIENTED_EDGE('',*,*,#2485,.T.);
#1379=ORIENTED_EDGE('',*,*,#2486,.F.);
#1380=ORIENTED_EDGE('',*,*,#2487,.T.);
#1381=ORIENTED_EDGE('',*,*,#2412,.T.);
#1382=ORIENTED_EDGE('',*,*,#2488,.T.);
#1383=ORIENTED_EDGE('',*,*,#2489,.T.);
#1384=ORIENTED_EDGE('',*,*,#2490,.T.);
#1385=ORIENTED_EDGE('',*,*,#2396,.T.);
#1386=ORIENTED_EDGE('',*,*,#2491,.T.);
#1387=ORIENTED_EDGE('',*,*,#2492,.F.);
#1388=ORIENTED_EDGE('',*,*,#2493,.T.);
#1389=ORIENTED_EDGE('',*,*,#2404,.T.);
#1390=ORIENTED_EDGE('',*,*,#2475,.F.);
#1391=ORIENTED_EDGE('',*,*,#2494,.F.);
#1392=ORIENTED_EDGE('',*,*,#2495,.T.);
#1393=ORIENTED_EDGE('',*,*,#2496,.F.);
#1394=ORIENTED_EDGE('',*,*,#2497,.T.);
#1395=ORIENTED_EDGE('',*,*,#2498,.F.);
#1396=ORIENTED_EDGE('',*,*,#2499,.T.);
#1397=ORIENTED_EDGE('',*,*,#2500,.F.);
#1398=ORIENTED_EDGE('',*,*,#2501,.T.);
#1399=ORIENTED_EDGE('',*,*,#2502,.T.);
#1400=ORIENTED_EDGE('',*,*,#2503,.F.);
#1401=ORIENTED_EDGE('',*,*,#2504,.F.);
#1402=ORIENTED_EDGE('',*,*,#2505,.T.);
#1403=ORIENTED_EDGE('',*,*,#2506,.T.);
#1404=ORIENTED_EDGE('',*,*,#2507,.F.);
#1405=ORIENTED_EDGE('',*,*,#2508,.T.);
#1406=ORIENTED_EDGE('',*,*,#2509,.T.);
#1407=ORIENTED_EDGE('',*,*,#2510,.F.);
#1408=ORIENTED_EDGE('',*,*,#2511,.F.);
#1409=ORIENTED_EDGE('',*,*,#2495,.F.);
#1410=ORIENTED_EDGE('',*,*,#2497,.F.);
#1411=ORIENTED_EDGE('',*,*,#2499,.F.);
#1412=ORIENTED_EDGE('',*,*,#2501,.F.);
#1413=ORIENTED_EDGE('',*,*,#2512,.T.);
#1414=ORIENTED_EDGE('',*,*,#2511,.T.);
#1415=ORIENTED_EDGE('',*,*,#2513,.F.);
#1416=ORIENTED_EDGE('',*,*,#2514,.T.);
#1417=ORIENTED_EDGE('',*,*,#2515,.F.);
#1418=ORIENTED_EDGE('',*,*,#2504,.T.);
#1419=ORIENTED_EDGE('',*,*,#2516,.T.);
#1420=ORIENTED_EDGE('',*,*,#2507,.T.);
#1421=ORIENTED_EDGE('',*,*,#2517,.T.);
#1422=ORIENTED_EDGE('',*,*,#2518,.F.);
#1423=ORIENTED_EDGE('',*,*,#2514,.F.);
#1424=ORIENTED_EDGE('',*,*,#2519,.T.);
#1425=ORIENTED_EDGE('',*,*,#2520,.T.);
#1426=ORIENTED_EDGE('',*,*,#2494,.T.);
#1427=ORIENTED_EDGE('',*,*,#2521,.F.);
#1428=ORIENTED_EDGE('',*,*,#2496,.T.);
#1429=ORIENTED_EDGE('',*,*,#2522,.T.);
#1430=ORIENTED_EDGE('',*,*,#2498,.T.);
#1431=ORIENTED_EDGE('',*,*,#2523,.F.);
#1432=ORIENTED_EDGE('',*,*,#2500,.T.);
#1433=ORIENTED_EDGE('',*,*,#2517,.F.);
#1434=ORIENTED_EDGE('',*,*,#2524,.F.);
#1435=ORIENTED_EDGE('',*,*,#2439,.F.);
#1436=ORIENTED_EDGE('',*,*,#2525,.F.);
#1437=ORIENTED_EDGE('',*,*,#2526,.T.);
#1438=ORIENTED_EDGE('',*,*,#2527,.T.);
#1439=ORIENTED_EDGE('',*,*,#2446,.F.);
#1440=ORIENTED_EDGE('',*,*,#2528,.T.);
#1441=ORIENTED_EDGE('',*,*,#2505,.F.);
#1442=ORIENTED_EDGE('',*,*,#2515,.T.);
#1443=ORIENTED_EDGE('',*,*,#2518,.T.);
#1444=ORIENTED_EDGE('',*,*,#2525,.T.);
#1445=ORIENTED_EDGE('',*,*,#2438,.F.);
#1446=ORIENTED_EDGE('',*,*,#2529,.T.);
#1447=ORIENTED_EDGE('',*,*,#2530,.T.);
#1448=ORIENTED_EDGE('',*,*,#2531,.T.);
#1449=ORIENTED_EDGE('',*,*,#2502,.F.);
#1450=ORIENTED_EDGE('',*,*,#2528,.F.);
#1451=ORIENTED_EDGE('',*,*,#2445,.F.);
#1452=ORIENTED_EDGE('',*,*,#2532,.F.);
#1453=ORIENTED_EDGE('',*,*,#2444,.T.);
#1454=ORIENTED_EDGE('',*,*,#2533,.T.);
#1455=ORIENTED_EDGE('',*,*,#2508,.F.);
#1456=ORIENTED_EDGE('',*,*,#2516,.F.);
#1457=ORIENTED_EDGE('',*,*,#2503,.T.);
#1458=ORIENTED_EDGE('',*,*,#2532,.T.);
#1459=ORIENTED_EDGE('',*,*,#2506,.F.);
#1460=ORIENTED_EDGE('',*,*,#2533,.F.);
#1461=ORIENTED_EDGE('',*,*,#2443,.F.);
#1462=ORIENTED_EDGE('',*,*,#2534,.F.);
#1463=ORIENTED_EDGE('',*,*,#2442,.T.);
#1464=ORIENTED_EDGE('',*,*,#2535,.T.);
#1465=ORIENTED_EDGE('',*,*,#2512,.F.);
#1466=ORIENTED_EDGE('',*,*,#2534,.T.);
#1467=ORIENTED_EDGE('',*,*,#2509,.F.);
#1468=ORIENTED_EDGE('',*,*,#2535,.F.);
#1469=ORIENTED_EDGE('',*,*,#2441,.F.);
#1470=ORIENTED_EDGE('',*,*,#2536,.F.);
#1471=ORIENTED_EDGE('',*,*,#2524,.T.);
#1472=ORIENTED_EDGE('',*,*,#2519,.F.);
#1473=ORIENTED_EDGE('',*,*,#2513,.T.);
#1474=ORIENTED_EDGE('',*,*,#2510,.T.);
#1475=ORIENTED_EDGE('',*,*,#2536,.T.);
#1476=ORIENTED_EDGE('',*,*,#2440,.F.);
#1477=ORIENTED_EDGE('',*,*,#2434,.T.);
#1478=ORIENTED_EDGE('',*,*,#2520,.F.);
#1479=ORIENTED_EDGE('',*,*,#2433,.F.);
#1480=ORIENTED_EDGE('',*,*,#2521,.T.);
#1481=ORIENTED_EDGE('',*,*,#2432,.T.);
#1482=ORIENTED_EDGE('',*,*,#2522,.F.);
#1483=ORIENTED_EDGE('',*,*,#2431,.F.);
#1484=ORIENTED_EDGE('',*,*,#2523,.T.);
#1485=ORIENTED_EDGE('',*,*,#2394,.F.);
#1486=ORIENTED_EDGE('',*,*,#2537,.T.);
#1487=ORIENTED_EDGE('',*,*,#2538,.F.);
#1488=ORIENTED_EDGE('',*,*,#2539,.T.);
#1489=ORIENTED_EDGE('',*,*,#2410,.F.);
#1490=ORIENTED_EDGE('',*,*,#2540,.T.);
#1491=ORIENTED_EDGE('',*,*,#2541,.T.);
#1492=ORIENTED_EDGE('',*,*,#2542,.T.);
#1493=ORIENTED_EDGE('',*,*,#2406,.F.);
#1494=ORIENTED_EDGE('',*,*,#2543,.T.);
#1495=ORIENTED_EDGE('',*,*,#2544,.F.);
#1496=ORIENTED_EDGE('',*,*,#2545,.T.);
#1497=ORIENTED_EDGE('',*,*,#2388,.F.);
#1498=ORIENTED_EDGE('',*,*,#2417,.T.);
#1499=ORIENTED_EDGE('',*,*,#2546,.F.);
#1500=ORIENTED_EDGE('',*,*,#2547,.F.);
#1501=ORIENTED_EDGE('',*,*,#2548,.T.);
#1502=ORIENTED_EDGE('',*,*,#2549,.T.);
#1503=ORIENTED_EDGE('',*,*,#2550,.F.);
#1504=ORIENTED_EDGE('',*,*,#2421,.F.);
#1505=ORIENTED_EDGE('',*,*,#2398,.F.);
#1506=ORIENTED_EDGE('',*,*,#2551,.T.);
#1507=ORIENTED_EDGE('',*,*,#2552,.T.);
#1508=ORIENTED_EDGE('',*,*,#2553,.T.);
#1509=ORIENTED_EDGE('',*,*,#2485,.F.);
#1510=ORIENTED_EDGE('',*,*,#2407,.F.);
#1511=ORIENTED_EDGE('',*,*,#2542,.F.);
#1512=ORIENTED_EDGE('',*,*,#2554,.F.);
#1513=ORIENTED_EDGE('',*,*,#2487,.F.);
#1514=ORIENTED_EDGE('',*,*,#2555,.F.);
#1515=ORIENTED_EDGE('',*,*,#2540,.F.);
#1516=ORIENTED_EDGE('',*,*,#2409,.F.);
#1517=ORIENTED_EDGE('',*,*,#2555,.T.);
#1518=ORIENTED_EDGE('',*,*,#2486,.T.);
#1519=ORIENTED_EDGE('',*,*,#2554,.T.);
#1520=ORIENTED_EDGE('',*,*,#2541,.F.);
#1521=ORIENTED_EDGE('',*,*,#2484,.F.);
#1522=ORIENTED_EDGE('',*,*,#2556,.F.);
#1523=ORIENTED_EDGE('',*,*,#2543,.F.);
#1524=ORIENTED_EDGE('',*,*,#2405,.F.);
#1525=ORIENTED_EDGE('',*,*,#2482,.F.);
#1526=ORIENTED_EDGE('',*,*,#2389,.F.);
#1527=ORIENTED_EDGE('',*,*,#2545,.F.);
#1528=ORIENTED_EDGE('',*,*,#2557,.F.);
#1529=ORIENTED_EDGE('',*,*,#2483,.F.);
#1530=ORIENTED_EDGE('',*,*,#2557,.T.);
#1531=ORIENTED_EDGE('',*,*,#2544,.T.);
#1532=ORIENTED_EDGE('',*,*,#2556,.T.);
#1533=ORIENTED_EDGE('',*,*,#2491,.F.);
#1534=ORIENTED_EDGE('',*,*,#2395,.F.);
#1535=ORIENTED_EDGE('',*,*,#2553,.F.);
#1536=ORIENTED_EDGE('',*,*,#2558,.F.);
#1537=ORIENTED_EDGE('',*,*,#2493,.F.);
#1538=ORIENTED_EDGE('',*,*,#2559,.F.);
#1539=ORIENTED_EDGE('',*,*,#2551,.F.);
#1540=ORIENTED_EDGE('',*,*,#2397,.F.);
#1541=ORIENTED_EDGE('',*,*,#2559,.T.);
#1542=ORIENTED_EDGE('',*,*,#2492,.T.);
#1543=ORIENTED_EDGE('',*,*,#2558,.T.);
#1544=ORIENTED_EDGE('',*,*,#2552,.F.);
#1545=ORIENTED_EDGE('',*,*,#2490,.F.);
#1546=ORIENTED_EDGE('',*,*,#2560,.F.);
#1547=ORIENTED_EDGE('',*,*,#2537,.F.);
#1548=ORIENTED_EDGE('',*,*,#2393,.F.);
#1549=ORIENTED_EDGE('',*,*,#2488,.F.);
#1550=ORIENTED_EDGE('',*,*,#2411,.F.);
#1551=ORIENTED_EDGE('',*,*,#2539,.F.);
#1552=ORIENTED_EDGE('',*,*,#2561,.F.);
#1553=ORIENTED_EDGE('',*,*,#2489,.F.);
#1554=ORIENTED_EDGE('',*,*,#2561,.T.);
#1555=ORIENTED_EDGE('',*,*,#2538,.T.);
#1556=ORIENTED_EDGE('',*,*,#2560,.T.);
#1557=ORIENTED_EDGE('',*,*,#2457,.T.);
#1558=ORIENTED_EDGE('',*,*,#2461,.T.);
#1559=ORIENTED_EDGE('',*,*,#2465,.T.);
#1560=ORIENTED_EDGE('',*,*,#2481,.F.);
#1561=ORIENTED_EDGE('',*,*,#2562,.T.);
#1562=ORIENTED_EDGE('',*,*,#2563,.T.);
#1563=ORIENTED_EDGE('',*,*,#2436,.F.);
#1564=ORIENTED_EDGE('',*,*,#2564,.T.);
#1565=ORIENTED_EDGE('',*,*,#2565,.T.);
#1566=ORIENTED_EDGE('',*,*,#2566,.T.);
#1567=ORIENTED_EDGE('',*,*,#2472,.F.);
#1568=ORIENTED_EDGE('',*,*,#2466,.T.);
#1569=ORIENTED_EDGE('',*,*,#2462,.F.);
#1570=ORIENTED_EDGE('',*,*,#2459,.F.);
#1571=ORIENTED_EDGE('',*,*,#2455,.F.);
#1572=ORIENTED_EDGE('',*,*,#2452,.F.);
#1573=ORIENTED_EDGE('',*,*,#2451,.F.);
#1574=ORIENTED_EDGE('',*,*,#2474,.T.);
#1575=ORIENTED_EDGE('',*,*,#2437,.F.);
#1576=ORIENTED_EDGE('',*,*,#2563,.F.);
#1577=ORIENTED_EDGE('',*,*,#2567,.F.);
#1578=ORIENTED_EDGE('',*,*,#2529,.F.);
#1579=ORIENTED_EDGE('',*,*,#2567,.T.);
#1580=ORIENTED_EDGE('',*,*,#2562,.F.);
#1581=ORIENTED_EDGE('',*,*,#2568,.F.);
#1582=ORIENTED_EDGE('',*,*,#2530,.F.);
#1583=ORIENTED_EDGE('',*,*,#2568,.T.);
#1584=ORIENTED_EDGE('',*,*,#2566,.F.);
#1585=ORIENTED_EDGE('',*,*,#2569,.F.);
#1586=ORIENTED_EDGE('',*,*,#2531,.F.);
#1587=ORIENTED_EDGE('',*,*,#2569,.T.);
#1588=ORIENTED_EDGE('',*,*,#2565,.F.);
#1589=ORIENTED_EDGE('',*,*,#2570,.F.);
#1590=ORIENTED_EDGE('',*,*,#2526,.F.);
#1591=ORIENTED_EDGE('',*,*,#2435,.F.);
#1592=ORIENTED_EDGE('',*,*,#2527,.F.);
#1593=ORIENTED_EDGE('',*,*,#2570,.T.);
#1594=ORIENTED_EDGE('',*,*,#2564,.F.);
#1595=ORIENTED_EDGE('',*,*,#2571,.T.);
#1596=ORIENTED_EDGE('',*,*,#2572,.T.);
#1597=ORIENTED_EDGE('',*,*,#2470,.F.);
#1598=ORIENTED_EDGE('',*,*,#2473,.T.);
#1599=ORIENTED_EDGE('',*,*,#2449,.F.);
#1600=ORIENTED_EDGE('',*,*,#2573,.T.);
#1601=ORIENTED_EDGE('',*,*,#2574,.T.);
#1602=ORIENTED_EDGE('',*,*,#2425,.T.);
#1603=ORIENTED_EDGE('',*,*,#2575,.T.);
#1604=ORIENTED_EDGE('',*,*,#2576,.T.);
#1605=ORIENTED_EDGE('',*,*,#2454,.F.);
#1606=ORIENTED_EDGE('',*,*,#2401,.T.);
#1607=ORIENTED_EDGE('',*,*,#2468,.T.);
#1608=ORIENTED_EDGE('',*,*,#2577,.T.);
#1609=ORIENTED_EDGE('',*,*,#2578,.T.);
#1610=ORIENTED_EDGE('',*,*,#2385,.T.);
#1611=ORIENTED_EDGE('',*,*,#2423,.T.);
#1612=ORIENTED_EDGE('',*,*,#2579,.F.);
#1613=ORIENTED_EDGE('',*,*,#2546,.T.);
#1614=ORIENTED_EDGE('',*,*,#2416,.F.);
#1615=ORIENTED_EDGE('',*,*,#2580,.T.);
#1616=ORIENTED_EDGE('',*,*,#2429,.F.);
#1617=ORIENTED_EDGE('',*,*,#2581,.F.);
#1618=ORIENTED_EDGE('',*,*,#2548,.F.);
#1619=ORIENTED_EDGE('',*,*,#2547,.T.);
#1620=ORIENTED_EDGE('',*,*,#2579,.T.);
#1621=ORIENTED_EDGE('',*,*,#2430,.T.);
#1622=ORIENTED_EDGE('',*,*,#2580,.F.);
#1623=ORIENTED_EDGE('',*,*,#2581,.T.);
#1624=ORIENTED_EDGE('',*,*,#2428,.F.);
#1625=ORIENTED_EDGE('',*,*,#2582,.F.);
#1626=ORIENTED_EDGE('',*,*,#2549,.F.);
#1627=ORIENTED_EDGE('',*,*,#2422,.T.);
#1628=ORIENTED_EDGE('',*,*,#2550,.T.);
#1629=ORIENTED_EDGE('',*,*,#2582,.T.);
#1630=ORIENTED_EDGE('',*,*,#2427,.T.);
#1631=ORIENTED_EDGE('',*,*,#2583,.F.);
#1632=ORIENTED_EDGE('',*,*,#2584,.T.);
#1633=ORIENTED_EDGE('',*,*,#2585,.T.);
#1634=ORIENTED_EDGE('',*,*,#2586,.T.);
#1635=ORIENTED_EDGE('',*,*,#2586,.F.);
#1636=ORIENTED_EDGE('',*,*,#2587,.T.);
#1637=ORIENTED_EDGE('',*,*,#2588,.F.);
#1638=ORIENTED_EDGE('',*,*,#2589,.T.);
#1639=ORIENTED_EDGE('',*,*,#2386,.F.);
#1640=ORIENTED_EDGE('',*,*,#2578,.F.);
#1641=ORIENTED_EDGE('',*,*,#2587,.F.);
#1642=ORIENTED_EDGE('',*,*,#2585,.F.);
#1643=ORIENTED_EDGE('',*,*,#2413,.F.);
#1644=ORIENTED_EDGE('',*,*,#2424,.F.);
#1645=ORIENTED_EDGE('',*,*,#2414,.F.);
#1646=ORIENTED_EDGE('',*,*,#2584,.F.);
#1647=ORIENTED_EDGE('',*,*,#2590,.F.);
#1648=ORIENTED_EDGE('',*,*,#2571,.F.);
#1649=ORIENTED_EDGE('',*,*,#2590,.T.);
#1650=ORIENTED_EDGE('',*,*,#2583,.T.);
#1651=ORIENTED_EDGE('',*,*,#2589,.F.);
#1652=ORIENTED_EDGE('',*,*,#2591,.F.);
#1653=ORIENTED_EDGE('',*,*,#2471,.F.);
#1654=ORIENTED_EDGE('',*,*,#2572,.F.);
#1655=ORIENTED_EDGE('',*,*,#2591,.T.);
#1656=ORIENTED_EDGE('',*,*,#2588,.T.);
#1657=ORIENTED_EDGE('',*,*,#2577,.F.);
#1658=ORIENTED_EDGE('',*,*,#2592,.F.);
#1659=ORIENTED_EDGE('',*,*,#2593,.T.);
#1660=ORIENTED_EDGE('',*,*,#2594,.T.);
#1661=ORIENTED_EDGE('',*,*,#2595,.T.);
#1662=ORIENTED_EDGE('',*,*,#2595,.F.);
#1663=ORIENTED_EDGE('',*,*,#2596,.T.);
#1664=ORIENTED_EDGE('',*,*,#2597,.F.);
#1665=ORIENTED_EDGE('',*,*,#2598,.T.);
#1666=ORIENTED_EDGE('',*,*,#2426,.F.);
#1667=ORIENTED_EDGE('',*,*,#2574,.F.);
#1668=ORIENTED_EDGE('',*,*,#2596,.F.);
#1669=ORIENTED_EDGE('',*,*,#2594,.F.);
#1670=ORIENTED_EDGE('',*,*,#2419,.F.);
#1671=ORIENTED_EDGE('',*,*,#2400,.F.);
#1672=ORIENTED_EDGE('',*,*,#2420,.F.);
#1673=ORIENTED_EDGE('',*,*,#2593,.F.);
#1674=ORIENTED_EDGE('',*,*,#2599,.F.);
#1675=ORIENTED_EDGE('',*,*,#2575,.F.);
#1676=ORIENTED_EDGE('',*,*,#2599,.T.);
#1677=ORIENTED_EDGE('',*,*,#2592,.T.);
#1678=ORIENTED_EDGE('',*,*,#2598,.F.);
#1679=ORIENTED_EDGE('',*,*,#2600,.F.);
#1680=ORIENTED_EDGE('',*,*,#2597,.T.);
#1681=ORIENTED_EDGE('',*,*,#2573,.F.);
#1682=ORIENTED_EDGE('',*,*,#2448,.F.);
#1683=ORIENTED_EDGE('',*,*,#2576,.F.);
#1684=ORIENTED_EDGE('',*,*,#2600,.T.);
#1685=ORIENTED_EDGE('',*,*,#2601,.T.);
#1686=ORIENTED_EDGE('',*,*,#2602,.T.);
#1687=ORIENTED_EDGE('',*,*,#2603,.T.);
#1688=ORIENTED_EDGE('',*,*,#2604,.T.);
#1689=ORIENTED_EDGE('',*,*,#2605,.F.);
#1690=ORIENTED_EDGE('',*,*,#2606,.T.);
#1691=ORIENTED_EDGE('',*,*,#2607,.T.);
#1692=ORIENTED_EDGE('',*,*,#2608,.T.);
#1693=ORIENTED_EDGE('',*,*,#2609,.T.);
#1694=ORIENTED_EDGE('',*,*,#2610,.T.);
#1695=ORIENTED_EDGE('',*,*,#2611,.T.);
#1696=ORIENTED_EDGE('',*,*,#2612,.T.);
#1697=ORIENTED_EDGE('',*,*,#2613,.F.);
#1698=ORIENTED_EDGE('',*,*,#2614,.T.);
#1699=ORIENTED_EDGE('',*,*,#2615,.T.);
#1700=ORIENTED_EDGE('',*,*,#2616,.T.);
#1701=ORIENTED_EDGE('',*,*,#2617,.T.);
#1702=ORIENTED_EDGE('',*,*,#2610,.F.);
#1703=ORIENTED_EDGE('',*,*,#2618,.F.);
#1704=ORIENTED_EDGE('',*,*,#2619,.F.);
#1705=ORIENTED_EDGE('',*,*,#2620,.F.);
#1706=ORIENTED_EDGE('',*,*,#2608,.F.);
#1707=ORIENTED_EDGE('',*,*,#2621,.F.);
#1708=ORIENTED_EDGE('',*,*,#2622,.F.);
#1709=ORIENTED_EDGE('',*,*,#2623,.F.);
#1710=ORIENTED_EDGE('',*,*,#2609,.F.);
#1711=ORIENTED_EDGE('',*,*,#2623,.T.);
#1712=ORIENTED_EDGE('',*,*,#2624,.F.);
#1713=ORIENTED_EDGE('',*,*,#2618,.T.);
#1714=ORIENTED_EDGE('',*,*,#2604,.F.);
#1715=ORIENTED_EDGE('',*,*,#2625,.F.);
#1716=ORIENTED_EDGE('',*,*,#2626,.F.);
#1717=ORIENTED_EDGE('',*,*,#2627,.F.);
#1718=ORIENTED_EDGE('',*,*,#2606,.F.);
#1719=ORIENTED_EDGE('',*,*,#2628,.F.);
#1720=ORIENTED_EDGE('',*,*,#2629,.F.);
#1721=ORIENTED_EDGE('',*,*,#2630,.F.);
#1722=ORIENTED_EDGE('',*,*,#2628,.T.);
#1723=ORIENTED_EDGE('',*,*,#2605,.T.);
#1724=ORIENTED_EDGE('',*,*,#2627,.T.);
#1725=ORIENTED_EDGE('',*,*,#2631,.T.);
#1726=ORIENTED_EDGE('',*,*,#2607,.F.);
#1727=ORIENTED_EDGE('',*,*,#2630,.T.);
#1728=ORIENTED_EDGE('',*,*,#2632,.F.);
#1729=ORIENTED_EDGE('',*,*,#2621,.T.);
#1730=ORIENTED_EDGE('',*,*,#2602,.F.);
#1731=ORIENTED_EDGE('',*,*,#2633,.F.);
#1732=ORIENTED_EDGE('',*,*,#2634,.F.);
#1733=ORIENTED_EDGE('',*,*,#2635,.F.);
#1734=ORIENTED_EDGE('',*,*,#2616,.F.);
#1735=ORIENTED_EDGE('',*,*,#2636,.F.);
#1736=ORIENTED_EDGE('',*,*,#2637,.F.);
#1737=ORIENTED_EDGE('',*,*,#2638,.F.);
#1738=ORIENTED_EDGE('',*,*,#2601,.F.);
#1739=ORIENTED_EDGE('',*,*,#2638,.T.);
#1740=ORIENTED_EDGE('',*,*,#2639,.F.);
#1741=ORIENTED_EDGE('',*,*,#2633,.T.);
#1742=ORIENTED_EDGE('',*,*,#2603,.F.);
#1743=ORIENTED_EDGE('',*,*,#2635,.T.);
#1744=ORIENTED_EDGE('',*,*,#2640,.F.);
#1745=ORIENTED_EDGE('',*,*,#2625,.T.);
#1746=ORIENTED_EDGE('',*,*,#2612,.F.);
#1747=ORIENTED_EDGE('',*,*,#2641,.F.);
#1748=ORIENTED_EDGE('',*,*,#2642,.F.);
#1749=ORIENTED_EDGE('',*,*,#2643,.F.);
#1750=ORIENTED_EDGE('',*,*,#2614,.F.);
#1751=ORIENTED_EDGE('',*,*,#2644,.F.);
#1752=ORIENTED_EDGE('',*,*,#2645,.F.);
#1753=ORIENTED_EDGE('',*,*,#2646,.F.);
#1754=ORIENTED_EDGE('',*,*,#2644,.T.);
#1755=ORIENTED_EDGE('',*,*,#2613,.T.);
#1756=ORIENTED_EDGE('',*,*,#2643,.T.);
#1757=ORIENTED_EDGE('',*,*,#2647,.T.);
#1758=ORIENTED_EDGE('',*,*,#2615,.F.);
#1759=ORIENTED_EDGE('',*,*,#2646,.T.);
#1760=ORIENTED_EDGE('',*,*,#2648,.F.);
#1761=ORIENTED_EDGE('',*,*,#2636,.T.);
#1762=ORIENTED_EDGE('',*,*,#2611,.F.);
#1763=ORIENTED_EDGE('',*,*,#2620,.T.);
#1764=ORIENTED_EDGE('',*,*,#2649,.F.);
#1765=ORIENTED_EDGE('',*,*,#2641,.T.);
#1766=ORIENTED_EDGE('',*,*,#2650,.F.);
#1767=ORIENTED_EDGE('',*,*,#2639,.T.);
#1768=ORIENTED_EDGE('',*,*,#2637,.T.);
#1769=ORIENTED_EDGE('',*,*,#2648,.T.);
#1770=ORIENTED_EDGE('',*,*,#2645,.T.);
#1771=ORIENTED_EDGE('',*,*,#2647,.F.);
#1772=ORIENTED_EDGE('',*,*,#2642,.T.);
#1773=ORIENTED_EDGE('',*,*,#2649,.T.);
#1774=ORIENTED_EDGE('',*,*,#2619,.T.);
#1775=ORIENTED_EDGE('',*,*,#2624,.T.);
#1776=ORIENTED_EDGE('',*,*,#2622,.T.);
#1777=ORIENTED_EDGE('',*,*,#2632,.T.);
#1778=ORIENTED_EDGE('',*,*,#2629,.T.);
#1779=ORIENTED_EDGE('',*,*,#2631,.F.);
#1780=ORIENTED_EDGE('',*,*,#2626,.T.);
#1781=ORIENTED_EDGE('',*,*,#2640,.T.);
#1782=ORIENTED_EDGE('',*,*,#2634,.T.);
#1783=ORIENTED_EDGE('',*,*,#2650,.T.);
#1784=ORIENTED_EDGE('',*,*,#2617,.F.);
#1785=ORIENTED_EDGE('',*,*,#2651,.T.);
#1786=ORIENTED_EDGE('',*,*,#2652,.T.);
#1787=ORIENTED_EDGE('',*,*,#2653,.F.);
#1788=ORIENTED_EDGE('',*,*,#2654,.F.);
#1789=ORIENTED_EDGE('',*,*,#2655,.T.);
#1790=ORIENTED_EDGE('',*,*,#2656,.T.);
#1791=ORIENTED_EDGE('',*,*,#2657,.F.);
#1792=ORIENTED_EDGE('',*,*,#2658,.F.);
#1793=ORIENTED_EDGE('',*,*,#2659,.F.);
#1794=ORIENTED_EDGE('',*,*,#2660,.F.);
#1795=ORIENTED_EDGE('',*,*,#2661,.T.);
#1796=ORIENTED_EDGE('',*,*,#2662,.T.);
#1797=ORIENTED_EDGE('',*,*,#2663,.F.);
#1798=ORIENTED_EDGE('',*,*,#2664,.F.);
#1799=ORIENTED_EDGE('',*,*,#2665,.T.);
#1800=ORIENTED_EDGE('',*,*,#2660,.T.);
#1801=ORIENTED_EDGE('',*,*,#2666,.F.);
#1802=ORIENTED_EDGE('',*,*,#2667,.F.);
#1803=ORIENTED_EDGE('',*,*,#2668,.T.);
#1804=ORIENTED_EDGE('',*,*,#2664,.T.);
#1805=ORIENTED_EDGE('',*,*,#2669,.F.);
#1806=ORIENTED_EDGE('',*,*,#2670,.F.);
#1807=ORIENTED_EDGE('',*,*,#2671,.T.);
#1808=ORIENTED_EDGE('',*,*,#2667,.T.);
#1809=ORIENTED_EDGE('',*,*,#2672,.F.);
#1810=ORIENTED_EDGE('',*,*,#2673,.F.);
#1811=ORIENTED_EDGE('',*,*,#2674,.T.);
#1812=ORIENTED_EDGE('',*,*,#2670,.T.);
#1813=ORIENTED_EDGE('',*,*,#2675,.F.);
#1814=ORIENTED_EDGE('',*,*,#2676,.F.);
#1815=ORIENTED_EDGE('',*,*,#2677,.T.);
#1816=ORIENTED_EDGE('',*,*,#2673,.T.);
#1817=ORIENTED_EDGE('',*,*,#2678,.F.);
#1818=ORIENTED_EDGE('',*,*,#2679,.F.);
#1819=ORIENTED_EDGE('',*,*,#2680,.T.);
#1820=ORIENTED_EDGE('',*,*,#2676,.T.);
#1821=ORIENTED_EDGE('',*,*,#2681,.F.);
#1822=ORIENTED_EDGE('',*,*,#2682,.F.);
#1823=ORIENTED_EDGE('',*,*,#2683,.T.);
#1824=ORIENTED_EDGE('',*,*,#2684,.T.);
#1825=ORIENTED_EDGE('',*,*,#2685,.F.);
#1826=ORIENTED_EDGE('',*,*,#2686,.F.);
#1827=ORIENTED_EDGE('',*,*,#2687,.T.);
#1828=ORIENTED_EDGE('',*,*,#2682,.T.);
#1829=ORIENTED_EDGE('',*,*,#2688,.F.);
#1830=ORIENTED_EDGE('',*,*,#2689,.F.);
#1831=ORIENTED_EDGE('',*,*,#2690,.T.);
#1832=ORIENTED_EDGE('',*,*,#2686,.T.);
#1833=ORIENTED_EDGE('',*,*,#2691,.F.);
#1834=ORIENTED_EDGE('',*,*,#2692,.F.);
#1835=ORIENTED_EDGE('',*,*,#2693,.T.);
#1836=ORIENTED_EDGE('',*,*,#2689,.T.);
#1837=ORIENTED_EDGE('',*,*,#2694,.F.);
#1838=ORIENTED_EDGE('',*,*,#2695,.F.);
#1839=ORIENTED_EDGE('',*,*,#2696,.T.);
#1840=ORIENTED_EDGE('',*,*,#2692,.T.);
#1841=ORIENTED_EDGE('',*,*,#2697,.F.);
#1842=ORIENTED_EDGE('',*,*,#2698,.F.);
#1843=ORIENTED_EDGE('',*,*,#2699,.T.);
#1844=ORIENTED_EDGE('',*,*,#2695,.T.);
#1845=ORIENTED_EDGE('',*,*,#2700,.F.);
#1846=ORIENTED_EDGE('',*,*,#2701,.F.);
#1847=ORIENTED_EDGE('',*,*,#2702,.T.);
#1848=ORIENTED_EDGE('',*,*,#2698,.T.);
#1849=ORIENTED_EDGE('',*,*,#2703,.F.);
#1850=ORIENTED_EDGE('',*,*,#2704,.F.);
#1851=ORIENTED_EDGE('',*,*,#2705,.T.);
#1852=ORIENTED_EDGE('',*,*,#2706,.T.);
#1853=ORIENTED_EDGE('',*,*,#2707,.F.);
#1854=ORIENTED_EDGE('',*,*,#2708,.F.);
#1855=ORIENTED_EDGE('',*,*,#2709,.T.);
#1856=ORIENTED_EDGE('',*,*,#2704,.T.);
#1857=ORIENTED_EDGE('',*,*,#2710,.F.);
#1858=ORIENTED_EDGE('',*,*,#2711,.F.);
#1859=ORIENTED_EDGE('',*,*,#2712,.T.);
#1860=ORIENTED_EDGE('',*,*,#2708,.T.);
#1861=ORIENTED_EDGE('',*,*,#2713,.F.);
#1862=ORIENTED_EDGE('',*,*,#2714,.F.);
#1863=ORIENTED_EDGE('',*,*,#2715,.T.);
#1864=ORIENTED_EDGE('',*,*,#2711,.T.);
#1865=ORIENTED_EDGE('',*,*,#2716,.F.);
#1866=ORIENTED_EDGE('',*,*,#2717,.F.);
#1867=ORIENTED_EDGE('',*,*,#2718,.T.);
#1868=ORIENTED_EDGE('',*,*,#2714,.T.);
#1869=ORIENTED_EDGE('',*,*,#2719,.F.);
#1870=ORIENTED_EDGE('',*,*,#2720,.F.);
#1871=ORIENTED_EDGE('',*,*,#2721,.T.);
#1872=ORIENTED_EDGE('',*,*,#2717,.T.);
#1873=ORIENTED_EDGE('',*,*,#2722,.F.);
#1874=ORIENTED_EDGE('',*,*,#2723,.F.);
#1875=ORIENTED_EDGE('',*,*,#2724,.T.);
#1876=ORIENTED_EDGE('',*,*,#2720,.T.);
#1877=ORIENTED_EDGE('',*,*,#2725,.F.);
#1878=ORIENTED_EDGE('',*,*,#2726,.F.);
#1879=ORIENTED_EDGE('',*,*,#2727,.T.);
#1880=ORIENTED_EDGE('',*,*,#2728,.T.);
#1881=ORIENTED_EDGE('',*,*,#2729,.F.);
#1882=ORIENTED_EDGE('',*,*,#2730,.F.);
#1883=ORIENTED_EDGE('',*,*,#2731,.T.);
#1884=ORIENTED_EDGE('',*,*,#2726,.T.);
#1885=ORIENTED_EDGE('',*,*,#2732,.F.);
#1886=ORIENTED_EDGE('',*,*,#2733,.F.);
#1887=ORIENTED_EDGE('',*,*,#2734,.T.);
#1888=ORIENTED_EDGE('',*,*,#2730,.T.);
#1889=ORIENTED_EDGE('',*,*,#2735,.F.);
#1890=ORIENTED_EDGE('',*,*,#2736,.F.);
#1891=ORIENTED_EDGE('',*,*,#2737,.T.);
#1892=ORIENTED_EDGE('',*,*,#2733,.T.);
#1893=ORIENTED_EDGE('',*,*,#2738,.F.);
#1894=ORIENTED_EDGE('',*,*,#2739,.F.);
#1895=ORIENTED_EDGE('',*,*,#2740,.T.);
#1896=ORIENTED_EDGE('',*,*,#2736,.T.);
#1897=ORIENTED_EDGE('',*,*,#2741,.F.);
#1898=ORIENTED_EDGE('',*,*,#2742,.F.);
#1899=ORIENTED_EDGE('',*,*,#2743,.T.);
#1900=ORIENTED_EDGE('',*,*,#2739,.T.);
#1901=ORIENTED_EDGE('',*,*,#2744,.F.);
#1902=ORIENTED_EDGE('',*,*,#2745,.F.);
#1903=ORIENTED_EDGE('',*,*,#2746,.T.);
#1904=ORIENTED_EDGE('',*,*,#2742,.T.);
#1905=ORIENTED_EDGE('',*,*,#2747,.F.);
#1906=ORIENTED_EDGE('',*,*,#2748,.F.);
#1907=ORIENTED_EDGE('',*,*,#2749,.T.);
#1908=ORIENTED_EDGE('',*,*,#2750,.T.);
#1909=ORIENTED_EDGE('',*,*,#2751,.F.);
#1910=ORIENTED_EDGE('',*,*,#2752,.F.);
#1911=ORIENTED_EDGE('',*,*,#2753,.T.);
#1912=ORIENTED_EDGE('',*,*,#2748,.T.);
#1913=ORIENTED_EDGE('',*,*,#2754,.F.);
#1914=ORIENTED_EDGE('',*,*,#2755,.F.);
#1915=ORIENTED_EDGE('',*,*,#2756,.T.);
#1916=ORIENTED_EDGE('',*,*,#2752,.T.);
#1917=ORIENTED_EDGE('',*,*,#2757,.F.);
#1918=ORIENTED_EDGE('',*,*,#2758,.F.);
#1919=ORIENTED_EDGE('',*,*,#2759,.T.);
#1920=ORIENTED_EDGE('',*,*,#2755,.T.);
#1921=ORIENTED_EDGE('',*,*,#2760,.F.);
#1922=ORIENTED_EDGE('',*,*,#2761,.F.);
#1923=ORIENTED_EDGE('',*,*,#2762,.T.);
#1924=ORIENTED_EDGE('',*,*,#2758,.T.);
#1925=ORIENTED_EDGE('',*,*,#2763,.F.);
#1926=ORIENTED_EDGE('',*,*,#2764,.F.);
#1927=ORIENTED_EDGE('',*,*,#2765,.T.);
#1928=ORIENTED_EDGE('',*,*,#2761,.T.);
#1929=ORIENTED_EDGE('',*,*,#2766,.F.);
#1930=ORIENTED_EDGE('',*,*,#2767,.F.);
#1931=ORIENTED_EDGE('',*,*,#2768,.T.);
#1932=ORIENTED_EDGE('',*,*,#2764,.T.);
#1933=ORIENTED_EDGE('',*,*,#2769,.F.);
#1934=ORIENTED_EDGE('',*,*,#2770,.F.);
#1935=ORIENTED_EDGE('',*,*,#2771,.T.);
#1936=ORIENTED_EDGE('',*,*,#2772,.T.);
#1937=ORIENTED_EDGE('',*,*,#2773,.F.);
#1938=ORIENTED_EDGE('',*,*,#2774,.F.);
#1939=ORIENTED_EDGE('',*,*,#2775,.T.);
#1940=ORIENTED_EDGE('',*,*,#2770,.T.);
#1941=ORIENTED_EDGE('',*,*,#2776,.F.);
#1942=ORIENTED_EDGE('',*,*,#2777,.F.);
#1943=ORIENTED_EDGE('',*,*,#2778,.T.);
#1944=ORIENTED_EDGE('',*,*,#2774,.T.);
#1945=ORIENTED_EDGE('',*,*,#2779,.F.);
#1946=ORIENTED_EDGE('',*,*,#2780,.F.);
#1947=ORIENTED_EDGE('',*,*,#2781,.T.);
#1948=ORIENTED_EDGE('',*,*,#2777,.T.);
#1949=ORIENTED_EDGE('',*,*,#2782,.F.);
#1950=ORIENTED_EDGE('',*,*,#2783,.F.);
#1951=ORIENTED_EDGE('',*,*,#2784,.T.);
#1952=ORIENTED_EDGE('',*,*,#2780,.T.);
#1953=ORIENTED_EDGE('',*,*,#2785,.F.);
#1954=ORIENTED_EDGE('',*,*,#2786,.F.);
#1955=ORIENTED_EDGE('',*,*,#2787,.T.);
#1956=ORIENTED_EDGE('',*,*,#2783,.T.);
#1957=ORIENTED_EDGE('',*,*,#2788,.F.);
#1958=ORIENTED_EDGE('',*,*,#2789,.F.);
#1959=ORIENTED_EDGE('',*,*,#2790,.T.);
#1960=ORIENTED_EDGE('',*,*,#2786,.T.);
#1961=ORIENTED_EDGE('',*,*,#2791,.T.);
#1962=ORIENTED_EDGE('',*,*,#2792,.F.);
#1963=ORIENTED_EDGE('',*,*,#2793,.F.);
#1964=ORIENTED_EDGE('',*,*,#2794,.T.);
#1965=ORIENTED_EDGE('',*,*,#2795,.T.);
#1966=ORIENTED_EDGE('',*,*,#2796,.F.);
#1967=ORIENTED_EDGE('',*,*,#2797,.F.);
#1968=ORIENTED_EDGE('',*,*,#2792,.T.);
#1969=ORIENTED_EDGE('',*,*,#2798,.T.);
#1970=ORIENTED_EDGE('',*,*,#2799,.F.);
#1971=ORIENTED_EDGE('',*,*,#2800,.F.);
#1972=ORIENTED_EDGE('',*,*,#2796,.T.);
#1973=ORIENTED_EDGE('',*,*,#2801,.F.);
#1974=ORIENTED_EDGE('',*,*,#2802,.F.);
#1975=ORIENTED_EDGE('',*,*,#2803,.T.);
#1976=ORIENTED_EDGE('',*,*,#2799,.T.);
#1977=ORIENTED_EDGE('',*,*,#2804,.T.);
#1978=ORIENTED_EDGE('',*,*,#2805,.F.);
#1979=ORIENTED_EDGE('',*,*,#2806,.F.);
#1980=ORIENTED_EDGE('',*,*,#2802,.T.);
#1981=ORIENTED_EDGE('',*,*,#2807,.F.);
#1982=ORIENTED_EDGE('',*,*,#2808,.F.);
#1983=ORIENTED_EDGE('',*,*,#2809,.T.);
#1984=ORIENTED_EDGE('',*,*,#2805,.T.);
#1985=ORIENTED_EDGE('',*,*,#2810,.T.);
#1986=ORIENTED_EDGE('',*,*,#2811,.F.);
#1987=ORIENTED_EDGE('',*,*,#2812,.F.);
#1988=ORIENTED_EDGE('',*,*,#2808,.T.);
#1989=ORIENTED_EDGE('',*,*,#2813,.F.);
#1990=ORIENTED_EDGE('',*,*,#2814,.F.);
#1991=ORIENTED_EDGE('',*,*,#2815,.F.);
#1992=ORIENTED_EDGE('',*,*,#2816,.T.);
#1993=ORIENTED_EDGE('',*,*,#2817,.T.);
#1994=ORIENTED_EDGE('',*,*,#2818,.F.);
#1995=ORIENTED_EDGE('',*,*,#2819,.T.);
#1996=ORIENTED_EDGE('',*,*,#2820,.T.);
#1997=ORIENTED_EDGE('',*,*,#2821,.T.);
#1998=ORIENTED_EDGE('',*,*,#2656,.F.);
#1999=ORIENTED_EDGE('',*,*,#2822,.F.);
#2000=ORIENTED_EDGE('',*,*,#2815,.T.);
#2001=ORIENTED_EDGE('',*,*,#2823,.F.);
#2002=ORIENTED_EDGE('',*,*,#2684,.F.);
#2003=ORIENTED_EDGE('',*,*,#2824,.T.);
#2004=ORIENTED_EDGE('',*,*,#2701,.T.);
#2005=ORIENTED_EDGE('',*,*,#2825,.F.);
#2006=ORIENTED_EDGE('',*,*,#2706,.F.);
#2007=ORIENTED_EDGE('',*,*,#2826,.T.);
#2008=ORIENTED_EDGE('',*,*,#2723,.T.);
#2009=ORIENTED_EDGE('',*,*,#2827,.F.);
#2010=ORIENTED_EDGE('',*,*,#2728,.F.);
#2011=ORIENTED_EDGE('',*,*,#2828,.T.);
#2012=ORIENTED_EDGE('',*,*,#2745,.T.);
#2013=ORIENTED_EDGE('',*,*,#2829,.F.);
#2014=ORIENTED_EDGE('',*,*,#2750,.F.);
#2015=ORIENTED_EDGE('',*,*,#2830,.T.);
#2016=ORIENTED_EDGE('',*,*,#2767,.T.);
#2017=ORIENTED_EDGE('',*,*,#2831,.F.);
#2018=ORIENTED_EDGE('',*,*,#2772,.F.);
#2019=ORIENTED_EDGE('',*,*,#2832,.T.);
#2020=ORIENTED_EDGE('',*,*,#2789,.T.);
#2021=ORIENTED_EDGE('',*,*,#2833,.F.);
#2022=ORIENTED_EDGE('',*,*,#2834,.T.);
#2023=ORIENTED_EDGE('',*,*,#2835,.T.);
#2024=ORIENTED_EDGE('',*,*,#2836,.F.);
#2025=ORIENTED_EDGE('',*,*,#2837,.T.);
#2026=ORIENTED_EDGE('',*,*,#2794,.F.);
#2027=ORIENTED_EDGE('',*,*,#2838,.F.);
#2028=ORIENTED_EDGE('',*,*,#2811,.T.);
#2029=ORIENTED_EDGE('',*,*,#2839,.T.);
#2030=ORIENTED_EDGE('',*,*,#2840,.F.);
#2031=ORIENTED_EDGE('',*,*,#2841,.F.);
#2032=ORIENTED_EDGE('',*,*,#2842,.T.);
#2033=ORIENTED_EDGE('',*,*,#2843,.F.);
#2034=ORIENTED_EDGE('',*,*,#2817,.F.);
#2035=ORIENTED_EDGE('',*,*,#2844,.T.);
#2036=ORIENTED_EDGE('',*,*,#2654,.T.);
#2037=ORIENTED_EDGE('',*,*,#2845,.F.);
#2038=ORIENTED_EDGE('',*,*,#2662,.F.);
#2039=ORIENTED_EDGE('',*,*,#2846,.T.);
#2040=ORIENTED_EDGE('',*,*,#2679,.T.);
#2041=ORIENTED_EDGE('',*,*,#2816,.F.);
#2042=ORIENTED_EDGE('',*,*,#2822,.T.);
#2043=ORIENTED_EDGE('',*,*,#2655,.F.);
#2044=ORIENTED_EDGE('',*,*,#2844,.F.);
#2045=ORIENTED_EDGE('',*,*,#2841,.T.);
#2046=ORIENTED_EDGE('',*,*,#2839,.F.);
#2047=ORIENTED_EDGE('',*,*,#2793,.T.);
#2048=ORIENTED_EDGE('',*,*,#2797,.T.);
#2049=ORIENTED_EDGE('',*,*,#2800,.T.);
#2050=ORIENTED_EDGE('',*,*,#2803,.F.);
#2051=ORIENTED_EDGE('',*,*,#2806,.T.);
#2052=ORIENTED_EDGE('',*,*,#2809,.F.);
#2053=ORIENTED_EDGE('',*,*,#2812,.T.);
#2054=ORIENTED_EDGE('',*,*,#2838,.T.);
#2055=ORIENTED_EDGE('',*,*,#2835,.F.);
#2056=ORIENTED_EDGE('',*,*,#2833,.T.);
#2057=ORIENTED_EDGE('',*,*,#2771,.F.);
#2058=ORIENTED_EDGE('',*,*,#2775,.F.);
#2059=ORIENTED_EDGE('',*,*,#2778,.F.);
#2060=ORIENTED_EDGE('',*,*,#2781,.F.);
#2061=ORIENTED_EDGE('',*,*,#2784,.F.);
#2062=ORIENTED_EDGE('',*,*,#2787,.F.);
#2063=ORIENTED_EDGE('',*,*,#2790,.F.);
#2064=ORIENTED_EDGE('',*,*,#2832,.F.);
#2065=ORIENTED_EDGE('',*,*,#2749,.F.);
#2066=ORIENTED_EDGE('',*,*,#2753,.F.);
#2067=ORIENTED_EDGE('',*,*,#2756,.F.);
#2068=ORIENTED_EDGE('',*,*,#2759,.F.);
#2069=ORIENTED_EDGE('',*,*,#2762,.F.);
#2070=ORIENTED_EDGE('',*,*,#2765,.F.);
#2071=ORIENTED_EDGE('',*,*,#2768,.F.);
#2072=ORIENTED_EDGE('',*,*,#2830,.F.);
#2073=ORIENTED_EDGE('',*,*,#2727,.F.);
#2074=ORIENTED_EDGE('',*,*,#2731,.F.);
#2075=ORIENTED_EDGE('',*,*,#2734,.F.);
#2076=ORIENTED_EDGE('',*,*,#2737,.F.);
#2077=ORIENTED_EDGE('',*,*,#2740,.F.);
#2078=ORIENTED_EDGE('',*,*,#2743,.F.);
#2079=ORIENTED_EDGE('',*,*,#2746,.F.);
#2080=ORIENTED_EDGE('',*,*,#2828,.F.);
#2081=ORIENTED_EDGE('',*,*,#2705,.F.);
#2082=ORIENTED_EDGE('',*,*,#2709,.F.);
#2083=ORIENTED_EDGE('',*,*,#2712,.F.);
#2084=ORIENTED_EDGE('',*,*,#2715,.F.);
#2085=ORIENTED_EDGE('',*,*,#2718,.F.);
#2086=ORIENTED_EDGE('',*,*,#2721,.F.);
#2087=ORIENTED_EDGE('',*,*,#2724,.F.);
#2088=ORIENTED_EDGE('',*,*,#2826,.F.);
#2089=ORIENTED_EDGE('',*,*,#2683,.F.);
#2090=ORIENTED_EDGE('',*,*,#2687,.F.);
#2091=ORIENTED_EDGE('',*,*,#2690,.F.);
#2092=ORIENTED_EDGE('',*,*,#2693,.F.);
#2093=ORIENTED_EDGE('',*,*,#2696,.F.);
#2094=ORIENTED_EDGE('',*,*,#2699,.F.);
#2095=ORIENTED_EDGE('',*,*,#2702,.F.);
#2096=ORIENTED_EDGE('',*,*,#2824,.F.);
#2097=ORIENTED_EDGE('',*,*,#2661,.F.);
#2098=ORIENTED_EDGE('',*,*,#2665,.F.);
#2099=ORIENTED_EDGE('',*,*,#2668,.F.);
#2100=ORIENTED_EDGE('',*,*,#2671,.F.);
#2101=ORIENTED_EDGE('',*,*,#2674,.F.);
#2102=ORIENTED_EDGE('',*,*,#2677,.F.);
#2103=ORIENTED_EDGE('',*,*,#2680,.F.);
#2104=ORIENTED_EDGE('',*,*,#2846,.F.);
#2105=ORIENTED_EDGE('',*,*,#2847,.F.);
#2106=ORIENTED_EDGE('',*,*,#2818,.T.);
#2107=ORIENTED_EDGE('',*,*,#2843,.T.);
#2108=ORIENTED_EDGE('',*,*,#2653,.T.);
#2109=ORIENTED_EDGE('',*,*,#2814,.T.);
#2110=ORIENTED_EDGE('',*,*,#2848,.T.);
#2111=ORIENTED_EDGE('',*,*,#2657,.T.);
#2112=ORIENTED_EDGE('',*,*,#2821,.F.);
#2113=ORIENTED_EDGE('',*,*,#2842,.F.);
#2114=ORIENTED_EDGE('',*,*,#2840,.T.);
#2115=ORIENTED_EDGE('',*,*,#2791,.F.);
#2116=ORIENTED_EDGE('',*,*,#2837,.F.);
#2117=ORIENTED_EDGE('',*,*,#2810,.F.);
#2118=ORIENTED_EDGE('',*,*,#2807,.T.);
#2119=ORIENTED_EDGE('',*,*,#2804,.F.);
#2120=ORIENTED_EDGE('',*,*,#2801,.T.);
#2121=ORIENTED_EDGE('',*,*,#2798,.F.);
#2122=ORIENTED_EDGE('',*,*,#2795,.F.);
#2123=ORIENTED_EDGE('',*,*,#2836,.T.);
#2124=ORIENTED_EDGE('',*,*,#2834,.F.);
#2125=ORIENTED_EDGE('',*,*,#2769,.T.);
#2126=ORIENTED_EDGE('',*,*,#2831,.T.);
#2127=ORIENTED_EDGE('',*,*,#2788,.T.);
#2128=ORIENTED_EDGE('',*,*,#2785,.T.);
#2129=ORIENTED_EDGE('',*,*,#2782,.T.);
#2130=ORIENTED_EDGE('',*,*,#2779,.T.);
#2131=ORIENTED_EDGE('',*,*,#2776,.T.);
#2132=ORIENTED_EDGE('',*,*,#2773,.T.);
#2133=ORIENTED_EDGE('',*,*,#2747,.T.);
#2134=ORIENTED_EDGE('',*,*,#2829,.T.);
#2135=ORIENTED_EDGE('',*,*,#2766,.T.);
#2136=ORIENTED_EDGE('',*,*,#2763,.T.);
#2137=ORIENTED_EDGE('',*,*,#2760,.T.);
#2138=ORIENTED_EDGE('',*,*,#2757,.T.);
#2139=ORIENTED_EDGE('',*,*,#2754,.T.);
#2140=ORIENTED_EDGE('',*,*,#2751,.T.);
#2141=ORIENTED_EDGE('',*,*,#2725,.T.);
#2142=ORIENTED_EDGE('',*,*,#2827,.T.);
#2143=ORIENTED_EDGE('',*,*,#2744,.T.);
#2144=ORIENTED_EDGE('',*,*,#2741,.T.);
#2145=ORIENTED_EDGE('',*,*,#2738,.T.);
#2146=ORIENTED_EDGE('',*,*,#2735,.T.);
#2147=ORIENTED_EDGE('',*,*,#2732,.T.);
#2148=ORIENTED_EDGE('',*,*,#2729,.T.);
#2149=ORIENTED_EDGE('',*,*,#2703,.T.);
#2150=ORIENTED_EDGE('',*,*,#2825,.T.);
#2151=ORIENTED_EDGE('',*,*,#2722,.T.);
#2152=ORIENTED_EDGE('',*,*,#2719,.T.);
#2153=ORIENTED_EDGE('',*,*,#2716,.T.);
#2154=ORIENTED_EDGE('',*,*,#2713,.T.);
#2155=ORIENTED_EDGE('',*,*,#2710,.T.);
#2156=ORIENTED_EDGE('',*,*,#2707,.T.);
#2157=ORIENTED_EDGE('',*,*,#2681,.T.);
#2158=ORIENTED_EDGE('',*,*,#2823,.T.);
#2159=ORIENTED_EDGE('',*,*,#2700,.T.);
#2160=ORIENTED_EDGE('',*,*,#2697,.T.);
#2161=ORIENTED_EDGE('',*,*,#2694,.T.);
#2162=ORIENTED_EDGE('',*,*,#2691,.T.);
#2163=ORIENTED_EDGE('',*,*,#2688,.T.);
#2164=ORIENTED_EDGE('',*,*,#2685,.T.);
#2165=ORIENTED_EDGE('',*,*,#2659,.T.);
#2166=ORIENTED_EDGE('',*,*,#2845,.T.);
#2167=ORIENTED_EDGE('',*,*,#2678,.T.);
#2168=ORIENTED_EDGE('',*,*,#2675,.T.);
#2169=ORIENTED_EDGE('',*,*,#2672,.T.);
#2170=ORIENTED_EDGE('',*,*,#2669,.T.);
#2171=ORIENTED_EDGE('',*,*,#2666,.T.);
#2172=ORIENTED_EDGE('',*,*,#2663,.T.);
#2173=ORIENTED_EDGE('',*,*,#2819,.F.);
#2174=ORIENTED_EDGE('',*,*,#2847,.T.);
#2175=ORIENTED_EDGE('',*,*,#2652,.F.);
#2176=ORIENTED_EDGE('',*,*,#2849,.F.);
#2177=ORIENTED_EDGE('',*,*,#2848,.F.);
#2178=ORIENTED_EDGE('',*,*,#2813,.T.);
#2179=ORIENTED_EDGE('',*,*,#2850,.T.);
#2180=ORIENTED_EDGE('',*,*,#2658,.T.);
#2181=ORIENTED_EDGE('',*,*,#2820,.F.);
#2182=ORIENTED_EDGE('',*,*,#2849,.T.);
#2183=ORIENTED_EDGE('',*,*,#2651,.F.);
#2184=ORIENTED_EDGE('',*,*,#2850,.F.);
#2185=ORIENTED_EDGE('',*,*,#2851,.F.);
#2186=ORIENTED_EDGE('',*,*,#2852,.T.);
#2187=ORIENTED_EDGE('',*,*,#2853,.F.);
#2188=ORIENTED_EDGE('',*,*,#2851,.T.);
#2189=ORIENTED_EDGE('',*,*,#2854,.T.);
#2190=ORIENTED_EDGE('',*,*,#2853,.T.);
#2191=ORIENTED_EDGE('',*,*,#2855,.T.);
#2192=ORIENTED_EDGE('',*,*,#2856,.F.);
#2193=ORIENTED_EDGE('',*,*,#2856,.T.);
#2194=ORIENTED_EDGE('',*,*,#2857,.F.);
#2195=ORIENTED_EDGE('',*,*,#2852,.F.);
#2196=ORIENTED_EDGE('',*,*,#2857,.T.);
#2197=ORIENTED_EDGE('',*,*,#2854,.F.);
#2198=ORIENTED_EDGE('',*,*,#2855,.F.);
#2199=EDGE_CURVE('',#2858,#2859,#3299,.T.);
#2200=EDGE_CURVE('',#2859,#2860,#257,.T.);
#2201=EDGE_CURVE('',#2860,#2861,#3300,.T.);
#2202=EDGE_CURVE('',#2858,#2861,#258,.T.);
#2203=EDGE_CURVE('',#2862,#2863,#3301,.T.);
#2204=EDGE_CURVE('',#2863,#2864,#259,.T.);
#2205=EDGE_CURVE('',#2864,#2865,#3302,.T.);
#2206=EDGE_CURVE('',#2865,#2862,#260,.T.);
#2207=EDGE_CURVE('',#2866,#2867,#3303,.T.);
#2208=EDGE_CURVE('',#2867,#2868,#261,.T.);
#2209=EDGE_CURVE('',#2868,#2869,#3304,.T.);
#2210=EDGE_CURVE('',#2869,#2866,#262,.T.);
#2211=EDGE_CURVE('',#2870,#2871,#263,.T.);
#2212=EDGE_CURVE('',#2870,#2872,#264,.T.);
#2213=EDGE_CURVE('',#2872,#2873,#265,.T.);
#2214=EDGE_CURVE('',#2873,#2871,#266,.T.);
#2215=EDGE_CURVE('',#2874,#2875,#267,.T.);
#2216=EDGE_CURVE('',#2874,#2870,#3305,.T.);
#2217=EDGE_CURVE('',#2871,#2875,#3306,.T.);
#2218=EDGE_CURVE('',#2876,#2877,#268,.T.);
#2219=EDGE_CURVE('',#2876,#2874,#269,.T.);
#2220=EDGE_CURVE('',#2875,#2877,#270,.T.);
#2221=EDGE_CURVE('',#2878,#2879,#271,.T.);
#2222=EDGE_CURVE('',#2878,#2876,#3307,.T.);
#2223=EDGE_CURVE('',#2877,#2879,#3308,.T.);
#2224=EDGE_CURVE('',#2880,#2881,#272,.T.);
#2225=EDGE_CURVE('',#2880,#2878,#273,.T.);
#2226=EDGE_CURVE('',#2881,#2879,#274,.T.);
#2227=EDGE_CURVE('',#2882,#2883,#275,.T.);
#2228=EDGE_CURVE('',#2882,#2880,#3309,.T.);
#2229=EDGE_CURVE('',#2881,#2883,#3310,.T.);
#2230=EDGE_CURVE('',#2884,#2885,#276,.T.);
#2231=EDGE_CURVE('',#2884,#2882,#277,.T.);
#2232=EDGE_CURVE('',#2885,#2883,#278,.T.);
#2233=EDGE_CURVE('',#2886,#2887,#3311,.T.);
#2234=EDGE_CURVE('',#2887,#2888,#279,.T.);
#2235=EDGE_CURVE('',#2888,#2889,#3312,.T.);
#2236=EDGE_CURVE('',#2886,#2889,#280,.T.);
#2237=EDGE_CURVE('',#2890,#2891,#3313,.T.);
#2238=EDGE_CURVE('',#2891,#2892,#281,.T.);
#2239=EDGE_CURVE('',#2892,#2893,#3314,.T.);
#2240=EDGE_CURVE('',#2890,#2893,#282,.T.);
#2241=EDGE_CURVE('',#2894,#2895,#3315,.T.);
#2242=EDGE_CURVE('',#2895,#2896,#283,.T.);
#2243=EDGE_CURVE('',#2896,#2897,#3316,.T.);
#2244=EDGE_CURVE('',#2897,#2894,#284,.T.);
#2245=EDGE_CURVE('',#2898,#2899,#3317,.T.);
#2246=EDGE_CURVE('',#2899,#2900,#285,.T.);
#2247=EDGE_CURVE('',#2900,#2901,#3318,.T.);
#2248=EDGE_CURVE('',#2898,#2901,#286,.T.);
#2249=EDGE_CURVE('',#2902,#2903,#287,.T.);
#2250=EDGE_CURVE('',#2902,#2904,#288,.T.);
#2251=EDGE_CURVE('',#2904,#2905,#3319,.T.);
#2252=EDGE_CURVE('',#2905,#2903,#289,.T.);
#2253=EDGE_CURVE('',#2906,#2907,#290,.T.);
#2254=EDGE_CURVE('',#2906,#2902,#29,.T.);
#2255=EDGE_CURVE('',#2907,#2903,#30,.T.);
#2256=EDGE_CURVE('',#2908,#2909,#3320,.T.);
#2257=EDGE_CURVE('',#2909,#2906,#291,.T.);
#2258=EDGE_CURVE('',#2907,#2908,#292,.T.);
#2259=EDGE_CURVE('',#2872,#2884,#3321,.T.);
#2260=EDGE_CURVE('',#2885,#2873,#3322,.T.);
#2261=EDGE_CURVE('',#2910,#2911,#3323,.T.);
#2262=EDGE_CURVE('',#2911,#2912,#293,.T.);
#2263=EDGE_CURVE('',#2912,#2913,#3324,.T.);
#2264=EDGE_CURVE('',#2913,#2910,#294,.T.);
#2265=EDGE_CURVE('',#2914,#2915,#3325,.T.);
#2266=EDGE_CURVE('',#2915,#2916,#295,.T.);
#2267=EDGE_CURVE('',#2916,#2917,#3326,.T.);
#2268=EDGE_CURVE('',#2917,#2914,#296,.T.);
#2269=EDGE_CURVE('',#2918,#2919,#3327,.T.);
#2270=EDGE_CURVE('',#2919,#2920,#297,.T.);
#2271=EDGE_CURVE('',#2920,#2921,#3328,.T.);
#2272=EDGE_CURVE('',#2918,#2921,#298,.T.);
#2273=EDGE_CURVE('',#2922,#2923,#3329,.T.);
#2274=EDGE_CURVE('',#2923,#2924,#299,.T.);
#2275=EDGE_CURVE('',#2924,#2925,#3330,.T.);
#2276=EDGE_CURVE('',#2925,#2926,#300,.T.);
#2277=EDGE_CURVE('',#2926,#2927,#3331,.T.);
#2278=EDGE_CURVE('',#2927,#2928,#301,.T.);
#2279=EDGE_CURVE('',#2928,#2929,#3332,.T.);
#2280=EDGE_CURVE('',#2929,#2922,#302,.T.);
#2281=EDGE_CURVE('',#2930,#2931,#3333,.T.);
#2282=EDGE_CURVE('',#2931,#2932,#303,.T.);
#2283=EDGE_CURVE('',#2932,#2933,#3334,.T.);
#2284=EDGE_CURVE('',#2933,#2934,#304,.T.);
#2285=EDGE_CURVE('',#2934,#2935,#31,.F.);
#2286=EDGE_CURVE('',#2935,#2936,#305,.T.);
#2287=EDGE_CURVE('',#2936,#2937,#3335,.T.);
#2288=EDGE_CURVE('',#2937,#2938,#306,.T.);
#2289=EDGE_CURVE('',#2938,#2939,#3336,.T.);
#2290=EDGE_CURVE('',#2939,#2940,#307,.T.);
#2291=EDGE_CURVE('',#2940,#2941,#3337,.T.);
#2292=EDGE_CURVE('',#2941,#2942,#308,.T.);
#2293=EDGE_CURVE('',#2942,#2943,#3338,.T.);
#2294=EDGE_CURVE('',#2943,#2944,#309,.T.);
#2295=EDGE_CURVE('',#2944,#2945,#3339,.T.);
#2296=EDGE_CURVE('',#2945,#2946,#310,.T.);
#2297=EDGE_CURVE('',#2946,#2947,#3340,.T.);
#2298=EDGE_CURVE('',#2947,#2948,#311,.T.);
#2299=EDGE_CURVE('',#2948,#2949,#3341,.T.);
#2300=EDGE_CURVE('',#2949,#2950,#312,.T.);
#2301=EDGE_CURVE('',#2950,#2951,#3342,.T.);
#2302=EDGE_CURVE('',#2951,#2952,#313,.T.);
#2303=EDGE_CURVE('',#2952,#2953,#3343,.T.);
#2304=EDGE_CURVE('',#2953,#2930,#314,.T.);
#2305=EDGE_CURVE('',#2954,#2954,#32,.T.);
#2306=EDGE_CURVE('',#2955,#2955,#33,.T.);
#2307=EDGE_CURVE('',#2956,#2956,#34,.T.);
#2308=EDGE_CURVE('',#2957,#2957,#35,.T.);
#2309=EDGE_CURVE('',#2958,#2959,#315,.T.);
#2310=EDGE_CURVE('',#2960,#2959,#316,.T.);
#2311=EDGE_CURVE('',#2960,#2961,#317,.T.);
#2312=EDGE_CURVE('',#2961,#2958,#318,.T.);
#2313=EDGE_CURVE('',#2905,#2898,#3344,.T.);
#2314=EDGE_CURVE('',#2901,#2914,#3345,.T.);
#2315=EDGE_CURVE('',#2917,#2908,#3346,.T.);
#2316=EDGE_CURVE('',#2893,#2886,#3347,.T.);
#2317=EDGE_CURVE('',#2889,#2910,#3348,.T.);
#2318=EDGE_CURVE('',#2913,#2894,#3349,.T.);
#2319=EDGE_CURVE('',#2897,#2890,#3350,.T.);
#2320=EDGE_CURVE('',#2962,#2959,#319,.T.);
#2321=EDGE_CURVE('',#2963,#2962,#320,.T.);
#2322=EDGE_CURVE('',#2963,#2960,#321,.T.);
#2323=EDGE_CURVE('',#2963,#2964,#322,.T.);
#2324=EDGE_CURVE('',#2964,#2961,#323,.T.);
#2325=EDGE_CURVE('',#2964,#2965,#324,.T.);
#2326=EDGE_CURVE('',#2965,#2958,#325,.T.);
#2327=EDGE_CURVE('',#2965,#2962,#326,.T.);
#2328=EDGE_CURVE('',#2865,#2858,#3351,.T.);
#2329=EDGE_CURVE('',#2861,#2918,#3352,.T.);
#2330=EDGE_CURVE('',#2921,#2866,#3353,.T.);
#2331=EDGE_CURVE('',#2869,#2862,#3354,.T.);
#2332=EDGE_CURVE('',#2920,#2867,#3355,.T.);
#2333=EDGE_CURVE('',#2868,#2863,#3356,.T.);
#2334=EDGE_CURVE('',#2860,#2919,#3357,.T.);
#2335=EDGE_CURVE('',#2864,#2859,#3358,.T.);
#2336=EDGE_CURVE('',#2888,#2911,#3359,.T.);
#2337=EDGE_CURVE('',#2912,#2895,#3360,.T.);
#2338=EDGE_CURVE('',#2892,#2887,#3361,.T.);
#2339=EDGE_CURVE('',#2904,#2899,#3362,.T.);
#2340=EDGE_CURVE('',#2900,#2915,#3363,.T.);
#2341=EDGE_CURVE('',#2916,#2909,#3364,.T.);
#2342=EDGE_CURVE('',#2896,#2891,#3365,.T.);
#2343=EDGE_CURVE('',#2892,#2953,#3366,.F.);
#2344=EDGE_CURVE('',#2930,#2891,#3367,.F.);
#2345=EDGE_CURVE('',#2931,#2896,#3368,.T.);
#2346=EDGE_CURVE('',#2938,#2915,#3369,.F.);
#2347=EDGE_CURVE('',#2916,#2937,#3370,.F.);
#2348=EDGE_CURVE('',#2887,#2952,#3371,.T.);
#2349=EDGE_CURVE('',#2932,#2895,#3372,.F.);
#2350=EDGE_CURVE('',#2909,#2936,#3373,.T.);
#2351=EDGE_CURVE('',#2939,#2900,#3374,.T.);
#2352=EDGE_CURVE('',#2948,#2863,#3375,.F.);
#2353=EDGE_CURVE('',#2864,#2947,#3376,.F.);
#2354=EDGE_CURVE('',#2888,#2951,#3377,.F.);
#2355=EDGE_CURVE('',#2933,#2912,#3378,.T.);
#2356=EDGE_CURVE('',#2906,#2935,#327,.T.);
#2357=EDGE_CURVE('',#2940,#2899,#3379,.F.);
#2358=EDGE_CURVE('',#2859,#2946,#3380,.T.);
#2359=EDGE_CURVE('',#2966,#2868,#3381,.T.);
#2360=EDGE_CURVE('',#2949,#2966,#3382,.T.);
#2361=EDGE_CURVE('',#2911,#2967,#3383,.T.);
#2362=EDGE_CURVE('',#2967,#2950,#3384,.T.);
#2363=EDGE_CURVE('',#2934,#2968,#3385,.F.);
#2364=EDGE_CURVE('',#2968,#2967,#328,.F.);
#2365=EDGE_CURVE('',#2902,#2968,#329,.T.);
#2366=EDGE_CURVE('',#2941,#2904,#3386,.T.);
#2367=EDGE_CURVE('',#2860,#2945,#3387,.F.);
#2368=EDGE_CURVE('',#2966,#2969,#330,.F.);
#2369=EDGE_CURVE('',#2969,#2867,#3388,.F.);
#2370=EDGE_CURVE('',#2942,#2969,#3389,.F.);
#2371=EDGE_CURVE('',#2919,#2944,#3390,.T.);
#2372=EDGE_CURVE('',#2943,#2920,#3391,.T.);
#2373=EDGE_CURVE('',#2882,#2927,#3392,.F.);
#2374=EDGE_CURVE('',#2928,#2884,#3393,.F.);
#2375=EDGE_CURVE('',#2929,#2872,#3394,.T.);
#2376=EDGE_CURVE('',#2880,#2926,#3395,.T.);
#2377=EDGE_CURVE('',#2922,#2870,#3396,.F.);
#2378=EDGE_CURVE('',#2878,#2925,#3397,.F.);
#2379=EDGE_CURVE('',#2923,#2874,#3398,.T.);
#2380=EDGE_CURVE('',#2876,#2924,#3399,.T.);
#2381=EDGE_CURVE('',#2970,#2970,#36,.T.);
#2382=EDGE_CURVE('',#2971,#2971,#37,.T.);
#2383=EDGE_CURVE('',#2972,#2972,#38,.T.);
#2384=EDGE_CURVE('',#2973,#2973,#39,.T.);
#2385=EDGE_CURVE('',#2974,#2975,#331,.T.);
#2386=EDGE_CURVE('',#2974,#2976,#3400,.T.);
#2387=EDGE_CURVE('',#2976,#2977,#332,.T.);
#2388=EDGE_CURVE('',#2977,#2978,#333,.T.);
#2389=EDGE_CURVE('',#2978,#2979,#3401,.T.);
#2390=EDGE_CURVE('',#2980,#2979,#334,.T.);
#2391=EDGE_CURVE('',#2981,#2980,#40,.T.);
#2392=EDGE_CURVE('',#2981,#2975,#335,.T.);
#2393=EDGE_CURVE('',#2982,#2983,#3402,.T.);
#2394=EDGE_CURVE('',#2983,#2984,#336,.T.);
#2395=EDGE_CURVE('',#2984,#2985,#3403,.T.);
#2396=EDGE_CURVE('',#2982,#2985,#337,.T.);
#2397=EDGE_CURVE('',#2986,#2987,#3404,.T.);
#2398=EDGE_CURVE('',#2987,#2988,#338,.T.);
#2399=EDGE_CURVE('',#2989,#2988,#339,.T.);
#2400=EDGE_CURVE('',#2989,#2990,#3405,.T.);
#2401=EDGE_CURVE('',#2991,#2990,#340,.T.);
#2402=EDGE_CURVE('',#2992,#2991,#341,.T.);
#2403=EDGE_CURVE('',#2993,#2992,#41,.T.);
#2404=EDGE_CURVE('',#2986,#2993,#342,.T.);
#2405=EDGE_CURVE('',#2994,#2995,#3406,.T.);
#2406=EDGE_CURVE('',#2995,#2996,#343,.T.);
#2407=EDGE_CURVE('',#2996,#2997,#3407,.T.);
#2408=EDGE_CURVE('',#2994,#2997,#344,.T.);
#2409=EDGE_CURVE('',#2998,#2999,#3408,.T.);
#2410=EDGE_CURVE('',#2999,#3000,#345,.T.);
#2411=EDGE_CURVE('',#3000,#3001,#3409,.T.);
#2412=EDGE_CURVE('',#2998,#3001,#346,.T.);
#2413=EDGE_CURVE('',#2976,#3002,#3410,.T.);
#2414=EDGE_CURVE('',#3002,#3003,#3411,.T.);
#2415=EDGE_CURVE('',#3003,#3004,#347,.T.);
#2416=EDGE_CURVE('',#3004,#3005,#348,.T.);
#2417=EDGE_CURVE('',#2977,#3005,#349,.T.);
#2418=EDGE_CURVE('',#3006,#3007,#350,.T.);
#2419=EDGE_CURVE('',#3006,#3008,#3412,.T.);
#2420=EDGE_CURVE('',#3008,#2989,#3413,.T.);
#2421=EDGE_CURVE('',#2988,#3009,#351,.T.);
#2422=EDGE_CURVE('',#3007,#3009,#352,.T.);
#2423=EDGE_CURVE('',#3004,#3010,#353,.T.);
#2424=EDGE_CURVE('',#3003,#3011,#3414,.T.);
#2425=EDGE_CURVE('',#3012,#3011,#354,.T.);
#2426=EDGE_CURVE('',#3012,#3006,#3415,.T.);
#2427=EDGE_CURVE('',#3013,#3007,#355,.T.);
#2428=EDGE_CURVE('',#3013,#3014,#356,.T.);
#2429=EDGE_CURVE('',#3014,#3015,#357,.T.);
#2430=EDGE_CURVE('',#3010,#3015,#358,.T.);
#2431=EDGE_CURVE('',#3016,#3016,#42,.T.);
#2432=EDGE_CURVE('',#3017,#3017,#43,.T.);
#2433=EDGE_CURVE('',#3018,#3018,#44,.T.);
#2434=EDGE_CURVE('',#3019,#3019,#45,.T.);
#2435=EDGE_CURVE('',#3020,#3021,#359,.F.);
#2436=EDGE_CURVE('',#3021,#3022,#360,.T.);
#2437=EDGE_CURVE('',#3022,#3023,#361,.T.);
#2438=EDGE_CURVE('',#3023,#3024,#362,.T.);
#2439=EDGE_CURVE('',#3024,#3025,#3416,.T.);
#2440=EDGE_CURVE('',#3025,#3026,#363,.T.);
#2441=EDGE_CURVE('',#3026,#3027,#3417,.T.);
#2442=EDGE_CURVE('',#3028,#3027,#364,.T.);
#2443=EDGE_CURVE('',#3028,#3029,#3418,.T.);
#2444=EDGE_CURVE('',#3030,#3029,#365,.T.);
#2445=EDGE_CURVE('',#3030,#3031,#3419,.T.);
#2446=EDGE_CURVE('',#3031,#3020,#366,.T.);
#2447=EDGE_CURVE('',#3032,#3033,#367,.T.);
#2448=EDGE_CURVE('',#3032,#3034,#3420,.T.);
#2449=EDGE_CURVE('',#3034,#3035,#46,.F.);
#2450=EDGE_CURVE('',#3035,#3036,#368,.T.);
#2451=EDGE_CURVE('',#3036,#3033,#47,.T.);
#2452=EDGE_CURVE('',#3033,#3037,#369,.T.);
#2453=EDGE_CURVE('',#2992,#3037,#370,.T.);
#2454=EDGE_CURVE('',#2991,#3032,#371,.T.);
#2455=EDGE_CURVE('',#3037,#3038,#48,.T.);
#2456=EDGE_CURVE('',#3039,#3038,#372,.T.);
#2457=EDGE_CURVE('',#3040,#3039,#49,.T.);
#2458=EDGE_CURVE('',#3040,#2993,#373,.T.);
#2459=EDGE_CURVE('',#3038,#3041,#374,.T.);
#2460=EDGE_CURVE('',#3042,#3041,#375,.T.);
#2461=EDGE_CURVE('',#3039,#3042,#376,.T.);
#2462=EDGE_CURVE('',#3041,#3043,#50,.T.);
#2463=EDGE_CURVE('',#2981,#3043,#377,.T.);
#2464=EDGE_CURVE('',#2980,#3044,#378,.F.);
#2465=EDGE_CURVE('',#3042,#3044,#51,.T.);
#2466=EDGE_CURVE('',#3045,#3043,#379,.T.);
#2467=EDGE_CURVE('',#3046,#3045,#380,.T.);
#2468=EDGE_CURVE('',#2975,#3046,#381,.T.);
#2469=EDGE_CURVE('',#3047,#3048,#382,.T.);
#2470=EDGE_CURVE('',#3047,#3049,#52,.F.);
#2471=EDGE_CURVE('',#3049,#3046,#3421,.T.);
#2472=EDGE_CURVE('',#3045,#3048,#53,.T.);
#2473=EDGE_CURVE('',#3047,#3035,#383,.T.);
#2474=EDGE_CURVE('',#3036,#3048,#384,.T.);
#2475=EDGE_CURVE('',#3050,#3050,#54,.T.);
#2476=EDGE_CURVE('',#3051,#3051,#55,.T.);
#2477=EDGE_CURVE('',#3052,#3052,#56,.T.);
#2478=EDGE_CURVE('',#3053,#3053,#57,.T.);
#2479=EDGE_CURVE('',#3054,#3054,#58,.T.);
#2480=EDGE_CURVE('',#3055,#3055,#59,.T.);
#2481=EDGE_CURVE('',#3040,#3044,#385,.T.);
#2482=EDGE_CURVE('',#2979,#3056,#3422,.T.);
#2483=EDGE_CURVE('',#3056,#3057,#386,.T.);
#2484=EDGE_CURVE('',#3057,#2994,#3423,.T.);
#2485=EDGE_CURVE('',#2997,#3058,#3424,.T.);
#2486=EDGE_CURVE('',#3059,#3058,#387,.T.);
#2487=EDGE_CURVE('',#3059,#2998,#3425,.T.);
#2488=EDGE_CURVE('',#3001,#3060,#3426,.T.);
#2489=EDGE_CURVE('',#3060,#3061,#388,.T.);
#2490=EDGE_CURVE('',#3061,#2982,#3427,.T.);
#2491=EDGE_CURVE('',#2985,#3062,#3428,.T.);
#2492=EDGE_CURVE('',#3063,#3062,#389,.T.);
#2493=EDGE_CURVE('',#3063,#2986,#3429,.T.);
#2494=EDGE_CURVE('',#3064,#3064,#60,.F.);
#2495=EDGE_CURVE('',#3065,#3065,#12,.F.);
#2496=EDGE_CURVE('',#3066,#3066,#61,.F.);
#2497=EDGE_CURVE('',#3067,#3067,#13,.F.);
#2498=EDGE_CURVE('',#3068,#3068,#62,.F.);
#2499=EDGE_CURVE('',#3069,#3069,#14,.F.);
#2500=EDGE_CURVE('',#3070,#3070,#63,.F.);
#2501=EDGE_CURVE('',#3071,#3071,#15,.F.);
#2502=EDGE_CURVE('',#3072,#3073,#3430,.T.);
#2503=EDGE_CURVE('',#3074,#3073,#3431,.T.);
#2504=EDGE_CURVE('',#3075,#3074,#3432,.T.);
#2505=EDGE_CURVE('',#3075,#3072,#3433,.F.);
#2506=EDGE_CURVE('',#3076,#3077,#3434,.T.);
#2507=EDGE_CURVE('',#3078,#3077,#3435,.T.);
#2508=EDGE_CURVE('',#3078,#3076,#3436,.F.);
#2509=EDGE_CURVE('',#3079,#3080,#3437,.T.);
#2510=EDGE_CURVE('',#3081,#3080,#3438,.T.);
#2511=EDGE_CURVE('',#3079,#3081,#3439,.T.);
#2512=EDGE_CURVE('',#3077,#3079,#390,.T.);
#2513=EDGE_CURVE('',#3082,#3081,#391,.T.);
#2514=EDGE_CURVE('',#3082,#3083,#3440,.T.);
#2515=EDGE_CURVE('',#3075,#3083,#392,.T.);
#2516=EDGE_CURVE('',#3074,#3078,#393,.T.);
#2517=EDGE_CURVE('',#3084,#3085,#3441,.T.);
#2518=EDGE_CURVE('',#3083,#3085,#3442,.T.);
#2519=EDGE_CURVE('',#3082,#3084,#3443,.F.);
#2520=EDGE_CURVE('',#3086,#3086,#64,.F.);
#2521=EDGE_CURVE('',#3087,#3087,#65,.T.);
#2522=EDGE_CURVE('',#3088,#3088,#66,.F.);
#2523=EDGE_CURVE('',#3089,#3089,#67,.T.);
#2524=EDGE_CURVE('',#3025,#3084,#3444,.T.);
#2525=EDGE_CURVE('',#3085,#3024,#3445,.T.);
#2526=EDGE_CURVE('',#3090,#3091,#68,.F.);
#2527=EDGE_CURVE('',#3091,#3020,#394,.T.);
#2528=EDGE_CURVE('',#3031,#3072,#3446,.T.);
#2529=EDGE_CURVE('',#3023,#3092,#395,.T.);
#2530=EDGE_CURVE('',#3092,#3093,#69,.F.);
#2531=EDGE_CURVE('',#3093,#3090,#396,.T.);
#2532=EDGE_CURVE('',#3073,#3030,#3447,.T.);
#2533=EDGE_CURVE('',#3029,#3076,#3448,.T.);
#2534=EDGE_CURVE('',#3077,#3028,#3449,.T.);
#2535=EDGE_CURVE('',#3027,#3079,#3450,.T.);
#2536=EDGE_CURVE('',#3080,#3026,#3451,.T.);
#2537=EDGE_CURVE('',#2983,#3094,#3452,.T.);
#2538=EDGE_CURVE('',#3095,#3094,#397,.T.);
#2539=EDGE_CURVE('',#3095,#3000,#3453,.T.);
#2540=EDGE_CURVE('',#2999,#3096,#3454,.T.);
#2541=EDGE_CURVE('',#3096,#3097,#398,.T.);
#2542=EDGE_CURVE('',#3097,#2996,#3455,.T.);
#2543=EDGE_CURVE('',#2995,#3098,#3456,.T.);
#2544=EDGE_CURVE('',#3099,#3098,#399,.T.);
#2545=EDGE_CURVE('',#3099,#2978,#3457,.T.);
#2546=EDGE_CURVE('',#3100,#3005,#400,.T.);
#2547=EDGE_CURVE('',#3101,#3100,#401,.T.);
#2548=EDGE_CURVE('',#3101,#3102,#402,.T.);
#2549=EDGE_CURVE('',#3102,#3103,#403,.T.);
#2550=EDGE_CURVE('',#3009,#3103,#404,.T.);
#2551=EDGE_CURVE('',#2987,#3104,#3458,.T.);
#2552=EDGE_CURVE('',#3104,#3105,#405,.T.);
#2553=EDGE_CURVE('',#3105,#2984,#3459,.T.);
#2554=EDGE_CURVE('',#3058,#3097,#3460,.T.);
#2555=EDGE_CURVE('',#3096,#3059,#3461,.T.);
#2556=EDGE_CURVE('',#3098,#3057,#3462,.T.);
#2557=EDGE_CURVE('',#3056,#3099,#3463,.T.);
#2558=EDGE_CURVE('',#3062,#3105,#3464,.T.);
#2559=EDGE_CURVE('',#3104,#3063,#3465,.T.);
#2560=EDGE_CURVE('',#3094,#3061,#3466,.T.);
#2561=EDGE_CURVE('',#3060,#3095,#3467,.T.);
#2562=EDGE_CURVE('',#3106,#3107,#70,.T.);
#2563=EDGE_CURVE('',#3107,#3022,#406,.T.);
#2564=EDGE_CURVE('',#3021,#3108,#407,.F.);
#2565=EDGE_CURVE('',#3108,#3109,#71,.T.);
#2566=EDGE_CURVE('',#3109,#3106,#408,.T.);
#2567=EDGE_CURVE('',#3092,#3107,#409,.T.);
#2568=EDGE_CURVE('',#3093,#3106,#410,.T.);
#2569=EDGE_CURVE('',#3090,#3109,#411,.T.);
#2570=EDGE_CURVE('',#3091,#3108,#412,.T.);
#2571=EDGE_CURVE('',#3011,#3110,#3468,.T.);
#2572=EDGE_CURVE('',#3110,#3049,#3469,.T.);
#2573=EDGE_CURVE('',#3034,#3111,#3470,.T.);
#2574=EDGE_CURVE('',#3111,#3012,#3471,.T.);
#2575=EDGE_CURVE('',#2990,#3112,#3472,.T.);
#2576=EDGE_CURVE('',#3112,#3032,#3473,.T.);
#2577=EDGE_CURVE('',#3046,#3113,#3474,.T.);
#2578=EDGE_CURVE('',#3113,#2974,#3475,.T.);
#2579=EDGE_CURVE('',#3100,#3010,#413,.T.);
#2580=EDGE_CURVE('',#3101,#3015,#414,.T.);
#2581=EDGE_CURVE('',#3102,#3014,#415,.T.);
#2582=EDGE_CURVE('',#3103,#3013,#416,.T.);
#2583=EDGE_CURVE('',#3114,#3115,#3476,.F.);
#2584=EDGE_CURVE('',#3114,#3002,#3477,.F.);
#2585=EDGE_CURVE('',#3002,#3116,#3478,.F.);
#2586=EDGE_CURVE('',#3116,#3115,#3479,.F.);
#2587=EDGE_CURVE('',#3116,#3113,#3480,.F.);
#2588=EDGE_CURVE('',#3117,#3113,#3481,.T.);
#2589=EDGE_CURVE('',#3117,#3115,#3482,.F.);
#2590=EDGE_CURVE('',#3110,#3114,#3483,.F.);
#2591=EDGE_CURVE('',#3110,#3117,#3484,.T.);
#2592=EDGE_CURVE('',#3118,#3119,#3485,.F.);
#2593=EDGE_CURVE('',#3118,#3008,#3486,.F.);
#2594=EDGE_CURVE('',#3008,#3120,#3487,.F.);
#2595=EDGE_CURVE('',#3120,#3119,#3488,.F.);
#2596=EDGE_CURVE('',#3120,#3111,#3489,.F.);
#2597=EDGE_CURVE('',#3121,#3111,#3490,.T.);
#2598=EDGE_CURVE('',#3121,#3119,#3491,.F.);
#2599=EDGE_CURVE('',#3112,#3118,#3492,.F.);
#2600=EDGE_CURVE('',#3112,#3121,#3493,.T.);
#2601=EDGE_CURVE('',#3122,#3123,#417,.T.);
#2602=EDGE_CURVE('',#3123,#3124,#3494,.F.);
#2603=EDGE_CURVE('',#3124,#3125,#418,.T.);
#2604=EDGE_CURVE('',#3125,#3126,#3495,.F.);
#2605=EDGE_CURVE('',#3127,#3126,#419,.T.);
#2606=EDGE_CURVE('',#3127,#3128,#3496,.F.);
#2607=EDGE_CURVE('',#3128,#3129,#420,.T.);
#2608=EDGE_CURVE('',#3129,#3130,#3497,.F.);
#2609=EDGE_CURVE('',#3130,#3131,#421,.T.);
#2610=EDGE_CURVE('',#3131,#3132,#3498,.F.);
#2611=EDGE_CURVE('',#3132,#3133,#422,.T.);
#2612=EDGE_CURVE('',#3133,#3134,#3499,.F.);
#2613=EDGE_CURVE('',#3135,#3134,#423,.T.);
#2614=EDGE_CURVE('',#3135,#3136,#3500,.F.);
#2615=EDGE_CURVE('',#3136,#3137,#424,.T.);
#2616=EDGE_CURVE('',#3137,#3122,#3501,.F.);
#2617=EDGE_CURVE('',#3138,#3138,#72,.T.);
#2618=EDGE_CURVE('',#3139,#3131,#3502,.T.);
#2619=EDGE_CURVE('',#3140,#3139,#3503,.T.);
#2620=EDGE_CURVE('',#3132,#3140,#3504,.T.);
#2621=EDGE_CURVE('',#3141,#3129,#3505,.T.);
#2622=EDGE_CURVE('',#3142,#3141,#3506,.T.);
#2623=EDGE_CURVE('',#3130,#3142,#3507,.T.);
#2624=EDGE_CURVE('',#3139,#3142,#425,.T.);
#2625=EDGE_CURVE('',#3143,#3125,#3508,.T.);
#2626=EDGE_CURVE('',#3144,#3143,#3509,.T.);
#2627=EDGE_CURVE('',#3126,#3144,#3510,.T.);
#2628=EDGE_CURVE('',#3145,#3127,#3511,.T.);
#2629=EDGE_CURVE('',#3146,#3145,#3512,.T.);
#2630=EDGE_CURVE('',#3128,#3146,#3513,.T.);
#2631=EDGE_CURVE('',#3144,#3145,#426,.T.);
#2632=EDGE_CURVE('',#3141,#3146,#427,.T.);
#2633=EDGE_CURVE('',#3147,#3123,#3514,.T.);
#2634=EDGE_CURVE('',#3148,#3147,#3515,.T.);
#2635=EDGE_CURVE('',#3124,#3148,#3516,.T.);
#2636=EDGE_CURVE('',#3149,#3137,#3517,.T.);
#2637=EDGE_CURVE('',#3150,#3149,#3518,.T.);
#2638=EDGE_CURVE('',#3122,#3150,#3519,.T.);
#2639=EDGE_CURVE('',#3147,#3150,#428,.T.);
#2640=EDGE_CURVE('',#3143,#3148,#429,.T.);
#2641=EDGE_CURVE('',#3151,#3133,#3520,.T.);
#2642=EDGE_CURVE('',#3152,#3151,#3521,.T.);
#2643=EDGE_CURVE('',#3134,#3152,#3522,.T.);
#2644=EDGE_CURVE('',#3153,#3135,#3523,.T.);
#2645=EDGE_CURVE('',#3154,#3153,#3524,.T.);
#2646=EDGE_CURVE('',#3136,#3154,#3525,.T.);
#2647=EDGE_CURVE('',#3152,#3153,#430,.T.);
#2648=EDGE_CURVE('',#3149,#3154,#431,.T.);
#2649=EDGE_CURVE('',#3151,#3140,#432,.T.);
#2650=EDGE_CURVE('',#3155,#3155,#73,.T.);
#2651=EDGE_CURVE('',#3156,#3157,#433,.T.);
#2652=EDGE_CURVE('',#3157,#3158,#434,.T.);
#2653=EDGE_CURVE('',#3159,#3158,#435,.T.);
#2654=EDGE_CURVE('',#3160,#3159,#436,.T.);
#2655=EDGE_CURVE('',#3160,#3161,#437,.T.);
#2656=EDGE_CURVE('',#3161,#3162,#438,.T.);
#2657=EDGE_CURVE('',#3163,#3162,#439,.T.);
#2658=EDGE_CURVE('',#3156,#3163,#440,.T.);
#2659=EDGE_CURVE('',#3164,#3165,#441,.T.);
#2660=EDGE_CURVE('',#3166,#3164,#442,.T.);
#2661=EDGE_CURVE('',#3166,#3167,#443,.T.);
#2662=EDGE_CURVE('',#3167,#3165,#444,.T.);
#2663=EDGE_CURVE('',#3168,#3164,#74,.T.);
#2664=EDGE_CURVE('',#3169,#3168,#445,.T.);
#2665=EDGE_CURVE('',#3169,#3166,#75,.T.);
#2666=EDGE_CURVE('',#3170,#3168,#446,.T.);
#2667=EDGE_CURVE('',#3171,#3170,#447,.T.);
#2668=EDGE_CURVE('',#3171,#3169,#448,.T.);
#2669=EDGE_CURVE('',#3172,#3170,#76,.T.);
#2670=EDGE_CURVE('',#3173,#3172,#449,.T.);
#2671=EDGE_CURVE('',#3173,#3171,#77,.T.);
#2672=EDGE_CURVE('',#3174,#3172,#450,.T.);
#2673=EDGE_CURVE('',#3175,#3174,#451,.T.);
#2674=EDGE_CURVE('',#3175,#3173,#452,.T.);
#2675=EDGE_CURVE('',#3176,#3174,#78,.T.);
#2676=EDGE_CURVE('',#3177,#3176,#453,.T.);
#2677=EDGE_CURVE('',#3177,#3175,#79,.T.);
#2678=EDGE_CURVE('',#3178,#3176,#454,.T.);
#2679=EDGE_CURVE('',#3179,#3178,#455,.T.);
#2680=EDGE_CURVE('',#3179,#3177,#456,.T.);
#2681=EDGE_CURVE('',#3180,#3181,#80,.T.);
#2682=EDGE_CURVE('',#3182,#3180,#457,.T.);
#2683=EDGE_CURVE('',#3182,#3183,#81,.T.);
#2684=EDGE_CURVE('',#3183,#3181,#458,.T.);
#2685=EDGE_CURVE('',#3184,#3180,#459,.T.);
#2686=EDGE_CURVE('',#3185,#3184,#460,.T.);
#2687=EDGE_CURVE('',#3185,#3182,#461,.T.);
#2688=EDGE_CURVE('',#3186,#3184,#82,.T.);
#2689=EDGE_CURVE('',#3187,#3186,#462,.T.);
#2690=EDGE_CURVE('',#3187,#3185,#83,.T.);
#2691=EDGE_CURVE('',#3188,#3186,#463,.T.);
#2692=EDGE_CURVE('',#3189,#3188,#464,.T.);
#2693=EDGE_CURVE('',#3189,#3187,#465,.T.);
#2694=EDGE_CURVE('',#3190,#3188,#84,.T.);
#2695=EDGE_CURVE('',#3191,#3190,#466,.T.);
#2696=EDGE_CURVE('',#3191,#3189,#85,.T.);
#2697=EDGE_CURVE('',#3192,#3190,#467,.T.);
#2698=EDGE_CURVE('',#3193,#3192,#468,.T.);
#2699=EDGE_CURVE('',#3193,#3191,#469,.T.);
#2700=EDGE_CURVE('',#3194,#3192,#86,.T.);
#2701=EDGE_CURVE('',#3195,#3194,#470,.T.);
#2702=EDGE_CURVE('',#3195,#3193,#87,.T.);
#2703=EDGE_CURVE('',#3196,#3197,#88,.T.);
#2704=EDGE_CURVE('',#3198,#3196,#471,.T.);
#2705=EDGE_CURVE('',#3198,#3199,#89,.T.);
#2706=EDGE_CURVE('',#3199,#3197,#472,.T.);
#2707=EDGE_CURVE('',#3200,#3196,#473,.T.);
#2708=EDGE_CURVE('',#3201,#3200,#474,.T.);
#2709=EDGE_CURVE('',#3201,#3198,#475,.T.);
#2710=EDGE_CURVE('',#3202,#3200,#90,.T.);
#2711=EDGE_CURVE('',#3203,#3202,#476,.T.);
#2712=EDGE_CURVE('',#3203,#3201,#91,.T.);
#2713=EDGE_CURVE('',#3204,#3202,#477,.T.);
#2714=EDGE_CURVE('',#3205,#3204,#478,.T.);
#2715=EDGE_CURVE('',#3205,#3203,#479,.T.);
#2716=EDGE_CURVE('',#3206,#3204,#92,.T.);
#2717=EDGE_CURVE('',#3207,#3206,#480,.T.);
#2718=EDGE_CURVE('',#3207,#3205,#93,.T.);
#2719=EDGE_CURVE('',#3208,#3206,#481,.T.);
#2720=EDGE_CURVE('',#3209,#3208,#482,.T.);
#2721=EDGE_CURVE('',#3209,#3207,#483,.T.);
#2722=EDGE_CURVE('',#3210,#3208,#94,.T.);
#2723=EDGE_CURVE('',#3211,#3210,#484,.T.);
#2724=EDGE_CURVE('',#3211,#3209,#95,.T.);
#2725=EDGE_CURVE('',#3212,#3213,#485,.T.);
#2726=EDGE_CURVE('',#3214,#3212,#486,.T.);
#2727=EDGE_CURVE('',#3214,#3215,#487,.T.);
#2728=EDGE_CURVE('',#3215,#3213,#488,.T.);
#2729=EDGE_CURVE('',#3216,#3212,#96,.T.);
#2730=EDGE_CURVE('',#3217,#3216,#489,.T.);
#2731=EDGE_CURVE('',#3217,#3214,#97,.T.);
#2732=EDGE_CURVE('',#3218,#3216,#490,.T.);
#2733=EDGE_CURVE('',#3219,#3218,#491,.T.);
#2734=EDGE_CURVE('',#3219,#3217,#492,.T.);
#2735=EDGE_CURVE('',#3220,#3218,#98,.T.);
#2736=EDGE_CURVE('',#3221,#3220,#493,.T.);
#2737=EDGE_CURVE('',#3221,#3219,#99,.T.);
#2738=EDGE_CURVE('',#3222,#3220,#494,.T.);
#2739=EDGE_CURVE('',#3223,#3222,#495,.T.);
#2740=EDGE_CURVE('',#3223,#3221,#496,.T.);
#2741=EDGE_CURVE('',#3224,#3222,#100,.T.);
#2742=EDGE_CURVE('',#3225,#3224,#497,.T.);
#2743=EDGE_CURVE('',#3225,#3223,#101,.T.);
#2744=EDGE_CURVE('',#3226,#3224,#498,.T.);
#2745=EDGE_CURVE('',#3227,#3226,#499,.T.);
#2746=EDGE_CURVE('',#3227,#3225,#500,.T.);
#2747=EDGE_CURVE('',#3228,#3229,#501,.T.);
#2748=EDGE_CURVE('',#3230,#3228,#502,.T.);
#2749=EDGE_CURVE('',#3230,#3231,#503,.T.);
#2750=EDGE_CURVE('',#3231,#3229,#504,.T.);
#2751=EDGE_CURVE('',#3232,#3228,#102,.T.);
#2752=EDGE_CURVE('',#3233,#3232,#505,.T.);
#2753=EDGE_CURVE('',#3233,#3230,#103,.T.);
#2754=EDGE_CURVE('',#3234,#3232,#506,.T.);
#2755=EDGE_CURVE('',#3235,#3234,#507,.T.);
#2756=EDGE_CURVE('',#3235,#3233,#508,.T.);
#2757=EDGE_CURVE('',#3236,#3234,#104,.T.);
#2758=EDGE_CURVE('',#3237,#3236,#509,.T.);
#2759=EDGE_CURVE('',#3237,#3235,#105,.T.);
#2760=EDGE_CURVE('',#3238,#3236,#510,.T.);
#2761=EDGE_CURVE('',#3239,#3238,#511,.T.);
#2762=EDGE_CURVE('',#3239,#3237,#512,.T.);
#2763=EDGE_CURVE('',#3240,#3238,#106,.T.);
#2764=EDGE_CURVE('',#3241,#3240,#513,.T.);
#2765=EDGE_CURVE('',#3241,#3239,#107,.T.);
#2766=EDGE_CURVE('',#3242,#3240,#514,.T.);
#2767=EDGE_CURVE('',#3243,#3242,#515,.T.);
#2768=EDGE_CURVE('',#3243,#3241,#516,.T.);
#2769=EDGE_CURVE('',#3244,#3245,#517,.T.);
#2770=EDGE_CURVE('',#3246,#3244,#518,.T.);
#2771=EDGE_CURVE('',#3246,#3247,#519,.T.);
#2772=EDGE_CURVE('',#3247,#3245,#520,.T.);
#2773=EDGE_CURVE('',#3248,#3244,#108,.T.);
#2774=EDGE_CURVE('',#3249,#3248,#521,.T.);
#2775=EDGE_CURVE('',#3249,#3246,#109,.T.);
#2776=EDGE_CURVE('',#3250,#3248,#522,.T.);
#2777=EDGE_CURVE('',#3251,#3250,#523,.T.);
#2778=EDGE_CURVE('',#3251,#3249,#524,.T.);
#2779=EDGE_CURVE('',#3252,#3250,#110,.T.);
#2780=EDGE_CURVE('',#3253,#3252,#525,.T.);
#2781=EDGE_CURVE('',#3253,#3251,#111,.T.);
#2782=EDGE_CURVE('',#3254,#3252,#526,.T.);
#2783=EDGE_CURVE('',#3255,#3254,#527,.T.);
#2784=EDGE_CURVE('',#3255,#3253,#528,.T.);
#2785=EDGE_CURVE('',#3256,#3254,#112,.T.);
#2786=EDGE_CURVE('',#3257,#3256,#529,.T.);
#2787=EDGE_CURVE('',#3257,#3255,#113,.T.);
#2788=EDGE_CURVE('',#3258,#3256,#530,.T.);
#2789=EDGE_CURVE('',#3259,#3258,#531,.T.);
#2790=EDGE_CURVE('',#3259,#3257,#532,.T.);
#2791=EDGE_CURVE('',#3260,#3261,#3526,.T.);
#2792=EDGE_CURVE('',#3262,#3261,#533,.T.);
#2793=EDGE_CURVE('',#3263,#3262,#3527,.T.);
#2794=EDGE_CURVE('',#3263,#3260,#534,.T.);
#2795=EDGE_CURVE('',#3261,#3264,#535,.T.);
#2796=EDGE_CURVE('',#3265,#3264,#536,.T.);
#2797=EDGE_CURVE('',#3262,#3265,#537,.T.);
#2798=EDGE_CURVE('',#3264,#3266,#3528,.T.);
#2799=EDGE_CURVE('',#3267,#3266,#538,.T.);
#2800=EDGE_CURVE('',#3265,#3267,#3529,.T.);
#2801=EDGE_CURVE('',#3268,#3266,#539,.T.);
#2802=EDGE_CURVE('',#3269,#3268,#540,.T.);
#2803=EDGE_CURVE('',#3269,#3267,#541,.T.);
#2804=EDGE_CURVE('',#3268,#3270,#3530,.T.);
#2805=EDGE_CURVE('',#3271,#3270,#542,.T.);
#2806=EDGE_CURVE('',#3269,#3271,#3531,.T.);
#2807=EDGE_CURVE('',#3272,#3270,#543,.T.);
#2808=EDGE_CURVE('',#3273,#3272,#544,.T.);
#2809=EDGE_CURVE('',#3273,#3271,#545,.T.);
#2810=EDGE_CURVE('',#3272,#3274,#3532,.T.);
#2811=EDGE_CURVE('',#3275,#3274,#546,.T.);
#2812=EDGE_CURVE('',#3273,#3275,#3533,.T.);
#2813=EDGE_CURVE('',#3276,#3277,#547,.T.);
#2814=EDGE_CURVE('',#3278,#3276,#548,.T.);
#2815=EDGE_CURVE('',#3279,#3278,#549,.T.);
#2816=EDGE_CURVE('',#3279,#3280,#550,.T.);
#2817=EDGE_CURVE('',#3280,#3281,#551,.T.);
#2818=EDGE_CURVE('',#3282,#3281,#552,.T.);
#2819=EDGE_CURVE('',#3282,#3283,#553,.T.);
#2820=EDGE_CURVE('',#3283,#3277,#554,.T.);
#2821=EDGE_CURVE('',#3278,#3162,#555,.T.);
#2822=EDGE_CURVE('',#3279,#3161,#556,.T.);
#2823=EDGE_CURVE('',#3181,#3194,#557,.T.);
#2824=EDGE_CURVE('',#3183,#3195,#558,.T.);
#2825=EDGE_CURVE('',#3197,#3210,#559,.T.);
#2826=EDGE_CURVE('',#3199,#3211,#560,.T.);
#2827=EDGE_CURVE('',#3213,#3226,#114,.T.);
#2828=EDGE_CURVE('',#3215,#3227,#115,.T.);
#2829=EDGE_CURVE('',#3229,#3242,#116,.T.);
#2830=EDGE_CURVE('',#3231,#3243,#117,.T.);
#2831=EDGE_CURVE('',#3245,#3258,#118,.T.);
#2832=EDGE_CURVE('',#3247,#3259,#119,.T.);
#2833=EDGE_CURVE('',#3284,#3284,#120,.T.);
#2834=EDGE_CURVE('',#3285,#3285,#121,.T.);
#2835=EDGE_CURVE('',#3286,#3286,#122,.T.);
#2836=EDGE_CURVE('',#3287,#3287,#123,.T.);
#2837=EDGE_CURVE('',#3274,#3260,#561,.T.);
#2838=EDGE_CURVE('',#3275,#3263,#562,.T.);
#2839=EDGE_CURVE('',#3288,#3288,#124,.T.);
#2840=EDGE_CURVE('',#3289,#3289,#125,.T.);
#2841=EDGE_CURVE('',#3290,#3290,#126,.T.);
#2842=EDGE_CURVE('',#3291,#3291,#127,.T.);
#2843=EDGE_CURVE('',#3281,#3159,#563,.T.);
#2844=EDGE_CURVE('',#3280,#3160,#564,.T.);
#2845=EDGE_CURVE('',#3165,#3178,#128,.T.);
#2846=EDGE_CURVE('',#3167,#3179,#129,.T.);
#2847=EDGE_CURVE('',#3282,#3158,#565,.T.);
#2848=EDGE_CURVE('',#3276,#3163,#566,.T.);
#2849=EDGE_CURVE('',#3283,#3157,#567,.T.);
#2850=EDGE_CURVE('',#3277,#3156,#568,.T.);
#2851=EDGE_CURVE('',#3292,#3292,#130,.T.);
#2852=EDGE_CURVE('',#3293,#3293,#131,.T.);
#2853=EDGE_CURVE('',#3294,#3294,#132,.T.);
#2854=EDGE_CURVE('',#3295,#3295,#3534,.T.);
#2855=EDGE_CURVE('',#3296,#3296,#3535,.T.);
#2856=EDGE_CURVE('',#3297,#3297,#133,.T.);
#2857=EDGE_CURVE('',#3298,#3298,#134,.T.);
#2858=VERTEX_POINT('',#5898);
#2859=VERTEX_POINT('',#5899);
#2860=VERTEX_POINT('',#5901);
#2861=VERTEX_POINT('',#5906);
#2862=VERTEX_POINT('',#5913);
#2863=VERTEX_POINT('',#5914);
#2864=VERTEX_POINT('',#5916);
#2865=VERTEX_POINT('',#5921);
#2866=VERTEX_POINT('',#5928);
#2867=VERTEX_POINT('',#5929);
#2868=VERTEX_POINT('',#5931);
#2869=VERTEX_POINT('',#5936);
#2870=VERTEX_POINT('',#5940);
#2871=VERTEX_POINT('',#5941);
#2872=VERTEX_POINT('',#5943);
#2873=VERTEX_POINT('',#5945);
#2874=VERTEX_POINT('',#5956);
#2875=VERTEX_POINT('',#5957);
#2876=VERTEX_POINT('',#5968);
#2877=VERTEX_POINT('',#5969);
#2878=VERTEX_POINT('',#5981);
#2879=VERTEX_POINT('',#5982);
#2880=VERTEX_POINT('',#5993);
#2881=VERTEX_POINT('',#5994);
#2882=VERTEX_POINT('',#6006);
#2883=VERTEX_POINT('',#6007);
#2884=VERTEX_POINT('',#6018);
#2885=VERTEX_POINT('',#6019);
#2886=VERTEX_POINT('',#6027);
#2887=VERTEX_POINT('',#6028);
#2888=VERTEX_POINT('',#6030);
#2889=VERTEX_POINT('',#6035);
#2890=VERTEX_POINT('',#6042);
#2891=VERTEX_POINT('',#6043);
#2892=VERTEX_POINT('',#6045);
#2893=VERTEX_POINT('',#6050);
#2894=VERTEX_POINT('',#6057);
#2895=VERTEX_POINT('',#6058);
#2896=VERTEX_POINT('',#6060);
#2897=VERTEX_POINT('',#6065);
#2898=VERTEX_POINT('',#6072);
#2899=VERTEX_POINT('',#6073);
#2900=VERTEX_POINT('',#6075);
#2901=VERTEX_POINT('',#6080);
#2902=VERTEX_POINT('',#6084);
#2903=VERTEX_POINT('',#6085);
#2904=VERTEX_POINT('',#6087);
#2905=VERTEX_POINT('',#6092);
#2906=VERTEX_POINT('',#6096);
#2907=VERTEX_POINT('',#6097);
#2908=VERTEX_POINT('',#6105);
#2909=VERTEX_POINT('',#6106);
#2910=VERTEX_POINT('',#6130);
#2911=VERTEX_POINT('',#6131);
#2912=VERTEX_POINT('',#6133);
#2913=VERTEX_POINT('',#6138);
#2914=VERTEX_POINT('',#6145);
#2915=VERTEX_POINT('',#6146);
#2916=VERTEX_POINT('',#6148);
#2917=VERTEX_POINT('',#6153);
#2918=VERTEX_POINT('',#6160);
#2919=VERTEX_POINT('',#6161);
#2920=VERTEX_POINT('',#6163);
#2921=VERTEX_POINT('',#6168);
#2922=VERTEX_POINT('',#6190);
#2923=VERTEX_POINT('',#6191);
#2924=VERTEX_POINT('',#6193);
#2925=VERTEX_POINT('',#6213);
#2926=VERTEX_POINT('',#6215);
#2927=VERTEX_POINT('',#6235);
#2928=VERTEX_POINT('',#6237);
#2929=VERTEX_POINT('',#6257);
#2930=VERTEX_POINT('',#6267);
#2931=VERTEX_POINT('',#6268);
#2932=VERTEX_POINT('',#6270);
#2933=VERTEX_POINT('',#6279);
#2934=VERTEX_POINT('',#6281);
#2935=VERTEX_POINT('',#6283);
#2936=VERTEX_POINT('',#6285);
#2937=VERTEX_POINT('',#6294);
#2938=VERTEX_POINT('',#6296);
#2939=VERTEX_POINT('',#6305);
#2940=VERTEX_POINT('',#6307);
#2941=VERTEX_POINT('',#6316);
#2942=VERTEX_POINT('',#6318);
#2943=VERTEX_POINT('',#6323);
#2944=VERTEX_POINT('',#6325);
#2945=VERTEX_POINT('',#6334);
#2946=VERTEX_POINT('',#6336);
#2947=VERTEX_POINT('',#6345);
#2948=VERTEX_POINT('',#6347);
#2949=VERTEX_POINT('',#6352);
#2950=VERTEX_POINT('',#6354);
#2951=VERTEX_POINT('',#6359);
#2952=VERTEX_POINT('',#6361);
#2953=VERTEX_POINT('',#6370);
#2954=VERTEX_POINT('',#6374);
#2955=VERTEX_POINT('',#6376);
#2956=VERTEX_POINT('',#6378);
#2957=VERTEX_POINT('',#6380);
#2958=VERTEX_POINT('',#6382);
#2959=VERTEX_POINT('',#6383);
#2960=VERTEX_POINT('',#6385);
#2961=VERTEX_POINT('',#6387);
#2962=VERTEX_POINT('',#6433);
#2963=VERTEX_POINT('',#6435);
#2964=VERTEX_POINT('',#6439);
#2965=VERTEX_POINT('',#6443);
#2966=VERTEX_POINT('',#6760);
#2967=VERTEX_POINT('',#6786);
#2968=VERTEX_POINT('',#6801);
#2969=VERTEX_POINT('',#6828);
#2970=VERTEX_POINT('',#7058);
#2971=VERTEX_POINT('',#7062);
#2972=VERTEX_POINT('',#7066);
#2973=VERTEX_POINT('',#7070);
#2974=VERTEX_POINT('',#7075);
#2975=VERTEX_POINT('',#7076);
#2976=VERTEX_POINT('',#7083);
#2977=VERTEX_POINT('',#7085);
#2978=VERTEX_POINT('',#7087);
#2979=VERTEX_POINT('',#7092);
#2980=VERTEX_POINT('',#7094);
#2981=VERTEX_POINT('',#7096);
#2982=VERTEX_POINT('',#7103);
#2983=VERTEX_POINT('',#7104);
#2984=VERTEX_POINT('',#7106);
#2985=VERTEX_POINT('',#7111);
#2986=VERTEX_POINT('',#7118);
#2987=VERTEX_POINT('',#7119);
#2988=VERTEX_POINT('',#7121);
#2989=VERTEX_POINT('',#7123);
#2990=VERTEX_POINT('',#7130);
#2991=VERTEX_POINT('',#7132);
#2992=VERTEX_POINT('',#7134);
#2993=VERTEX_POINT('',#7136);
#2994=VERTEX_POINT('',#7143);
#2995=VERTEX_POINT('',#7144);
#2996=VERTEX_POINT('',#7146);
#2997=VERTEX_POINT('',#7151);
#2998=VERTEX_POINT('',#7158);
#2999=VERTEX_POINT('',#7159);
#3000=VERTEX_POINT('',#7161);
#3001=VERTEX_POINT('',#7166);
#3002=VERTEX_POINT('',#7173);
#3003=VERTEX_POINT('',#7178);
#3004=VERTEX_POINT('',#7180);
#3005=VERTEX_POINT('',#7182);
#3006=VERTEX_POINT('',#7186);
#3007=VERTEX_POINT('',#7187);
#3008=VERTEX_POINT('',#7192);
#3009=VERTEX_POINT('',#7198);
#3010=VERTEX_POINT('',#7202);
#3011=VERTEX_POINT('',#7209);
#3012=VERTEX_POINT('',#7211);
#3013=VERTEX_POINT('',#7219);
#3014=VERTEX_POINT('',#7221);
#3015=VERTEX_POINT('',#7223);
#3016=VERTEX_POINT('',#7226);
#3017=VERTEX_POINT('',#7228);
#3018=VERTEX_POINT('',#7230);
#3019=VERTEX_POINT('',#7232);
#3020=VERTEX_POINT('',#7234);
#3021=VERTEX_POINT('',#7235);
#3022=VERTEX_POINT('',#7237);
#3023=VERTEX_POINT('',#7239);
#3024=VERTEX_POINT('',#7241);
#3025=VERTEX_POINT('',#7246);
#3026=VERTEX_POINT('',#7248);
#3027=VERTEX_POINT('',#7253);
#3028=VERTEX_POINT('',#7255);
#3029=VERTEX_POINT('',#7260);
#3030=VERTEX_POINT('',#7262);
#3031=VERTEX_POINT('',#7267);
#3032=VERTEX_POINT('',#7271);
#3033=VERTEX_POINT('',#7272);
#3034=VERTEX_POINT('',#7280);
#3035=VERTEX_POINT('',#7282);
#3036=VERTEX_POINT('',#7284);
#3037=VERTEX_POINT('',#7288);
#3038=VERTEX_POINT('',#7293);
#3039=VERTEX_POINT('',#7295);
#3040=VERTEX_POINT('',#7297);
#3041=VERTEX_POINT('',#7301);
#3042=VERTEX_POINT('',#7303);
#3043=VERTEX_POINT('',#7307);
#3044=VERTEX_POINT('',#7310);
#3045=VERTEX_POINT('',#7314);
#3046=VERTEX_POINT('',#7316);
#3047=VERTEX_POINT('',#7320);
#3048=VERTEX_POINT('',#7321);
#3049=VERTEX_POINT('',#7323);
#3050=VERTEX_POINT('',#7337);
#3051=VERTEX_POINT('',#7339);
#3052=VERTEX_POINT('',#7342);
#3053=VERTEX_POINT('',#7345);
#3054=VERTEX_POINT('',#7348);
#3055=VERTEX_POINT('',#7351);
#3056=VERTEX_POINT('',#7359);
#3057=VERTEX_POINT('',#7361);
#3058=VERTEX_POINT('',#7370);
#3059=VERTEX_POINT('',#7372);
#3060=VERTEX_POINT('',#7381);
#3061=VERTEX_POINT('',#7383);
#3062=VERTEX_POINT('',#7392);
#3063=VERTEX_POINT('',#7394);
#3064=VERTEX_POINT('',#7401);
#3065=VERTEX_POINT('',#7403);
#3066=VERTEX_POINT('',#7406);
#3067=VERTEX_POINT('',#7408);
#3068=VERTEX_POINT('',#7411);
#3069=VERTEX_POINT('',#7413);
#3070=VERTEX_POINT('',#7416);
#3071=VERTEX_POINT('',#7418);
#3072=VERTEX_POINT('',#7431);
#3073=VERTEX_POINT('',#7432);
#3074=VERTEX_POINT('',#7437);
#3075=VERTEX_POINT('',#7447);
#3076=VERTEX_POINT('',#7464);
#3077=VERTEX_POINT('',#7465);
#3078=VERTEX_POINT('',#7475);
#3079=VERTEX_POINT('',#7492);
#3080=VERTEX_POINT('',#7493);
#3081=VERTEX_POINT('',#7498);
#3082=VERTEX_POINT('',#7511);
#3083=VERTEX_POINT('',#7521);
#3084=VERTEX_POINT('',#7536);
#3085=VERTEX_POINT('',#7537);
#3086=VERTEX_POINT('',#7548);
#3087=VERTEX_POINT('',#7551);
#3088=VERTEX_POINT('',#7554);
#3089=VERTEX_POINT('',#7557);
#3090=VERTEX_POINT('',#7576);
#3091=VERTEX_POINT('',#7577);
#3092=VERTEX_POINT('',#7584);
#3093=VERTEX_POINT('',#7586);
#3094=VERTEX_POINT('',#7645);
#3095=VERTEX_POINT('',#7647);
#3096=VERTEX_POINT('',#7658);
#3097=VERTEX_POINT('',#7660);
#3098=VERTEX_POINT('',#7671);
#3099=VERTEX_POINT('',#7673);
#3100=VERTEX_POINT('',#7680);
#3101=VERTEX_POINT('',#7682);
#3102=VERTEX_POINT('',#7684);
#3103=VERTEX_POINT('',#7686);
#3104=VERTEX_POINT('',#7693);
#3105=VERTEX_POINT('',#7695);
#3106=VERTEX_POINT('',#7804);
#3107=VERTEX_POINT('',#7805);
#3108=VERTEX_POINT('',#7808);
#3109=VERTEX_POINT('',#7810);
#3110=VERTEX_POINT('',#7826);
#3111=VERTEX_POINT('',#7835);
#3112=VERTEX_POINT('',#7845);
#3113=VERTEX_POINT('',#7855);
#3114=VERTEX_POINT('',#7941);
#3115=VERTEX_POINT('',#7942);
#3116=VERTEX_POINT('',#7951);
#3117=VERTEX_POINT('',#8032);
#3118=VERTEX_POINT('',#8209);
#3119=VERTEX_POINT('',#8210);
#3120=VERTEX_POINT('',#8219);
#3121=VERTEX_POINT('',#8300);
#3122=VERTEX_POINT('',#8407);
#3123=VERTEX_POINT('',#8408);
#3124=VERTEX_POINT('',#8412);
#3125=VERTEX_POINT('',#8414);
#3126=VERTEX_POINT('',#8418);
#3127=VERTEX_POINT('',#8420);
#3128=VERTEX_POINT('',#8424);
#3129=VERTEX_POINT('',#8426);
#3130=VERTEX_POINT('',#8430);
#3131=VERTEX_POINT('',#8432);
#3132=VERTEX_POINT('',#8436);
#3133=VERTEX_POINT('',#8438);
#3134=VERTEX_POINT('',#8442);
#3135=VERTEX_POINT('',#8444);
#3136=VERTEX_POINT('',#8448);
#3137=VERTEX_POINT('',#8450);
#3138=VERTEX_POINT('',#8455);
#3139=VERTEX_POINT('',#8468);
#3140=VERTEX_POINT('',#8473);
#3141=VERTEX_POINT('',#8490);
#3142=VERTEX_POINT('',#8495);
#3143=VERTEX_POINT('',#8514);
#3144=VERTEX_POINT('',#8519);
#3145=VERTEX_POINT('',#8536);
#3146=VERTEX_POINT('',#8541);
#3147=VERTEX_POINT('',#8562);
#3148=VERTEX_POINT('',#8567);
#3149=VERTEX_POINT('',#8584);
#3150=VERTEX_POINT('',#8589);
#3151=VERTEX_POINT('',#8610);
#3152=VERTEX_POINT('',#8615);
#3153=VERTEX_POINT('',#8632);
#3154=VERTEX_POINT('',#8637);
#3155=VERTEX_POINT('',#8650);
#3156=VERTEX_POINT('',#8655);
#3157=VERTEX_POINT('',#8656);
#3158=VERTEX_POINT('',#8658);
#3159=VERTEX_POINT('',#8660);
#3160=VERTEX_POINT('',#8662);
#3161=VERTEX_POINT('',#8664);
#3162=VERTEX_POINT('',#8666);
#3163=VERTEX_POINT('',#8668);
#3164=VERTEX_POINT('',#8672);
#3165=VERTEX_POINT('',#8673);
#3166=VERTEX_POINT('',#8675);
#3167=VERTEX_POINT('',#8677);
#3168=VERTEX_POINT('',#8681);
#3169=VERTEX_POINT('',#8683);
#3170=VERTEX_POINT('',#8687);
#3171=VERTEX_POINT('',#8689);
#3172=VERTEX_POINT('',#8693);
#3173=VERTEX_POINT('',#8695);
#3174=VERTEX_POINT('',#8699);
#3175=VERTEX_POINT('',#8701);
#3176=VERTEX_POINT('',#8705);
#3177=VERTEX_POINT('',#8707);
#3178=VERTEX_POINT('',#8711);
#3179=VERTEX_POINT('',#8713);
#3180=VERTEX_POINT('',#8717);
#3181=VERTEX_POINT('',#8718);
#3182=VERTEX_POINT('',#8720);
#3183=VERTEX_POINT('',#8722);
#3184=VERTEX_POINT('',#8726);
#3185=VERTEX_POINT('',#8728);
#3186=VERTEX_POINT('',#8732);
#3187=VERTEX_POINT('',#8734);
#3188=VERTEX_POINT('',#8738);
#3189=VERTEX_POINT('',#8740);
#3190=VERTEX_POINT('',#8744);
#3191=VERTEX_POINT('',#8746);
#3192=VERTEX_POINT('',#8750);
#3193=VERTEX_POINT('',#8752);
#3194=VERTEX_POINT('',#8756);
#3195=VERTEX_POINT('',#8758);
#3196=VERTEX_POINT('',#8762);
#3197=VERTEX_POINT('',#8763);
#3198=VERTEX_POINT('',#8765);
#3199=VERTEX_POINT('',#8767);
#3200=VERTEX_POINT('',#8771);
#3201=VERTEX_POINT('',#8773);
#3202=VERTEX_POINT('',#8777);
#3203=VERTEX_POINT('',#8779);
#3204=VERTEX_POINT('',#8783);
#3205=VERTEX_POINT('',#8785);
#3206=VERTEX_POINT('',#8789);
#3207=VERTEX_POINT('',#8791);
#3208=VERTEX_POINT('',#8795);
#3209=VERTEX_POINT('',#8797);
#3210=VERTEX_POINT('',#8801);
#3211=VERTEX_POINT('',#8803);
#3212=VERTEX_POINT('',#8807);
#3213=VERTEX_POINT('',#8808);
#3214=VERTEX_POINT('',#8810);
#3215=VERTEX_POINT('',#8812);
#3216=VERTEX_POINT('',#8816);
#3217=VERTEX_POINT('',#8818);
#3218=VERTEX_POINT('',#8822);
#3219=VERTEX_POINT('',#8824);
#3220=VERTEX_POINT('',#8828);
#3221=VERTEX_POINT('',#8830);
#3222=VERTEX_POINT('',#8834);
#3223=VERTEX_POINT('',#8836);
#3224=VERTEX_POINT('',#8840);
#3225=VERTEX_POINT('',#8842);
#3226=VERTEX_POINT('',#8846);
#3227=VERTEX_POINT('',#8848);
#3228=VERTEX_POINT('',#8852);
#3229=VERTEX_POINT('',#8853);
#3230=VERTEX_POINT('',#8855);
#3231=VERTEX_POINT('',#8857);
#3232=VERTEX_POINT('',#8861);
#3233=VERTEX_POINT('',#8863);
#3234=VERTEX_POINT('',#8867);
#3235=VERTEX_POINT('',#8869);
#3236=VERTEX_POINT('',#8873);
#3237=VERTEX_POINT('',#8875);
#3238=VERTEX_POINT('',#8879);
#3239=VERTEX_POINT('',#8881);
#3240=VERTEX_POINT('',#8885);
#3241=VERTEX_POINT('',#8887);
#3242=VERTEX_POINT('',#8891);
#3243=VERTEX_POINT('',#8893);
#3244=VERTEX_POINT('',#8897);
#3245=VERTEX_POINT('',#8898);
#3246=VERTEX_POINT('',#8900);
#3247=VERTEX_POINT('',#8902);
#3248=VERTEX_POINT('',#8906);
#3249=VERTEX_POINT('',#8908);
#3250=VERTEX_POINT('',#8912);
#3251=VERTEX_POINT('',#8914);
#3252=VERTEX_POINT('',#8918);
#3253=VERTEX_POINT('',#8920);
#3254=VERTEX_POINT('',#8924);
#3255=VERTEX_POINT('',#8926);
#3256=VERTEX_POINT('',#8930);
#3257=VERTEX_POINT('',#8932);
#3258=VERTEX_POINT('',#8936);
#3259=VERTEX_POINT('',#8938);
#3260=VERTEX_POINT('',#8952);
#3261=VERTEX_POINT('',#8953);
#3262=VERTEX_POINT('',#8955);
#3263=VERTEX_POINT('',#8960);
#3264=VERTEX_POINT('',#8964);
#3265=VERTEX_POINT('',#8966);
#3266=VERTEX_POINT('',#8980);
#3267=VERTEX_POINT('',#8982);
#3268=VERTEX_POINT('',#8989);
#3269=VERTEX_POINT('',#8991);
#3270=VERTEX_POINT('',#9005);
#3271=VERTEX_POINT('',#9007);
#3272=VERTEX_POINT('',#9014);
#3273=VERTEX_POINT('',#9016);
#3274=VERTEX_POINT('',#9030);
#3275=VERTEX_POINT('',#9032);
#3276=VERTEX_POINT('',#9039);
#3277=VERTEX_POINT('',#9040);
#3278=VERTEX_POINT('',#9042);
#3279=VERTEX_POINT('',#9044);
#3280=VERTEX_POINT('',#9046);
#3281=VERTEX_POINT('',#9048);
#3282=VERTEX_POINT('',#9050);
#3283=VERTEX_POINT('',#9052);
#3284=VERTEX_POINT('',#9074);
#3285=VERTEX_POINT('',#9076);
#3286=VERTEX_POINT('',#9079);
#3287=VERTEX_POINT('',#9081);
#3288=VERTEX_POINT('',#9087);
#3289=VERTEX_POINT('',#9089);
#3290=VERTEX_POINT('',#9092);
#3291=VERTEX_POINT('',#9094);
#3292=VERTEX_POINT('',#9113);
#3293=VERTEX_POINT('',#9115);
#3294=VERTEX_POINT('',#9118);
#3295=VERTEX_POINT('',#9131);
#3296=VERTEX_POINT('',#9152);
#3297=VERTEX_POINT('',#9155);
#3298=VERTEX_POINT('',#9158);
#3299=B_SPLINE_CURVE_WITH_KNOTS('',3,(#5894,#5895,#5896,#5897),
 .UNSPECIFIED.,.F.,.F.,(4,4),(0.,0.636363636363636),.UNSPECIFIED.);
#3300=B_SPLINE_CURVE_WITH_KNOTS('',3,(#5902,#5903,#5904,#5905),
 .UNSPECIFIED.,.F.,.F.,(4,4),(0.363636363636364,1.),.UNSPECIFIED.);
#3301=B_SPLINE_CURVE_WITH_KNOTS('',3,(#5909,#5910,#5911,#5912),
 .UNSPECIFIED.,.F.,.F.,(4,4),(0.,0.636363636363636),.UNSPECIFIED.);
#3302=B_SPLINE_CURVE_WITH_KNOTS('',3,(#5917,#5918,#5919,#5920),
 .UNSPECIFIED.,.F.,.F.,(4,4),(0.363636363636364,1.),.UNSPECIFIED.);
#3303=B_SPLINE_CURVE_WITH_KNOTS('',3,(#5924,#5925,#5926,#5927),
 .UNSPECIFIED.,.F.,.F.,(4,4),(0.,0.636363636363636),.UNSPECIFIED.);
#3304=B_SPLINE_CURVE_WITH_KNOTS('',3,(#5932,#5933,#5934,#5935),
 .UNSPECIFIED.,.F.,.F.,(4,4),(0.363636363636364,1.),.UNSPECIFIED.);
#3305=B_SPLINE_CURVE_WITH_KNOTS('',3,(#5958,#5959,#5960,#5961),
 .UNSPECIFIED.,.F.,.F.,(4,4),(0.,1.),.UNSPECIFIED.);
#3306=B_SPLINE_CURVE_WITH_KNOTS('',3,(#5962,#5963,#5964,#5965),
 .UNSPECIFIED.,.F.,.F.,(4,4),(0.,1.),.UNSPECIFIED.);
#3307=B_SPLINE_CURVE_WITH_KNOTS('',3,(#5983,#5984,#5985,#5986),
 .UNSPECIFIED.,.F.,.F.,(4,4),(0.,1.),.UNSPECIFIED.);
#3308=B_SPLINE_CURVE_WITH_KNOTS('',3,(#5987,#5988,#5989,#5990),
 .UNSPECIFIED.,.F.,.F.,(4,4),(0.,1.),.UNSPECIFIED.);
#3309=B_SPLINE_CURVE_WITH_KNOTS('',3,(#6008,#6009,#6010,#6011),
 .UNSPECIFIED.,.F.,.F.,(4,4),(0.,1.),.UNSPECIFIED.);
#3310=B_SPLINE_CURVE_WITH_KNOTS('',3,(#6012,#6013,#6014,#6015),
 .UNSPECIFIED.,.F.,.F.,(4,4),(0.,1.),.UNSPECIFIED.);
#3311=B_SPLINE_CURVE_WITH_KNOTS('',3,(#6023,#6024,#6025,#6026),
 .UNSPECIFIED.,.F.,.F.,(4,4),(0.,0.714285714285714),.UNSPECIFIED.);
#3312=B_SPLINE_CURVE_WITH_KNOTS('',3,(#6031,#6032,#6033,#6034),
 .UNSPECIFIED.,.F.,.F.,(4,4),(0.285714285714286,1.),.UNSPECIFIED.);
#3313=B_SPLINE_CURVE_WITH_KNOTS('',3,(#6038,#6039,#6040,#6041),
 .UNSPECIFIED.,.F.,.F.,(4,4),(0.,0.714285714285714),.UNSPECIFIED.);
#3314=B_SPLINE_CURVE_WITH_KNOTS('',3,(#6046,#6047,#6048,#6049),
 .UNSPECIFIED.,.F.,.F.,(4,4),(0.285714285714286,1.),.UNSPECIFIED.);
#3315=B_SPLINE_CURVE_WITH_KNOTS('',3,(#6053,#6054,#6055,#6056),
 .UNSPECIFIED.,.F.,.F.,(4,4),(0.,0.714285714285714),.UNSPECIFIED.);
#3316=B_SPLINE_CURVE_WITH_KNOTS('',3,(#6061,#6062,#6063,#6064),
 .UNSPECIFIED.,.F.,.F.,(4,4),(0.285714285714286,1.),.UNSPECIFIED.);
#3317=B_SPLINE_CURVE_WITH_KNOTS('',3,(#6068,#6069,#6070,#6071),
 .UNSPECIFIED.,.F.,.F.,(4,4),(0.,0.714285714285714),.UNSPECIFIED.);
#3318=B_SPLINE_CURVE_WITH_KNOTS('',3,(#6076,#6077,#6078,#6079),
 .UNSPECIFIED.,.F.,.F.,(4,4),(0.285714285714286,1.),.UNSPECIFIED.);
#3319=B_SPLINE_CURVE_WITH_KNOTS('',3,(#6088,#6089,#6090,#6091),
 .UNSPECIFIED.,.F.,.F.,(4,4),(0.285714285714286,1.),.UNSPECIFIED.);
#3320=B_SPLINE_CURVE_WITH_KNOTS('',3,(#6101,#6102,#6103,#6104),
 .UNSPECIFIED.,.F.,.F.,(4,4),(0.,0.714285714285714),.UNSPECIFIED.);
#3321=B_SPLINE_CURVE_WITH_KNOTS('',3,(#6117,#6118,#6119,#6120),
 .UNSPECIFIED.,.F.,.F.,(4,4),(0.,1.),.UNSPECIFIED.);
#3322=B_SPLINE_CURVE_WITH_KNOTS('',3,(#6121,#6122,#6123,#6124),
 .UNSPECIFIED.,.F.,.F.,(4,4),(0.,1.),.UNSPECIFIED.);
#3323=B_SPLINE_CURVE_WITH_KNOTS('',3,(#6126,#6127,#6128,#6129),
 .UNSPECIFIED.,.F.,.F.,(4,4),(0.,0.714285714285714),.UNSPECIFIED.);
#3324=B_SPLINE_CURVE_WITH_KNOTS('',3,(#6134,#6135,#6136,#6137),
 .UNSPECIFIED.,.F.,.F.,(4,4),(0.285714285714286,1.),.UNSPECIFIED.);
#3325=B_SPLINE_CURVE_WITH_KNOTS('',3,(#6141,#6142,#6143,#6144),
 .UNSPECIFIED.,.F.,.F.,(4,4),(0.,0.714285714285714),.UNSPECIFIED.);
#3326=B_SPLINE_CURVE_WITH_KNOTS('',3,(#6149,#6150,#6151,#6152),
 .UNSPECIFIED.,.F.,.F.,(4,4),(0.285714285714286,1.),.UNSPECIFIED.);
#3327=B_SPLINE_CURVE_WITH_KNOTS('',3,(#6156,#6157,#6158,#6159),
 .UNSPECIFIED.,.F.,.F.,(4,4),(0.,0.636363636363636),.UNSPECIFIED.);
#3328=B_SPLINE_CURVE_WITH_KNOTS('',3,(#6164,#6165,#6166,#6167),
 .UNSPECIFIED.,.F.,.F.,(4,4),(0.363636363636364,1.),.UNSPECIFIED.);
#3329=B_SPLINE_CURVE_WITH_KNOTS('',3,(#6171,#6172,#6173,#6174,#6175,#6176,
#6177,#6178,#6179,#6180,#6181,#6182,#6183,#6184,#6185,#6186,#6187,#6188,
#6189),.UNSPECIFIED.,.F.,.F.,(4,1,1,1,1,1,1,1,1,1,1,1,1,1,1,1,4),(0.,0.125,
0.1875,0.21875,0.25,0.28125,0.3125,0.375,0.5,0.625,0.6875,0.71875,0.75,
0.78125,0.8125,0.875,1.),.UNSPECIFIED.);
#3330=B_SPLINE_CURVE_WITH_KNOTS('',3,(#6194,#6195,#6196,#6197,#6198,#6199,
#6200,#6201,#6202,#6203,#6204,#6205,#6206,#6207,#6208,#6209,#6210,#6211,
#6212),.UNSPECIFIED.,.F.,.F.,(4,1,1,1,1,1,1,1,1,1,1,1,1,1,1,1,4),(0.,0.125,
0.1875,0.21875,0.25,0.28125,0.3125,0.375,0.5,0.625,0.6875,0.71875,0.75,
0.78125,0.8125,0.875,1.),.UNSPECIFIED.);
#3331=B_SPLINE_CURVE_WITH_KNOTS('',3,(#6216,#6217,#6218,#6219,#6220,#6221,
#6222,#6223,#6224,#6225,#6226,#6227,#6228,#6229,#6230,#6231,#6232,#6233,
#6234),.UNSPECIFIED.,.F.,.F.,(4,1,1,1,1,1,1,1,1,1,1,1,1,1,1,1,4),(0.,0.125,
0.1875,0.21875,0.25,0.28125,0.3125,0.375,0.5,0.625,0.6875,0.71875,0.75,
0.78125,0.8125,0.875,1.),.UNSPECIFIED.);
#3332=B_SPLINE_CURVE_WITH_KNOTS('',3,(#6238,#6239,#6240,#6241,#6242,#6243,
#6244,#6245,#6246,#6247,#6248,#6249,#6250,#6251,#6252,#6253,#6254,#6255,
#6256),.UNSPECIFIED.,.F.,.F.,(4,1,1,1,1,1,1,1,1,1,1,1,1,1,1,1,4),(0.,0.125,
0.1875,0.21875,0.25,0.28125,0.3125,0.375,0.5,0.625,0.6875,0.71875,0.75,
0.78125,0.8125,0.875,1.),.UNSPECIFIED.);
#3333=B_SPLINE_CURVE_WITH_KNOTS('',3,(#6259,#6260,#6261,#6262,#6263,#6264,
#6265,#6266),.UNSPECIFIED.,.F.,.F.,(4,1,1,1,1,4),(0.,0.25,0.5,0.625,0.75,
1.),.UNSPECIFIED.);
#3334=B_SPLINE_CURVE_WITH_KNOTS('',3,(#6271,#6272,#6273,#6274,#6275,#6276,
#6277,#6278),.UNSPECIFIED.,.F.,.F.,(4,1,1,1,1,4),(0.,0.25,0.5,0.625,0.75,
1.),.UNSPECIFIED.);
#3335=B_SPLINE_CURVE_WITH_KNOTS('',3,(#6286,#6287,#6288,#6289,#6290,#6291,
#6292,#6293),.UNSPECIFIED.,.F.,.F.,(4,1,1,1,1,4),(0.,0.25,0.5,0.625,0.75,
1.),.UNSPECIFIED.);
#3336=B_SPLINE_CURVE_WITH_KNOTS('',3,(#6297,#6298,#6299,#6300,#6301,#6302,
#6303,#6304),.UNSPECIFIED.,.F.,.F.,(4,1,1,1,1,4),(0.,0.25,0.5,0.625,0.75,
1.),.UNSPECIFIED.);
#3337=B_SPLINE_CURVE_WITH_KNOTS('',3,(#6308,#6309,#6310,#6311,#6312,#6313,
#6314,#6315),.UNSPECIFIED.,.F.,.F.,(4,1,1,1,1,4),(0.,0.25,0.5,0.625,0.75,
1.),.UNSPECIFIED.);
#3338=B_SPLINE_CURVE_WITH_KNOTS('',3,(#6319,#6320,#6321,#6322),
 .UNSPECIFIED.,.F.,.F.,(4,4),(0.763943980999526,1.),.UNSPECIFIED.);
#3339=B_SPLINE_CURVE_WITH_KNOTS('',3,(#6326,#6327,#6328,#6329,#6330,#6331,
#6332,#6333),.UNSPECIFIED.,.F.,.F.,(4,1,1,1,1,4),(0.,0.25,0.5,0.625,0.75,
1.),.UNSPECIFIED.);
#3340=B_SPLINE_CURVE_WITH_KNOTS('',3,(#6337,#6338,#6339,#6340,#6341,#6342,
#6343,#6344),.UNSPECIFIED.,.F.,.F.,(4,1,1,1,1,4),(0.,0.25,0.5,0.625,0.75,
1.),.UNSPECIFIED.);
#3341=B_SPLINE_CURVE_WITH_KNOTS('',3,(#6348,#6349,#6350,#6351),
 .UNSPECIFIED.,.F.,.F.,(4,4),(0.,0.235481721212207),.UNSPECIFIED.);
#3342=B_SPLINE_CURVE_WITH_KNOTS('',3,(#6355,#6356,#6357,#6358),
 .UNSPECIFIED.,.F.,.F.,(4,4),(0.830862639686335,1.),.UNSPECIFIED.);
#3343=B_SPLINE_CURVE_WITH_KNOTS('',3,(#6362,#6363,#6364,#6365,#6366,#6367,
#6368,#6369),.UNSPECIFIED.,.F.,.F.,(4,1,1,1,1,4),(0.,0.25,0.5,0.625,0.75,
1.),.UNSPECIFIED.);
#3344=B_SPLINE_CURVE_WITH_KNOTS('',3,(#6389,#6390,#6391,#6392,#6393,#6394),
 .UNSPECIFIED.,.F.,.F.,(4,1,1,4),(0.,0.000400633998221479,0.000801267996442958,
0.00160253599288592),.UNSPECIFIED.);
#3345=B_SPLINE_CURVE_WITH_KNOTS('',3,(#6395,#6396,#6397,#6398,#6399,#6400),
 .UNSPECIFIED.,.F.,.F.,(4,1,1,4),(0.,0.000400633998221473,0.000801267996442945,
0.00160253599288589),.UNSPECIFIED.);
#3346=B_SPLINE_CURVE_WITH_KNOTS('',3,(#6401,#6402,#6403,#6404,#6405,#6406),
 .UNSPECIFIED.,.F.,.F.,(4,1,1,4),(0.,0.000400633998221479,0.000801267996442958,
0.00160253599288592),.UNSPECIFIED.);
#3347=B_SPLINE_CURVE_WITH_KNOTS('',3,(#6407,#6408,#6409,#6410,#6411,#6412),
 .UNSPECIFIED.,.F.,.F.,(4,1,1,4),(0.,0.00040063399822148,0.000801267996442959,
0.00160253599288592),.UNSPECIFIED.);
#3348=B_SPLINE_CURVE_WITH_KNOTS('',3,(#6413,#6414,#6415,#6416,#6417,#6418),
 .UNSPECIFIED.,.F.,.F.,(4,1,1,4),(0.,0.000400633998221481,0.000801267996442962,
0.00160253599288592),.UNSPECIFIED.);
#3349=B_SPLINE_CURVE_WITH_KNOTS('',3,(#6419,#6420,#6421,#6422,#6423,#6424),
 .UNSPECIFIED.,.F.,.F.,(4,1,1,4),(0.,0.000400633998221474,0.000801267996442948,
0.0016025359928859),.UNSPECIFIED.);
#3350=B_SPLINE_CURVE_WITH_KNOTS('',3,(#6425,#6426,#6427,#6428,#6429,#6430),
 .UNSPECIFIED.,.F.,.F.,(4,1,1,4),(0.,0.00040063399822148,0.00080126799644296,
0.00160253599288592),.UNSPECIFIED.);
#3351=B_SPLINE_CURVE_WITH_KNOTS('',3,(#6448,#6449,#6450,#6451,#6452,#6453),
 .UNSPECIFIED.,.F.,.F.,(4,1,1,4),(0.,0.000400633998221478,0.000801267996442956,
0.00160253599288591),.UNSPECIFIED.);
#3352=B_SPLINE_CURVE_WITH_KNOTS('',3,(#6454,#6455,#6456,#6457,#6458,#6459),
 .UNSPECIFIED.,.F.,.F.,(4,1,1,4),(0.,0.000400633998221475,0.000801267996442949,
0.0016025359928859),.UNSPECIFIED.);
#3353=B_SPLINE_CURVE_WITH_KNOTS('',3,(#6460,#6461,#6462,#6463,#6464,#6465),
 .UNSPECIFIED.,.F.,.F.,(4,1,1,4),(0.,0.000400633998221471,0.000801267996442943,
0.00160253599288589),.UNSPECIFIED.);
#3354=B_SPLINE_CURVE_WITH_KNOTS('',3,(#6466,#6467,#6468,#6469,#6470,#6471),
 .UNSPECIFIED.,.F.,.F.,(4,1,1,4),(0.,0.000400633998221481,0.000801267996442962,
0.00160253599288592),.UNSPECIFIED.);
#3355=B_SPLINE_CURVE_WITH_KNOTS('',3,(#6480,#6481,#6482,#6483),
 .UNSPECIFIED.,.F.,.F.,(4,4),(0.,1.),.UNSPECIFIED.);
#3356=B_SPLINE_CURVE_WITH_KNOTS('',3,(#6492,#6493,#6494,#6495),
 .UNSPECIFIED.,.F.,.F.,(4,4),(0.,1.),.UNSPECIFIED.);
#3357=B_SPLINE_CURVE_WITH_KNOTS('',3,(#6504,#6505,#6506,#6507),
 .UNSPECIFIED.,.F.,.F.,(4,4),(0.,1.),.UNSPECIFIED.);
#3358=B_SPLINE_CURVE_WITH_KNOTS('',3,(#6516,#6517,#6518,#6519),
 .UNSPECIFIED.,.F.,.F.,(4,4),(0.,1.),.UNSPECIFIED.);
#3359=B_SPLINE_CURVE_WITH_KNOTS('',3,(#6528,#6529,#6530,#6531),
 .UNSPECIFIED.,.F.,.F.,(4,4),(0.,1.),.UNSPECIFIED.);
#3360=B_SPLINE_CURVE_WITH_KNOTS('',3,(#6540,#6541,#6542,#6543),
 .UNSPECIFIED.,.F.,.F.,(4,4),(0.,1.),.UNSPECIFIED.);
#3361=B_SPLINE_CURVE_WITH_KNOTS('',3,(#6552,#6553,#6554,#6555),
 .UNSPECIFIED.,.F.,.F.,(4,4),(0.,1.),.UNSPECIFIED.);
#3362=B_SPLINE_CURVE_WITH_KNOTS('',3,(#6564,#6565,#6566,#6567),
 .UNSPECIFIED.,.F.,.F.,(4,4),(0.,1.),.UNSPECIFIED.);
#3363=B_SPLINE_CURVE_WITH_KNOTS('',3,(#6576,#6577,#6578,#6579),
 .UNSPECIFIED.,.F.,.F.,(4,4),(0.,1.),.UNSPECIFIED.);
#3364=B_SPLINE_CURVE_WITH_KNOTS('',3,(#6588,#6589,#6590,#6591),
 .UNSPECIFIED.,.F.,.F.,(4,4),(0.,1.),.UNSPECIFIED.);
#3365=B_SPLINE_CURVE_WITH_KNOTS('',3,(#6600,#6601,#6602,#6603),
 .UNSPECIFIED.,.F.,.F.,(4,4),(0.,1.),.UNSPECIFIED.);
#3366=B_SPLINE_CURVE_WITH_KNOTS('',3,(#6605,#6606,#6607,#6608),
 .UNSPECIFIED.,.F.,.F.,(4,4),(0.,1.),.UNSPECIFIED.);
#3367=B_SPLINE_CURVE_WITH_KNOTS('',3,(#6609,#6610,#6611,#6612),
 .UNSPECIFIED.,.F.,.F.,(4,4),(0.,1.),.UNSPECIFIED.);
#3368=B_SPLINE_CURVE_WITH_KNOTS('',3,(#6625,#6626,#6627,#6628),
 .UNSPECIFIED.,.F.,.F.,(4,4),(0.,1.),.UNSPECIFIED.);
#3369=B_SPLINE_CURVE_WITH_KNOTS('',3,(#6630,#6631,#6632,#6633),
 .UNSPECIFIED.,.F.,.F.,(4,4),(0.,1.),.UNSPECIFIED.);
#3370=B_SPLINE_CURVE_WITH_KNOTS('',3,(#6634,#6635,#6636,#6637),
 .UNSPECIFIED.,.F.,.F.,(4,4),(0.,1.),.UNSPECIFIED.);
#3371=B_SPLINE_CURVE_WITH_KNOTS('',3,(#6650,#6651,#6652,#6653),
 .UNSPECIFIED.,.F.,.F.,(4,4),(0.,1.),.UNSPECIFIED.);
#3372=B_SPLINE_CURVE_WITH_KNOTS('',3,(#6655,#6656,#6657,#6658),
 .UNSPECIFIED.,.F.,.F.,(4,4),(0.,1.),.UNSPECIFIED.);
#3373=B_SPLINE_CURVE_WITH_KNOTS('',3,(#6671,#6672,#6673,#6674),
 .UNSPECIFIED.,.F.,.F.,(4,4),(0.,1.),.UNSPECIFIED.);
#3374=B_SPLINE_CURVE_WITH_KNOTS('',3,(#6687,#6688,#6689,#6690),
 .UNSPECIFIED.,.F.,.F.,(4,4),(0.,1.),.UNSPECIFIED.);
#3375=B_SPLINE_CURVE_WITH_KNOTS('',3,(#6692,#6693,#6694,#6695),
 .UNSPECIFIED.,.F.,.F.,(4,4),(0.,1.),.UNSPECIFIED.);
#3376=B_SPLINE_CURVE_WITH_KNOTS('',3,(#6696,#6697,#6698,#6699),
 .UNSPECIFIED.,.F.,.F.,(4,4),(0.,1.),.UNSPECIFIED.);
#3377=B_SPLINE_CURVE_WITH_KNOTS('',3,(#6701,#6702,#6703,#6704),
 .UNSPECIFIED.,.F.,.F.,(4,4),(0.,1.),.UNSPECIFIED.);
#3378=B_SPLINE_CURVE_WITH_KNOTS('',3,(#6717,#6718,#6719,#6720),
 .UNSPECIFIED.,.F.,.F.,(4,4),(0.,1.),.UNSPECIFIED.);
#3379=B_SPLINE_CURVE_WITH_KNOTS('',3,(#6724,#6725,#6726,#6727),
 .UNSPECIFIED.,.F.,.F.,(4,4),(0.,1.),.UNSPECIFIED.);
#3380=B_SPLINE_CURVE_WITH_KNOTS('',3,(#6740,#6741,#6742,#6743),
 .UNSPECIFIED.,.F.,.F.,(4,4),(0.,1.),.UNSPECIFIED.);
#3381=B_SPLINE_CURVE_WITH_KNOTS('',3,(#6756,#6757,#6758,#6759),
 .UNSPECIFIED.,.F.,.F.,(4,4),(0.4740019379845,1.),.UNSPECIFIED.);
#3382=B_SPLINE_CURVE_WITH_KNOTS('',3,(#6761,#6762,#6763,#6764,#6765,#6766,
#6767,#6768,#6769),.UNSPECIFIED.,.F.,.F.,(4,1,1,1,1,1,4),(0.,0.25,0.375,
0.5,0.625,0.75,1.),.UNSPECIFIED.);
#3383=B_SPLINE_CURVE_WITH_KNOTS('',3,(#6782,#6783,#6784,#6785),
 .UNSPECIFIED.,.F.,.F.,(4,4),(0.,0.374999999999999),.UNSPECIFIED.);
#3384=B_SPLINE_CURVE_WITH_KNOTS('',3,(#6787,#6788,#6789,#6790,#6791,#6792,
#6793,#6794,#6795),.UNSPECIFIED.,.F.,.F.,(4,1,1,1,1,1,4),(0.,0.25,0.375,
0.5,0.625,0.75,1.),.UNSPECIFIED.);
#3385=B_SPLINE_CURVE_WITH_KNOTS('',3,(#6797,#6798,#6799,#6800),
 .UNSPECIFIED.,.F.,.F.,(4,4),(1.9720343882343E-7,0.00687154631578571),
 .UNSPECIFIED.);
#3386=B_SPLINE_CURVE_WITH_KNOTS('',3,(#6817,#6818,#6819,#6820),
 .UNSPECIFIED.,.F.,.F.,(4,4),(0.,1.),.UNSPECIFIED.);
#3387=B_SPLINE_CURVE_WITH_KNOTS('',3,(#6822,#6823,#6824,#6825),
 .UNSPECIFIED.,.F.,.F.,(4,4),(0.,1.),.UNSPECIFIED.);
#3388=B_SPLINE_CURVE_WITH_KNOTS('',3,(#6829,#6830,#6831,#6832),
 .UNSPECIFIED.,.F.,.F.,(4,4),(0.,1.),.UNSPECIFIED.);
#3389=B_SPLINE_CURVE_WITH_KNOTS('',3,(#6834,#6835,#6836,#6837,#6838,#6839,
#6840,#6841,#6842),.UNSPECIFIED.,.F.,.F.,(4,1,1,1,1,1,4),(0.,0.25,0.375,
0.5,0.625,0.75,1.),.UNSPECIFIED.);
#3390=B_SPLINE_CURVE_WITH_KNOTS('',3,(#6855,#6856,#6857,#6858),
 .UNSPECIFIED.,.F.,.F.,(4,4),(0.,1.),.UNSPECIFIED.);
#3391=B_SPLINE_CURVE_WITH_KNOTS('',3,(#6871,#6872,#6873,#6874),
 .UNSPECIFIED.,.F.,.F.,(4,4),(0.,1.),.UNSPECIFIED.);
#3392=B_SPLINE_CURVE_WITH_KNOTS('',3,(#6877,#6878,#6879,#6880),
 .UNSPECIFIED.,.F.,.F.,(4,4),(0.,1.),.UNSPECIFIED.);
#3393=B_SPLINE_CURVE_WITH_KNOTS('',3,(#6881,#6882,#6883,#6884),
 .UNSPECIFIED.,.F.,.F.,(4,4),(0.,1.),.UNSPECIFIED.);
#3394=B_SPLINE_CURVE_WITH_KNOTS('',3,(#6921,#6922,#6923,#6924),
 .UNSPECIFIED.,.F.,.F.,(4,4),(0.,1.),.UNSPECIFIED.);
#3395=B_SPLINE_CURVE_WITH_KNOTS('',3,(#6961,#6962,#6963,#6964),
 .UNSPECIFIED.,.F.,.F.,(4,4),(0.,1.),.UNSPECIFIED.);
#3396=B_SPLINE_CURVE_WITH_KNOTS('',3,(#6966,#6967,#6968,#6969),
 .UNSPECIFIED.,.F.,.F.,(4,4),(0.,1.),.UNSPECIFIED.);
#3397=B_SPLINE_CURVE_WITH_KNOTS('',3,(#6971,#6972,#6973,#6974),
 .UNSPECIFIED.,.F.,.F.,(4,4),(0.,1.),.UNSPECIFIED.);
#3398=B_SPLINE_CURVE_WITH_KNOTS('',3,(#7011,#7012,#7013,#7014),
 .UNSPECIFIED.,.F.,.F.,(4,4),(0.,1.),.UNSPECIFIED.);
#3399=B_SPLINE_CURVE_WITH_KNOTS('',3,(#7051,#7052,#7053,#7054),
 .UNSPECIFIED.,.F.,.F.,(4,4),(0.,1.),.UNSPECIFIED.);
#3400=B_SPLINE_CURVE_WITH_KNOTS('',3,(#7077,#7078,#7079,#7080,#7081,#7082),
 .UNSPECIFIED.,.F.,.F.,(4,1,1,4),(0.,0.000400633998221479,0.000801267996442958,
0.00160253599288592),.UNSPECIFIED.);
#3401=B_SPLINE_CURVE_WITH_KNOTS('',3,(#7088,#7089,#7090,#7091),
 .UNSPECIFIED.,.F.,.F.,(4,4),(0.,0.629285714285714),.UNSPECIFIED.);
#3402=B_SPLINE_CURVE_WITH_KNOTS('',3,(#7099,#7100,#7101,#7102),
 .UNSPECIFIED.,.F.,.F.,(4,4),(0.370714285714286,1.),.UNSPECIFIED.);
#3403=B_SPLINE_CURVE_WITH_KNOTS('',3,(#7107,#7108,#7109,#7110),
 .UNSPECIFIED.,.F.,.F.,(4,4),(0.,0.629285714285714),.UNSPECIFIED.);
#3404=B_SPLINE_CURVE_WITH_KNOTS('',3,(#7114,#7115,#7116,#7117),
 .UNSPECIFIED.,.F.,.F.,(4,4),(0.370714285714286,1.),.UNSPECIFIED.);
#3405=B_SPLINE_CURVE_WITH_KNOTS('',3,(#7124,#7125,#7126,#7127,#7128,#7129),
 .UNSPECIFIED.,.F.,.F.,(4,1,1,4),(0.,0.000400633998221474,0.000801267996442948,
0.0016025359928859),.UNSPECIFIED.);
#3406=B_SPLINE_CURVE_WITH_KNOTS('',3,(#7139,#7140,#7141,#7142),
 .UNSPECIFIED.,.F.,.F.,(4,4),(0.370714285714286,1.),.UNSPECIFIED.);
#3407=B_SPLINE_CURVE_WITH_KNOTS('',3,(#7147,#7148,#7149,#7150),
 .UNSPECIFIED.,.F.,.F.,(4,4),(0.,0.629285714285714),.UNSPECIFIED.);
#3408=B_SPLINE_CURVE_WITH_KNOTS('',3,(#7154,#7155,#7156,#7157),
 .UNSPECIFIED.,.F.,.F.,(4,4),(0.370714285714286,1.),.UNSPECIFIED.);
#3409=B_SPLINE_CURVE_WITH_KNOTS('',3,(#7162,#7163,#7164,#7165),
 .UNSPECIFIED.,.F.,.F.,(4,4),(0.,0.629285714285714),.UNSPECIFIED.);
#3410=B_SPLINE_CURVE_WITH_KNOTS('',3,(#7169,#7170,#7171,#7172),
 .UNSPECIFIED.,.F.,.F.,(4,4),(0.,1.),.UNSPECIFIED.);
#3411=B_SPLINE_CURVE_WITH_KNOTS('',3,(#7174,#7175,#7176,#7177),
 .UNSPECIFIED.,.F.,.F.,(4,4),(0.,1.),.UNSPECIFIED.);
#3412=B_SPLINE_CURVE_WITH_KNOTS('',3,(#7188,#7189,#7190,#7191),
 .UNSPECIFIED.,.F.,.F.,(4,4),(0.,1.),.UNSPECIFIED.);
#3413=B_SPLINE_CURVE_WITH_KNOTS('',3,(#7193,#7194,#7195,#7196),
 .UNSPECIFIED.,.F.,.F.,(4,4),(0.,1.),.UNSPECIFIED.);
#3414=B_SPLINE_CURVE_WITH_KNOTS('',3,(#7203,#7204,#7205,#7206,#7207,#7208),
 .UNSPECIFIED.,.F.,.F.,(4,1,1,4),(0.,0.000400633998221484,0.000801267996442967,
0.00160253599288593),.UNSPECIFIED.);
#3415=B_SPLINE_CURVE_WITH_KNOTS('',3,(#7212,#7213,#7214,#7215,#7216,#7217),
 .UNSPECIFIED.,.F.,.F.,(4,1,1,4),(0.,0.000400633998221493,0.000801267996442985,
0.00160253599288597),.UNSPECIFIED.);
#3416=B_SPLINE_CURVE_WITH_KNOTS('',3,(#7242,#7243,#7244,#7245),
 .UNSPECIFIED.,.F.,.F.,(4,4),(0.,1.),.UNSPECIFIED.);
#3417=B_SPLINE_CURVE_WITH_KNOTS('',3,(#7249,#7250,#7251,#7252),
 .UNSPECIFIED.,.F.,.F.,(4,4),(0.,1.),.UNSPECIFIED.);
#3418=B_SPLINE_CURVE_WITH_KNOTS('',3,(#7256,#7257,#7258,#7259),
 .UNSPECIFIED.,.F.,.F.,(4,4),(0.,1.),.UNSPECIFIED.);
#3419=B_SPLINE_CURVE_WITH_KNOTS('',3,(#7263,#7264,#7265,#7266),
 .UNSPECIFIED.,.F.,.F.,(4,4),(0.,1.),.UNSPECIFIED.);
#3420=B_SPLINE_CURVE_WITH_KNOTS('',3,(#7273,#7274,#7275,#7276,#7277,#7278,
#7279),.UNSPECIFIED.,.F.,.F.,(4,1,1,1,4),(0.,0.000412159915884488,0.000824319831768976,
0.00123647974765346,0.00164863966353795),.UNSPECIFIED.);
#3421=B_SPLINE_CURVE_WITH_KNOTS('',3,(#7324,#7325,#7326,#7327,#7328,#7329,
#7330),.UNSPECIFIED.,.F.,.F.,(4,1,1,1,4),(0.,0.000413334650112807,0.000826669300225613,
0.00124000395033842,0.00165333860045123),.UNSPECIFIED.);
#3422=B_SPLINE_CURVE_WITH_KNOTS('',3,(#7355,#7356,#7357,#7358),
 .UNSPECIFIED.,.F.,.F.,(4,4),(0.,1.),.UNSPECIFIED.);
#3423=B_SPLINE_CURVE_WITH_KNOTS('',3,(#7362,#7363,#7364,#7365),
 .UNSPECIFIED.,.F.,.F.,(4,4),(0.,1.),.UNSPECIFIED.);
#3424=B_SPLINE_CURVE_WITH_KNOTS('',3,(#7366,#7367,#7368,#7369),
 .UNSPECIFIED.,.F.,.F.,(4,4),(0.,1.),.UNSPECIFIED.);
#3425=B_SPLINE_CURVE_WITH_KNOTS('',3,(#7373,#7374,#7375,#7376),
 .UNSPECIFIED.,.F.,.F.,(4,4),(0.,1.),.UNSPECIFIED.);
#3426=B_SPLINE_CURVE_WITH_KNOTS('',3,(#7377,#7378,#7379,#7380),
 .UNSPECIFIED.,.F.,.F.,(4,4),(0.,1.),.UNSPECIFIED.);
#3427=B_SPLINE_CURVE_WITH_KNOTS('',3,(#7384,#7385,#7386,#7387),
 .UNSPECIFIED.,.F.,.F.,(4,4),(0.,1.),.UNSPECIFIED.);
#3428=B_SPLINE_CURVE_WITH_KNOTS('',3,(#7388,#7389,#7390,#7391),
 .UNSPECIFIED.,.F.,.F.,(4,4),(0.,1.),.UNSPECIFIED.);
#3429=B_SPLINE_CURVE_WITH_KNOTS('',3,(#7395,#7396,#7397,#7398),
 .UNSPECIFIED.,.F.,.F.,(4,4),(0.,1.),.UNSPECIFIED.);
#3430=B_SPLINE_CURVE_WITH_KNOTS('',3,(#7427,#7428,#7429,#7430),
 .UNSPECIFIED.,.F.,.F.,(4,4),(0.,1.),.UNSPECIFIED.);
#3431=B_SPLINE_CURVE_WITH_KNOTS('',3,(#7433,#7434,#7435,#7436),
 .UNSPECIFIED.,.F.,.F.,(4,4),(0.784777887726227,1.),.UNSPECIFIED.);
#3432=B_SPLINE_CURVE_WITH_KNOTS('',3,(#7438,#7439,#7440,#7441,#7442,#7443,
#7444,#7445,#7446),.UNSPECIFIED.,.F.,.F.,(4,1,1,1,1,1,4),(0.,0.00321150335064707,
0.00481725502597061,0.00642300670129415,0.00802875837661769,0.00963451005194122,
0.0128460134025883),.UNSPECIFIED.);
#3433=B_SPLINE_CURVE_WITH_KNOTS('',3,(#7448,#7449,#7450,#7451),
 .UNSPECIFIED.,.F.,.F.,(4,4),(0.,0.243218484602069),.UNSPECIFIED.);
#3434=B_SPLINE_CURVE_WITH_KNOTS('',3,(#7460,#7461,#7462,#7463),
 .UNSPECIFIED.,.F.,.F.,(4,4),(0.,1.),.UNSPECIFIED.);
#3435=B_SPLINE_CURVE_WITH_KNOTS('',3,(#7466,#7467,#7468,#7469,#7470,#7471,
#7472,#7473,#7474),.UNSPECIFIED.,.F.,.F.,(4,1,1,1,1,1,4),(0.,0.00321066991352468,
0.00481600487028702,0.00642133982704936,0.00802667478381169,0.00963200974057403,
0.0128426796540987),.UNSPECIFIED.);
#3436=B_SPLINE_CURVE_WITH_KNOTS('',3,(#7476,#7477,#7478,#7479),
 .UNSPECIFIED.,.F.,.F.,(4,4),(0.,0.0279963723282958),.UNSPECIFIED.);
#3437=B_SPLINE_CURVE_WITH_KNOTS('',3,(#7488,#7489,#7490,#7491),
 .UNSPECIFIED.,.F.,.F.,(4,4),(0.,1.),.UNSPECIFIED.);
#3438=B_SPLINE_CURVE_WITH_KNOTS('',3,(#7494,#7495,#7496,#7497),
 .UNSPECIFIED.,.F.,.F.,(4,4),(0.972003627671704,1.),.UNSPECIFIED.);
#3439=B_SPLINE_CURVE_WITH_KNOTS('',3,(#7499,#7500,#7501,#7502,#7503,#7504,
#7505,#7506,#7507),.UNSPECIFIED.,.F.,.F.,(4,1,1,1,1,1,4),(0.,0.00321150335064708,
0.00481725502597062,0.00642300670129415,0.00802875837661769,0.00963451005194123,
0.0128460134025883),.UNSPECIFIED.);
#3440=B_SPLINE_CURVE_WITH_KNOTS('',3,(#7512,#7513,#7514,#7515,#7516,#7517,
#7518,#7519,#7520),.UNSPECIFIED.,.F.,.F.,(4,1,1,1,1,1,4),(0.,0.00321066991352467,
0.00481600487028701,0.00642133982704935,0.00802667478381169,0.00963200974057402,
0.0128426796540987),.UNSPECIFIED.);
#3441=B_SPLINE_CURVE_WITH_KNOTS('',3,(#7532,#7533,#7534,#7535),
 .UNSPECIFIED.,.F.,.F.,(4,4),(0.,1.),.UNSPECIFIED.);
#3442=B_SPLINE_CURVE_WITH_KNOTS('',3,(#7538,#7539,#7540,#7541),
 .UNSPECIFIED.,.F.,.F.,(4,4),(0.756781515397931,1.),.UNSPECIFIED.);
#3443=B_SPLINE_CURVE_WITH_KNOTS('',3,(#7542,#7543,#7544,#7545),
 .UNSPECIFIED.,.F.,.F.,(4,4),(0.,0.215222112273773),.UNSPECIFIED.);
#3444=B_SPLINE_CURVE_WITH_KNOTS('',3,(#7566,#7567,#7568,#7569),
 .UNSPECIFIED.,.F.,.F.,(4,4),(0.,1.),.UNSPECIFIED.);
#3445=B_SPLINE_CURVE_WITH_KNOTS('',3,(#7570,#7571,#7572,#7573),
 .UNSPECIFIED.,.F.,.F.,(4,4),(0.,1.),.UNSPECIFIED.);
#3446=B_SPLINE_CURVE_WITH_KNOTS('',3,(#7579,#7580,#7581,#7582),
 .UNSPECIFIED.,.F.,.F.,(4,4),(0.,1.),.UNSPECIFIED.);
#3447=B_SPLINE_CURVE_WITH_KNOTS('',3,(#7596,#7597,#7598,#7599),
 .UNSPECIFIED.,.F.,.F.,(4,4),(0.,1.),.UNSPECIFIED.);
#3448=B_SPLINE_CURVE_WITH_KNOTS('',3,(#7601,#7602,#7603,#7604),
 .UNSPECIFIED.,.F.,.F.,(4,4),(0.,1.),.UNSPECIFIED.);
#3449=B_SPLINE_CURVE_WITH_KNOTS('',3,(#7613,#7614,#7615,#7616),
 .UNSPECIFIED.,.F.,.F.,(4,4),(0.,1.),.UNSPECIFIED.);
#3450=B_SPLINE_CURVE_WITH_KNOTS('',3,(#7618,#7619,#7620,#7621),
 .UNSPECIFIED.,.F.,.F.,(4,4),(0.,1.),.UNSPECIFIED.);
#3451=B_SPLINE_CURVE_WITH_KNOTS('',3,(#7630,#7631,#7632,#7633),
 .UNSPECIFIED.,.F.,.F.,(4,4),(0.,1.),.UNSPECIFIED.);
#3452=B_SPLINE_CURVE_WITH_KNOTS('',3,(#7640,#7641,#7642,#7643,#7644),
 .UNSPECIFIED.,.F.,.F.,(4,1,4),(0.,0.00275749365391338,0.00551498730782676),
 .UNSPECIFIED.);
#3453=B_SPLINE_CURVE_WITH_KNOTS('',3,(#7648,#7649,#7650,#7651,#7652),
 .UNSPECIFIED.,.F.,.F.,(4,1,4),(0.,0.0027574936539134,0.0055149873078268),
 .UNSPECIFIED.);
#3454=B_SPLINE_CURVE_WITH_KNOTS('',3,(#7653,#7654,#7655,#7656,#7657),
 .UNSPECIFIED.,.F.,.F.,(4,1,4),(0.,0.0027574936539134,0.0055149873078268),
 .UNSPECIFIED.);
#3455=B_SPLINE_CURVE_WITH_KNOTS('',3,(#7661,#7662,#7663,#7664,#7665),
 .UNSPECIFIED.,.F.,.F.,(4,1,4),(0.,0.00275749365391338,0.00551498730782677),
 .UNSPECIFIED.);
#3456=B_SPLINE_CURVE_WITH_KNOTS('',3,(#7666,#7667,#7668,#7669,#7670),
 .UNSPECIFIED.,.F.,.F.,(4,1,4),(0.,0.00275749365391339,0.00551498730782677),
 .UNSPECIFIED.);
#3457=B_SPLINE_CURVE_WITH_KNOTS('',3,(#7674,#7675,#7676,#7677,#7678),
 .UNSPECIFIED.,.F.,.F.,(4,1,4),(0.,0.00275749365391338,0.00551498730782677),
 .UNSPECIFIED.);
#3458=B_SPLINE_CURVE_WITH_KNOTS('',3,(#7688,#7689,#7690,#7691,#7692),
 .UNSPECIFIED.,.F.,.F.,(4,1,4),(0.,0.00275749365391339,0.00551498730782677),
 .UNSPECIFIED.);
#3459=B_SPLINE_CURVE_WITH_KNOTS('',3,(#7696,#7697,#7698,#7699,#7700),
 .UNSPECIFIED.,.F.,.F.,(4,1,4),(0.,0.00275749365391338,0.00551498730782677),
 .UNSPECIFIED.);
#3460=B_SPLINE_CURVE_WITH_KNOTS('',3,(#7709,#7710,#7711,#7712),
 .UNSPECIFIED.,.F.,.F.,(4,4),(0.370714285714287,1.),.UNSPECIFIED.);
#3461=B_SPLINE_CURVE_WITH_KNOTS('',3,(#7721,#7722,#7723,#7724),
 .UNSPECIFIED.,.F.,.F.,(4,4),(0.,0.629285714285713),.UNSPECIFIED.);
#3462=B_SPLINE_CURVE_WITH_KNOTS('',3,(#7734,#7735,#7736,#7737),
 .UNSPECIFIED.,.F.,.F.,(4,4),(0.,0.629285714285713),.UNSPECIFIED.);
#3463=B_SPLINE_CURVE_WITH_KNOTS('',3,(#7746,#7747,#7748,#7749),
 .UNSPECIFIED.,.F.,.F.,(4,4),(0.370714285714286,1.),.UNSPECIFIED.);
#3464=B_SPLINE_CURVE_WITH_KNOTS('',3,(#7759,#7760,#7761,#7762),
 .UNSPECIFIED.,.F.,.F.,(4,4),(0.370714285714287,1.),.UNSPECIFIED.);
#3465=B_SPLINE_CURVE_WITH_KNOTS('',3,(#7771,#7772,#7773,#7774),
 .UNSPECIFIED.,.F.,.F.,(4,4),(0.,0.629285714285713),.UNSPECIFIED.);
#3466=B_SPLINE_CURVE_WITH_KNOTS('',3,(#7784,#7785,#7786,#7787),
 .UNSPECIFIED.,.F.,.F.,(4,4),(0.,0.629285714285713),.UNSPECIFIED.);
#3467=B_SPLINE_CURVE_WITH_KNOTS('',3,(#7796,#7797,#7798,#7799),
 .UNSPECIFIED.,.F.,.F.,(4,4),(0.370714285714286,1.),.UNSPECIFIED.);
#3468=B_SPLINE_CURVE_WITH_KNOTS('',3,(#7822,#7823,#7824,#7825),
 .UNSPECIFIED.,.F.,.F.,(4,4),(0.,1.),.UNSPECIFIED.);
#3469=B_SPLINE_CURVE_WITH_KNOTS('',3,(#7827,#7828,#7829,#7830),
 .UNSPECIFIED.,.F.,.F.,(4,4),(0.,1.),.UNSPECIFIED.);
#3470=B_SPLINE_CURVE_WITH_KNOTS('',3,(#7831,#7832,#7833,#7834),
 .UNSPECIFIED.,.F.,.F.,(4,4),(0.,1.),.UNSPECIFIED.);
#3471=B_SPLINE_CURVE_WITH_KNOTS('',3,(#7836,#7837,#7838,#7839),
 .UNSPECIFIED.,.F.,.F.,(4,4),(0.,1.),.UNSPECIFIED.);
#3472=B_SPLINE_CURVE_WITH_KNOTS('',3,(#7841,#7842,#7843,#7844),
 .UNSPECIFIED.,.F.,.F.,(4,4),(0.,1.),.UNSPECIFIED.);
#3473=B_SPLINE_CURVE_WITH_KNOTS('',3,(#7846,#7847,#7848,#7849),
 .UNSPECIFIED.,.F.,.F.,(4,4),(0.,1.),.UNSPECIFIED.);
#3474=B_SPLINE_CURVE_WITH_KNOTS('',3,(#7851,#7852,#7853,#7854),
 .UNSPECIFIED.,.F.,.F.,(4,4),(0.,1.),.UNSPECIFIED.);
#3475=B_SPLINE_CURVE_WITH_KNOTS('',3,(#7856,#7857,#7858,#7859),
 .UNSPECIFIED.,.F.,.F.,(4,4),(0.,1.),.UNSPECIFIED.);
#3476=B_SPLINE_CURVE_WITH_KNOTS('',3,(#7933,#7934,#7935,#7936,#7937,#7938,
#7939,#7940),.UNSPECIFIED.,.F.,.F.,(4,2,2,4),(0.,0.25,0.5,1.),
 .UNSPECIFIED.);
#3477=B_SPLINE_CURVE_WITH_KNOTS('',3,(#7943,#7944,#7945,#7946),
 .UNSPECIFIED.,.F.,.F.,(4,4),(0.,1.),.UNSPECIFIED.);
#3478=B_SPLINE_CURVE_WITH_KNOTS('',3,(#7947,#7948,#7949,#7950),
 .UNSPECIFIED.,.F.,.F.,(4,4),(0.,1.),.UNSPECIFIED.);
#3479=B_SPLINE_CURVE_WITH_KNOTS('',3,(#7952,#7953,#7954,#7955,#7956,#7957,
#7958,#7959),.UNSPECIFIED.,.F.,.F.,(4,2,2,4),(0.,0.25,0.5,1.),
 .UNSPECIFIED.);
#3480=B_SPLINE_CURVE_WITH_KNOTS('',3,(#8024,#8025,#8026,#8027),
 .UNSPECIFIED.,.F.,.F.,(4,4),(0.,1.),.UNSPECIFIED.);
#3481=B_SPLINE_CURVE_WITH_KNOTS('',3,(#8028,#8029,#8030,#8031),
 .UNSPECIFIED.,.F.,.F.,(4,4),(0.,1.),.UNSPECIFIED.);
#3482=B_SPLINE_CURVE_WITH_KNOTS('',3,(#8033,#8034,#8035,#8036,#8037,#8038,
#8039,#8040),.UNSPECIFIED.,.F.,.F.,(4,2,2,4),(0.,0.25,0.5,1.),
 .UNSPECIFIED.);
#3483=B_SPLINE_CURVE_WITH_KNOTS('',3,(#8057,#8058,#8059,#8060),
 .UNSPECIFIED.,.F.,.F.,(4,4),(0.,1.),.UNSPECIFIED.);
#3484=B_SPLINE_CURVE_WITH_KNOTS('',3,(#8125,#8126,#8127,#8128),
 .UNSPECIFIED.,.F.,.F.,(4,4),(0.,1.),.UNSPECIFIED.);
#3485=B_SPLINE_CURVE_WITH_KNOTS('',3,(#8201,#8202,#8203,#8204,#8205,#8206,
#8207,#8208),.UNSPECIFIED.,.F.,.F.,(4,2,2,4),(0.,0.25,0.5,1.),
 .UNSPECIFIED.);
#3486=B_SPLINE_CURVE_WITH_KNOTS('',3,(#8211,#8212,#8213,#8214),
 .UNSPECIFIED.,.F.,.F.,(4,4),(0.,1.),.UNSPECIFIED.);
#3487=B_SPLINE_CURVE_WITH_KNOTS('',3,(#8215,#8216,#8217,#8218),
 .UNSPECIFIED.,.F.,.F.,(4,4),(0.,1.),.UNSPECIFIED.);
#3488=B_SPLINE_CURVE_WITH_KNOTS('',3,(#8220,#8221,#8222,#8223,#8224,#8225,
#8226,#8227),.UNSPECIFIED.,.F.,.F.,(4,2,2,4),(0.,0.25,0.5,1.),
 .UNSPECIFIED.);
#3489=B_SPLINE_CURVE_WITH_KNOTS('',3,(#8292,#8293,#8294,#8295),
 .UNSPECIFIED.,.F.,.F.,(4,4),(0.,1.),.UNSPECIFIED.);
#3490=B_SPLINE_CURVE_WITH_KNOTS('',3,(#8296,#8297,#8298,#8299),
 .UNSPECIFIED.,.F.,.F.,(4,4),(0.,1.),.UNSPECIFIED.);
#3491=B_SPLINE_CURVE_WITH_KNOTS('',3,(#8301,#8302,#8303,#8304,#8305,#8306,
#8307,#8308),.UNSPECIFIED.,.F.,.F.,(4,2,2,4),(0.,0.25,0.5,1.),
 .UNSPECIFIED.);
#3492=B_SPLINE_CURVE_WITH_KNOTS('',3,(#8325,#8326,#8327,#8328),
 .UNSPECIFIED.,.F.,.F.,(4,4),(0.,1.),.UNSPECIFIED.);
#3493=B_SPLINE_CURVE_WITH_KNOTS('',3,(#8393,#8394,#8395,#8396),
 .UNSPECIFIED.,.F.,.F.,(4,4),(0.,1.),.UNSPECIFIED.);
#3494=B_SPLINE_CURVE_WITH_KNOTS('',2,(#8409,#8410,#8411),.UNSPECIFIED.,
 .F.,.F.,(3,3),(0.,1.),.PIECEWISE_BEZIER_KNOTS.);
#3495=B_SPLINE_CURVE_WITH_KNOTS('',2,(#8415,#8416,#8417),.UNSPECIFIED.,
 .F.,.F.,(3,3),(0.,1.),.PIECEWISE_BEZIER_KNOTS.);
#3496=B_SPLINE_CURVE_WITH_KNOTS('',2,(#8421,#8422,#8423),.UNSPECIFIED.,
 .F.,.F.,(3,3),(0.,1.),.PIECEWISE_BEZIER_KNOTS.);
#3497=B_SPLINE_CURVE_WITH_KNOTS('',2,(#8427,#8428,#8429),.UNSPECIFIED.,
 .F.,.F.,(3,3),(0.,1.),.PIECEWISE_BEZIER_KNOTS.);
#3498=B_SPLINE_CURVE_WITH_KNOTS('',2,(#8433,#8434,#8435),.UNSPECIFIED.,
 .F.,.F.,(3,3),(0.,1.),.PIECEWISE_BEZIER_KNOTS.);
#3499=B_SPLINE_CURVE_WITH_KNOTS('',2,(#8439,#8440,#8441),.UNSPECIFIED.,
 .F.,.F.,(3,3),(0.,1.),.PIECEWISE_BEZIER_KNOTS.);
#3500=B_SPLINE_CURVE_WITH_KNOTS('',2,(#8445,#8446,#8447),.UNSPECIFIED.,
 .F.,.F.,(3,3),(0.,1.),.PIECEWISE_BEZIER_KNOTS.);
#3501=B_SPLINE_CURVE_WITH_KNOTS('',2,(#8451,#8452,#8453),.UNSPECIFIED.,
 .F.,.F.,(3,3),(0.,1.),.PIECEWISE_BEZIER_KNOTS.);
#3502=B_SPLINE_CURVE_WITH_KNOTS('',3,(#8464,#8465,#8466,#8467),
 .UNSPECIFIED.,.F.,.F.,(4,4),(0.,0.142857142857144),.UNSPECIFIED.);
#3503=B_SPLINE_CURVE_WITH_KNOTS('',3,(#8469,#8470,#8471,#8472),
 .UNSPECIFIED.,.F.,.F.,(4,4),(0.,1.),.UNSPECIFIED.);
#3504=B_SPLINE_CURVE_WITH_KNOTS('',3,(#8474,#8475,#8476,#8477),
 .UNSPECIFIED.,.F.,.F.,(4,4),(0.857142857142857,1.),.UNSPECIFIED.);
#3505=B_SPLINE_CURVE_WITH_KNOTS('',3,(#8486,#8487,#8488,#8489),
 .UNSPECIFIED.,.F.,.F.,(4,4),(0.,0.142857142857143),.UNSPECIFIED.);
#3506=B_SPLINE_CURVE_WITH_KNOTS('',3,(#8491,#8492,#8493,#8494),
 .UNSPECIFIED.,.F.,.F.,(4,4),(0.,1.),.UNSPECIFIED.);
#3507=B_SPLINE_CURVE_WITH_KNOTS('',3,(#8496,#8497,#8498,#8499),
 .UNSPECIFIED.,.F.,.F.,(4,4),(0.857142857142856,1.),.UNSPECIFIED.);
#3508=B_SPLINE_CURVE_WITH_KNOTS('',3,(#8510,#8511,#8512,#8513),
 .UNSPECIFIED.,.F.,.F.,(4,4),(0.,0.142857142857143),.UNSPECIFIED.);
#3509=B_SPLINE_CURVE_WITH_KNOTS('',3,(#8515,#8516,#8517,#8518),
 .UNSPECIFIED.,.F.,.F.,(4,4),(0.,1.),.UNSPECIFIED.);
#3510=B_SPLINE_CURVE_WITH_KNOTS('',3,(#8520,#8521,#8522,#8523),
 .UNSPECIFIED.,.F.,.F.,(4,4),(0.857142857142856,1.),.UNSPECIFIED.);
#3511=B_SPLINE_CURVE_WITH_KNOTS('',3,(#8532,#8533,#8534,#8535),
 .UNSPECIFIED.,.F.,.F.,(4,4),(0.,0.142857142857144),.UNSPECIFIED.);
#3512=B_SPLINE_CURVE_WITH_KNOTS('',3,(#8537,#8538,#8539,#8540),
 .UNSPECIFIED.,.F.,.F.,(4,4),(0.,1.),.UNSPECIFIED.);
#3513=B_SPLINE_CURVE_WITH_KNOTS('',3,(#8542,#8543,#8544,#8545),
 .UNSPECIFIED.,.F.,.F.,(4,4),(0.857142857142857,1.),.UNSPECIFIED.);
#3514=B_SPLINE_CURVE_WITH_KNOTS('',3,(#8558,#8559,#8560,#8561),
 .UNSPECIFIED.,.F.,.F.,(4,4),(0.,0.142857142857144),.UNSPECIFIED.);
#3515=B_SPLINE_CURVE_WITH_KNOTS('',3,(#8563,#8564,#8565,#8566),
 .UNSPECIFIED.,.F.,.F.,(4,4),(0.,1.),.UNSPECIFIED.);
#3516=B_SPLINE_CURVE_WITH_KNOTS('',3,(#8568,#8569,#8570,#8571),
 .UNSPECIFIED.,.F.,.F.,(4,4),(0.857142857142857,1.),.UNSPECIFIED.);
#3517=B_SPLINE_CURVE_WITH_KNOTS('',3,(#8580,#8581,#8582,#8583),
 .UNSPECIFIED.,.F.,.F.,(4,4),(0.,0.142857142857143),.UNSPECIFIED.);
#3518=B_SPLINE_CURVE_WITH_KNOTS('',3,(#8585,#8586,#8587,#8588),
 .UNSPECIFIED.,.F.,.F.,(4,4),(0.,1.),.UNSPECIFIED.);
#3519=B_SPLINE_CURVE_WITH_KNOTS('',3,(#8590,#8591,#8592,#8593),
 .UNSPECIFIED.,.F.,.F.,(4,4),(0.857142857142856,1.),.UNSPECIFIED.);
#3520=B_SPLINE_CURVE_WITH_KNOTS('',3,(#8606,#8607,#8608,#8609),
 .UNSPECIFIED.,.F.,.F.,(4,4),(0.,0.142857142857143),.UNSPECIFIED.);
#3521=B_SPLINE_CURVE_WITH_KNOTS('',3,(#8611,#8612,#8613,#8614),
 .UNSPECIFIED.,.F.,.F.,(4,4),(0.,1.),.UNSPECIFIED.);
#3522=B_SPLINE_CURVE_WITH_KNOTS('',3,(#8616,#8617,#8618,#8619),
 .UNSPECIFIED.,.F.,.F.,(4,4),(0.857142857142856,1.),.UNSPECIFIED.);
#3523=B_SPLINE_CURVE_WITH_KNOTS('',3,(#8628,#8629,#8630,#8631),
 .UNSPECIFIED.,.F.,.F.,(4,4),(0.,0.142857142857144),.UNSPECIFIED.);
#3524=B_SPLINE_CURVE_WITH_KNOTS('',3,(#8633,#8634,#8635,#8636),
 .UNSPECIFIED.,.F.,.F.,(4,4),(0.,1.),.UNSPECIFIED.);
#3525=B_SPLINE_CURVE_WITH_KNOTS('',3,(#8638,#8639,#8640,#8641),
 .UNSPECIFIED.,.F.,.F.,(4,4),(0.857142857142857,1.),.UNSPECIFIED.);
#3526=B_SPLINE_CURVE_WITH_KNOTS('',3,(#8948,#8949,#8950,#8951),
 .UNSPECIFIED.,.F.,.F.,(4,4),(0.,1.),.UNSPECIFIED.);
#3527=B_SPLINE_CURVE_WITH_KNOTS('',3,(#8956,#8957,#8958,#8959),
 .UNSPECIFIED.,.F.,.F.,(4,4),(0.,1.),.UNSPECIFIED.);
#3528=B_SPLINE_CURVE_WITH_KNOTS('',3,(#8976,#8977,#8978,#8979),
 .UNSPECIFIED.,.F.,.F.,(4,4),(0.,1.),.UNSPECIFIED.);
#3529=B_SPLINE_CURVE_WITH_KNOTS('',3,(#8983,#8984,#8985,#8986),
 .UNSPECIFIED.,.F.,.F.,(4,4),(0.,1.),.UNSPECIFIED.);
#3530=B_SPLINE_CURVE_WITH_KNOTS('',3,(#9001,#9002,#9003,#9004),
 .UNSPECIFIED.,.F.,.F.,(4,4),(0.,1.),.UNSPECIFIED.);
#3531=B_SPLINE_CURVE_WITH_KNOTS('',3,(#9008,#9009,#9010,#9011),
 .UNSPECIFIED.,.F.,.F.,(4,4),(0.,1.),.UNSPECIFIED.);
#3532=B_SPLINE_CURVE_WITH_KNOTS('',3,(#9026,#9027,#9028,#9029),
 .UNSPECIFIED.,.F.,.F.,(4,4),(0.,1.),.UNSPECIFIED.);
#3533=B_SPLINE_CURVE_WITH_KNOTS('',3,(#9033,#9034,#9035,#9036),
 .UNSPECIFIED.,.F.,.F.,(4,4),(0.,1.),.UNSPECIFIED.);
#3534=B_SPLINE_CURVE_WITH_KNOTS('',3,(#9120,#9121,#9122,#9123,#9124,#9125,
#9126,#9127,#9128,#9129,#9130),.UNSPECIFIED.,.T.,.F.,(1,1,1,1,1,1,1,1,1,
1,1,1,1,1,1),(-0.375,-0.25,-0.125,0.,0.125,0.25,0.375,0.5,0.625,0.75,0.875,
1.,1.125,1.25,1.375),.UNSPECIFIED.);
#3535=B_SPLINE_CURVE_WITH_KNOTS('',3,(#9133,#9134,#9135,#9136,#9137,#9138,
#9139,#9140,#9141,#9142,#9143,#9144,#9145,#9146,#9147,#9148,#9149,#9150,
#9151),.UNSPECIFIED.,.T.,.F.,(1,1,1,1,1,1,1,1,1,1,1,1,1,1,1,1,1,1,1,1,1,
1,1),(-0.190789473684211,-0.128289473684211,-0.0657894736842105,0.,0.059375,
0.12171875,0.1842109375,0.246710546875,0.30921052734375,0.371710526367187,
0.434210526318359,0.496710526315918,0.559210526315796,0.62171052631579,
0.684210526315789,0.746710526315789,0.809210526315789,0.871710526315789,
0.934210526315789,1.,1.059375,1.12171875,1.1842109375),.UNSPECIFIED.);
#3536=EDGE_LOOP('',(#881,#882,#883,#884));
#3537=EDGE_LOOP('',(#885,#886,#887,#888));
#3538=EDGE_LOOP('',(#889,#890,#891,#892));
#3539=EDGE_LOOP('',(#893,#894,#895,#896));
#3540=EDGE_LOOP('',(#897,#898,#899,#900));
#3541=EDGE_LOOP('',(#901,#902,#903,#904));
#3542=EDGE_LOOP('',(#905,#906,#907,#908));
#3543=EDGE_LOOP('',(#909,#910,#911,#912));
#3544=EDGE_LOOP('',(#913,#914,#915,#916));
#3545=EDGE_LOOP('',(#917,#918,#919,#920));
#3546=EDGE_LOOP('',(#921,#922,#923,#924));
#3547=EDGE_LOOP('',(#925,#926,#927,#928));
#3548=EDGE_LOOP('',(#929,#930,#931,#932));
#3549=EDGE_LOOP('',(#933,#934,#935,#936));
#3550=EDGE_LOOP('',(#937,#938,#939,#940));
#3551=EDGE_LOOP('',(#941,#942,#943,#944));
#3552=EDGE_LOOP('',(#945,#946,#947,#948));
#3553=EDGE_LOOP('',(#949,#950,#951,#952));
#3554=EDGE_LOOP('',(#953,#954,#955,#956));
#3555=EDGE_LOOP('',(#957,#958,#959,#960));
#3556=EDGE_LOOP('',(#961,#962,#963,#964));
#3557=EDGE_LOOP('',(#965,#966,#967,#968,#969,#970,#971,#972));
#3558=EDGE_LOOP('',(#973,#974,#975,#976,#977,#978,#979,#980,#981,#982,#983,
#984,#985,#986,#987,#988,#989,#990,#991,#992,#993,#994,#995,#996));
#3559=EDGE_LOOP('',(#997));
#3560=EDGE_LOOP('',(#998));
#3561=EDGE_LOOP('',(#999));
#3562=EDGE_LOOP('',(#1000));
#3563=EDGE_LOOP('',(#1001,#1002,#1003,#1004));
#3564=EDGE_LOOP('',(#1005,#1006,#1007,#1008,#1009,#1010,#1011,#1012));
#3565=EDGE_LOOP('',(#1013,#1014,#1015,#1016,#1017,#1018,#1019,#1020));
#3566=EDGE_LOOP('',(#1021,#1022,#1023,#1024,#1025,#1026,#1027,#1028));
#3567=EDGE_LOOP('',(#1029,#1030,#1031,#1032));
#3568=EDGE_LOOP('',(#1033,#1034,#1035,#1036));
#3569=EDGE_LOOP('',(#1037,#1038,#1039,#1040));
#3570=EDGE_LOOP('',(#1041,#1042,#1043,#1044));
#3571=EDGE_LOOP('',(#1045,#1046,#1047,#1048));
#3572=EDGE_LOOP('',(#1049,#1050,#1051,#1052,#1053,#1054,#1055,#1056));
#3573=EDGE_LOOP('',(#1057,#1058,#1059,#1060));
#3574=EDGE_LOOP('',(#1061,#1062,#1063,#1064));
#3575=EDGE_LOOP('',(#1065,#1066,#1067,#1068));
#3576=EDGE_LOOP('',(#1069,#1070,#1071,#1072));
#3577=EDGE_LOOP('',(#1073,#1074,#1075,#1076));
#3578=EDGE_LOOP('',(#1077,#1078,#1079,#1080));
#3579=EDGE_LOOP('',(#1081,#1082,#1083,#1084));
#3580=EDGE_LOOP('',(#1085,#1086,#1087,#1088));
#3581=EDGE_LOOP('',(#1089,#1090,#1091,#1092));
#3582=EDGE_LOOP('',(#1093,#1094,#1095,#1096));
#3583=EDGE_LOOP('',(#1097,#1098,#1099,#1100));
#3584=EDGE_LOOP('',(#1101,#1102,#1103,#1104));
#3585=EDGE_LOOP('',(#1105,#1106,#1107,#1108));
#3586=EDGE_LOOP('',(#1109,#1110,#1111,#1112));
#3587=EDGE_LOOP('',(#1113,#1114,#1115,#1116));
#3588=EDGE_LOOP('',(#1117,#1118,#1119,#1120));
#3589=EDGE_LOOP('',(#1121,#1122,#1123,#1124));
#3590=EDGE_LOOP('',(#1125,#1126,#1127,#1128));
#3591=EDGE_LOOP('',(#1129,#1130,#1131,#1132));
#3592=EDGE_LOOP('',(#1133,#1134,#1135,#1136));
#3593=EDGE_LOOP('',(#1137,#1138,#1139,#1140));
#3594=EDGE_LOOP('',(#1141,#1142,#1143,#1144));
#3595=EDGE_LOOP('',(#1145,#1146,#1147,#1148));
#3596=EDGE_LOOP('',(#1149,#1150,#1151,#1152));
#3597=EDGE_LOOP('',(#1153,#1154,#1155,#1156,#1157));
#3598=EDGE_LOOP('',(#1158,#1159,#1160,#1161,#1162));
#3599=EDGE_LOOP('',(#1163,#1164,#1165,#1166,#1167,#1168));
#3600=EDGE_LOOP('',(#1169,#1170,#1171,#1172,#1173));
#3601=EDGE_LOOP('',(#1174,#1175,#1176,#1177));
#3602=EDGE_LOOP('',(#1178,#1179,#1180,#1181));
#3603=EDGE_LOOP('',(#1182,#1183,#1184,#1185));
#3604=EDGE_LOOP('',(#1186,#1187,#1188,#1189,#1190,#1191,#1192,#1193,#1194,
#1195));
#3605=EDGE_LOOP('',(#1196,#1197,#1198,#1199));
#3606=EDGE_LOOP('',(#1200,#1201,#1202,#1203,#1204));
#3607=EDGE_LOOP('',(#1205,#1206,#1207,#1208));
#3608=EDGE_LOOP('',(#1209,#1210,#1211,#1212));
#3609=EDGE_LOOP('',(#1213,#1214,#1215,#1216));
#3610=EDGE_LOOP('',(#1217,#1218,#1219,#1220));
#3611=EDGE_LOOP('',(#1221,#1222,#1223,#1224));
#3612=EDGE_LOOP('',(#1225,#1226,#1227,#1228));
#3613=EDGE_LOOP('',(#1229,#1230,#1231,#1232));
#3614=EDGE_LOOP('',(#1233,#1234,#1235,#1236));
#3615=EDGE_LOOP('',(#1237,#1238,#1239,#1240));
#3616=EDGE_LOOP('',(#1241));
#3617=EDGE_LOOP('',(#1242));
#3618=EDGE_LOOP('',(#1243));
#3619=EDGE_LOOP('',(#1244));
#3620=EDGE_LOOP('',(#1245));
#3621=EDGE_LOOP('',(#1246));
#3622=EDGE_LOOP('',(#1247));
#3623=EDGE_LOOP('',(#1248));
#3624=EDGE_LOOP('',(#1249));
#3625=EDGE_LOOP('',(#1250));
#3626=EDGE_LOOP('',(#1251));
#3627=EDGE_LOOP('',(#1252));
#3628=EDGE_LOOP('',(#1253,#1254,#1255,#1256,#1257,#1258,#1259,#1260));
#3629=EDGE_LOOP('',(#1261,#1262,#1263,#1264));
#3630=EDGE_LOOP('',(#1265,#1266,#1267,#1268,#1269,#1270,#1271,#1272));
#3631=EDGE_LOOP('',(#1273,#1274,#1275,#1276));
#3632=EDGE_LOOP('',(#1277,#1278,#1279,#1280));
#3633=EDGE_LOOP('',(#1281,#1282,#1283,#1284,#1285,#1286));
#3634=EDGE_LOOP('',(#1287,#1288,#1289,#1290,#1291,#1292));
#3635=EDGE_LOOP('',(#1293,#1294,#1295,#1296,#1297,#1298,#1299,#1300,#1301,
#1302));
#3636=EDGE_LOOP('',(#1303));
#3637=EDGE_LOOP('',(#1304));
#3638=EDGE_LOOP('',(#1305));
#3639=EDGE_LOOP('',(#1306));
#3640=EDGE_LOOP('',(#1307,#1308,#1309,#1310,#1311,#1312,#1313,#1314,#1315,
#1316,#1317,#1318));
#3641=EDGE_LOOP('',(#1319,#1320,#1321,#1322,#1323));
#3642=EDGE_LOOP('',(#1324,#1325,#1326,#1327,#1328));
#3643=EDGE_LOOP('',(#1329,#1330,#1331,#1332,#1333,#1334));
#3644=EDGE_LOOP('',(#1335,#1336,#1337,#1338));
#3645=EDGE_LOOP('',(#1339,#1340,#1341,#1342,#1343,#1344));
#3646=EDGE_LOOP('',(#1345,#1346,#1347,#1348,#1349));
#3647=EDGE_LOOP('',(#1350,#1351,#1352,#1353,#1354));
#3648=EDGE_LOOP('',(#1355,#1356,#1357,#1358));
#3649=EDGE_LOOP('',(#1359));
#3650=EDGE_LOOP('',(#1360));
#3651=EDGE_LOOP('',(#1361));
#3652=EDGE_LOOP('',(#1362));
#3653=EDGE_LOOP('',(#1363));
#3654=EDGE_LOOP('',(#1364));
#3655=EDGE_LOOP('',(#1365));
#3656=EDGE_LOOP('',(#1366));
#3657=EDGE_LOOP('',(#1367));
#3658=EDGE_LOOP('',(#1368));
#3659=EDGE_LOOP('',(#1369));
#3660=EDGE_LOOP('',(#1370,#1371,#1372,#1373,#1374,#1375,#1376,#1377,#1378,
#1379,#1380,#1381,#1382,#1383,#1384,#1385,#1386,#1387,#1388,#1389));
#3661=EDGE_LOOP('',(#1390));
#3662=EDGE_LOOP('',(#1391));
#3663=EDGE_LOOP('',(#1392));
#3664=EDGE_LOOP('',(#1393));
#3665=EDGE_LOOP('',(#1394));
#3666=EDGE_LOOP('',(#1395));
#3667=EDGE_LOOP('',(#1396));
#3668=EDGE_LOOP('',(#1397));
#3669=EDGE_LOOP('',(#1398));
#3670=EDGE_LOOP('',(#1399,#1400,#1401,#1402));
#3671=EDGE_LOOP('',(#1403,#1404,#1405));
#3672=EDGE_LOOP('',(#1406,#1407,#1408));
#3673=EDGE_LOOP('',(#1409));
#3674=EDGE_LOOP('',(#1410));
#3675=EDGE_LOOP('',(#1411));
#3676=EDGE_LOOP('',(#1412));
#3677=EDGE_LOOP('',(#1413,#1414,#1415,#1416,#1417,#1418,#1419,#1420));
#3678=EDGE_LOOP('',(#1421,#1422,#1423,#1424));
#3679=EDGE_LOOP('',(#1425));
#3680=EDGE_LOOP('',(#1426));
#3681=EDGE_LOOP('',(#1427));
#3682=EDGE_LOOP('',(#1428));
#3683=EDGE_LOOP('',(#1429));
#3684=EDGE_LOOP('',(#1430));
#3685=EDGE_LOOP('',(#1431));
#3686=EDGE_LOOP('',(#1432));
#3687=EDGE_LOOP('',(#1433,#1434,#1435,#1436));
#3688=EDGE_LOOP('',(#1437,#1438,#1439,#1440,#1441,#1442,#1443,#1444,#1445,
#1446,#1447,#1448));
#3689=EDGE_LOOP('',(#1449,#1450,#1451,#1452));
#3690=EDGE_LOOP('',(#1453,#1454,#1455,#1456,#1457,#1458));
#3691=EDGE_LOOP('',(#1459,#1460,#1461,#1462));
#3692=EDGE_LOOP('',(#1463,#1464,#1465,#1466));
#3693=EDGE_LOOP('',(#1467,#1468,#1469,#1470));
#3694=EDGE_LOOP('',(#1471,#1472,#1473,#1474,#1475,#1476));
#3695=EDGE_LOOP('',(#1477));
#3696=EDGE_LOOP('',(#1478));
#3697=EDGE_LOOP('',(#1479));
#3698=EDGE_LOOP('',(#1480));
#3699=EDGE_LOOP('',(#1481));
#3700=EDGE_LOOP('',(#1482));
#3701=EDGE_LOOP('',(#1483));
#3702=EDGE_LOOP('',(#1484));
#3703=EDGE_LOOP('',(#1485,#1486,#1487,#1488,#1489,#1490,#1491,#1492,#1493,
#1494,#1495,#1496,#1497,#1498,#1499,#1500,#1501,#1502,#1503,#1504,#1505,
#1506,#1507,#1508));
#3704=EDGE_LOOP('',(#1509,#1510,#1511,#1512));
#3705=EDGE_LOOP('',(#1513,#1514,#1515,#1516));
#3706=EDGE_LOOP('',(#1517,#1518,#1519,#1520));
#3707=EDGE_LOOP('',(#1521,#1522,#1523,#1524));
#3708=EDGE_LOOP('',(#1525,#1526,#1527,#1528));
#3709=EDGE_LOOP('',(#1529,#1530,#1531,#1532));
#3710=EDGE_LOOP('',(#1533,#1534,#1535,#1536));
#3711=EDGE_LOOP('',(#1537,#1538,#1539,#1540));
#3712=EDGE_LOOP('',(#1541,#1542,#1543,#1544));
#3713=EDGE_LOOP('',(#1545,#1546,#1547,#1548));
#3714=EDGE_LOOP('',(#1549,#1550,#1551,#1552));
#3715=EDGE_LOOP('',(#1553,#1554,#1555,#1556));
#3716=EDGE_LOOP('',(#1557,#1558,#1559,#1560));
#3717=EDGE_LOOP('',(#1561,#1562,#1563,#1564,#1565,#1566));
#3718=EDGE_LOOP('',(#1567,#1568,#1569,#1570,#1571,#1572,#1573,#1574));
#3719=EDGE_LOOP('',(#1575,#1576,#1577,#1578));
#3720=EDGE_LOOP('',(#1579,#1580,#1581,#1582));
#3721=EDGE_LOOP('',(#1583,#1584,#1585,#1586));
#3722=EDGE_LOOP('',(#1587,#1588,#1589,#1590));
#3723=EDGE_LOOP('',(#1591,#1592,#1593,#1594));
#3724=EDGE_LOOP('',(#1595,#1596,#1597,#1598,#1599,#1600,#1601,#1602));
#3725=EDGE_LOOP('',(#1603,#1604,#1605,#1606));
#3726=EDGE_LOOP('',(#1607,#1608,#1609,#1610));
#3727=EDGE_LOOP('',(#1611,#1612,#1613,#1614));
#3728=EDGE_LOOP('',(#1615,#1616,#1617,#1618));
#3729=EDGE_LOOP('',(#1619,#1620,#1621,#1622));
#3730=EDGE_LOOP('',(#1623,#1624,#1625,#1626));
#3731=EDGE_LOOP('',(#1627,#1628,#1629,#1630));
#3732=EDGE_LOOP('',(#1631,#1632,#1633,#1634));
#3733=EDGE_LOOP('',(#1635,#1636,#1637,#1638));
#3734=EDGE_LOOP('',(#1639,#1640,#1641,#1642,#1643));
#3735=EDGE_LOOP('',(#1644,#1645,#1646,#1647,#1648));
#3736=EDGE_LOOP('',(#1649,#1650,#1651,#1652));
#3737=EDGE_LOOP('',(#1653,#1654,#1655,#1656,#1657));
#3738=EDGE_LOOP('',(#1658,#1659,#1660,#1661));
#3739=EDGE_LOOP('',(#1662,#1663,#1664,#1665));
#3740=EDGE_LOOP('',(#1666,#1667,#1668,#1669,#1670));
#3741=EDGE_LOOP('',(#1671,#1672,#1673,#1674,#1675));
#3742=EDGE_LOOP('',(#1676,#1677,#1678,#1679));
#3743=EDGE_LOOP('',(#1680,#1681,#1682,#1683,#1684));
#3744=EDGE_LOOP('',(#1685,#1686,#1687,#1688,#1689,#1690,#1691,#1692,#1693,
#1694,#1695,#1696,#1697,#1698,#1699,#1700));
#3745=EDGE_LOOP('',(#1701));
#3746=EDGE_LOOP('',(#1702,#1703,#1704,#1705));
#3747=EDGE_LOOP('',(#1706,#1707,#1708,#1709));
#3748=EDGE_LOOP('',(#1710,#1711,#1712,#1713));
#3749=EDGE_LOOP('',(#1714,#1715,#1716,#1717));
#3750=EDGE_LOOP('',(#1718,#1719,#1720,#1721));
#3751=EDGE_LOOP('',(#1722,#1723,#1724,#1725));
#3752=EDGE_LOOP('',(#1726,#1727,#1728,#1729));
#3753=EDGE_LOOP('',(#1730,#1731,#1732,#1733));
#3754=EDGE_LOOP('',(#1734,#1735,#1736,#1737));
#3755=EDGE_LOOP('',(#1738,#1739,#1740,#1741));
#3756=EDGE_LOOP('',(#1742,#1743,#1744,#1745));
#3757=EDGE_LOOP('',(#1746,#1747,#1748,#1749));
#3758=EDGE_LOOP('',(#1750,#1751,#1752,#1753));
#3759=EDGE_LOOP('',(#1754,#1755,#1756,#1757));
#3760=EDGE_LOOP('',(#1758,#1759,#1760,#1761));
#3761=EDGE_LOOP('',(#1762,#1763,#1764,#1765));
#3762=EDGE_LOOP('',(#1766));
#3763=EDGE_LOOP('',(#1767,#1768,#1769,#1770,#1771,#1772,#1773,#1774,#1775,
#1776,#1777,#1778,#1779,#1780,#1781,#1782));
#3764=EDGE_LOOP('',(#1783));
#3765=EDGE_LOOP('',(#1784));
#3766=EDGE_LOOP('',(#1785,#1786,#1787,#1788,#1789,#1790,#1791,#1792));
#3767=EDGE_LOOP('',(#1793,#1794,#1795,#1796));
#3768=EDGE_LOOP('',(#1797,#1798,#1799,#1800));
#3769=EDGE_LOOP('',(#1801,#1802,#1803,#1804));
#3770=EDGE_LOOP('',(#1805,#1806,#1807,#1808));
#3771=EDGE_LOOP('',(#1809,#1810,#1811,#1812));
#3772=EDGE_LOOP('',(#1813,#1814,#1815,#1816));
#3773=EDGE_LOOP('',(#1817,#1818,#1819,#1820));
#3774=EDGE_LOOP('',(#1821,#1822,#1823,#1824));
#3775=EDGE_LOOP('',(#1825,#1826,#1827,#1828));
#3776=EDGE_LOOP('',(#1829,#1830,#1831,#1832));
#3777=EDGE_LOOP('',(#1833,#1834,#1835,#1836));
#3778=EDGE_LOOP('',(#1837,#1838,#1839,#1840));
#3779=EDGE_LOOP('',(#1841,#1842,#1843,#1844));
#3780=EDGE_LOOP('',(#1845,#1846,#1847,#1848));
#3781=EDGE_LOOP('',(#1849,#1850,#1851,#1852));
#3782=EDGE_LOOP('',(#1853,#1854,#1855,#1856));
#3783=EDGE_LOOP('',(#1857,#1858,#1859,#1860));
#3784=EDGE_LOOP('',(#1861,#1862,#1863,#1864));
#3785=EDGE_LOOP('',(#1865,#1866,#1867,#1868));
#3786=EDGE_LOOP('',(#1869,#1870,#1871,#1872));
#3787=EDGE_LOOP('',(#1873,#1874,#1875,#1876));
#3788=EDGE_LOOP('',(#1877,#1878,#1879,#1880));
#3789=EDGE_LOOP('',(#1881,#1882,#1883,#1884));
#3790=EDGE_LOOP('',(#1885,#1886,#1887,#1888));
#3791=EDGE_LOOP('',(#1889,#1890,#1891,#1892));
#3792=EDGE_LOOP('',(#1893,#1894,#1895,#1896));
#3793=EDGE_LOOP('',(#1897,#1898,#1899,#1900));
#3794=EDGE_LOOP('',(#1901,#1902,#1903,#1904));
#3795=EDGE_LOOP('',(#1905,#1906,#1907,#1908));
#3796=EDGE_LOOP('',(#1909,#1910,#1911,#1912));
#3797=EDGE_LOOP('',(#1913,#1914,#1915,#1916));
#3798=EDGE_LOOP('',(#1917,#1918,#1919,#1920));
#3799=EDGE_LOOP('',(#1921,#1922,#1923,#1924));
#3800=EDGE_LOOP('',(#1925,#1926,#1927,#1928));
#3801=EDGE_LOOP('',(#1929,#1930,#1931,#1932));
#3802=EDGE_LOOP('',(#1933,#1934,#1935,#1936));
#3803=EDGE_LOOP('',(#1937,#1938,#1939,#1940));
#3804=EDGE_LOOP('',(#1941,#1942,#1943,#1944));
#3805=EDGE_LOOP('',(#1945,#1946,#1947,#1948));
#3806=EDGE_LOOP('',(#1949,#1950,#1951,#1952));
#3807=EDGE_LOOP('',(#1953,#1954,#1955,#1956));
#3808=EDGE_LOOP('',(#1957,#1958,#1959,#1960));
#3809=EDGE_LOOP('',(#1961,#1962,#1963,#1964));
#3810=EDGE_LOOP('',(#1965,#1966,#1967,#1968));
#3811=EDGE_LOOP('',(#1969,#1970,#1971,#1972));
#3812=EDGE_LOOP('',(#1973,#1974,#1975,#1976));
#3813=EDGE_LOOP('',(#1977,#1978,#1979,#1980));
#3814=EDGE_LOOP('',(#1981,#1982,#1983,#1984));
#3815=EDGE_LOOP('',(#1985,#1986,#1987,#1988));
#3816=EDGE_LOOP('',(#1989,#1990,#1991,#1992,#1993,#1994,#1995,#1996));
#3817=EDGE_LOOP('',(#1997,#1998,#1999,#2000));
#3818=EDGE_LOOP('',(#2001,#2002,#2003,#2004));
#3819=EDGE_LOOP('',(#2005,#2006,#2007,#2008));
#3820=EDGE_LOOP('',(#2009,#2010,#2011,#2012));
#3821=EDGE_LOOP('',(#2013,#2014,#2015,#2016));
#3822=EDGE_LOOP('',(#2017,#2018,#2019,#2020));
#3823=EDGE_LOOP('',(#2021));
#3824=EDGE_LOOP('',(#2022));
#3825=EDGE_LOOP('',(#2023));
#3826=EDGE_LOOP('',(#2024));
#3827=EDGE_LOOP('',(#2025,#2026,#2027,#2028));
#3828=EDGE_LOOP('',(#2029));
#3829=EDGE_LOOP('',(#2030));
#3830=EDGE_LOOP('',(#2031));
#3831=EDGE_LOOP('',(#2032));
#3832=EDGE_LOOP('',(#2033,#2034,#2035,#2036));
#3833=EDGE_LOOP('',(#2037,#2038,#2039,#2040));
#3834=EDGE_LOOP('',(#2041,#2042,#2043,#2044));
#3835=EDGE_LOOP('',(#2045));
#3836=EDGE_LOOP('',(#2046));
#3837=EDGE_LOOP('',(#2047,#2048,#2049,#2050,#2051,#2052,#2053,#2054));
#3838=EDGE_LOOP('',(#2055));
#3839=EDGE_LOOP('',(#2056));
#3840=EDGE_LOOP('',(#2057,#2058,#2059,#2060,#2061,#2062,#2063,#2064));
#3841=EDGE_LOOP('',(#2065,#2066,#2067,#2068,#2069,#2070,#2071,#2072));
#3842=EDGE_LOOP('',(#2073,#2074,#2075,#2076,#2077,#2078,#2079,#2080));
#3843=EDGE_LOOP('',(#2081,#2082,#2083,#2084,#2085,#2086,#2087,#2088));
#3844=EDGE_LOOP('',(#2089,#2090,#2091,#2092,#2093,#2094,#2095,#2096));
#3845=EDGE_LOOP('',(#2097,#2098,#2099,#2100,#2101,#2102,#2103,#2104));
#3846=EDGE_LOOP('',(#2105,#2106,#2107,#2108));
#3847=EDGE_LOOP('',(#2109,#2110,#2111,#2112));
#3848=EDGE_LOOP('',(#2113));
#3849=EDGE_LOOP('',(#2114));
#3850=EDGE_LOOP('',(#2115,#2116,#2117,#2118,#2119,#2120,#2121,#2122));
#3851=EDGE_LOOP('',(#2123));
#3852=EDGE_LOOP('',(#2124));
#3853=EDGE_LOOP('',(#2125,#2126,#2127,#2128,#2129,#2130,#2131,#2132));
#3854=EDGE_LOOP('',(#2133,#2134,#2135,#2136,#2137,#2138,#2139,#2140));
#3855=EDGE_LOOP('',(#2141,#2142,#2143,#2144,#2145,#2146,#2147,#2148));
#3856=EDGE_LOOP('',(#2149,#2150,#2151,#2152,#2153,#2154,#2155,#2156));
#3857=EDGE_LOOP('',(#2157,#2158,#2159,#2160,#2161,#2162,#2163,#2164));
#3858=EDGE_LOOP('',(#2165,#2166,#2167,#2168,#2169,#2170,#2171,#2172));
#3859=EDGE_LOOP('',(#2173,#2174,#2175,#2176));
#3860=EDGE_LOOP('',(#2177,#2178,#2179,#2180));
#3861=EDGE_LOOP('',(#2181,#2182,#2183,#2184));
#3862=EDGE_LOOP('',(#2185));
#3863=EDGE_LOOP('',(#2186));
#3864=EDGE_LOOP('',(#2187));
#3865=EDGE_LOOP('',(#2188));
#3866=EDGE_LOOP('',(#2189));
#3867=EDGE_LOOP('',(#2190));
#3868=EDGE_LOOP('',(#2191));
#3869=EDGE_LOOP('',(#2192));
#3870=EDGE_LOOP('',(#2193));
#3871=EDGE_LOOP('',(#2194));
#3872=EDGE_LOOP('',(#2195));
#3873=EDGE_LOOP('',(#2196));
#3874=EDGE_LOOP('',(#2197));
#3875=EDGE_LOOP('',(#2198));
#3876=FACE_BOUND('',#3536,.T.);
#3877=FACE_BOUND('',#3537,.T.);
#3878=FACE_BOUND('',#3538,.T.);
#3879=FACE_BOUND('',#3539,.T.);
#3880=FACE_BOUND('',#3540,.T.);
#3881=FACE_BOUND('',#3541,.T.);
#3882=FACE_BOUND('',#3542,.T.);
#3883=FACE_BOUND('',#3543,.T.);
#3884=FACE_BOUND('',#3544,.T.);
#3885=FACE_BOUND('',#3545,.T.);
#3886=FACE_BOUND('',#3546,.T.);
#3887=FACE_BOUND('',#3547,.T.);
#3888=FACE_BOUND('',#3548,.T.);
#3889=FACE_BOUND('',#3549,.T.);
#3890=FACE_BOUND('',#3550,.T.);
#3891=FACE_BOUND('',#3551,.T.);
#3892=FACE_BOUND('',#3552,.T.);
#3893=FACE_BOUND('',#3553,.T.);
#3894=FACE_BOUND('',#3554,.T.);
#3895=FACE_BOUND('',#3555,.T.);
#3896=FACE_BOUND('',#3556,.T.);
#3897=FACE_BOUND('',#3557,.T.);
#3898=FACE_BOUND('',#3558,.T.);
#3899=FACE_BOUND('',#3559,.T.);
#3900=FACE_BOUND('',#3560,.T.);
#3901=FACE_BOUND('',#3561,.T.);
#3902=FACE_BOUND('',#3562,.T.);
#3903=FACE_BOUND('',#3563,.T.);
#3904=FACE_BOUND('',#3564,.T.);
#3905=FACE_BOUND('',#3565,.T.);
#3906=FACE_BOUND('',#3566,.T.);
#3907=FACE_BOUND('',#3567,.T.);
#3908=FACE_BOUND('',#3568,.T.);
#3909=FACE_BOUND('',#3569,.T.);
#3910=FACE_BOUND('',#3570,.T.);
#3911=FACE_BOUND('',#3571,.T.);
#3912=FACE_BOUND('',#3572,.T.);
#3913=FACE_BOUND('',#3573,.T.);
#3914=FACE_BOUND('',#3574,.T.);
#3915=FACE_BOUND('',#3575,.T.);
#3916=FACE_BOUND('',#3576,.T.);
#3917=FACE_BOUND('',#3577,.T.);
#3918=FACE_BOUND('',#3578,.T.);
#3919=FACE_BOUND('',#3579,.T.);
#3920=FACE_BOUND('',#3580,.T.);
#3921=FACE_BOUND('',#3581,.T.);
#3922=FACE_BOUND('',#3582,.T.);
#3923=FACE_BOUND('',#3583,.T.);
#3924=FACE_BOUND('',#3584,.T.);
#3925=FACE_BOUND('',#3585,.T.);
#3926=FACE_BOUND('',#3586,.T.);
#3927=FACE_BOUND('',#3587,.T.);
#3928=FACE_BOUND('',#3588,.T.);
#3929=FACE_BOUND('',#3589,.T.);
#3930=FACE_BOUND('',#3590,.T.);
#3931=FACE_BOUND('',#3591,.T.);
#3932=FACE_BOUND('',#3592,.T.);
#3933=FACE_BOUND('',#3593,.T.);
#3934=FACE_BOUND('',#3594,.T.);
#3935=FACE_BOUND('',#3595,.T.);
#3936=FACE_BOUND('',#3596,.T.);
#3937=FACE_BOUND('',#3597,.T.);
#3938=FACE_BOUND('',#3598,.T.);
#3939=FACE_BOUND('',#3599,.T.);
#3940=FACE_BOUND('',#3600,.T.);
#3941=FACE_BOUND('',#3601,.T.);
#3942=FACE_BOUND('',#3602,.T.);
#3943=FACE_BOUND('',#3603,.T.);
#3944=FACE_BOUND('',#3604,.T.);
#3945=FACE_BOUND('',#3605,.T.);
#3946=FACE_BOUND('',#3606,.T.);
#3947=FACE_BOUND('',#3607,.T.);
#3948=FACE_BOUND('',#3608,.T.);
#3949=FACE_BOUND('',#3609,.T.);
#3950=FACE_BOUND('',#3610,.T.);
#3951=FACE_BOUND('',#3611,.T.);
#3952=FACE_BOUND('',#3612,.T.);
#3953=FACE_BOUND('',#3613,.T.);
#3954=FACE_BOUND('',#3614,.T.);
#3955=FACE_BOUND('',#3615,.T.);
#3956=FACE_BOUND('',#3616,.T.);
#3957=FACE_BOUND('',#3617,.T.);
#3958=FACE_BOUND('',#3618,.T.);
#3959=FACE_BOUND('',#3619,.T.);
#3960=FACE_BOUND('',#3620,.T.);
#3961=FACE_BOUND('',#3621,.T.);
#3962=FACE_BOUND('',#3622,.T.);
#3963=FACE_BOUND('',#3623,.T.);
#3964=FACE_BOUND('',#3624,.T.);
#3965=FACE_BOUND('',#3625,.T.);
#3966=FACE_BOUND('',#3626,.T.);
#3967=FACE_BOUND('',#3627,.T.);
#3968=FACE_BOUND('',#3628,.T.);
#3969=FACE_BOUND('',#3629,.T.);
#3970=FACE_BOUND('',#3630,.T.);
#3971=FACE_BOUND('',#3631,.T.);
#3972=FACE_BOUND('',#3632,.T.);
#3973=FACE_BOUND('',#3633,.T.);
#3974=FACE_BOUND('',#3634,.T.);
#3975=FACE_BOUND('',#3635,.T.);
#3976=FACE_BOUND('',#3636,.T.);
#3977=FACE_BOUND('',#3637,.T.);
#3978=FACE_BOUND('',#3638,.T.);
#3979=FACE_BOUND('',#3639,.T.);
#3980=FACE_BOUND('',#3640,.T.);
#3981=FACE_BOUND('',#3641,.T.);
#3982=FACE_BOUND('',#3642,.T.);
#3983=FACE_BOUND('',#3643,.T.);
#3984=FACE_BOUND('',#3644,.T.);
#3985=FACE_BOUND('',#3645,.T.);
#3986=FACE_BOUND('',#3646,.T.);
#3987=FACE_BOUND('',#3647,.T.);
#3988=FACE_BOUND('',#3648,.T.);
#3989=FACE_BOUND('',#3649,.T.);
#3990=FACE_BOUND('',#3650,.T.);
#3991=FACE_BOUND('',#3651,.T.);
#3992=FACE_BOUND('',#3652,.T.);
#3993=FACE_BOUND('',#3653,.T.);
#3994=FACE_BOUND('',#3654,.T.);
#3995=FACE_BOUND('',#3655,.T.);
#3996=FACE_BOUND('',#3656,.T.);
#3997=FACE_BOUND('',#3657,.T.);
#3998=FACE_BOUND('',#3658,.T.);
#3999=FACE_BOUND('',#3659,.T.);
#4000=FACE_BOUND('',#3660,.T.);
#4001=FACE_BOUND('',#3661,.T.);
#4002=FACE_BOUND('',#3662,.T.);
#4003=FACE_BOUND('',#3663,.T.);
#4004=FACE_BOUND('',#3664,.T.);
#4005=FACE_BOUND('',#3665,.T.);
#4006=FACE_BOUND('',#3666,.T.);
#4007=FACE_BOUND('',#3667,.T.);
#4008=FACE_BOUND('',#3668,.T.);
#4009=FACE_BOUND('',#3669,.T.);
#4010=FACE_BOUND('',#3670,.T.);
#4011=FACE_BOUND('',#3671,.T.);
#4012=FACE_BOUND('',#3672,.T.);
#4013=FACE_BOUND('',#3673,.T.);
#4014=FACE_BOUND('',#3674,.T.);
#4015=FACE_BOUND('',#3675,.T.);
#4016=FACE_BOUND('',#3676,.T.);
#4017=FACE_BOUND('',#3677,.T.);
#4018=FACE_BOUND('',#3678,.T.);
#4019=FACE_BOUND('',#3679,.T.);
#4020=FACE_BOUND('',#3680,.T.);
#4021=FACE_BOUND('',#3681,.T.);
#4022=FACE_BOUND('',#3682,.T.);
#4023=FACE_BOUND('',#3683,.T.);
#4024=FACE_BOUND('',#3684,.T.);
#4025=FACE_BOUND('',#3685,.T.);
#4026=FACE_BOUND('',#3686,.T.);
#4027=FACE_BOUND('',#3687,.T.);
#4028=FACE_BOUND('',#3688,.T.);
#4029=FACE_BOUND('',#3689,.T.);
#4030=FACE_BOUND('',#3690,.T.);
#4031=FACE_BOUND('',#3691,.T.);
#4032=FACE_BOUND('',#3692,.T.);
#4033=FACE_BOUND('',#3693,.T.);
#4034=FACE_BOUND('',#3694,.T.);
#4035=FACE_BOUND('',#3695,.T.);
#4036=FACE_BOUND('',#3696,.T.);
#4037=FACE_BOUND('',#3697,.T.);
#4038=FACE_BOUND('',#3698,.T.);
#4039=FACE_BOUND('',#3699,.T.);
#4040=FACE_BOUND('',#3700,.T.);
#4041=FACE_BOUND('',#3701,.T.);
#4042=FACE_BOUND('',#3702,.T.);
#4043=FACE_BOUND('',#3703,.T.);
#4044=FACE_BOUND('',#3704,.T.);
#4045=FACE_BOUND('',#3705,.T.);
#4046=FACE_BOUND('',#3706,.T.);
#4047=FACE_BOUND('',#3707,.T.);
#4048=FACE_BOUND('',#3708,.T.);
#4049=FACE_BOUND('',#3709,.T.);
#4050=FACE_BOUND('',#3710,.T.);
#4051=FACE_BOUND('',#3711,.T.);
#4052=FACE_BOUND('',#3712,.T.);
#4053=FACE_BOUND('',#3713,.T.);
#4054=FACE_BOUND('',#3714,.T.);
#4055=FACE_BOUND('',#3715,.T.);
#4056=FACE_BOUND('',#3716,.T.);
#4057=FACE_BOUND('',#3717,.T.);
#4058=FACE_BOUND('',#3718,.T.);
#4059=FACE_BOUND('',#3719,.T.);
#4060=FACE_BOUND('',#3720,.T.);
#4061=FACE_BOUND('',#3721,.T.);
#4062=FACE_BOUND('',#3722,.T.);
#4063=FACE_BOUND('',#3723,.T.);
#4064=FACE_BOUND('',#3724,.T.);
#4065=FACE_BOUND('',#3725,.T.);
#4066=FACE_BOUND('',#3726,.T.);
#4067=FACE_BOUND('',#3727,.T.);
#4068=FACE_BOUND('',#3728,.T.);
#4069=FACE_BOUND('',#3729,.T.);
#4070=FACE_BOUND('',#3730,.T.);
#4071=FACE_BOUND('',#3731,.T.);
#4072=FACE_BOUND('',#3732,.T.);
#4073=FACE_BOUND('',#3733,.T.);
#4074=FACE_BOUND('',#3734,.T.);
#4075=FACE_BOUND('',#3735,.T.);
#4076=FACE_BOUND('',#3736,.T.);
#4077=FACE_BOUND('',#3737,.T.);
#4078=FACE_BOUND('',#3738,.T.);
#4079=FACE_BOUND('',#3739,.T.);
#4080=FACE_BOUND('',#3740,.T.);
#4081=FACE_BOUND('',#3741,.T.);
#4082=FACE_BOUND('',#3742,.T.);
#4083=FACE_BOUND('',#3743,.T.);
#4084=FACE_BOUND('',#3744,.T.);
#4085=FACE_BOUND('',#3745,.T.);
#4086=FACE_BOUND('',#3746,.T.);
#4087=FACE_BOUND('',#3747,.T.);
#4088=FACE_BOUND('',#3748,.T.);
#4089=FACE_BOUND('',#3749,.T.);
#4090=FACE_BOUND('',#3750,.T.);
#4091=FACE_BOUND('',#3751,.T.);
#4092=FACE_BOUND('',#3752,.T.);
#4093=FACE_BOUND('',#3753,.T.);
#4094=FACE_BOUND('',#3754,.T.);
#4095=FACE_BOUND('',#3755,.T.);
#4096=FACE_BOUND('',#3756,.T.);
#4097=FACE_BOUND('',#3757,.T.);
#4098=FACE_BOUND('',#3758,.T.);
#4099=FACE_BOUND('',#3759,.T.);
#4100=FACE_BOUND('',#3760,.T.);
#4101=FACE_BOUND('',#3761,.T.);
#4102=FACE_BOUND('',#3762,.T.);
#4103=FACE_BOUND('',#3763,.T.);
#4104=FACE_BOUND('',#3764,.T.);
#4105=FACE_BOUND('',#3765,.T.);
#4106=FACE_BOUND('',#3766,.T.);
#4107=FACE_BOUND('',#3767,.T.);
#4108=FACE_BOUND('',#3768,.T.);
#4109=FACE_BOUND('',#3769,.T.);
#4110=FACE_BOUND('',#3770,.T.);
#4111=FACE_BOUND('',#3771,.T.);
#4112=FACE_BOUND('',#3772,.T.);
#4113=FACE_BOUND('',#3773,.T.);
#4114=FACE_BOUND('',#3774,.T.);
#4115=FACE_BOUND('',#3775,.T.);
#4116=FACE_BOUND('',#3776,.T.);
#4117=FACE_BOUND('',#3777,.T.);
#4118=FACE_BOUND('',#3778,.T.);
#4119=FACE_BOUND('',#3779,.T.);
#4120=FACE_BOUND('',#3780,.T.);
#4121=FACE_BOUND('',#3781,.T.);
#4122=FACE_BOUND('',#3782,.T.);
#4123=FACE_BOUND('',#3783,.T.);
#4124=FACE_BOUND('',#3784,.T.);
#4125=FACE_BOUND('',#3785,.T.);
#4126=FACE_BOUND('',#3786,.T.);
#4127=FACE_BOUND('',#3787,.T.);
#4128=FACE_BOUND('',#3788,.T.);
#4129=FACE_BOUND('',#3789,.T.);
#4130=FACE_BOUND('',#3790,.T.);
#4131=FACE_BOUND('',#3791,.T.);
#4132=FACE_BOUND('',#3792,.T.);
#4133=FACE_BOUND('',#3793,.T.);
#4134=FACE_BOUND('',#3794,.T.);
#4135=FACE_BOUND('',#3795,.T.);
#4136=FACE_BOUND('',#3796,.T.);
#4137=FACE_BOUND('',#3797,.T.);
#4138=FACE_BOUND('',#3798,.T.);
#4139=FACE_BOUND('',#3799,.T.);
#4140=FACE_BOUND('',#3800,.T.);
#4141=FACE_BOUND('',#3801,.T.);
#4142=FACE_BOUND('',#3802,.T.);
#4143=FACE_BOUND('',#3803,.T.);
#4144=FACE_BOUND('',#3804,.T.);
#4145=FACE_BOUND('',#3805,.T.);
#4146=FACE_BOUND('',#3806,.T.);
#4147=FACE_BOUND('',#3807,.T.);
#4148=FACE_BOUND('',#3808,.T.);
#4149=FACE_BOUND('',#3809,.T.);
#4150=FACE_BOUND('',#3810,.T.);
#4151=FACE_BOUND('',#3811,.T.);
#4152=FACE_BOUND('',#3812,.T.);
#4153=FACE_BOUND('',#3813,.T.);
#4154=FACE_BOUND('',#3814,.T.);
#4155=FACE_BOUND('',#3815,.T.);
#4156=FACE_BOUND('',#3816,.T.);
#4157=FACE_BOUND('',#3817,.T.);
#4158=FACE_BOUND('',#3818,.T.);
#4159=FACE_BOUND('',#3819,.T.);
#4160=FACE_BOUND('',#3820,.T.);
#4161=FACE_BOUND('',#3821,.T.);
#4162=FACE_BOUND('',#3822,.T.);
#4163=FACE_BOUND('',#3823,.T.);
#4164=FACE_BOUND('',#3824,.T.);
#4165=FACE_BOUND('',#3825,.T.);
#4166=FACE_BOUND('',#3826,.T.);
#4167=FACE_BOUND('',#3827,.T.);
#4168=FACE_BOUND('',#3828,.T.);
#4169=FACE_BOUND('',#3829,.T.);
#4170=FACE_BOUND('',#3830,.T.);
#4171=FACE_BOUND('',#3831,.T.);
#4172=FACE_BOUND('',#3832,.T.);
#4173=FACE_BOUND('',#3833,.T.);
#4174=FACE_BOUND('',#3834,.T.);
#4175=FACE_BOUND('',#3835,.T.);
#4176=FACE_BOUND('',#3836,.T.);
#4177=FACE_BOUND('',#3837,.T.);
#4178=FACE_BOUND('',#3838,.T.);
#4179=FACE_BOUND('',#3839,.T.);
#4180=FACE_BOUND('',#3840,.T.);
#4181=FACE_BOUND('',#3841,.T.);
#4182=FACE_BOUND('',#3842,.T.);
#4183=FACE_BOUND('',#3843,.T.);
#4184=FACE_BOUND('',#3844,.T.);
#4185=FACE_BOUND('',#3845,.T.);
#4186=FACE_BOUND('',#3846,.T.);
#4187=FACE_BOUND('',#3847,.T.);
#4188=FACE_BOUND('',#3848,.T.);
#4189=FACE_BOUND('',#3849,.T.);
#4190=FACE_BOUND('',#3850,.T.);
#4191=FACE_BOUND('',#3851,.T.);
#4192=FACE_BOUND('',#3852,.T.);
#4193=FACE_BOUND('',#3853,.T.);
#4194=FACE_BOUND('',#3854,.T.);
#4195=FACE_BOUND('',#3855,.T.);
#4196=FACE_BOUND('',#3856,.T.);
#4197=FACE_BOUND('',#3857,.T.);
#4198=FACE_BOUND('',#3858,.T.);
#4199=FACE_BOUND('',#3859,.T.);
#4200=FACE_BOUND('',#3860,.T.);
#4201=FACE_BOUND('',#3861,.T.);
#4202=FACE_BOUND('',#3862,.T.);
#4203=FACE_BOUND('',#3863,.T.);
#4204=FACE_BOUND('',#3864,.T.);
#4205=FACE_BOUND('',#3865,.T.);
#4206=FACE_BOUND('',#3866,.T.);
#4207=FACE_BOUND('',#3867,.T.);
#4208=FACE_BOUND('',#3868,.T.);
#4209=FACE_BOUND('',#3869,.T.);
#4210=FACE_BOUND('',#3870,.T.);
#4211=FACE_BOUND('',#3871,.T.);
#4212=FACE_BOUND('',#3872,.T.);
#4213=FACE_BOUND('',#3873,.T.);
#4214=FACE_BOUND('',#3874,.T.);
#4215=FACE_BOUND('',#3875,.T.);
#4216=PLANE('',#4663);
#4217=PLANE('',#4664);
#4218=PLANE('',#4665);
#4219=PLANE('',#4666);
#4220=PLANE('',#4667);
#4221=PLANE('',#4668);
#4222=PLANE('',#4669);
#4223=PLANE('',#4670);
#4224=PLANE('',#4671);
#4225=PLANE('',#4672);
#4226=PLANE('',#4673);
#4227=PLANE('',#4674);
#4228=PLANE('',#4678);
#4229=PLANE('',#4679);
#4230=PLANE('',#4680);
#4231=PLANE('',#4681);
#4232=PLANE('',#4682);
#4233=PLANE('',#4684);
#4234=PLANE('',#4689);
#4235=PLANE('',#4690);
#4236=PLANE('',#4691);
#4237=PLANE('',#4692);
#4238=PLANE('',#4693);
#4239=PLANE('',#4694);
#4240=PLANE('',#4695);
#4241=PLANE('',#4696);
#4242=PLANE('',#4697);
#4243=PLANE('',#4698);
#4244=PLANE('',#4699);
#4245=PLANE('',#4700);
#4246=PLANE('',#4701);
#4247=PLANE('',#4703);
#4248=PLANE('',#4704);
#4249=PLANE('',#4705);
#4250=PLANE('',#4706);
#4251=PLANE('',#4707);
#4252=PLANE('',#4708);
#4253=PLANE('',#4709);
#4254=PLANE('',#4710);
#4255=PLANE('',#4713);
#4256=PLANE('',#4716);
#4257=PLANE('',#4719);
#4258=PLANE('',#4722);
#4259=PLANE('',#4724);
#4260=PLANE('',#4726);
#4261=PLANE('',#4727);
#4262=PLANE('',#4729);
#4263=PLANE('',#4730);
#4264=PLANE('',#4731);
#4265=PLANE('',#4732);
#4266=PLANE('',#4733);
#4267=PLANE('',#4741);
#4268=PLANE('',#4745);
#4269=PLANE('',#4749);
#4270=PLANE('',#4753);
#4271=PLANE('',#4757);
#4272=PLANE('',#4761);
#4273=PLANE('',#4765);
#4274=PLANE('',#4766);
#4275=PLANE('',#4779);
#4276=PLANE('',#4780);
#4277=PLANE('',#4782);
#4278=PLANE('',#4784);
#4279=PLANE('',#4786);
#4280=PLANE('',#4788);
#4281=PLANE('',#4791);
#4282=PLANE('',#4792);
#4283=PLANE('',#4793);
#4284=PLANE('',#4798);
#4285=PLANE('',#4799);
#4286=PLANE('',#4800);
#4287=PLANE('',#4801);
#4288=PLANE('',#4802);
#4289=PLANE('',#4803);
#4290=PLANE('',#4804);
#4291=PLANE('',#4807);
#4292=PLANE('',#4809);
#4293=PLANE('',#4811);
#4294=PLANE('',#4812);
#4295=PLANE('',#4813);
#4296=PLANE('',#4814);
#4297=PLANE('',#4815);
#4298=PLANE('',#4816);
#4299=PLANE('',#4817);
#4300=PLANE('',#4818);
#4301=PLANE('',#4819);
#4302=PLANE('',#4820);
#4303=PLANE('',#4822);
#4304=PLANE('',#4823);
#4305=PLANE('',#4824);
#4306=PLANE('',#4825);
#4307=PLANE('',#4826);
#4308=PLANE('',#4827);
#4309=PLANE('',#4828);
#4310=PLANE('',#4829);
#4311=PLANE('',#4830);
#4312=PLANE('',#4834);
#4313=PLANE('',#4835);
#4314=PLANE('',#4839);
#4315=PLANE('',#4843);
#4316=PLANE('',#4847);
#4317=PLANE('',#4851);
#4318=PLANE('',#4855);
#4319=PLANE('',#4859);
#4320=PLANE('',#4866);
#4321=PLANE('',#4870);
#4322=PLANE('',#4874);
#4323=PLANE('',#4878);
#4324=PLANE('',#4882);
#4325=PLANE('',#4886);
#4326=PLANE('',#4890);
#4327=PLANE('',#4891);
#4328=PLANE('',#4895);
#4329=PLANE('',#4899);
#4330=PLANE('',#4903);
#4331=PLANE('',#4904);
#4332=PLANE('',#4908);
#4333=PLANE('',#4912);
#4334=PLANE('',#4916);
#4335=PLANE('',#4917);
#4336=PLANE('',#4918);
#4337=PLANE('',#4919);
#4338=PLANE('',#4920);
#4339=PLANE('',#4921);
#4340=PLANE('',#4922);
#4341=PLANE('',#4923);
#4342=PLANE('',#4939);
#4343=PLANE('',#4946);
#4344=PLANE('',#4950);
#4345=PLANE('',#4951);
#4346=PLANE('',#4952);
#4347=PLANE('',#4953);
#4348=PLANE('',#4954);
#4349=PLANE('',#4959);
#4350=PLANE('',#4962);
#4351=PLANE('',#4963);
#4352=PLANE('',#4967);
#4353=ADVANCED_FACE('',(#3876),#4216,.T.);
#4354=ADVANCED_FACE('',(#3877),#4217,.F.);
#4355=ADVANCED_FACE('',(#3878),#4218,.F.);
#4356=ADVANCED_FACE('',(#3879),#4219,.F.);
#4357=ADVANCED_FACE('',(#3880),#186,.F.);
#4358=ADVANCED_FACE('',(#3881),#4220,.F.);
#4359=ADVANCED_FACE('',(#3882),#187,.F.);
#4360=ADVANCED_FACE('',(#3883),#4221,.T.);
#4361=ADVANCED_FACE('',(#3884),#188,.F.);
#4362=ADVANCED_FACE('',(#3885),#4222,.T.);
#4363=ADVANCED_FACE('',(#3886),#4223,.T.);
#4364=ADVANCED_FACE('',(#3887),#4224,.T.);
#4365=ADVANCED_FACE('',(#3888),#4225,.F.);
#4366=ADVANCED_FACE('',(#3889),#4226,.T.);
#4367=ADVANCED_FACE('',(#3890),#4227,.F.);
#4368=ADVANCED_FACE('',(#3891),#135,.F.);
#4369=ADVANCED_FACE('',(#3892),#4228,.F.);
#4370=ADVANCED_FACE('',(#3893),#189,.F.);
#4371=ADVANCED_FACE('',(#3894),#4229,.F.);
#4372=ADVANCED_FACE('',(#3895),#4230,.F.);
#4373=ADVANCED_FACE('',(#3896),#4231,.T.);
#4374=ADVANCED_FACE('',(#3897,#3898),#4232,.T.);
#4375=ADVANCED_FACE('',(#3899,#3900,#3901,#3902,#3903,#3904,#3905,#3906),
#4233,.F.);
#4376=ADVANCED_FACE('',(#3907),#4234,.F.);
#4377=ADVANCED_FACE('',(#3908),#4235,.T.);
#4378=ADVANCED_FACE('',(#3909),#4236,.T.);
#4379=ADVANCED_FACE('',(#3910),#4237,.T.);
#4380=ADVANCED_FACE('',(#3911,#3912),#4238,.F.);
#4381=ADVANCED_FACE('',(#3913),#190,.F.);
#4382=ADVANCED_FACE('',(#3914),#191,.F.);
#4383=ADVANCED_FACE('',(#3915),#192,.F.);
#4384=ADVANCED_FACE('',(#3916),#193,.F.);
#4385=ADVANCED_FACE('',(#3917),#194,.F.);
#4386=ADVANCED_FACE('',(#3918),#195,.F.);
#4387=ADVANCED_FACE('',(#3919),#196,.F.);
#4388=ADVANCED_FACE('',(#3920),#197,.F.);
#4389=ADVANCED_FACE('',(#3921),#198,.F.);
#4390=ADVANCED_FACE('',(#3922),#199,.F.);
#4391=ADVANCED_FACE('',(#3923),#200,.F.);
#4392=ADVANCED_FACE('',(#3924),#4239,.F.);
#4393=ADVANCED_FACE('',(#3925),#201,.T.);
#4394=ADVANCED_FACE('',(#3926),#4240,.T.);
#4395=ADVANCED_FACE('',(#3927),#202,.T.);
#4396=ADVANCED_FACE('',(#3928),#4241,.T.);
#4397=ADVANCED_FACE('',(#3929),#203,.T.);
#4398=ADVANCED_FACE('',(#3930),#204,.T.);
#4399=ADVANCED_FACE('',(#3931),#4242,.T.);
#4400=ADVANCED_FACE('',(#3932),#4243,.F.);
#4401=ADVANCED_FACE('',(#3933),#205,.T.);
#4402=ADVANCED_FACE('',(#3934),#4244,.T.);
#4403=ADVANCED_FACE('',(#3935),#4245,.F.);
#4404=ADVANCED_FACE('',(#3936),#206,.T.);
#4405=ADVANCED_FACE('',(#3937),#207,.T.);
#4406=ADVANCED_FACE('',(#3938),#208,.T.);
#4407=ADVANCED_FACE('',(#3939),#4246,.T.);
#4408=ADVANCED_FACE('',(#3940),#25,.F.);
#4409=ADVANCED_FACE('',(#3941),#209,.T.);
#4410=ADVANCED_FACE('',(#3942),#4247,.F.);
#4411=ADVANCED_FACE('',(#3943),#4248,.T.);
#4412=ADVANCED_FACE('',(#3944),#4249,.T.);
#4413=ADVANCED_FACE('',(#3945),#210,.T.);
#4414=ADVANCED_FACE('',(#3946),#211,.T.);
#4415=ADVANCED_FACE('',(#3947),#4250,.F.);
#4416=ADVANCED_FACE('',(#3948),#4251,.F.);
#4417=ADVANCED_FACE('',(#3949),#212,.T.);
#4418=ADVANCED_FACE('',(#3950),#213,.T.);
#4419=ADVANCED_FACE('',(#3951),#4252,.T.);
#4420=ADVANCED_FACE('',(#3952),#4253,.F.);
#4421=ADVANCED_FACE('',(#3953),#214,.T.);
#4422=ADVANCED_FACE('',(#3954),#215,.T.);
#4423=ADVANCED_FACE('',(#3955),#4254,.T.);
#4424=ADVANCED_FACE('',(#3956,#3957),#136,.F.);
#4425=ADVANCED_FACE('',(#3958),#4255,.F.);
#4426=ADVANCED_FACE('',(#3959,#3960),#137,.F.);
#4427=ADVANCED_FACE('',(#3961),#4256,.F.);
#4428=ADVANCED_FACE('',(#3962,#3963),#138,.F.);
#4429=ADVANCED_FACE('',(#3964),#4257,.F.);
#4430=ADVANCED_FACE('',(#3965,#3966),#139,.F.);
#4431=ADVANCED_FACE('',(#3967),#4258,.F.);
#4432=ADVANCED_FACE('',(#3968),#4259,.T.);
#4433=ADVANCED_FACE('',(#3969),#4260,.T.);
#4434=ADVANCED_FACE('',(#3970),#4261,.T.);
#4435=ADVANCED_FACE('',(#3971),#4262,.T.);
#4436=ADVANCED_FACE('',(#3972),#4263,.T.);
#4437=ADVANCED_FACE('',(#3973),#4264,.F.);
#4438=ADVANCED_FACE('',(#3974),#4265,.T.);
#4439=ADVANCED_FACE('',(#3975,#3976,#3977,#3978,#3979,#3980),#4266,.T.);
#4440=ADVANCED_FACE('',(#3981),#140,.F.);
#4441=ADVANCED_FACE('',(#3982),#4267,.F.);
#4442=ADVANCED_FACE('',(#3983),#141,.F.);
#4443=ADVANCED_FACE('',(#3984),#4268,.F.);
#4444=ADVANCED_FACE('',(#3985),#142,.F.);
#4445=ADVANCED_FACE('',(#3986),#4269,.T.);
#4446=ADVANCED_FACE('',(#3987),#143,.F.);
#4447=ADVANCED_FACE('',(#3988),#4270,.T.);
#4448=ADVANCED_FACE('',(#3989,#3990),#144,.T.);
#4449=ADVANCED_FACE('',(#3991,#3992),#4271,.T.);
#4450=ADVANCED_FACE('',(#3993,#3994),#145,.F.);
#4451=ADVANCED_FACE('',(#3995,#3996),#4272,.T.);
#4452=ADVANCED_FACE('',(#3997,#3998),#146,.F.);
#4453=ADVANCED_FACE('',(#3999),#4273,.T.);
#4454=ADVANCED_FACE('',(#4000,#4001),#4274,.T.);
#4455=ADVANCED_FACE('',(#4002,#4003),#147,.F.);
#4456=ADVANCED_FACE('',(#4004,#4005),#148,.F.);
#4457=ADVANCED_FACE('',(#4006,#4007),#149,.F.);
#4458=ADVANCED_FACE('',(#4008,#4009),#150,.F.);
#4459=ADVANCED_FACE('',(#4010),#216,.F.);
#4460=ADVANCED_FACE('',(#4011),#217,.F.);
#4461=ADVANCED_FACE('',(#4012),#218,.F.);
#4462=ADVANCED_FACE('',(#4013,#4014,#4015,#4016,#4017),#4275,.F.);
#4463=ADVANCED_FACE('',(#4018),#219,.F.);
#4464=ADVANCED_FACE('',(#4019,#4020),#4276,.T.);
#4465=ADVANCED_FACE('',(#4021,#4022),#4277,.T.);
#4466=ADVANCED_FACE('',(#4023,#4024),#4278,.T.);
#4467=ADVANCED_FACE('',(#4025,#4026),#4279,.T.);
#4468=ADVANCED_FACE('',(#4027),#220,.T.);
#4469=ADVANCED_FACE('',(#4028),#4280,.T.);
#4470=ADVANCED_FACE('',(#4029),#221,.T.);
#4471=ADVANCED_FACE('',(#4030),#4281,.F.);
#4472=ADVANCED_FACE('',(#4031),#222,.T.);
#4473=ADVANCED_FACE('',(#4032),#4282,.F.);
#4474=ADVANCED_FACE('',(#4033),#223,.T.);
#4475=ADVANCED_FACE('',(#4034),#4283,.T.);
#4476=ADVANCED_FACE('',(#4035,#4036),#151,.F.);
#4477=ADVANCED_FACE('',(#4037,#4038),#152,.F.);
#4478=ADVANCED_FACE('',(#4039,#4040),#153,.F.);
#4479=ADVANCED_FACE('',(#4041,#4042),#154,.F.);
#4480=ADVANCED_FACE('',(#4043),#4284,.T.);
#4481=ADVANCED_FACE('',(#4044),#224,.F.);
#4482=ADVANCED_FACE('',(#4045),#225,.F.);
#4483=ADVANCED_FACE('',(#4046),#4285,.F.);
#4484=ADVANCED_FACE('',(#4047),#226,.F.);
#4485=ADVANCED_FACE('',(#4048),#227,.F.);
#4486=ADVANCED_FACE('',(#4049),#4286,.T.);
#4487=ADVANCED_FACE('',(#4050),#228,.F.);
#4488=ADVANCED_FACE('',(#4051),#229,.F.);
#4489=ADVANCED_FACE('',(#4052),#4287,.F.);
#4490=ADVANCED_FACE('',(#4053),#230,.F.);
#4491=ADVANCED_FACE('',(#4054),#231,.F.);
#4492=ADVANCED_FACE('',(#4055),#4288,.T.);
#4493=ADVANCED_FACE('',(#4056),#4289,.T.);
#4494=ADVANCED_FACE('',(#4057,#4058),#4290,.T.);
#4495=ADVANCED_FACE('',(#4059),#4291,.T.);
#4496=ADVANCED_FACE('',(#4060),#26,.F.);
#4497=ADVANCED_FACE('',(#4061),#4292,.T.);
#4498=ADVANCED_FACE('',(#4062),#27,.F.);
#4499=ADVANCED_FACE('',(#4063),#4293,.F.);
#4500=ADVANCED_FACE('',(#4064),#4294,.F.);
#4501=ADVANCED_FACE('',(#4065),#4295,.T.);
#4502=ADVANCED_FACE('',(#4066),#4296,.T.);
#4503=ADVANCED_FACE('',(#4067),#4297,.F.);
#4504=ADVANCED_FACE('',(#4068),#4298,.T.);
#4505=ADVANCED_FACE('',(#4069),#4299,.F.);
#4506=ADVANCED_FACE('',(#4070),#4300,.T.);
#4507=ADVANCED_FACE('',(#4071),#4301,.F.);
#4508=ADVANCED_FACE('',(#4072),#232,.T.);
#4509=ADVANCED_FACE('',(#4073),#233,.T.);
#4510=ADVANCED_FACE('',(#4074),#234,.F.);
#4511=ADVANCED_FACE('',(#4075),#235,.F.);
#4512=ADVANCED_FACE('',(#4076),#236,.T.);
#4513=ADVANCED_FACE('',(#4077),#237,.F.);
#4514=ADVANCED_FACE('',(#4078),#238,.T.);
#4515=ADVANCED_FACE('',(#4079),#239,.T.);
#4516=ADVANCED_FACE('',(#4080),#240,.F.);
#4517=ADVANCED_FACE('',(#4081),#241,.F.);
#4518=ADVANCED_FACE('',(#4082),#242,.T.);
#4519=ADVANCED_FACE('',(#4083),#243,.F.);
#4520=ADVANCED_FACE('',(#4084,#4085),#4302,.F.);
#4521=ADVANCED_FACE('',(#4086),#244,.F.);
#4522=ADVANCED_FACE('',(#4087),#245,.F.);
#4523=ADVANCED_FACE('',(#4088),#4303,.T.);
#4524=ADVANCED_FACE('',(#4089),#246,.F.);
#4525=ADVANCED_FACE('',(#4090),#247,.F.);
#4526=ADVANCED_FACE('',(#4091),#4304,.F.);
#4527=ADVANCED_FACE('',(#4092),#4305,.T.);
#4528=ADVANCED_FACE('',(#4093),#248,.F.);
#4529=ADVANCED_FACE('',(#4094),#249,.F.);
#4530=ADVANCED_FACE('',(#4095),#4306,.T.);
#4531=ADVANCED_FACE('',(#4096),#4307,.T.);
#4532=ADVANCED_FACE('',(#4097),#250,.F.);
#4533=ADVANCED_FACE('',(#4098),#251,.F.);
#4534=ADVANCED_FACE('',(#4099),#4308,.F.);
#4535=ADVANCED_FACE('',(#4100),#4309,.T.);
#4536=ADVANCED_FACE('',(#4101),#4310,.T.);
#4537=ADVANCED_FACE('',(#4102,#4103),#4311,.T.);
#4538=ADVANCED_FACE('',(#4104,#4105),#155,.T.);
#4539=ADVANCED_FACE('',(#4106),#4312,.T.);
#4540=ADVANCED_FACE('',(#4107),#4313,.T.);
#4541=ADVANCED_FACE('',(#4108),#156,.F.);
#4542=ADVANCED_FACE('',(#4109),#4314,.T.);
#4543=ADVANCED_FACE('',(#4110),#157,.F.);
#4544=ADVANCED_FACE('',(#4111),#4315,.T.);
#4545=ADVANCED_FACE('',(#4112),#158,.F.);
#4546=ADVANCED_FACE('',(#4113),#4316,.T.);
#4547=ADVANCED_FACE('',(#4114),#159,.F.);
#4548=ADVANCED_FACE('',(#4115),#4317,.T.);
#4549=ADVANCED_FACE('',(#4116),#160,.F.);
#4550=ADVANCED_FACE('',(#4117),#4318,.T.);
#4551=ADVANCED_FACE('',(#4118),#161,.F.);
#4552=ADVANCED_FACE('',(#4119),#4319,.T.);
#4553=ADVANCED_FACE('',(#4120),#162,.F.);
#4554=ADVANCED_FACE('',(#4121),#163,.F.);
#4555=ADVANCED_FACE('',(#4122),#4320,.T.);
#4556=ADVANCED_FACE('',(#4123),#164,.F.);
#4557=ADVANCED_FACE('',(#4124),#4321,.T.);
#4558=ADVANCED_FACE('',(#4125),#165,.F.);
#4559=ADVANCED_FACE('',(#4126),#4322,.T.);
#4560=ADVANCED_FACE('',(#4127),#166,.F.);
#4561=ADVANCED_FACE('',(#4128),#4323,.T.);
#4562=ADVANCED_FACE('',(#4129),#167,.F.);
#4563=ADVANCED_FACE('',(#4130),#4324,.T.);
#4564=ADVANCED_FACE('',(#4131),#168,.F.);
#4565=ADVANCED_FACE('',(#4132),#4325,.T.);
#4566=ADVANCED_FACE('',(#4133),#169,.F.);
#4567=ADVANCED_FACE('',(#4134),#4326,.T.);
#4568=ADVANCED_FACE('',(#4135),#4327,.T.);
#4569=ADVANCED_FACE('',(#4136),#170,.F.);
#4570=ADVANCED_FACE('',(#4137),#4328,.T.);
#4571=ADVANCED_FACE('',(#4138),#171,.F.);
#4572=ADVANCED_FACE('',(#4139),#4329,.T.);
#4573=ADVANCED_FACE('',(#4140),#172,.F.);
#4574=ADVANCED_FACE('',(#4141),#4330,.T.);
#4575=ADVANCED_FACE('',(#4142),#4331,.T.);
#4576=ADVANCED_FACE('',(#4143),#173,.F.);
#4577=ADVANCED_FACE('',(#4144),#4332,.T.);
#4578=ADVANCED_FACE('',(#4145),#174,.F.);
#4579=ADVANCED_FACE('',(#4146),#4333,.T.);
#4580=ADVANCED_FACE('',(#4147),#175,.F.);
#4581=ADVANCED_FACE('',(#4148),#4334,.T.);
#4582=ADVANCED_FACE('',(#4149),#252,.F.);
#4583=ADVANCED_FACE('',(#4150),#4335,.F.);
#4584=ADVANCED_FACE('',(#4151),#253,.F.);
#4585=ADVANCED_FACE('',(#4152),#4336,.T.);
#4586=ADVANCED_FACE('',(#4153),#254,.F.);
#4587=ADVANCED_FACE('',(#4154),#4337,.T.);
#4588=ADVANCED_FACE('',(#4155),#255,.F.);
#4589=ADVANCED_FACE('',(#4156),#4338,.T.);
#4590=ADVANCED_FACE('',(#4157),#4339,.F.);
#4591=ADVANCED_FACE('',(#4158),#4340,.T.);
#4592=ADVANCED_FACE('',(#4159),#4341,.T.);
#4593=ADVANCED_FACE('',(#4160),#176,.F.);
#4594=ADVANCED_FACE('',(#4161),#177,.F.);
#4595=ADVANCED_FACE('',(#4162),#178,.F.);
#4596=ADVANCED_FACE('',(#4163,#4164),#179,.F.);
#4597=ADVANCED_FACE('',(#4165,#4166),#180,.F.);
#4598=ADVANCED_FACE('',(#4167),#4342,.F.);
#4599=ADVANCED_FACE('',(#4168,#4169),#181,.F.);
#4600=ADVANCED_FACE('',(#4170,#4171),#182,.F.);
#4601=ADVANCED_FACE('',(#4172),#4343,.T.);
#4602=ADVANCED_FACE('',(#4173),#183,.F.);
#4603=ADVANCED_FACE('',(#4174,#4175,#4176,#4177,#4178,#4179,#4180,#4181,
#4182,#4183,#4184,#4185),#4344,.T.);
#4604=ADVANCED_FACE('',(#4186,#4187,#4188,#4189,#4190,#4191,#4192,#4193,
#4194,#4195,#4196,#4197,#4198),#4345,.F.);
#4605=ADVANCED_FACE('',(#4199),#4346,.T.);
#4606=ADVANCED_FACE('',(#4200),#4347,.F.);
#4607=ADVANCED_FACE('',(#4201),#4348,.T.);
#4608=ADVANCED_FACE('',(#4202,#4203),#184,.F.);
#4609=ADVANCED_FACE('',(#4204,#4205),#4349,.F.);
#4610=ADVANCED_FACE('',(#4206,#4207),#28,.T.);
#4611=ADVANCED_FACE('',(#4208),#4350,.F.);
#4612=ADVANCED_FACE('',(#4209),#4351,.T.);
#4613=ADVANCED_FACE('',(#4210,#4211),#185,.F.);
#4614=ADVANCED_FACE('',(#4212,#4213),#4352,.F.);
#4615=ADVANCED_FACE('',(#4214,#4215),#256,.F.);
#4616=CLOSED_SHELL('',(#4353,#4354,#4355,#4356,#4357,#4358,#4359,#4360,
#4361,#4362,#4363,#4364,#4365,#4366,#4367,#4368,#4369,#4370,#4371,#4372,
#4373,#4374,#4375,#4376,#4377,#4378,#4379,#4380,#4381,#4382,#4383,#4384,
#4385,#4386,#4387,#4388,#4389,#4390,#4391,#4392,#4393,#4394,#4395,#4396,
#4397,#4398,#4399,#4400,#4401,#4402,#4403,#4404,#4405,#4406,#4407,#4408,
#4409,#4410,#4411,#4412,#4413,#4414,#4415,#4416,#4417,#4418,#4419,#4420,
#4421,#4422,#4423,#4424,#4425,#4426,#4427,#4428,#4429,#4430,#4431));
#4617=CLOSED_SHELL('',(#4432,#4433,#4434,#4435,#4436,#4437,#4438,#4439,
#4440,#4441,#4442,#4443,#4444,#4445,#4446,#4447,#4448,#4449,#4450,#4451,
#4452,#4453,#4454,#4455,#4456,#4457,#4458,#4459,#4460,#4461,#4462,#4463,
#4464,#4465,#4466,#4467,#4468,#4469,#4470,#4471,#4472,#4473,#4474,#4475,
#4476,#4477,#4478,#4479,#4480,#4481,#4482,#4483,#4484,#4485,#4486,#4487,
#4488,#4489,#4490,#4491,#4492,#4493,#4494,#4495,#4496,#4497,#4498,#4499,
#4500,#4501,#4502,#4503,#4504,#4505,#4506,#4507,#4508,#4509,#4510,#4511,
#4512,#4513,#4514,#4515,#4516,#4517,#4518,#4519));
#4618=CLOSED_SHELL('',(#4520,#4521,#4522,#4523,#4524,#4525,#4526,#4527,
#4528,#4529,#4530,#4531,#4532,#4533,#4534,#4535,#4536,#4537,#4538));
#4619=CLOSED_SHELL('',(#4539,#4540,#4541,#4542,#4543,#4544,#4545,#4546,
#4547,#4548,#4549,#4550,#4551,#4552,#4553,#4554,#4555,#4556,#4557,#4558,
#4559,#4560,#4561,#4562,#4563,#4564,#4565,#4566,#4567,#4568,#4569,#4570,
#4571,#4572,#4573,#4574,#4575,#4576,#4577,#4578,#4579,#4580,#4581,#4582,
#4583,#4584,#4585,#4586,#4587,#4588,#4589,#4590,#4591,#4592,#4593,#4594,
#4595,#4596,#4597,#4598,#4599,#4600,#4601,#4602,#4603,#4604,#4605,#4606,
#4607));
#4620=CLOSED_SHELL('',(#4608,#4609,#4610,#4611,#4612,#4613,#4614,#4615));
#4621=STYLED_ITEM('',(#4625),#4651);
#4622=STYLED_ITEM('',(#4626),#16);
#4623=STYLED_ITEM('',(#4627),#4652);
#4624=STYLED_ITEM('',(#4628),#4653);
#4625=PRESENTATION_STYLE_ASSIGNMENT((#4629));
#4626=PRESENTATION_STYLE_ASSIGNMENT((#4630));
#4627=PRESENTATION_STYLE_ASSIGNMENT((#4631));
#4628=PRESENTATION_STYLE_ASSIGNMENT((#4632));
#4629=SURFACE_STYLE_USAGE(.BOTH.,#4633);
#4630=SURFACE_STYLE_USAGE(.BOTH.,#4634);
#4631=SURFACE_STYLE_USAGE(.BOTH.,#4635);
#4632=SURFACE_STYLE_USAGE(.BOTH.,#4636);
#4633=SURFACE_SIDE_STYLE('',(#4637));
#4634=SURFACE_SIDE_STYLE('',(#4638));
#4635=SURFACE_SIDE_STYLE('',(#4639));
#4636=SURFACE_SIDE_STYLE('',(#4640));
#4637=SURFACE_STYLE_FILL_AREA(#4641);
#4638=SURFACE_STYLE_FILL_AREA(#4642);
#4639=SURFACE_STYLE_FILL_AREA(#4643);
#4640=SURFACE_STYLE_FILL_AREA(#4644);
#4641=FILL_AREA_STYLE('',(#4645));
#4642=FILL_AREA_STYLE('',(#4646));
#4643=FILL_AREA_STYLE('',(#4647));
#4644=FILL_AREA_STYLE('',(#4648));
#4645=FILL_AREA_STYLE_COLOUR('',#4649);
#4646=FILL_AREA_STYLE_COLOUR('',#4649);
#4647=FILL_AREA_STYLE_COLOUR('',#4650);
#4648=FILL_AREA_STYLE_COLOUR('',#10);
#4649=DRAUGHTING_PRE_DEFINED_COLOUR('black');
#4650=DRAUGHTING_PRE_DEFINED_COLOUR('white');
#4651=MANIFOLD_SOLID_BREP('TopCover',#4616);
#4652=MANIFOLD_SOLID_BREP('SwitchPlate',#4619);
#4653=MANIFOLD_SOLID_BREP('KnobCover',#4620);
#4654=SHAPE_DEFINITION_REPRESENTATION(#9260,#4658);
#4655=SHAPE_DEFINITION_REPRESENTATION(#9261,#4659);
#4656=SHAPE_DEFINITION_REPRESENTATION(#9262,#4660);
#4657=SHAPE_DEFINITION_REPRESENTATION(#9263,#4661);
#4658=SHAPE_REPRESENTATION('TopCover',(#4662),#9240);
#4659=SHAPE_REPRESENTATION('Case',(#4723),#9241);
#4660=SHAPE_REPRESENTATION('SwitchPlate',(#4833),#9242);
#4661=SHAPE_REPRESENTATION('KnobCover',(#4955),#9243);
#4662=AXIS2_PLACEMENT_3D('',#5892,#4968,#4969);
#4663=AXIS2_PLACEMENT_3D('',#5893,#4970,#4971);
#4664=AXIS2_PLACEMENT_3D('',#5908,#4974,#4975);
#4665=AXIS2_PLACEMENT_3D('',#5923,#4978,#4979);
#4666=AXIS2_PLACEMENT_3D('',#5938,#4982,#4983);
#4667=AXIS2_PLACEMENT_3D('',#5966,#4989,#4990);
#4668=AXIS2_PLACEMENT_3D('',#5991,#4995,#4996);
#4669=AXIS2_PLACEMENT_3D('',#6016,#5001,#5002);
#4670=AXIS2_PLACEMENT_3D('',#6022,#5006,#5007);
#4671=AXIS2_PLACEMENT_3D('',#6037,#5010,#5011);
#4672=AXIS2_PLACEMENT_3D('',#6052,#5014,#5015);
#4673=AXIS2_PLACEMENT_3D('',#6067,#5018,#5019);
#4674=AXIS2_PLACEMENT_3D('',#6082,#5022,#5023);
#4675=AXIS2_PLACEMENT_3D('',#6094,#5027,#5028);
#4676=AXIS2_PLACEMENT_3D('',#6098,#5030,#5031);
#4677=AXIS2_PLACEMENT_3D('',#6099,#5032,#5033);
#4678=AXIS2_PLACEMENT_3D('',#6100,#5034,#5035);
#4679=AXIS2_PLACEMENT_3D('',#6125,#5038,#5039);
#4680=AXIS2_PLACEMENT_3D('',#6140,#5042,#5043);
#4681=AXIS2_PLACEMENT_3D('',#6155,#5046,#5047);
#4682=AXIS2_PLACEMENT_3D('',#6170,#5050,#5051);
#4683=AXIS2_PLACEMENT_3D('',#6282,#5058,#5059);
#4684=AXIS2_PLACEMENT_3D('',#6372,#5070,#5071);
#4685=AXIS2_PLACEMENT_3D('',#6373,#5072,#5073);
#4686=AXIS2_PLACEMENT_3D('',#6375,#5074,#5075);
#4687=AXIS2_PLACEMENT_3D('',#6377,#5076,#5077);
#4688=AXIS2_PLACEMENT_3D('',#6379,#5078,#5079);
#4689=AXIS2_PLACEMENT_3D('',#6431,#5084,#5085);
#4690=AXIS2_PLACEMENT_3D('',#6437,#5089,#5090);
#4691=AXIS2_PLACEMENT_3D('',#6441,#5093,#5094);
#4692=AXIS2_PLACEMENT_3D('',#6445,#5097,#5098);
#4693=AXIS2_PLACEMENT_3D('',#6447,#5100,#5101);
#4694=AXIS2_PLACEMENT_3D('',#6604,#5102,#5103);
#4695=AXIS2_PLACEMENT_3D('',#6629,#5104,#5105);
#4696=AXIS2_PLACEMENT_3D('',#6654,#5106,#5107);
#4697=AXIS2_PLACEMENT_3D('',#6691,#5108,#5109);
#4698=AXIS2_PLACEMENT_3D('',#6700,#5110,#5111);
#4699=AXIS2_PLACEMENT_3D('',#6721,#5112,#5113);
#4700=AXIS2_PLACEMENT_3D('',#6723,#5115,#5116);
#4701=AXIS2_PLACEMENT_3D('',#6796,#5117,#5118);
#4702=AXIS2_PLACEMENT_3D('',#6803,#5120,#5121);
#4703=AXIS2_PLACEMENT_3D('',#6821,#5123,#5124);
#4704=AXIS2_PLACEMENT_3D('',#6826,#5125,#5126);
#4705=AXIS2_PLACEMENT_3D('',#6833,#5128,#5129);
#4706=AXIS2_PLACEMENT_3D('',#6875,#5130,#5131);
#4707=AXIS2_PLACEMENT_3D('',#6876,#5132,#5133);
#4708=AXIS2_PLACEMENT_3D('',#6965,#5134,#5135);
#4709=AXIS2_PLACEMENT_3D('',#6970,#5136,#5137);
#4710=AXIS2_PLACEMENT_3D('',#7055,#5138,#5139);
#4711=AXIS2_PLACEMENT_3D('',#7056,#5140,#5141);
#4712=AXIS2_PLACEMENT_3D('',#7057,#5142,#5143);
#4713=AXIS2_PLACEMENT_3D('',#7059,#5144,#5145);
#4714=AXIS2_PLACEMENT_3D('',#7060,#5146,#5147);
#4715=AXIS2_PLACEMENT_3D('',#7061,#5148,#5149);
#4716=AXIS2_PLACEMENT_3D('',#7063,#5150,#5151);
#4717=AXIS2_PLACEMENT_3D('',#7064,#5152,#5153);
#4718=AXIS2_PLACEMENT_3D('',#7065,#5154,#5155);
#4719=AXIS2_PLACEMENT_3D('',#7067,#5156,#5157);
#4720=AXIS2_PLACEMENT_3D('',#7068,#5158,#5159);
#4721=AXIS2_PLACEMENT_3D('',#7069,#5160,#5161);
#4722=AXIS2_PLACEMENT_3D('',#7071,#5162,#5163);
#4723=AXIS2_PLACEMENT_3D('',#7072,#5164,#5165);
#4724=AXIS2_PLACEMENT_3D('',#7073,#5166,#5167);
#4725=AXIS2_PLACEMENT_3D('',#7095,#5172,#5173);
#4726=AXIS2_PLACEMENT_3D('',#7098,#5175,#5176);
#4727=AXIS2_PLACEMENT_3D('',#7113,#5179,#5180);
#4728=AXIS2_PLACEMENT_3D('',#7135,#5185,#5186);
#4729=AXIS2_PLACEMENT_3D('',#7138,#5188,#5189);
#4730=AXIS2_PLACEMENT_3D('',#7153,#5192,#5193);
#4731=AXIS2_PLACEMENT_3D('',#7168,#5196,#5197);
#4732=AXIS2_PLACEMENT_3D('',#7184,#5201,#5202);
#4733=AXIS2_PLACEMENT_3D('',#7200,#5206,#5207);
#4734=AXIS2_PLACEMENT_3D('',#7225,#5214,#5215);
#4735=AXIS2_PLACEMENT_3D('',#7227,#5216,#5217);
#4736=AXIS2_PLACEMENT_3D('',#7229,#5218,#5219);
#4737=AXIS2_PLACEMENT_3D('',#7231,#5220,#5221);
#4738=AXIS2_PLACEMENT_3D('',#7269,#5230,#5231);
#4739=AXIS2_PLACEMENT_3D('',#7281,#5233,#5234);
#4740=AXIS2_PLACEMENT_3D('',#7285,#5236,#5237);
#4741=AXIS2_PLACEMENT_3D('',#7286,#5238,#5239);
#4742=AXIS2_PLACEMENT_3D('',#7291,#5243,#5244);
#4743=AXIS2_PLACEMENT_3D('',#7292,#5245,#5246);
#4744=AXIS2_PLACEMENT_3D('',#7296,#5248,#5249);
#4745=AXIS2_PLACEMENT_3D('',#7299,#5251,#5252);
#4746=AXIS2_PLACEMENT_3D('',#7305,#5256,#5257);
#4747=AXIS2_PLACEMENT_3D('',#7306,#5258,#5259);
#4748=AXIS2_PLACEMENT_3D('',#7311,#5262,#5263);
#4749=AXIS2_PLACEMENT_3D('',#7312,#5264,#5265);
#4750=AXIS2_PLACEMENT_3D('',#7318,#5269,#5270);
#4751=AXIS2_PLACEMENT_3D('',#7322,#5272,#5273);
#4752=AXIS2_PLACEMENT_3D('',#7331,#5274,#5275);
#4753=AXIS2_PLACEMENT_3D('',#7332,#5276,#5277);
#4754=AXIS2_PLACEMENT_3D('',#7335,#5280,#5281);
#4755=AXIS2_PLACEMENT_3D('',#7336,#5282,#5283);
#4756=AXIS2_PLACEMENT_3D('',#7338,#5284,#5285);
#4757=AXIS2_PLACEMENT_3D('',#7340,#5286,#5287);
#4758=AXIS2_PLACEMENT_3D('',#7341,#5288,#5289);
#4759=AXIS2_PLACEMENT_3D('',#7343,#5290,#5291);
#4760=AXIS2_PLACEMENT_3D('',#7344,#5292,#5293);
#4761=AXIS2_PLACEMENT_3D('',#7346,#5294,#5295);
#4762=AXIS2_PLACEMENT_3D('',#7347,#5296,#5297);
#4763=AXIS2_PLACEMENT_3D('',#7349,#5298,#5299);
#4764=AXIS2_PLACEMENT_3D('',#7350,#5300,#5301);
#4765=AXIS2_PLACEMENT_3D('',#7352,#5302,#5303);
#4766=AXIS2_PLACEMENT_3D('',#7353,#5304,#5305);
#4767=AXIS2_PLACEMENT_3D('',#7399,#5311,#5312);
#4768=AXIS2_PLACEMENT_3D('',#7400,#5313,#5314);
#4769=AXIS2_PLACEMENT_3D('',#7402,#5315,#5316);
#4770=AXIS2_PLACEMENT_3D('',#7404,#5317,#5318);
#4771=AXIS2_PLACEMENT_3D('',#7405,#5319,#5320);
#4772=AXIS2_PLACEMENT_3D('',#7407,#5321,#5322);
#4773=AXIS2_PLACEMENT_3D('',#7409,#5323,#5324);
#4774=AXIS2_PLACEMENT_3D('',#7410,#5325,#5326);
#4775=AXIS2_PLACEMENT_3D('',#7412,#5327,#5328);
#4776=AXIS2_PLACEMENT_3D('',#7414,#5329,#5330);
#4777=AXIS2_PLACEMENT_3D('',#7415,#5331,#5332);
#4778=AXIS2_PLACEMENT_3D('',#7417,#5333,#5334);
#4779=AXIS2_PLACEMENT_3D('',#7508,#5335,#5336);
#4780=AXIS2_PLACEMENT_3D('',#7546,#5341,#5342);
#4781=AXIS2_PLACEMENT_3D('',#7547,#5343,#5344);
#4782=AXIS2_PLACEMENT_3D('',#7549,#5345,#5346);
#4783=AXIS2_PLACEMENT_3D('',#7550,#5347,#5348);
#4784=AXIS2_PLACEMENT_3D('',#7552,#5349,#5350);
#4785=AXIS2_PLACEMENT_3D('',#7553,#5351,#5352);
#4786=AXIS2_PLACEMENT_3D('',#7555,#5353,#5354);
#4787=AXIS2_PLACEMENT_3D('',#7556,#5355,#5356);
#4788=AXIS2_PLACEMENT_3D('',#7574,#5357,#5358);
#4789=AXIS2_PLACEMENT_3D('',#7575,#5359,#5360);
#4790=AXIS2_PLACEMENT_3D('',#7585,#5363,#5364);
#4791=AXIS2_PLACEMENT_3D('',#7600,#5366,#5367);
#4792=AXIS2_PLACEMENT_3D('',#7617,#5368,#5369);
#4793=AXIS2_PLACEMENT_3D('',#7634,#5370,#5371);
#4794=AXIS2_PLACEMENT_3D('',#7635,#5372,#5373);
#4795=AXIS2_PLACEMENT_3D('',#7636,#5374,#5375);
#4796=AXIS2_PLACEMENT_3D('',#7637,#5376,#5377);
#4797=AXIS2_PLACEMENT_3D('',#7638,#5378,#5379);
#4798=AXIS2_PLACEMENT_3D('',#7639,#5380,#5381);
#4799=AXIS2_PLACEMENT_3D('',#7725,#5391,#5392);
#4800=AXIS2_PLACEMENT_3D('',#7750,#5393,#5394);
#4801=AXIS2_PLACEMENT_3D('',#7775,#5395,#5396);
#4802=AXIS2_PLACEMENT_3D('',#7800,#5397,#5398);
#4803=AXIS2_PLACEMENT_3D('',#7801,#5399,#5400);
#4804=AXIS2_PLACEMENT_3D('',#7802,#5401,#5402);
#4805=AXIS2_PLACEMENT_3D('',#7803,#5403,#5404);
#4806=AXIS2_PLACEMENT_3D('',#7809,#5407,#5408);
#4807=AXIS2_PLACEMENT_3D('',#7812,#5410,#5411);
#4808=AXIS2_PLACEMENT_3D('',#7814,#5413,#5414);
#4809=AXIS2_PLACEMENT_3D('',#7816,#5416,#5417);
#4810=AXIS2_PLACEMENT_3D('',#7818,#5419,#5420);
#4811=AXIS2_PLACEMENT_3D('',#7820,#5422,#5423);
#4812=AXIS2_PLACEMENT_3D('',#7821,#5424,#5425);
#4813=AXIS2_PLACEMENT_3D('',#7840,#5426,#5427);
#4814=AXIS2_PLACEMENT_3D('',#7850,#5428,#5429);
#4815=AXIS2_PLACEMENT_3D('',#7860,#5430,#5431);
#4816=AXIS2_PLACEMENT_3D('',#7862,#5433,#5434);
#4817=AXIS2_PLACEMENT_3D('',#7865,#5437,#5438);
#4818=AXIS2_PLACEMENT_3D('',#7866,#5439,#5440);
#4819=AXIS2_PLACEMENT_3D('',#7868,#5442,#5443);
#4820=AXIS2_PLACEMENT_3D('',#8405,#5444,#5445);
#4821=AXIS2_PLACEMENT_3D('',#8454,#5454,#5455);
#4822=AXIS2_PLACEMENT_3D('',#8500,#5456,#5457);
#4823=AXIS2_PLACEMENT_3D('',#8546,#5459,#5460);
#4824=AXIS2_PLACEMENT_3D('',#8548,#5462,#5463);
#4825=AXIS2_PLACEMENT_3D('',#8594,#5465,#5466);
#4826=AXIS2_PLACEMENT_3D('',#8596,#5468,#5469);
#4827=AXIS2_PLACEMENT_3D('',#8642,#5471,#5472);
#4828=AXIS2_PLACEMENT_3D('',#8644,#5474,#5475);
#4829=AXIS2_PLACEMENT_3D('',#8646,#5477,#5478);
#4830=AXIS2_PLACEMENT_3D('',#8648,#5480,#5481);
#4831=AXIS2_PLACEMENT_3D('',#8649,#5482,#5483);
#4832=AXIS2_PLACEMENT_3D('',#8651,#5484,#5485);
#4833=AXIS2_PLACEMENT_3D('',#8652,#5486,#5487);
#4834=AXIS2_PLACEMENT_3D('',#8653,#5488,#5489);
#4835=AXIS2_PLACEMENT_3D('',#8670,#5498,#5499);
#4836=AXIS2_PLACEMENT_3D('',#8679,#5504,#5505);
#4837=AXIS2_PLACEMENT_3D('',#8680,#5506,#5507);
#4838=AXIS2_PLACEMENT_3D('',#8684,#5509,#5510);
#4839=AXIS2_PLACEMENT_3D('',#8685,#5511,#5512);
#4840=AXIS2_PLACEMENT_3D('',#8691,#5516,#5517);
#4841=AXIS2_PLACEMENT_3D('',#8692,#5518,#5519);
#4842=AXIS2_PLACEMENT_3D('',#8696,#5521,#5522);
#4843=AXIS2_PLACEMENT_3D('',#8697,#5523,#5524);
#4844=AXIS2_PLACEMENT_3D('',#8703,#5528,#5529);
#4845=AXIS2_PLACEMENT_3D('',#8704,#5530,#5531);
#4846=AXIS2_PLACEMENT_3D('',#8708,#5533,#5534);
#4847=AXIS2_PLACEMENT_3D('',#8709,#5535,#5536);
#4848=AXIS2_PLACEMENT_3D('',#8715,#5540,#5541);
#4849=AXIS2_PLACEMENT_3D('',#8716,#5542,#5543);
#4850=AXIS2_PLACEMENT_3D('',#8721,#5545,#5546);
#4851=AXIS2_PLACEMENT_3D('',#8724,#5548,#5549);
#4852=AXIS2_PLACEMENT_3D('',#8730,#5553,#5554);
#4853=AXIS2_PLACEMENT_3D('',#8731,#5555,#5556);
#4854=AXIS2_PLACEMENT_3D('',#8735,#5558,#5559);
#4855=AXIS2_PLACEMENT_3D('',#8736,#5560,#5561);
#4856=AXIS2_PLACEMENT_3D('',#8742,#5565,#5566);
#4857=AXIS2_PLACEMENT_3D('',#8743,#5567,#5568);
#4858=AXIS2_PLACEMENT_3D('',#8747,#5570,#5571);
#4859=AXIS2_PLACEMENT_3D('',#8748,#5572,#5573);
#4860=AXIS2_PLACEMENT_3D('',#8754,#5577,#5578);
#4861=AXIS2_PLACEMENT_3D('',#8755,#5579,#5580);
#4862=AXIS2_PLACEMENT_3D('',#8759,#5582,#5583);
#4863=AXIS2_PLACEMENT_3D('',#8760,#5584,#5585);
#4864=AXIS2_PLACEMENT_3D('',#8761,#5586,#5587);
#4865=AXIS2_PLACEMENT_3D('',#8766,#5589,#5590);
#4866=AXIS2_PLACEMENT_3D('',#8769,#5592,#5593);
#4867=AXIS2_PLACEMENT_3D('',#8775,#5597,#5598);
#4868=AXIS2_PLACEMENT_3D('',#8776,#5599,#5600);
#4869=AXIS2_PLACEMENT_3D('',#8780,#5602,#5603);
#4870=AXIS2_PLACEMENT_3D('',#8781,#5604,#5605);
#4871=AXIS2_PLACEMENT_3D('',#8787,#5609,#5610);
#4872=AXIS2_PLACEMENT_3D('',#8788,#5611,#5612);
#4873=AXIS2_PLACEMENT_3D('',#8792,#5614,#5615);
#4874=AXIS2_PLACEMENT_3D('',#8793,#5616,#5617);
#4875=AXIS2_PLACEMENT_3D('',#8799,#5621,#5622);
#4876=AXIS2_PLACEMENT_3D('',#8800,#5623,#5624);
#4877=AXIS2_PLACEMENT_3D('',#8804,#5626,#5627);
#4878=AXIS2_PLACEMENT_3D('',#8805,#5628,#5629);
#4879=AXIS2_PLACEMENT_3D('',#8814,#5634,#5635);
#4880=AXIS2_PLACEMENT_3D('',#8815,#5636,#5637);
#4881=AXIS2_PLACEMENT_3D('',#8819,#5639,#5640);
#4882=AXIS2_PLACEMENT_3D('',#8820,#5641,#5642);
#4883=AXIS2_PLACEMENT_3D('',#8826,#5646,#5647);
#4884=AXIS2_PLACEMENT_3D('',#8827,#5648,#5649);
#4885=AXIS2_PLACEMENT_3D('',#8831,#5651,#5652);
#4886=AXIS2_PLACEMENT_3D('',#8832,#5653,#5654);
#4887=AXIS2_PLACEMENT_3D('',#8838,#5658,#5659);
#4888=AXIS2_PLACEMENT_3D('',#8839,#5660,#5661);
#4889=AXIS2_PLACEMENT_3D('',#8843,#5663,#5664);
#4890=AXIS2_PLACEMENT_3D('',#8844,#5665,#5666);
#4891=AXIS2_PLACEMENT_3D('',#8850,#5670,#5671);
#4892=AXIS2_PLACEMENT_3D('',#8859,#5676,#5677);
#4893=AXIS2_PLACEMENT_3D('',#8860,#5678,#5679);
#4894=AXIS2_PLACEMENT_3D('',#8864,#5681,#5682);
#4895=AXIS2_PLACEMENT_3D('',#8865,#5683,#5684);
#4896=AXIS2_PLACEMENT_3D('',#8871,#5688,#5689);
#4897=AXIS2_PLACEMENT_3D('',#8872,#5690,#5691);
#4898=AXIS2_PLACEMENT_3D('',#8876,#5693,#5694);
#4899=AXIS2_PLACEMENT_3D('',#8877,#5695,#5696);
#4900=AXIS2_PLACEMENT_3D('',#8883,#5700,#5701);
#4901=AXIS2_PLACEMENT_3D('',#8884,#5702,#5703);
#4902=AXIS2_PLACEMENT_3D('',#8888,#5705,#5706);
#4903=AXIS2_PLACEMENT_3D('',#8889,#5707,#5708);
#4904=AXIS2_PLACEMENT_3D('',#8895,#5712,#5713);
#4905=AXIS2_PLACEMENT_3D('',#8904,#5718,#5719);
#4906=AXIS2_PLACEMENT_3D('',#8905,#5720,#5721);
#4907=AXIS2_PLACEMENT_3D('',#8909,#5723,#5724);
#4908=AXIS2_PLACEMENT_3D('',#8910,#5725,#5726);
#4909=AXIS2_PLACEMENT_3D('',#8916,#5730,#5731);
#4910=AXIS2_PLACEMENT_3D('',#8917,#5732,#5733);
#4911=AXIS2_PLACEMENT_3D('',#8921,#5735,#5736);
#4912=AXIS2_PLACEMENT_3D('',#8922,#5737,#5738);
#4913=AXIS2_PLACEMENT_3D('',#8928,#5742,#5743);
#4914=AXIS2_PLACEMENT_3D('',#8929,#5744,#5745);
#4915=AXIS2_PLACEMENT_3D('',#8933,#5747,#5748);
#4916=AXIS2_PLACEMENT_3D('',#8934,#5749,#5750);
#4917=AXIS2_PLACEMENT_3D('',#8962,#5756,#5757);
#4918=AXIS2_PLACEMENT_3D('',#8987,#5762,#5763);
#4919=AXIS2_PLACEMENT_3D('',#9012,#5768,#5769);
#4920=AXIS2_PLACEMENT_3D('',#9037,#5774,#5775);
#4921=AXIS2_PLACEMENT_3D('',#9054,#5784,#5785);
#4922=AXIS2_PLACEMENT_3D('',#9057,#5788,#5789);
#4923=AXIS2_PLACEMENT_3D('',#9060,#5792,#5793);
#4924=AXIS2_PLACEMENT_3D('',#9063,#5796,#5797);
#4925=AXIS2_PLACEMENT_3D('',#9064,#5798,#5799);
#4926=AXIS2_PLACEMENT_3D('',#9065,#5800,#5801);
#4927=AXIS2_PLACEMENT_3D('',#9066,#5802,#5803);
#4928=AXIS2_PLACEMENT_3D('',#9067,#5804,#5805);
#4929=AXIS2_PLACEMENT_3D('',#9068,#5806,#5807);
#4930=AXIS2_PLACEMENT_3D('',#9069,#5808,#5809);
#4931=AXIS2_PLACEMENT_3D('',#9070,#5810,#5811);
#4932=AXIS2_PLACEMENT_3D('',#9071,#5812,#5813);
#4933=AXIS2_PLACEMENT_3D('',#9072,#5814,#5815);
#4934=AXIS2_PLACEMENT_3D('',#9073,#5816,#5817);
#4935=AXIS2_PLACEMENT_3D('',#9075,#5818,#5819);
#4936=AXIS2_PLACEMENT_3D('',#9077,#5820,#5821);
#4937=AXIS2_PLACEMENT_3D('',#9078,#5822,#5823);
#4938=AXIS2_PLACEMENT_3D('',#9080,#5824,#5825);
#4939=AXIS2_PLACEMENT_3D('',#9082,#5826,#5827);
#4940=AXIS2_PLACEMENT_3D('',#9085,#5830,#5831);
#4941=AXIS2_PLACEMENT_3D('',#9086,#5832,#5833);
#4942=AXIS2_PLACEMENT_3D('',#9088,#5834,#5835);
#4943=AXIS2_PLACEMENT_3D('',#9090,#5836,#5837);
#4944=AXIS2_PLACEMENT_3D('',#9091,#5838,#5839);
#4945=AXIS2_PLACEMENT_3D('',#9093,#5840,#5841);
#4946=AXIS2_PLACEMENT_3D('',#9095,#5842,#5843);
#4947=AXIS2_PLACEMENT_3D('',#9098,#5846,#5847);
#4948=AXIS2_PLACEMENT_3D('',#9099,#5848,#5849);
#4949=AXIS2_PLACEMENT_3D('',#9100,#5850,#5851);
#4950=AXIS2_PLACEMENT_3D('',#9101,#5852,#5853);
#4951=AXIS2_PLACEMENT_3D('',#9102,#5854,#5855);
#4952=AXIS2_PLACEMENT_3D('',#9105,#5858,#5859);
#4953=AXIS2_PLACEMENT_3D('',#9107,#5861,#5862);
#4954=AXIS2_PLACEMENT_3D('',#9109,#5864,#5865);
#4955=AXIS2_PLACEMENT_3D('',#9110,#5866,#5867);
#4956=AXIS2_PLACEMENT_3D('',#9111,#5868,#5869);
#4957=AXIS2_PLACEMENT_3D('',#9112,#5870,#5871);
#4958=AXIS2_PLACEMENT_3D('',#9114,#5872,#5873);
#4959=AXIS2_PLACEMENT_3D('',#9116,#5874,#5875);
#4960=AXIS2_PLACEMENT_3D('',#9117,#5876,#5877);
#4961=AXIS2_PLACEMENT_3D('',#9119,#5878,#5879);
#4962=AXIS2_PLACEMENT_3D('',#9132,#5880,#5881);
#4963=AXIS2_PLACEMENT_3D('',#9153,#5882,#5883);
#4964=AXIS2_PLACEMENT_3D('',#9154,#5884,#5885);
#4965=AXIS2_PLACEMENT_3D('',#9156,#5886,#5887);
#4966=AXIS2_PLACEMENT_3D('',#9157,#5888,#5889);
#4967=AXIS2_PLACEMENT_3D('',#9159,#5890,#5891);
#4968=DIRECTION('',(0.,0.,1.));
#4969=DIRECTION('',(1.,0.,0.));
#4970=DIRECTION('',(0.,-1.,0.));
#4971=DIRECTION('',(0.,0.,-1.));
#4972=DIRECTION('',(-1.,0.,0.));
#4973=DIRECTION('',(-1.,0.,0.));
#4974=DIRECTION('',(1.,0.,0.));
#4975=DIRECTION('',(0.,0.,-1.));
#4976=DIRECTION('',(0.,1.,0.));
#4977=DIRECTION('',(0.,-1.,0.));
#4978=DIRECTION('',(0.,-1.,0.));
#4979=DIRECTION('',(0.,0.,-1.));
#4980=DIRECTION('',(1.,0.,0.));
#4981=DIRECTION('',(-1.,0.,0.));
#4982=DIRECTION('',(0.,-1.,0.));
#4983=DIRECTION('',(0.,0.,-1.));
#4984=DIRECTION('',(0.,0.,-1.));
#4985=DIRECTION('',(1.,0.,0.));
#4986=DIRECTION('',(0.,0.,-1.));
#4987=DIRECTION('',(-1.,0.,0.));
#4988=DIRECTION('',(0.,0.,-1.));
#4989=DIRECTION('',(1.,0.,0.));
#4990=DIRECTION('',(0.,0.,-1.));
#4991=DIRECTION('',(0.,0.,-1.));
#4992=DIRECTION('',(0.,1.,0.));
#4993=DIRECTION('',(0.,-1.,0.));
#4994=DIRECTION('',(0.,0.,-1.));
#4995=DIRECTION('',(0.,-1.,0.));
#4996=DIRECTION('',(0.,0.,-1.));
#4997=DIRECTION('',(0.,0.,-1.));
#4998=DIRECTION('',(-1.,0.,0.));
#4999=DIRECTION('',(-1.,0.,0.));
#5000=DIRECTION('',(0.,0.,-1.));
#5001=DIRECTION('',(1.,0.,0.));
#5002=DIRECTION('',(0.,0.,-1.));
#5003=DIRECTION('',(0.,0.,-1.));
#5004=DIRECTION('',(0.,-1.,0.));
#5005=DIRECTION('',(0.,-1.,0.));
#5006=DIRECTION('',(1.,1.26391510089385E-16,0.));
#5007=DIRECTION('',(-1.26391510089385E-16,1.,0.));
#5008=DIRECTION('',(1.26391510089385E-16,-1.,0.));
#5009=DIRECTION('',(1.26391510089385E-16,-1.,0.));
#5010=DIRECTION('',(0.,-1.,0.));
#5011=DIRECTION('',(0.,0.,-1.));
#5012=DIRECTION('',(-1.,0.,0.));
#5013=DIRECTION('',(-1.,0.,0.));
#5014=DIRECTION('',(1.,0.,0.));
#5015=DIRECTION('',(0.,0.,-1.));
#5016=DIRECTION('',(0.,1.,0.));
#5017=DIRECTION('',(0.,-1.,0.));
#5018=DIRECTION('',(1.,4.55307998944044E-16,0.));
#5019=DIRECTION('',(-4.55307998944044E-16,1.,0.));
#5020=DIRECTION('',(4.55307998944044E-16,-1.,0.));
#5021=DIRECTION('',(4.55307998944044E-16,-1.,0.));
#5022=DIRECTION('',(0.,1.,0.));
#5023=DIRECTION('',(0.,0.,1.));
#5024=DIRECTION('',(0.,0.,-1.));
#5025=DIRECTION('',(-1.,0.,0.));
#5026=DIRECTION('',(1.,0.,0.));
#5027=DIRECTION('',(0.,0.,-1.));
#5028=DIRECTION('',(-1.,0.,0.));
#5029=DIRECTION('',(0.,0.,-1.));
#5030=DIRECTION('',(0.,0.,1.));
#5031=DIRECTION('',(1.,0.,0.));
#5032=DIRECTION('',(0.,0.,1.));
#5033=DIRECTION('',(1.,0.,0.));
#5034=DIRECTION('',(1.,4.61056073349318E-16,0.));
#5035=DIRECTION('',(-4.61056073349318E-16,1.,0.));
#5036=DIRECTION('',(-4.61056073349318E-16,1.,0.));
#5037=DIRECTION('',(4.61056073349318E-16,-1.,0.));
#5038=DIRECTION('',(0.,-1.,0.));
#5039=DIRECTION('',(0.,0.,-1.));
#5040=DIRECTION('',(1.,0.,0.));
#5041=DIRECTION('',(-1.,0.,0.));
#5042=DIRECTION('',(1.21415466385078E-16,-1.,0.));
#5043=DIRECTION('',(1.,1.21415466385078E-16,0.));
#5044=DIRECTION('',(1.,1.21415466385078E-16,0.));
#5045=DIRECTION('',(-1.,-1.21415466385078E-16,0.));
#5046=DIRECTION('',(1.,0.,0.));
#5047=DIRECTION('',(0.,0.,-1.));
#5048=DIRECTION('',(0.,-1.,0.));
#5049=DIRECTION('',(0.,-1.,0.));
#5050=DIRECTION('',(0.,0.,1.));
#5051=DIRECTION('',(1.,0.,0.));
#5052=DIRECTION('',(0.,-1.,0.));
#5053=DIRECTION('',(1.,0.,0.));
#5054=DIRECTION('',(0.,1.,0.));
#5055=DIRECTION('',(-1.,0.,0.));
#5056=DIRECTION('',(0.,-1.,0.));
#5057=DIRECTION('',(-1.,0.,0.));
#5058=DIRECTION('',(0.,0.,1.));
#5059=DIRECTION('',(1.,0.,0.));
#5060=DIRECTION('',(4.61056073349318E-16,-1.,0.));
#5061=DIRECTION('',(-1.,-1.21415466385078E-16,0.));
#5062=DIRECTION('',(-4.55307998944044E-16,1.,0.));
#5063=DIRECTION('',(1.,0.,0.));
#5064=DIRECTION('',(0.,1.,0.));
#5065=DIRECTION('',(1.,0.,0.));
#5066=DIRECTION('',(0.,-1.,0.));
#5067=DIRECTION('',(1.,0.,0.));
#5068=DIRECTION('',(-1.26391510089385E-16,1.,0.));
#5069=DIRECTION('',(1.,0.,0.));
#5070=DIRECTION('',(0.,0.,1.));
#5071=DIRECTION('',(1.,0.,0.));
#5072=DIRECTION('',(0.,0.,1.));
#5073=DIRECTION('',(1.,0.,0.));
#5074=DIRECTION('',(0.,0.,1.));
#5075=DIRECTION('',(1.,0.,0.));
#5076=DIRECTION('',(0.,0.,1.));
#5077=DIRECTION('',(1.,0.,0.));
#5078=DIRECTION('',(0.,0.,1.));
#5079=DIRECTION('',(1.,0.,0.));
#5080=DIRECTION('',(1.,0.,0.));
#5081=DIRECTION('',(0.,-1.,0.));
#5082=DIRECTION('',(-1.,0.,0.));
#5083=DIRECTION('',(0.,-1.,0.));
#5084=DIRECTION('',(1.,0.,0.));
#5085=DIRECTION('',(0.,0.,-1.));
#5086=DIRECTION('',(0.,0.,-1.));
#5087=DIRECTION('',(0.,-1.,0.));
#5088=DIRECTION('',(0.,0.,-1.));
#5089=DIRECTION('',(0.,-1.,0.));
#5090=DIRECTION('',(0.,0.,-1.));
#5091=DIRECTION('',(-1.,0.,0.));
#5092=DIRECTION('',(0.,0.,-1.));
#5093=DIRECTION('',(1.,0.,0.));
#5094=DIRECTION('',(0.,0.,-1.));
#5095=DIRECTION('',(0.,-1.,0.));
#5096=DIRECTION('',(0.,0.,-1.));
#5097=DIRECTION('',(0.,1.,0.));
#5098=DIRECTION('',(0.,0.,1.));
#5099=DIRECTION('',(1.,0.,0.));
#5100=DIRECTION('',(0.,0.,1.));
#5101=DIRECTION('',(1.,0.,0.));
#5102=DIRECTION('',(0.,0.707106781186547,-0.707106781186548));
#5103=DIRECTION('',(-1.,0.,0.));
#5104=DIRECTION('',(-8.58536996218163E-17,0.707106781186548,0.707106781186548));
#5105=DIRECTION('',(1.,1.21415466385078E-16,0.));
#5106=DIRECTION('',(-0.707106781186547,0.,0.707106781186548));
#5107=DIRECTION('',(0.,1.,0.));
#5108=DIRECTION('',(-0.707106781186547,0.,0.707106781186548));
#5109=DIRECTION('',(0.,1.,0.));
#5110=DIRECTION('',(-0.707106781186547,-8.93722938686119E-17,-0.707106781186548));
#5111=DIRECTION('',(1.26391510089385E-16,-1.,0.));
#5112=DIRECTION('',(-0.707106781186547,-3.26015875972545E-16,0.707106781186548));
#5113=DIRECTION('',(-4.61056073349318E-16,1.,0.));
#5114=DIRECTION('',(0.707106781186548,0.,0.707106781186548));
#5115=DIRECTION('',(-0.707106781186548,-3.21951373581811E-16,-0.707106781186548));
#5116=DIRECTION('',(4.55307998944044E-16,-1.,0.));
#5117=DIRECTION('',(0.,0.707106781186547,0.707106781186548));
#5118=DIRECTION('',(1.,0.,0.));
#5119=DIRECTION('',(1.,0.,0.));
#5120=DIRECTION('',(0.,0.,1.));
#5121=DIRECTION('',(1.,0.,0.));
#5122=DIRECTION('',(0.,0.707106781186548,0.707106781186548));
#5123=DIRECTION('',(0.,0.707106781186547,-0.707106781186548));
#5124=DIRECTION('',(-1.,0.,0.));
#5125=DIRECTION('',(0.,0.707106781186547,0.707106781186548));
#5126=DIRECTION('',(1.,0.,0.));
#5127=DIRECTION('',(1.,0.,0.));
#5128=DIRECTION('',(0.,-0.707106781186548,0.707106781186548));
#5129=DIRECTION('',(-1.,0.,0.));
#5130=DIRECTION('',(-0.707106781186547,0.,-0.707106781186548));
#5131=DIRECTION('',(0.,-1.,0.));
#5132=DIRECTION('',(-0.707106781186547,0.,-0.707106781186548));
#5133=DIRECTION('',(0.,-1.,0.));
#5134=DIRECTION('',(0.,0.707106781186547,0.707106781186548));
#5135=DIRECTION('',(1.,0.,0.));
#5136=DIRECTION('',(0.,0.707106781186547,-0.707106781186548));
#5137=DIRECTION('',(-1.,0.,0.));
#5138=DIRECTION('',(-0.707106781186547,0.,0.707106781186548));
#5139=DIRECTION('',(0.,1.,0.));
#5140=DIRECTION('',(0.,0.,-1.));
#5141=DIRECTION('',(-1.,0.,0.));
#5142=DIRECTION('',(0.,0.,1.));
#5143=DIRECTION('',(1.,0.,0.));
#5144=DIRECTION('',(0.,0.,1.));
#5145=DIRECTION('',(1.,0.,0.));
#5146=DIRECTION('',(0.,0.,-1.));
#5147=DIRECTION('',(-1.,0.,0.));
#5148=DIRECTION('',(0.,0.,1.));
#5149=DIRECTION('',(1.,0.,0.));
#5150=DIRECTION('',(0.,0.,1.));
#5151=DIRECTION('',(1.,0.,0.));
#5152=DIRECTION('',(0.,0.,-1.));
#5153=DIRECTION('',(-1.,0.,0.));
#5154=DIRECTION('',(0.,0.,1.));
#5155=DIRECTION('',(1.,0.,0.));
#5156=DIRECTION('',(0.,0.,1.));
#5157=DIRECTION('',(1.,0.,0.));
#5158=DIRECTION('',(0.,0.,-1.));
#5159=DIRECTION('',(-1.,0.,0.));
#5160=DIRECTION('',(0.,0.,1.));
#5161=DIRECTION('',(1.,0.,0.));
#5162=DIRECTION('',(0.,0.,1.));
#5163=DIRECTION('',(1.,0.,0.));
#5164=DIRECTION('',(0.,0.,1.));
#5165=DIRECTION('',(1.,0.,0.));
#5166=DIRECTION('',(0.,-1.,0.));
#5167=DIRECTION('',(0.,0.,-1.));
#5168=DIRECTION('',(1.,0.,0.));
#5169=DIRECTION('',(0.,0.,1.));
#5170=DIRECTION('',(-1.,0.,0.));
#5171=DIRECTION('',(-1.,0.,0.));
#5172=DIRECTION('',(0.,-1.,0.));
#5173=DIRECTION('',(0.,0.,-1.));
#5174=DIRECTION('',(0.,0.,1.));
#5175=DIRECTION('',(-1.,0.,0.));
#5176=DIRECTION('',(0.,0.,1.));
#5177=DIRECTION('',(0.,1.,0.));
#5178=DIRECTION('',(0.,1.,0.));
#5179=DIRECTION('',(0.,-1.,0.));
#5180=DIRECTION('',(0.,0.,-1.));
#5181=DIRECTION('',(-1.,0.,0.));
#5182=DIRECTION('',(0.,0.,1.));
#5183=DIRECTION('',(1.,0.,0.));
#5184=DIRECTION('',(0.,0.,1.));
#5185=DIRECTION('',(0.,-1.,0.));
#5186=DIRECTION('',(0.,0.,-1.));
#5187=DIRECTION('',(-1.,0.,0.));
#5188=DIRECTION('',(1.,0.,0.));
#5189=DIRECTION('',(0.,0.,-1.));
#5190=DIRECTION('',(0.,-1.,0.));
#5191=DIRECTION('',(0.,-1.,0.));
#5192=DIRECTION('',(0.,1.,0.));
#5193=DIRECTION('',(0.,0.,1.));
#5194=DIRECTION('',(1.,0.,0.));
#5195=DIRECTION('',(1.,0.,0.));
#5196=DIRECTION('',(-1.,0.,0.));
#5197=DIRECTION('',(0.,0.,1.));
#5198=DIRECTION('',(0.,-1.,0.));
#5199=DIRECTION('',(0.,0.,-1.));
#5200=DIRECTION('',(0.,1.,0.));
#5201=DIRECTION('',(-1.,0.,0.));
#5202=DIRECTION('',(0.,0.,1.));
#5203=DIRECTION('',(0.,-1.,0.));
#5204=DIRECTION('',(0.,1.,0.));
#5205=DIRECTION('',(0.,0.,-1.));
#5206=DIRECTION('',(0.,0.,1.));
#5207=DIRECTION('',(1.,0.,0.));
#5208=DIRECTION('',(-1.,0.,0.));
#5209=DIRECTION('',(-1.,0.,0.));
#5210=DIRECTION('',(-1.,0.,0.));
#5211=DIRECTION('',(0.,-1.,0.));
#5212=DIRECTION('',(-1.,0.,0.));
#5213=DIRECTION('',(0.,-1.,0.));
#5214=DIRECTION('',(0.,0.,-1.));
#5215=DIRECTION('',(1.,0.,0.));
#5216=DIRECTION('',(0.,0.,1.));
#5217=DIRECTION('',(1.,0.,0.));
#5218=DIRECTION('',(0.,0.,-1.));
#5219=DIRECTION('',(1.,0.,0.));
#5220=DIRECTION('',(0.,0.,1.));
#5221=DIRECTION('',(1.,0.,0.));
#5222=DIRECTION('',(0.707106781186548,0.707106781186548,0.));
#5223=DIRECTION('',(-1.,0.,0.));
#5224=DIRECTION('',(-0.707106781186548,0.707106781186548,0.));
#5225=DIRECTION('',(-1.,0.,0.));
#5226=DIRECTION('',(0.,-1.,0.));
#5227=DIRECTION('',(-1.,0.,0.));
#5228=DIRECTION('',(0.,-1.,0.));
#5229=DIRECTION('',(-1.,0.,0.));
#5230=DIRECTION('',(0.,1.,0.));
#5231=DIRECTION('',(0.,0.,1.));
#5232=DIRECTION('',(0.,1.,0.));
#5233=DIRECTION('',(0.,1.,0.));
#5234=DIRECTION('',(0.,0.,1.));
#5235=DIRECTION('',(0.,1.,0.));
#5236=DIRECTION('',(0.,1.,0.));
#5237=DIRECTION('',(0.,0.,1.));
#5238=DIRECTION('',(1.,0.,0.));
#5239=DIRECTION('',(0.,0.,-1.));
#5240=DIRECTION('',(0.,0.,-1.));
#5241=DIRECTION('',(0.,1.,0.));
#5242=DIRECTION('',(0.,1.,0.));
#5243=DIRECTION('',(0.,1.,0.));
#5244=DIRECTION('',(0.,0.,1.));
#5245=DIRECTION('',(0.,1.,0.));
#5246=DIRECTION('',(0.,0.,1.));
#5247=DIRECTION('',(0.,1.,0.));
#5248=DIRECTION('',(0.,1.,0.));
#5249=DIRECTION('',(0.,0.,1.));
#5250=DIRECTION('',(0.,1.,0.));
#5251=DIRECTION('',(0.,0.,-1.));
#5252=DIRECTION('',(-1.,0.,0.));
#5253=DIRECTION('',(-1.,0.,0.));
#5254=DIRECTION('',(0.,1.,0.));
#5255=DIRECTION('',(-1.,0.,0.));
#5256=DIRECTION('',(0.,1.,0.));
#5257=DIRECTION('',(0.,0.,1.));
#5258=DIRECTION('',(0.,1.,0.));
#5259=DIRECTION('',(0.,0.,1.));
#5260=DIRECTION('',(0.,1.,0.));
#5261=DIRECTION('',(0.,1.,0.));
#5262=DIRECTION('',(0.,1.,0.));
#5263=DIRECTION('',(0.,0.,1.));
#5264=DIRECTION('',(1.,0.,0.));
#5265=DIRECTION('',(0.,0.,-1.));
#5266=DIRECTION('',(0.,0.,-1.));
#5267=DIRECTION('',(0.,1.,0.));
#5268=DIRECTION('',(0.,1.,0.));
#5269=DIRECTION('',(0.,1.,0.));
#5270=DIRECTION('',(0.,0.,1.));
#5271=DIRECTION('',(0.,1.,0.));
#5272=DIRECTION('',(0.,1.,0.));
#5273=DIRECTION('',(0.,0.,1.));
#5274=DIRECTION('',(0.,1.,0.));
#5275=DIRECTION('',(0.,0.,1.));
#5276=DIRECTION('',(0.,0.,-1.));
#5277=DIRECTION('',(-1.,0.,0.));
#5278=DIRECTION('',(1.,0.,0.));
#5279=DIRECTION('',(-1.,0.,0.));
#5280=DIRECTION('',(0.,0.,-1.));
#5281=DIRECTION('',(-1.,0.,0.));
#5282=DIRECTION('',(0.,0.,1.));
#5283=DIRECTION('',(1.,0.,0.));
#5284=DIRECTION('',(0.,0.,1.));
#5285=DIRECTION('',(1.,0.,0.));
#5286=DIRECTION('',(0.,0.,1.));
#5287=DIRECTION('',(1.,0.,0.));
#5288=DIRECTION('',(0.,0.,1.));
#5289=DIRECTION('',(1.,0.,0.));
#5290=DIRECTION('',(0.,0.,1.));
#5291=DIRECTION('',(1.,0.,0.));
#5292=DIRECTION('',(0.,0.,1.));
#5293=DIRECTION('',(1.,0.,0.));
#5294=DIRECTION('',(0.,0.,1.));
#5295=DIRECTION('',(1.,0.,0.));
#5296=DIRECTION('',(0.,0.,1.));
#5297=DIRECTION('',(1.,0.,0.));
#5298=DIRECTION('',(0.,0.,-1.));
#5299=DIRECTION('',(-1.,0.,0.));
#5300=DIRECTION('',(0.,0.,1.));
#5301=DIRECTION('',(1.,0.,0.));
#5302=DIRECTION('',(0.,0.,1.));
#5303=DIRECTION('',(1.,0.,0.));
#5304=DIRECTION('',(0.,0.,1.));
#5305=DIRECTION('',(1.,0.,0.));
#5306=DIRECTION('',(-1.,0.,0.));
#5307=DIRECTION('',(-0.707106781186548,-0.707106781186548,0.));
#5308=DIRECTION('',(-0.707106781186548,0.707106781186548,0.));
#5309=DIRECTION('',(0.707106781186548,0.707106781186548,0.));
#5310=DIRECTION('',(0.707106781186548,-0.707106781186548,0.));
#5311=DIRECTION('',(0.,0.,-1.));
#5312=DIRECTION('',(-1.,0.,0.));
#5313=DIRECTION('',(-2.22044604925031E-16,0.,1.));
#5314=DIRECTION('',(1.,0.,2.22044604925031E-16));
#5315=DIRECTION('',(0.,0.0871557427476582,0.996194698091746));
#5316=DIRECTION('',(0.,0.996194698091746,-0.0871557427476582));
#5317=DIRECTION('',(0.,0.,-1.));
#5318=DIRECTION('',(-1.,0.,0.));
#5319=DIRECTION('',(-2.22044604925031E-16,0.,1.));
#5320=DIRECTION('',(1.,0.,2.22044604925031E-16));
#5321=DIRECTION('',(0.,0.0871557427476582,0.996194698091746));
#5322=DIRECTION('',(0.,0.996194698091746,-0.0871557427476582));
#5323=DIRECTION('',(0.,0.,-1.));
#5324=DIRECTION('',(-1.,0.,0.));
#5325=DIRECTION('',(-2.22044604925031E-16,0.,1.));
#5326=DIRECTION('',(1.,0.,2.22044604925031E-16));
#5327=DIRECTION('',(0.,0.0871557427476582,0.996194698091746));
#5328=DIRECTION('',(0.,0.996194698091746,-0.0871557427476582));
#5329=DIRECTION('',(0.,0.,-1.));
#5330=DIRECTION('',(-1.,0.,0.));
#5331=DIRECTION('',(-2.22044604925031E-16,0.,1.));
#5332=DIRECTION('',(1.,0.,2.22044604925031E-16));
#5333=DIRECTION('',(0.,0.0871557427476582,0.996194698091746));
#5334=DIRECTION('',(0.,0.996194698091746,-0.0871557427476582));
#5335=DIRECTION('',(0.,0.0871557427476582,0.996194698091746));
#5336=DIRECTION('',(1.,0.,0.));
#5337=DIRECTION('',(-1.,0.,0.));
#5338=DIRECTION('',(0.,-0.996194698091746,0.0871557427476582));
#5339=DIRECTION('',(-1.,0.,0.));
#5340=DIRECTION('',(0.,-0.996194698091746,0.0871557427476582));
#5341=DIRECTION('',(0.,0.,-1.));
#5342=DIRECTION('',(1.,0.,0.));
#5343=DIRECTION('',(0.,0.,-1.));
#5344=DIRECTION('',(-1.,0.,0.));
#5345=DIRECTION('',(0.,0.,-1.));
#5346=DIRECTION('',(1.,0.,0.));
#5347=DIRECTION('',(0.,0.,-1.));
#5348=DIRECTION('',(-1.,0.,0.));
#5349=DIRECTION('',(0.,0.,-1.));
#5350=DIRECTION('',(1.,0.,0.));
#5351=DIRECTION('',(0.,0.,-1.));
#5352=DIRECTION('',(-1.,0.,0.));
#5353=DIRECTION('',(0.,0.,-1.));
#5354=DIRECTION('',(1.,0.,0.));
#5355=DIRECTION('',(0.,0.,-1.));
#5356=DIRECTION('',(-1.,0.,0.));
#5357=DIRECTION('',(0.,1.,0.));
#5358=DIRECTION('',(0.,0.,1.));
#5359=DIRECTION('',(0.,1.,0.));
#5360=DIRECTION('',(0.,0.,1.));
#5361=DIRECTION('',(0.,0.,1.));
#5362=DIRECTION('',(0.,0.,-1.));
#5363=DIRECTION('',(0.,1.,0.));
#5364=DIRECTION('',(0.,0.,1.));
#5365=DIRECTION('',(1.,0.,-1.23363288210868E-16));
#5366=DIRECTION('',(-1.,0.,0.));
#5367=DIRECTION('',(0.,0.,1.));
#5368=DIRECTION('',(0.,1.,0.));
#5369=DIRECTION('',(0.,0.,1.));
#5370=DIRECTION('',(-1.,0.,0.));
#5371=DIRECTION('',(0.,0.,1.));
#5372=DIRECTION('',(0.,0.,1.));
#5373=DIRECTION('',(1.,0.,0.));
#5374=DIRECTION('',(0.,0.,1.));
#5375=DIRECTION('',(1.,0.,0.));
#5376=DIRECTION('',(0.,0.,1.));
#5377=DIRECTION('',(1.,0.,0.));
#5378=DIRECTION('',(0.,0.,1.));
#5379=DIRECTION('',(1.,0.,0.));
#5380=DIRECTION('',(0.,0.,1.));
#5381=DIRECTION('',(1.,0.,0.));
#5382=DIRECTION('',(0.707106781186548,0.707106781186548,0.));
#5383=DIRECTION('',(-0.707106781186548,0.707106781186548,0.));
#5384=DIRECTION('',(-0.707106781186548,-0.707106781186548,0.));
#5385=DIRECTION('',(1.,0.,0.));
#5386=DIRECTION('',(0.,1.,0.));
#5387=DIRECTION('',(1.,0.,0.));
#5388=DIRECTION('',(0.,1.,0.));
#5389=DIRECTION('',(1.,0.,0.));
#5390=DIRECTION('',(0.707106781186548,-0.707106781186548,0.));
#5391=DIRECTION('',(-0.707106781186548,-0.707106781186548,0.));
#5392=DIRECTION('',(0.707106781186548,-0.707106781186548,0.));
#5393=DIRECTION('',(0.707106781186548,-0.707106781186548,0.));
#5394=DIRECTION('',(0.707106781186548,0.707106781186548,0.));
#5395=DIRECTION('',(0.707106781186548,0.707106781186548,0.));
#5396=DIRECTION('',(-0.707106781186548,0.707106781186548,0.));
#5397=DIRECTION('',(-0.707106781186548,0.707106781186548,0.));
#5398=DIRECTION('',(-0.707106781186548,-0.707106781186548,0.));
#5399=DIRECTION('',(0.,1.,0.));
#5400=DIRECTION('',(-1.,0.,0.));
#5401=DIRECTION('',(0.,1.,0.));
#5402=DIRECTION('',(-1.,0.,0.));
#5403=DIRECTION('',(0.,1.,0.));
#5404=DIRECTION('',(0.,0.,1.));
#5405=DIRECTION('',(0.,0.,1.));
#5406=DIRECTION('',(0.,0.,1.));
#5407=DIRECTION('',(0.,1.,0.));
#5408=DIRECTION('',(0.,0.,1.));
#5409=DIRECTION('',(-1.,0.,1.23363288210868E-16));
#5410=DIRECTION('',(0.707106781186548,0.707106781186548,0.));
#5411=DIRECTION('',(0.,0.,1.));
#5412=DIRECTION('',(0.707106781186548,-0.707106781186548,0.));
#5413=DIRECTION('',(0.,1.,0.));
#5414=DIRECTION('',(0.,0.,1.));
#5415=DIRECTION('',(0.,-0.707106781186548,0.707106781186548));
#5416=DIRECTION('',(8.72310176433755E-17,0.707106781186548,0.707106781186548));
#5417=DIRECTION('',(-1.,0.,1.23363288210868E-16));
#5418=DIRECTION('',(6.1331736667335E-17,-0.707106781186548,0.707106781186547));
#5419=DIRECTION('',(0.,1.,0.));
#5420=DIRECTION('',(0.,0.,1.));
#5421=DIRECTION('',(-0.707106781186548,-0.707106781186548,0.));
#5422=DIRECTION('',(0.707106781186548,-0.707106781186548,0.));
#5423=DIRECTION('',(0.,0.,-1.));
#5424=DIRECTION('',(0.,1.,0.));
#5425=DIRECTION('',(-1.,0.,0.));
#5426=DIRECTION('',(0.,0.,1.));
#5427=DIRECTION('',(1.,0.,0.));
#5428=DIRECTION('',(0.,0.,1.));
#5429=DIRECTION('',(1.,0.,0.));
#5430=DIRECTION('',(0.,1.,0.));
#5431=DIRECTION('',(0.,0.,1.));
#5432=DIRECTION('',(0.,0.,1.));
#5433=DIRECTION('',(0.,1.,0.));
#5434=DIRECTION('',(0.,0.,1.));
#5435=DIRECTION('',(0.,0.,1.));
#5436=DIRECTION('',(0.,0.,1.));
#5437=DIRECTION('',(-1.,0.,0.));
#5438=DIRECTION('',(0.,0.,1.));
#5439=DIRECTION('',(-1.,0.,0.));
#5440=DIRECTION('',(0.,0.,1.));
#5441=DIRECTION('',(0.,0.,1.));
#5442=DIRECTION('',(0.,1.,0.));
#5443=DIRECTION('',(0.,0.,1.));
#5444=DIRECTION('',(0.,0.,1.));
#5445=DIRECTION('',(1.,0.,0.));
#5446=DIRECTION('',(0.707106781186548,0.707106781186548,0.));
#5447=DIRECTION('',(1.,0.,0.));
#5448=DIRECTION('',(-0.707106781186548,0.707106781186548,0.));
#5449=DIRECTION('',(0.,-1.,0.));
#5450=DIRECTION('',(-0.707106781186548,-0.707106781186548,0.));
#5451=DIRECTION('',(-1.,0.,0.));
#5452=DIRECTION('',(0.707106781186548,-0.707106781186548,0.));
#5453=DIRECTION('',(0.,1.,0.));
#5454=DIRECTION('',(0.,0.,1.));
#5455=DIRECTION('',(1.,0.,0.));
#5456=DIRECTION('',(-0.707106781186548,0.707106781186548,0.));
#5457=DIRECTION('',(-0.707106781186548,-0.707106781186548,0.));
#5458=DIRECTION('',(0.707106781186548,0.707106781186548,0.));
#5459=DIRECTION('',(0.707106781186548,0.707106781186548,0.));
#5460=DIRECTION('',(-0.707106781186548,0.707106781186548,0.));
#5461=DIRECTION('',(0.707106781186548,-0.707106781186548,0.));
#5462=DIRECTION('',(-1.,0.,0.));
#5463=DIRECTION('',(0.,0.,1.));
#5464=DIRECTION('',(0.,1.,0.));
#5465=DIRECTION('',(0.707106781186548,-0.707106781186548,0.));
#5466=DIRECTION('',(0.707106781186548,0.707106781186548,0.));
#5467=DIRECTION('',(-0.707106781186548,-0.707106781186548,0.));
#5468=DIRECTION('',(0.,-1.,0.));
#5469=DIRECTION('',(0.,0.,-1.));
#5470=DIRECTION('',(-1.,0.,0.));
#5471=DIRECTION('',(-0.707106781186548,-0.707106781186548,0.));
#5472=DIRECTION('',(0.707106781186548,-0.707106781186548,0.));
#5473=DIRECTION('',(-0.707106781186548,0.707106781186548,0.));
#5474=DIRECTION('',(1.,0.,0.));
#5475=DIRECTION('',(0.,0.,-1.));
#5476=DIRECTION('',(0.,-1.,0.));
#5477=DIRECTION('',(0.,1.,0.));
#5478=DIRECTION('',(0.,0.,1.));
#5479=DIRECTION('',(1.,0.,0.));
#5480=DIRECTION('',(0.,0.,1.));
#5481=DIRECTION('',(1.,0.,0.));
#5482=DIRECTION('',(0.,0.,1.));
#5483=DIRECTION('',(1.,0.,0.));
#5484=DIRECTION('',(0.,0.,-1.));
#5485=DIRECTION('',(-1.,0.,0.));
#5486=DIRECTION('',(0.,0.,1.));
#5487=DIRECTION('',(1.,0.,0.));
#5488=DIRECTION('',(0.,1.,0.));
#5489=DIRECTION('',(0.,0.,1.));
#5490=DIRECTION('',(-1.,0.,0.));
#5491=DIRECTION('',(0.,0.,-1.));
#5492=DIRECTION('',(1.,0.,0.));
#5493=DIRECTION('',(0.,0.,-1.));
#5494=DIRECTION('',(1.,0.,0.));
#5495=DIRECTION('',(0.,0.,-1.));
#5496=DIRECTION('',(1.,0.,0.));
#5497=DIRECTION('',(0.,0.,-1.));
#5498=DIRECTION('',(1.,0.,0.));
#5499=DIRECTION('',(0.,0.,-1.));
#5500=DIRECTION('',(0.,-1.,0.));
#5501=DIRECTION('',(0.,0.,-1.));
#5502=DIRECTION('',(0.,-1.,0.));
#5503=DIRECTION('',(0.,0.,-1.));
#5504=DIRECTION('',(0.,0.,-1.));
#5505=DIRECTION('',(-1.,0.,0.));
#5506=DIRECTION('',(0.,0.,1.));
#5507=DIRECTION('',(1.,0.,0.));
#5508=DIRECTION('',(0.,0.,-1.));
#5509=DIRECTION('',(0.,0.,1.));
#5510=DIRECTION('',(1.,0.,0.));
#5511=DIRECTION('',(2.66880534765663E-16,-1.,0.));
#5512=DIRECTION('',(1.,2.66880534765663E-16,0.));
#5513=DIRECTION('',(-1.,-2.66880534765663E-16,0.));
#5514=DIRECTION('',(0.,0.,-1.));
#5515=DIRECTION('',(-1.,-2.66880534765663E-16,0.));
#5516=DIRECTION('',(0.,0.,-1.));
#5517=DIRECTION('',(-1.,0.,0.));
#5518=DIRECTION('',(0.,0.,1.));
#5519=DIRECTION('',(1.,0.,0.));
#5520=DIRECTION('',(0.,0.,-1.));
#5521=DIRECTION('',(0.,0.,1.));
#5522=DIRECTION('',(1.,0.,0.));
#5523=DIRECTION('',(-1.,0.,0.));
#5524=DIRECTION('',(0.,0.,1.));
#5525=DIRECTION('',(0.,1.,0.));
#5526=DIRECTION('',(0.,0.,-1.));
#5527=DIRECTION('',(0.,1.,0.));
#5528=DIRECTION('',(0.,0.,-1.));
#5529=DIRECTION('',(-1.,0.,0.));
#5530=DIRECTION('',(0.,0.,1.));
#5531=DIRECTION('',(1.,0.,0.));
#5532=DIRECTION('',(0.,0.,-1.));
#5533=DIRECTION('',(0.,0.,1.));
#5534=DIRECTION('',(1.,0.,0.));
#5535=DIRECTION('',(-7.33921470605572E-16,1.,0.));
#5536=DIRECTION('',(-1.,-7.33921470605572E-16,0.));
#5537=DIRECTION('',(1.,7.33921470605572E-16,0.));
#5538=DIRECTION('',(0.,0.,-1.));
#5539=DIRECTION('',(1.,7.33921470605572E-16,0.));
#5540=DIRECTION('',(0.,0.,-1.));
#5541=DIRECTION('',(-1.,0.,0.));
#5542=DIRECTION('',(0.,0.,1.));
#5543=DIRECTION('',(1.,0.,0.));
#5544=DIRECTION('',(0.,0.,-1.));
#5545=DIRECTION('',(0.,0.,1.));
#5546=DIRECTION('',(1.,0.,0.));
#5547=DIRECTION('',(0.,0.,-1.));
#5548=DIRECTION('',(1.,5.33761069531324E-16,0.));
#5549=DIRECTION('',(-5.33761069531324E-16,1.,0.));
#5550=DIRECTION('',(5.33761069531324E-16,-1.,0.));
#5551=DIRECTION('',(0.,0.,-1.));
#5552=DIRECTION('',(5.33761069531324E-16,-1.,0.));
#5553=DIRECTION('',(0.,0.,-1.));
#5554=DIRECTION('',(-1.,0.,0.));
#5555=DIRECTION('',(0.,0.,1.));
#5556=DIRECTION('',(1.,0.,0.));
#5557=DIRECTION('',(0.,0.,-1.));
#5558=DIRECTION('',(0.,0.,1.));
#5559=DIRECTION('',(1.,0.,0.));
#5560=DIRECTION('',(-2.66880534765662E-16,-1.,0.));
#5561=DIRECTION('',(1.,-2.66880534765662E-16,0.));
#5562=DIRECTION('',(-1.,2.66880534765662E-16,0.));
#5563=DIRECTION('',(0.,0.,-1.));
#5564=DIRECTION('',(-1.,2.66880534765662E-16,0.));
#5565=DIRECTION('',(0.,0.,-1.));
#5566=DIRECTION('',(-1.,0.,0.));
#5567=DIRECTION('',(0.,0.,1.));
#5568=DIRECTION('',(1.,0.,0.));
#5569=DIRECTION('',(0.,0.,-1.));
#5570=DIRECTION('',(0.,0.,1.));
#5571=DIRECTION('',(1.,0.,0.));
#5572=DIRECTION('',(-1.,-8.00641604296987E-16,0.));
#5573=DIRECTION('',(8.00641604296987E-16,-1.,0.));
#5574=DIRECTION('',(-8.00641604296987E-16,1.,0.));
#5575=DIRECTION('',(0.,0.,-1.));
#5576=DIRECTION('',(-8.00641604296987E-16,1.,0.));
#5577=DIRECTION('',(0.,0.,-1.));
#5578=DIRECTION('',(-1.,0.,0.));
#5579=DIRECTION('',(0.,0.,1.));
#5580=DIRECTION('',(1.,0.,0.));
#5581=DIRECTION('',(0.,0.,-1.));
#5582=DIRECTION('',(0.,0.,1.));
#5583=DIRECTION('',(1.,0.,0.));
#5584=DIRECTION('',(0.,0.,-1.));
#5585=DIRECTION('',(-1.,0.,0.));
#5586=DIRECTION('',(0.,0.,1.));
#5587=DIRECTION('',(1.,0.,0.));
#5588=DIRECTION('',(0.,0.,-1.));
#5589=DIRECTION('',(0.,0.,1.));
#5590=DIRECTION('',(1.,0.,0.));
#5591=DIRECTION('',(0.,0.,-1.));
#5592=DIRECTION('',(0.,1.,0.));
#5593=DIRECTION('',(0.,0.,1.));
#5594=DIRECTION('',(1.,0.,0.));
#5595=DIRECTION('',(0.,0.,-1.));
#5596=DIRECTION('',(1.,0.,0.));
#5597=DIRECTION('',(0.,0.,-1.));
#5598=DIRECTION('',(-1.,0.,0.));
#5599=DIRECTION('',(0.,0.,1.));
#5600=DIRECTION('',(1.,0.,0.));
#5601=DIRECTION('',(0.,0.,-1.));
#5602=DIRECTION('',(0.,0.,1.));
#5603=DIRECTION('',(1.,0.,0.));
#5604=DIRECTION('',(1.,8.00641604296987E-16,0.));
#5605=DIRECTION('',(-8.00641604296987E-16,1.,0.));
#5606=DIRECTION('',(8.00641604296987E-16,-1.,0.));
#5607=DIRECTION('',(0.,0.,-1.));
#5608=DIRECTION('',(8.00641604296987E-16,-1.,0.));
#5609=DIRECTION('',(0.,0.,-1.));
#5610=DIRECTION('',(-1.,0.,0.));
#5611=DIRECTION('',(0.,0.,1.));
#5612=DIRECTION('',(1.,0.,0.));
#5613=DIRECTION('',(0.,0.,-1.));
#5614=DIRECTION('',(0.,0.,1.));
#5615=DIRECTION('',(1.,0.,0.));
#5616=DIRECTION('',(-2.66880534765662E-16,-1.,0.));
#5617=DIRECTION('',(1.,-2.66880534765662E-16,0.));
#5618=DIRECTION('',(-1.,2.66880534765662E-16,0.));
#5619=DIRECTION('',(0.,0.,-1.));
#5620=DIRECTION('',(-1.,2.66880534765662E-16,0.));
#5621=DIRECTION('',(0.,0.,-1.));
#5622=DIRECTION('',(-1.,0.,0.));
#5623=DIRECTION('',(0.,0.,1.));
#5624=DIRECTION('',(1.,0.,0.));
#5625=DIRECTION('',(0.,0.,-1.));
#5626=DIRECTION('',(0.,0.,1.));
#5627=DIRECTION('',(1.,0.,0.));
#5628=DIRECTION('',(1.,0.,0.));
#5629=DIRECTION('',(0.,0.,-1.));
#5630=DIRECTION('',(0.,-1.,0.));
#5631=DIRECTION('',(0.,0.,-1.));
#5632=DIRECTION('',(0.,-1.,0.));
#5633=DIRECTION('',(0.,0.,-1.));
#5634=DIRECTION('',(0.,0.,-1.));
#5635=DIRECTION('',(-1.,0.,0.));
#5636=DIRECTION('',(0.,0.,1.));
#5637=DIRECTION('',(1.,0.,0.));
#5638=DIRECTION('',(0.,0.,-1.));
#5639=DIRECTION('',(0.,0.,1.));
#5640=DIRECTION('',(1.,0.,0.));
#5641=DIRECTION('',(2.66880534765663E-16,-1.,0.));
#5642=DIRECTION('',(1.,2.66880534765663E-16,0.));
#5643=DIRECTION('',(-1.,-2.66880534765663E-16,0.));
#5644=DIRECTION('',(0.,0.,-1.));
#5645=DIRECTION('',(-1.,-2.66880534765663E-16,0.));
#5646=DIRECTION('',(0.,0.,-1.));
#5647=DIRECTION('',(-1.,0.,0.));
#5648=DIRECTION('',(0.,0.,1.));
#5649=DIRECTION('',(1.,0.,0.));
#5650=DIRECTION('',(0.,0.,-1.));
#5651=DIRECTION('',(0.,0.,1.));
#5652=DIRECTION('',(1.,0.,0.));
#5653=DIRECTION('',(-1.,0.,0.));
#5654=DIRECTION('',(0.,0.,1.));
#5655=DIRECTION('',(0.,1.,0.));
#5656=DIRECTION('',(0.,0.,-1.));
#5657=DIRECTION('',(0.,1.,0.));
#5658=DIRECTION('',(0.,0.,-1.));
#5659=DIRECTION('',(-1.,0.,0.));
#5660=DIRECTION('',(0.,0.,1.));
#5661=DIRECTION('',(1.,0.,0.));
#5662=DIRECTION('',(0.,0.,-1.));
#5663=DIRECTION('',(0.,0.,1.));
#5664=DIRECTION('',(1.,0.,0.));
#5665=DIRECTION('',(-8.00641604296988E-16,1.,0.));
#5666=DIRECTION('',(-1.,-8.00641604296988E-16,0.));
#5667=DIRECTION('',(1.,8.00641604296988E-16,0.));
#5668=DIRECTION('',(0.,0.,-1.));
#5669=DIRECTION('',(1.,8.00641604296988E-16,0.));
#5670=DIRECTION('',(2.66880534765663E-16,-1.,0.));
#5671=DIRECTION('',(1.,2.66880534765663E-16,0.));
#5672=DIRECTION('',(-1.,-2.66880534765663E-16,0.));
#5673=DIRECTION('',(0.,0.,-1.));
#5674=DIRECTION('',(-1.,-2.66880534765663E-16,0.));
#5675=DIRECTION('',(0.,0.,-1.));
#5676=DIRECTION('',(0.,0.,-1.));
#5677=DIRECTION('',(-1.,0.,0.));
#5678=DIRECTION('',(0.,0.,1.));
#5679=DIRECTION('',(1.,0.,0.));
#5680=DIRECTION('',(0.,0.,-1.));
#5681=DIRECTION('',(0.,0.,1.));
#5682=DIRECTION('',(1.,0.,0.));
#5683=DIRECTION('',(-1.,-5.33761069531325E-16,0.));
#5684=DIRECTION('',(5.33761069531325E-16,-1.,0.));
#5685=DIRECTION('',(-5.33761069531325E-16,1.,0.));
#5686=DIRECTION('',(0.,0.,-1.));
#5687=DIRECTION('',(-5.33761069531325E-16,1.,0.));
#5688=DIRECTION('',(0.,0.,-1.));
#5689=DIRECTION('',(-1.,0.,0.));
#5690=DIRECTION('',(0.,0.,1.));
#5691=DIRECTION('',(1.,0.,0.));
#5692=DIRECTION('',(0.,0.,-1.));
#5693=DIRECTION('',(0.,0.,1.));
#5694=DIRECTION('',(1.,0.,0.));
#5695=DIRECTION('',(-7.33921470605572E-16,1.,0.));
#5696=DIRECTION('',(-1.,-7.33921470605572E-16,0.));
#5697=DIRECTION('',(1.,7.33921470605572E-16,0.));
#5698=DIRECTION('',(0.,0.,-1.));
#5699=DIRECTION('',(1.,7.33921470605572E-16,0.));
#5700=DIRECTION('',(0.,0.,-1.));
#5701=DIRECTION('',(-1.,0.,0.));
#5702=DIRECTION('',(0.,0.,1.));
#5703=DIRECTION('',(1.,0.,0.));
#5704=DIRECTION('',(0.,0.,-1.));
#5705=DIRECTION('',(0.,0.,1.));
#5706=DIRECTION('',(1.,0.,0.));
#5707=DIRECTION('',(1.,0.,0.));
#5708=DIRECTION('',(0.,0.,-1.));
#5709=DIRECTION('',(0.,-1.,0.));
#5710=DIRECTION('',(0.,0.,-1.));
#5711=DIRECTION('',(0.,-1.,0.));
#5712=DIRECTION('',(-2.66880534765662E-16,-1.,0.));
#5713=DIRECTION('',(1.,-2.66880534765662E-16,0.));
#5714=DIRECTION('',(-1.,2.66880534765662E-16,0.));
#5715=DIRECTION('',(0.,0.,-1.));
#5716=DIRECTION('',(-1.,2.66880534765662E-16,0.));
#5717=DIRECTION('',(0.,0.,-1.));
#5718=DIRECTION('',(0.,0.,-1.));
#5719=DIRECTION('',(-1.,0.,0.));
#5720=DIRECTION('',(0.,0.,1.));
#5721=DIRECTION('',(1.,0.,0.));
#5722=DIRECTION('',(0.,0.,-1.));
#5723=DIRECTION('',(0.,0.,1.));
#5724=DIRECTION('',(1.,0.,0.));
#5725=DIRECTION('',(-1.,-2.66880534765662E-16,0.));
#5726=DIRECTION('',(2.66880534765662E-16,-1.,0.));
#5727=DIRECTION('',(-2.66880534765662E-16,1.,0.));
#5728=DIRECTION('',(0.,0.,-1.));
#5729=DIRECTION('',(-2.66880534765662E-16,1.,0.));
#5730=DIRECTION('',(0.,0.,-1.));
#5731=DIRECTION('',(-1.,0.,0.));
#5732=DIRECTION('',(0.,0.,1.));
#5733=DIRECTION('',(1.,0.,0.));
#5734=DIRECTION('',(0.,0.,-1.));
#5735=DIRECTION('',(0.,0.,1.));
#5736=DIRECTION('',(1.,0.,0.));
#5737=DIRECTION('',(0.,1.,0.));
#5738=DIRECTION('',(0.,0.,1.));
#5739=DIRECTION('',(1.,0.,0.));
#5740=DIRECTION('',(0.,0.,-1.));
#5741=DIRECTION('',(1.,0.,0.));
#5742=DIRECTION('',(0.,0.,-1.));
#5743=DIRECTION('',(-1.,0.,0.));
#5744=DIRECTION('',(0.,0.,1.));
#5745=DIRECTION('',(1.,0.,0.));
#5746=DIRECTION('',(0.,0.,-1.));
#5747=DIRECTION('',(0.,0.,1.));
#5748=DIRECTION('',(1.,0.,0.));
#5749=DIRECTION('',(1.,8.00641604296987E-16,0.));
#5750=DIRECTION('',(-8.00641604296987E-16,1.,0.));
#5751=DIRECTION('',(8.00641604296987E-16,-1.,0.));
#5752=DIRECTION('',(0.,0.,-1.));
#5753=DIRECTION('',(8.00641604296987E-16,-1.,0.));
#5754=DIRECTION('',(0.,0.,-1.));
#5755=DIRECTION('',(0.,0.,-1.));
#5756=DIRECTION('',(1.,0.,0.));
#5757=DIRECTION('',(0.,0.,-1.));
#5758=DIRECTION('',(0.,-1.,0.));
#5759=DIRECTION('',(0.,0.,-1.));
#5760=DIRECTION('',(0.,-1.,0.));
#5761=DIRECTION('',(0.,0.,-1.));
#5762=DIRECTION('',(0.,-1.,0.));
#5763=DIRECTION('',(0.,0.,-1.));
#5764=DIRECTION('',(-1.,0.,0.));
#5765=DIRECTION('',(0.,0.,-1.));
#5766=DIRECTION('',(-1.,0.,0.));
#5767=DIRECTION('',(0.,0.,-1.));
#5768=DIRECTION('',(1.,0.,0.));
#5769=DIRECTION('',(0.,0.,-1.));
#5770=DIRECTION('',(0.,-1.,0.));
#5771=DIRECTION('',(0.,0.,-1.));
#5772=DIRECTION('',(0.,-1.,0.));
#5773=DIRECTION('',(0.,0.,-1.));
#5774=DIRECTION('',(0.,-1.,0.));
#5775=DIRECTION('',(0.,0.,-1.));
#5776=DIRECTION('',(0.,0.,1.));
#5777=DIRECTION('',(-1.,0.,0.));
#5778=DIRECTION('',(0.,0.,-1.));
#5779=DIRECTION('',(-1.,0.,0.));
#5780=DIRECTION('',(0.,0.,-1.));
#5781=DIRECTION('',(-1.,0.,0.));
#5782=DIRECTION('',(0.,0.,1.));
#5783=DIRECTION('',(1.,0.,0.));
#5784=DIRECTION('',(1.,0.,0.));
#5785=DIRECTION('',(0.,0.,-1.));
#5786=DIRECTION('',(0.,-1.,0.));
#5787=DIRECTION('',(0.,-1.,0.));
#5788=DIRECTION('',(-2.66880534765663E-16,1.,0.));
#5789=DIRECTION('',(-1.,-2.66880534765663E-16,0.));
#5790=DIRECTION('',(1.,2.66880534765663E-16,0.));
#5791=DIRECTION('',(1.,2.66880534765663E-16,0.));
#5792=DIRECTION('',(-1.,-7.33921470605572E-16,0.));
#5793=DIRECTION('',(7.33921470605572E-16,-1.,0.));
#5794=DIRECTION('',(-7.33921470605572E-16,1.,0.));
#5795=DIRECTION('',(-7.33921470605572E-16,1.,0.));
#5796=DIRECTION('',(0.,0.,-1.));
#5797=DIRECTION('',(-1.,0.,0.));
#5798=DIRECTION('',(0.,0.,1.));
#5799=DIRECTION('',(1.,0.,0.));
#5800=DIRECTION('',(0.,0.,1.));
#5801=DIRECTION('',(1.,0.,0.));
#5802=DIRECTION('',(0.,0.,-1.));
#5803=DIRECTION('',(-1.,0.,0.));
#5804=DIRECTION('',(0.,0.,1.));
#5805=DIRECTION('',(1.,0.,0.));
#5806=DIRECTION('',(0.,0.,1.));
#5807=DIRECTION('',(1.,0.,0.));
#5808=DIRECTION('',(0.,0.,-1.));
#5809=DIRECTION('',(-1.,0.,0.));
#5810=DIRECTION('',(0.,0.,1.));
#5811=DIRECTION('',(1.,0.,0.));
#5812=DIRECTION('',(0.,0.,1.));
#5813=DIRECTION('',(1.,0.,0.));
#5814=DIRECTION('',(0.,0.,-1.));
#5815=DIRECTION('',(-1.,0.,0.));
#5816=DIRECTION('',(0.,0.,-1.));
#5817=DIRECTION('',(1.,0.,0.));
#5818=DIRECTION('',(0.,0.,-1.));
#5819=DIRECTION('',(1.,0.,0.));
#5820=DIRECTION('',(0.,0.,-1.));
#5821=DIRECTION('',(-1.,0.,0.));
#5822=DIRECTION('',(0.,0.,1.));
#5823=DIRECTION('',(1.,0.,0.));
#5824=DIRECTION('',(0.,0.,1.));
#5825=DIRECTION('',(1.,0.,0.));
#5826=DIRECTION('',(0.,-1.,0.));
#5827=DIRECTION('',(0.,0.,-1.));
#5828=DIRECTION('',(-1.,0.,0.));
#5829=DIRECTION('',(-1.,0.,0.));
#5830=DIRECTION('',(0.,0.,-1.));
#5831=DIRECTION('',(-1.,0.,0.));
#5832=DIRECTION('',(0.,0.,1.));
#5833=DIRECTION('',(1.,0.,0.));
#5834=DIRECTION('',(0.,0.,1.));
#5835=DIRECTION('',(1.,0.,0.));
#5836=DIRECTION('',(0.,0.,-1.));
#5837=DIRECTION('',(-1.,0.,0.));
#5838=DIRECTION('',(0.,0.,-1.));
#5839=DIRECTION('',(1.,0.,0.));
#5840=DIRECTION('',(0.,0.,-1.));
#5841=DIRECTION('',(1.,0.,0.));
#5842=DIRECTION('',(1.,0.,0.));
#5843=DIRECTION('',(0.,0.,-1.));
#5844=DIRECTION('',(0.,-1.,0.));
#5845=DIRECTION('',(0.,-1.,0.));
#5846=DIRECTION('',(0.,0.,-1.));
#5847=DIRECTION('',(-1.,0.,0.));
#5848=DIRECTION('',(0.,0.,1.));
#5849=DIRECTION('',(1.,0.,0.));
#5850=DIRECTION('',(0.,0.,1.));
#5851=DIRECTION('',(1.,0.,0.));
#5852=DIRECTION('',(0.,0.,1.));
#5853=DIRECTION('',(1.,0.,0.));
#5854=DIRECTION('',(0.,0.,1.));
#5855=DIRECTION('',(1.,0.,0.));
#5856=DIRECTION('',(0.,-1.,0.));
#5857=DIRECTION('',(0.,-1.,0.));
#5858=DIRECTION('',(-1.,0.,0.));
#5859=DIRECTION('',(0.,0.,1.));
#5860=DIRECTION('',(0.,-1.,0.));
#5861=DIRECTION('',(-1.,0.,0.));
#5862=DIRECTION('',(0.,0.,1.));
#5863=DIRECTION('',(0.,-1.,0.));
#5864=DIRECTION('',(0.,0.,1.));
#5865=DIRECTION('',(1.,0.,0.));
#5866=DIRECTION('',(0.,0.,1.));
#5867=DIRECTION('',(1.,0.,0.));
#5868=DIRECTION('',(-2.77555756156289E-16,0.,1.));
#5869=DIRECTION('',(1.,0.,2.77555756156289E-16));
#5870=DIRECTION('',(-2.77555756156289E-16,0.,1.));
#5871=DIRECTION('',(1.,0.,2.77555756156289E-16));
#5872=DIRECTION('',(-2.77555756156289E-16,0.,1.));
#5873=DIRECTION('',(1.,0.,2.77555756156289E-16));
#5874=DIRECTION('',(-2.77555756156289E-16,0.,1.));
#5875=DIRECTION('',(1.,0.,2.77555756156289E-16));
#5876=DIRECTION('',(-2.77555756156289E-16,0.,1.));
#5877=DIRECTION('',(1.,0.,2.77555756156289E-16));
#5878=DIRECTION('',(2.77555756156289E-16,0.,-1.));
#5879=DIRECTION('',(-1.,0.,-2.77555756156289E-16));
#5880=DIRECTION('',(2.77555756156289E-16,0.,-1.));
#5881=DIRECTION('',(-1.,0.,-2.77555756156289E-16));
#5882=DIRECTION('',(2.77555756156289E-16,0.,-1.));
#5883=DIRECTION('',(-1.,0.,-2.77555756156289E-16));
#5884=DIRECTION('',(-2.77555756156289E-16,0.,1.));
#5885=DIRECTION('',(1.,0.,2.77555756156289E-16));
#5886=DIRECTION('',(-2.77555756156289E-16,0.,1.));
#5887=DIRECTION('',(1.,0.,2.77555756156289E-16));
#5888=DIRECTION('',(-2.77555756156289E-16,0.,1.));
#5889=DIRECTION('',(1.,0.,2.77555756156289E-16));
#5890=DIRECTION('',(-2.77555756156289E-16,0.,1.));
#5891=DIRECTION('',(1.,0.,2.77555756156289E-16));
#5892=CARTESIAN_POINT('',(0.,0.,0.));
#5893=CARTESIAN_POINT('',(-0.0109,0.025491007751938,0.02));
#5894=CARTESIAN_POINT('',(0.0005,0.025491007751938,0.0145));
#5895=CARTESIAN_POINT('',(0.0005,0.025491007751938,0.0156666666666667));
#5896=CARTESIAN_POINT('',(0.0005,0.025491007751938,0.0168333333333333));
#5897=CARTESIAN_POINT('',(0.0005,0.025491007751938,0.018));
#5898=CARTESIAN_POINT('',(0.000499999999999992,0.025491007751938,0.0145));
#5899=CARTESIAN_POINT('',(0.000499999999999991,0.025491007751938,0.018));
#5900=CARTESIAN_POINT('',(-0.0109,0.025491007751938,0.018));
#5901=CARTESIAN_POINT('',(-0.0223,0.025491007751938,0.018));
#5902=CARTESIAN_POINT('',(-0.0223,0.025491007751938,0.018));
#5903=CARTESIAN_POINT('',(-0.0223,0.025491007751938,0.0168333333333333));
#5904=CARTESIAN_POINT('',(-0.0223,0.025491007751938,0.0156666666666667));
#5905=CARTESIAN_POINT('',(-0.0223,0.025491007751938,0.0145));
#5906=CARTESIAN_POINT('',(-0.0223,0.025491007751938,0.0145));
#5907=CARTESIAN_POINT('',(-0.0109,0.025491007751938,0.0145));
#5908=CARTESIAN_POINT('',(0.0015,0.02006,0.02));
#5909=CARTESIAN_POINT('',(0.0015,0.015628992248062,0.0145));
#5910=CARTESIAN_POINT('',(0.0015,0.015628992248062,0.0156666666666667));
#5911=CARTESIAN_POINT('',(0.0015,0.015628992248062,0.0168333333333333));
#5912=CARTESIAN_POINT('',(0.0015,0.015628992248062,0.018));
#5913=CARTESIAN_POINT('',(0.0015,0.015628992248062,0.0145));
#5914=CARTESIAN_POINT('',(0.0015,0.015628992248062,0.018));
#5915=CARTESIAN_POINT('',(0.0015,0.024491007751938,0.018));
#5916=CARTESIAN_POINT('',(0.0015,0.024491007751938,0.018));
#5917=CARTESIAN_POINT('',(0.0015,0.024491007751938,0.018));
#5918=CARTESIAN_POINT('',(0.0015,0.024491007751938,0.0168333333333333));
#5919=CARTESIAN_POINT('',(0.0015,0.024491007751938,0.0156666666666667));
#5920=CARTESIAN_POINT('',(0.0015,0.024491007751938,0.0145));
#5921=CARTESIAN_POINT('',(0.0015,0.024491007751938,0.0145));
#5922=CARTESIAN_POINT('',(0.0015,0.02006,0.0145));
#5923=CARTESIAN_POINT('',(-0.0109,0.014628992248062,0.02));
#5924=CARTESIAN_POINT('',(-0.0223,0.014628992248062,0.0145));
#5925=CARTESIAN_POINT('',(-0.0223,0.014628992248062,0.0156666666666667));
#5926=CARTESIAN_POINT('',(-0.0223,0.014628992248062,0.0168333333333333));
#5927=CARTESIAN_POINT('',(-0.0223,0.014628992248062,0.018));
#5928=CARTESIAN_POINT('',(-0.0223,0.014628992248062,0.0145));
#5929=CARTESIAN_POINT('',(-0.0223,0.014628992248062,0.018));
#5930=CARTESIAN_POINT('',(0.000499999999999992,0.014628992248062,0.018));
#5931=CARTESIAN_POINT('',(0.000499999999999992,0.014628992248062,0.018));
#5932=CARTESIAN_POINT('',(0.0005,0.014628992248062,0.018));
#5933=CARTESIAN_POINT('',(0.0005,0.014628992248062,0.0168333333333333));
#5934=CARTESIAN_POINT('',(0.0005,0.014628992248062,0.0156666666666667));
#5935=CARTESIAN_POINT('',(0.0005,0.014628992248062,0.0145));
#5936=CARTESIAN_POINT('',(0.000499999999999992,0.014628992248062,0.0145));
#5937=CARTESIAN_POINT('',(-0.0109,0.014628992248062,0.0145));
#5938=CARTESIAN_POINT('',(0.0035,0.03475,0.02));
#5939=CARTESIAN_POINT('',(-0.0305067567567567,0.03475,0.02));
#5940=CARTESIAN_POINT('',(-0.0305067567567567,0.03475,0.0165));
#5941=CARTESIAN_POINT('',(-0.0305067567567567,0.03475,0.013));
#5942=CARTESIAN_POINT('',(0.0305067567567567,0.03475,0.0165));
#5943=CARTESIAN_POINT('',(0.0305067567567567,0.03475,0.0165));
#5944=CARTESIAN_POINT('',(0.0305067567567567,0.03475,0.02));
#5945=CARTESIAN_POINT('',(0.0305067567567567,0.03475,0.013));
#5946=CARTESIAN_POINT('',(0.0035,0.03475,0.013));
#5947=CARTESIAN_POINT('',(-0.0305067567567567,0.03475,0.0165));
#5948=CARTESIAN_POINT('',(-0.0305067567567567,0.03475,0.013));
#5949=CARTESIAN_POINT('',(-0.0358400900900901,0.03475,0.0165));
#5950=CARTESIAN_POINT('',(-0.0358400900900901,0.03475,0.013));
#5951=CARTESIAN_POINT('',(-0.0385067567567568,0.0320833333333333,0.0165));
#5952=CARTESIAN_POINT('',(-0.0385067567567568,0.0320833333333333,0.013));
#5953=CARTESIAN_POINT('',(-0.0385067567567568,0.02675,0.0165));
#5954=CARTESIAN_POINT('',(-0.0385067567567568,0.02675,0.013));
#5955=CARTESIAN_POINT('',(-0.0385067567567568,0.02675,0.02));
#5956=CARTESIAN_POINT('',(-0.0385067567567568,0.02675,0.0165));
#5957=CARTESIAN_POINT('',(-0.0385067567567568,0.02675,0.013));
#5958=CARTESIAN_POINT('',(-0.0385067567567568,0.02675,0.0165));
#5959=CARTESIAN_POINT('',(-0.0385067567567568,0.0320833333333333,0.0165));
#5960=CARTESIAN_POINT('',(-0.0358400900900901,0.03475,0.0165));
#5961=CARTESIAN_POINT('',(-0.0305067567567567,0.03475,0.0165));
#5962=CARTESIAN_POINT('',(-0.0305067567567567,0.03475,0.013));
#5963=CARTESIAN_POINT('',(-0.0358400900900901,0.03475,0.013));
#5964=CARTESIAN_POINT('',(-0.0385067567567568,0.0320833333333333,0.013));
#5965=CARTESIAN_POINT('',(-0.0385067567567568,0.02675,0.013));
#5966=CARTESIAN_POINT('',(-0.0385067567567568,0.02875,0.02));
#5967=CARTESIAN_POINT('',(-0.0385067567567568,-0.02675,0.02));
#5968=CARTESIAN_POINT('',(-0.0385067567567568,-0.02675,0.0164999999999863));
#5969=CARTESIAN_POINT('',(-0.0385067567567568,-0.02675,0.013));
#5970=CARTESIAN_POINT('',(-0.0385067567567568,0.02675,0.0165));
#5971=CARTESIAN_POINT('',(-0.0385067567567568,0.02875,0.013));
#5972=CARTESIAN_POINT('',(-0.0385067567567568,-0.02675,0.0165));
#5973=CARTESIAN_POINT('',(-0.0385067567567568,-0.02675,0.013));
#5974=CARTESIAN_POINT('',(-0.0385067567567568,-0.0320833333333333,0.0165));
#5975=CARTESIAN_POINT('',(-0.0385067567567568,-0.0320833333333333,0.013));
#5976=CARTESIAN_POINT('',(-0.0358400900900901,-0.03475,0.0165));
#5977=CARTESIAN_POINT('',(-0.0358400900900901,-0.03475,0.013));
#5978=CARTESIAN_POINT('',(-0.0305067567567567,-0.03475,0.0165));
#5979=CARTESIAN_POINT('',(-0.0305067567567567,-0.03475,0.013));
#5980=CARTESIAN_POINT('',(-0.0305067567567567,-0.03475,0.02));
#5981=CARTESIAN_POINT('',(-0.0305067567567567,-0.03475,0.0165));
#5982=CARTESIAN_POINT('',(-0.0305067567567567,-0.03475,0.013));
#5983=CARTESIAN_POINT('',(-0.0305067567567567,-0.03475,0.0165));
#5984=CARTESIAN_POINT('',(-0.0358400900900901,-0.03475,0.0165));
#5985=CARTESIAN_POINT('',(-0.0385067567567568,-0.0320833333333333,0.0165));
#5986=CARTESIAN_POINT('',(-0.0385067567567568,-0.02675,0.0165));
#5987=CARTESIAN_POINT('',(-0.0385067567567568,-0.02675,0.013));
#5988=CARTESIAN_POINT('',(-0.0385067567567568,-0.0320833333333333,0.013));
#5989=CARTESIAN_POINT('',(-0.0358400900900901,-0.03475,0.013));
#5990=CARTESIAN_POINT('',(-0.0305067567567567,-0.03475,0.013));
#5991=CARTESIAN_POINT('',(0.,-0.03475,0.02));
#5992=CARTESIAN_POINT('',(0.0305067567567567,-0.03475,0.02));
#5993=CARTESIAN_POINT('',(0.0305067567567567,-0.03475,0.0165));
#5994=CARTESIAN_POINT('',(0.0305067567567567,-0.03475,0.013));
#5995=CARTESIAN_POINT('',(0.,-0.03475,0.0165));
#5996=CARTESIAN_POINT('',(0.,-0.03475,0.013));
#5997=CARTESIAN_POINT('',(0.0305067567567567,-0.03475,0.0165));
#5998=CARTESIAN_POINT('',(0.0305067567567567,-0.03475,0.013));
#5999=CARTESIAN_POINT('',(0.0358400900900901,-0.03475,0.0165));
#6000=CARTESIAN_POINT('',(0.0358400900900901,-0.03475,0.013));
#6001=CARTESIAN_POINT('',(0.0385067567567568,-0.0320833333333333,0.0165));
#6002=CARTESIAN_POINT('',(0.0385067567567568,-0.0320833333333333,0.013));
#6003=CARTESIAN_POINT('',(0.0385067567567568,-0.02675,0.0165));
#6004=CARTESIAN_POINT('',(0.0385067567567568,-0.02675,0.013));
#6005=CARTESIAN_POINT('',(0.0385067567567568,-0.02675,0.02));
#6006=CARTESIAN_POINT('',(0.0385067567567568,-0.02675,0.0165));
#6007=CARTESIAN_POINT('',(0.0385067567567568,-0.02675,0.013));
#6008=CARTESIAN_POINT('',(0.0385067567567568,-0.02675,0.0165));
#6009=CARTESIAN_POINT('',(0.0385067567567568,-0.0320833333333333,0.0165));
#6010=CARTESIAN_POINT('',(0.0358400900900901,-0.03475,0.0165));
#6011=CARTESIAN_POINT('',(0.0305067567567567,-0.03475,0.0165));
#6012=CARTESIAN_POINT('',(0.0305067567567567,-0.03475,0.013));
#6013=CARTESIAN_POINT('',(0.0358400900900901,-0.03475,0.013));
#6014=CARTESIAN_POINT('',(0.0385067567567568,-0.0320833333333333,0.013));
#6015=CARTESIAN_POINT('',(0.0385067567567568,-0.02675,0.013));
#6016=CARTESIAN_POINT('',(0.0385067567567568,0.,0.02));
#6017=CARTESIAN_POINT('',(0.0385067567567568,0.02675,0.02));
#6018=CARTESIAN_POINT('',(0.0385067567567568,0.02675,0.0165));
#6019=CARTESIAN_POINT('',(0.0385067567567568,0.02675,0.013));
#6020=CARTESIAN_POINT('',(0.0385067567567568,0.,0.0165));
#6021=CARTESIAN_POINT('',(0.0385067567567568,0.,0.013));
#6022=CARTESIAN_POINT('',(0.01175,0.0208875,0.02));
#6023=CARTESIAN_POINT('',(0.01175,0.02675,0.013));
#6024=CARTESIAN_POINT('',(0.01175,0.02675,0.0146666666666667));
#6025=CARTESIAN_POINT('',(0.01175,0.02675,0.0163333333333333));
#6026=CARTESIAN_POINT('',(0.01175,0.02675,0.018));
#6027=CARTESIAN_POINT('',(0.01175,0.02675,0.013));
#6028=CARTESIAN_POINT('',(0.01175,0.02675,0.018));
#6029=CARTESIAN_POINT('',(0.01175,0.0208875,0.018));
#6030=CARTESIAN_POINT('',(0.01175,0.015025,0.018));
#6031=CARTESIAN_POINT('',(0.01175,0.015025,0.018));
#6032=CARTESIAN_POINT('',(0.01175,0.015025,0.0163333333333333));
#6033=CARTESIAN_POINT('',(0.01175,0.015025,0.0146666666666667));
#6034=CARTESIAN_POINT('',(0.01175,0.015025,0.013));
#6035=CARTESIAN_POINT('',(0.01175,0.015025,0.013));
#6036=CARTESIAN_POINT('',(0.01175,0.0208875,0.013));
#6037=CARTESIAN_POINT('',(-0.0286286796564404,0.02775,0.02));
#6038=CARTESIAN_POINT('',(0.0287500000000001,0.02775,0.013));
#6039=CARTESIAN_POINT('',(0.0287500000000001,0.02775,0.0146666666666667));
#6040=CARTESIAN_POINT('',(0.0287500000000001,0.02775,0.0163333333333333));
#6041=CARTESIAN_POINT('',(0.0287500000000001,0.02775,0.018));
#6042=CARTESIAN_POINT('',(0.02875,0.02775,0.013));
#6043=CARTESIAN_POINT('',(0.02875,0.02775,0.018));
#6044=CARTESIAN_POINT('',(-0.0286286796564404,0.02775,0.018));
#6045=CARTESIAN_POINT('',(0.01275,0.02775,0.018));
#6046=CARTESIAN_POINT('',(0.01275,0.02775,0.018));
#6047=CARTESIAN_POINT('',(0.01275,0.02775,0.0163333333333333));
#6048=CARTESIAN_POINT('',(0.01275,0.02775,0.0146666666666667));
#6049=CARTESIAN_POINT('',(0.01275,0.02775,0.013));
#6050=CARTESIAN_POINT('',(0.01275,0.02775,0.013));
#6051=CARTESIAN_POINT('',(-0.0286286796564404,0.02775,0.013));
#6052=CARTESIAN_POINT('',(0.02975,0.0201375,0.02));
#6053=CARTESIAN_POINT('',(0.02975,0.015025,0.013));
#6054=CARTESIAN_POINT('',(0.02975,0.015025,0.0146666666666667));
#6055=CARTESIAN_POINT('',(0.02975,0.015025,0.0163333333333333));
#6056=CARTESIAN_POINT('',(0.02975,0.015025,0.018));
#6057=CARTESIAN_POINT('',(0.02975,0.015025,0.013));
#6058=CARTESIAN_POINT('',(0.02975,0.015025,0.018));
#6059=CARTESIAN_POINT('',(0.02975,0.02675,0.018));
#6060=CARTESIAN_POINT('',(0.02975,0.02675,0.018));
#6061=CARTESIAN_POINT('',(0.02975,0.02675,0.018));
#6062=CARTESIAN_POINT('',(0.02975,0.02675,0.0163333333333333));
#6063=CARTESIAN_POINT('',(0.02975,0.02675,0.0146666666666667));
#6064=CARTESIAN_POINT('',(0.02975,0.02675,0.013));
#6065=CARTESIAN_POINT('',(0.02975,0.02675,0.013));
#6066=CARTESIAN_POINT('',(0.02975,0.0201375,0.013));
#6067=CARTESIAN_POINT('',(-0.028575,-0.006525,0.02));
#6068=CARTESIAN_POINT('',(-0.028575,0.011525,0.013));
#6069=CARTESIAN_POINT('',(-0.028575,0.011525,0.0146666666666667));
#6070=CARTESIAN_POINT('',(-0.028575,0.011525,0.0163333333333333));
#6071=CARTESIAN_POINT('',(-0.028575,0.011525,0.018));
#6072=CARTESIAN_POINT('',(-0.028575,0.011525,0.013));
#6073=CARTESIAN_POINT('',(-0.028575,0.011525,0.018));
#6074=CARTESIAN_POINT('',(-0.028575,-0.006525,0.018));
#6075=CARTESIAN_POINT('',(-0.028575,-0.024575,0.018));
#6076=CARTESIAN_POINT('',(-0.028575,-0.024575,0.018));
#6077=CARTESIAN_POINT('',(-0.028575,-0.024575,0.0163333333333333));
#6078=CARTESIAN_POINT('',(-0.028575,-0.024575,0.0146666666666667));
#6079=CARTESIAN_POINT('',(-0.028575,-0.024575,0.013));
#6080=CARTESIAN_POINT('',(-0.028575,-0.024575,0.013));
#6081=CARTESIAN_POINT('',(-0.028575,-0.006525,0.013));
#6082=CARTESIAN_POINT('',(0.0291625,0.012525,0.02));
#6083=CARTESIAN_POINT('',(0.020575,0.012525,0.02));
#6084=CARTESIAN_POINT('',(0.020575,0.012525,0.018));
#6085=CARTESIAN_POINT('',(0.020575,0.012525,0.013));
#6086=CARTESIAN_POINT('',(-0.027575,0.012525,0.018));
#6087=CARTESIAN_POINT('',(-0.027575,0.012525,0.018));
#6088=CARTESIAN_POINT('',(-0.027575,0.012525,0.018));
#6089=CARTESIAN_POINT('',(-0.027575,0.012525,0.0163333333333333));
#6090=CARTESIAN_POINT('',(-0.027575,0.012525,0.0146666666666667));
#6091=CARTESIAN_POINT('',(-0.027575,0.012525,0.013));
#6092=CARTESIAN_POINT('',(-0.027575,0.012525,0.013));
#6093=CARTESIAN_POINT('',(0.0291625,0.012525,0.013));
#6094=CARTESIAN_POINT('',(0.020575,0.004525,0.02));
#6095=CARTESIAN_POINT('',(0.028575,0.004525,0.02));
#6096=CARTESIAN_POINT('',(0.028575,0.004525,0.018));
#6097=CARTESIAN_POINT('',(0.028575,0.004525,0.013));
#6098=CARTESIAN_POINT('',(0.020575,0.004525,0.018));
#6099=CARTESIAN_POINT('',(0.020575,0.004525,0.013));
#6100=CARTESIAN_POINT('',(0.028575,-0.010525,0.02));
#6101=CARTESIAN_POINT('',(0.028575,-0.024575,0.013));
#6102=CARTESIAN_POINT('',(0.028575,-0.024575,0.0146666666666667));
#6103=CARTESIAN_POINT('',(0.028575,-0.024575,0.0163333333333333));
#6104=CARTESIAN_POINT('',(0.028575,-0.024575,0.018));
#6105=CARTESIAN_POINT('',(0.028575,-0.024575,0.013));
#6106=CARTESIAN_POINT('',(0.028575,-0.024575,0.018));
#6107=CARTESIAN_POINT('',(0.028575,0.004525,0.018));
#6108=CARTESIAN_POINT('',(0.028575,-0.010525,0.013));
#6109=CARTESIAN_POINT('',(0.0385067567567568,0.02675,0.0165));
#6110=CARTESIAN_POINT('',(0.0385067567567568,0.02675,0.013));
#6111=CARTESIAN_POINT('',(0.0385067567567568,0.0320833333333333,0.0165));
#6112=CARTESIAN_POINT('',(0.0385067567567568,0.0320833333333333,0.013));
#6113=CARTESIAN_POINT('',(0.0358400900900901,0.03475,0.0165));
#6114=CARTESIAN_POINT('',(0.0358400900900901,0.03475,0.013));
#6115=CARTESIAN_POINT('',(0.0305067567567567,0.03475,0.0165));
#6116=CARTESIAN_POINT('',(0.0305067567567567,0.03475,0.013));
#6117=CARTESIAN_POINT('',(0.0305067567567567,0.03475,0.0165));
#6118=CARTESIAN_POINT('',(0.0358400900900901,0.03475,0.0165));
#6119=CARTESIAN_POINT('',(0.0385067567567568,0.0320833333333333,0.0165));
#6120=CARTESIAN_POINT('',(0.0385067567567568,0.02675,0.0165));
#6121=CARTESIAN_POINT('',(0.0385067567567568,0.02675,0.013));
#6122=CARTESIAN_POINT('',(0.0385067567567568,0.0320833333333333,0.013));
#6123=CARTESIAN_POINT('',(0.0358400900900901,0.03475,0.013));
#6124=CARTESIAN_POINT('',(0.0305067567567567,0.03475,0.013));
#6125=CARTESIAN_POINT('',(0.02075,0.014025,0.02));
#6126=CARTESIAN_POINT('',(0.01275,0.014025,0.013));
#6127=CARTESIAN_POINT('',(0.01275,0.014025,0.0146666666666667));
#6128=CARTESIAN_POINT('',(0.01275,0.014025,0.0163333333333333));
#6129=CARTESIAN_POINT('',(0.01275,0.014025,0.018));
#6130=CARTESIAN_POINT('',(0.01275,0.014025,0.013));
#6131=CARTESIAN_POINT('',(0.01275,0.014025,0.018));
#6132=CARTESIAN_POINT('',(0.02875,0.014025,0.018));
#6133=CARTESIAN_POINT('',(0.02875,0.014025,0.018));
#6134=CARTESIAN_POINT('',(0.02875,0.014025,0.018));
#6135=CARTESIAN_POINT('',(0.02875,0.014025,0.0163333333333333));
#6136=CARTESIAN_POINT('',(0.02875,0.014025,0.0146666666666667));
#6137=CARTESIAN_POINT('',(0.02875,0.014025,0.013));
#6138=CARTESIAN_POINT('',(0.02875,0.014025,0.013));
#6139=CARTESIAN_POINT('',(0.02075,0.014025,0.013));
#6140=CARTESIAN_POINT('',(-1.38777878078145E-17,-0.025575,0.02));
#6141=CARTESIAN_POINT('',(-0.027575,-0.025575,0.013));
#6142=CARTESIAN_POINT('',(-0.027575,-0.025575,0.0146666666666667));
#6143=CARTESIAN_POINT('',(-0.027575,-0.025575,0.0163333333333333));
#6144=CARTESIAN_POINT('',(-0.027575,-0.025575,0.018));
#6145=CARTESIAN_POINT('',(-0.027575,-0.025575,0.013));
#6146=CARTESIAN_POINT('',(-0.027575,-0.025575,0.018));
#6147=CARTESIAN_POINT('',(0.027575,-0.025575,0.018));
#6148=CARTESIAN_POINT('',(0.027575,-0.025575,0.018));
#6149=CARTESIAN_POINT('',(0.027575,-0.025575,0.018));
#6150=CARTESIAN_POINT('',(0.027575,-0.025575,0.0163333333333333));
#6151=CARTESIAN_POINT('',(0.027575,-0.025575,0.0146666666666667));
#6152=CARTESIAN_POINT('',(0.027575,-0.025575,0.013));
#6153=CARTESIAN_POINT('',(0.027575,-0.025575,0.013));
#6154=CARTESIAN_POINT('',(-1.38777878078145E-17,-0.025575,0.013));
#6155=CARTESIAN_POINT('',(-0.0233,0.02006,0.02));
#6156=CARTESIAN_POINT('',(-0.0233,0.024491007751938,0.0145));
#6157=CARTESIAN_POINT('',(-0.0233,0.024491007751938,0.0156666666666667));
#6158=CARTESIAN_POINT('',(-0.0233,0.024491007751938,0.0168333333333333));
#6159=CARTESIAN_POINT('',(-0.0233,0.024491007751938,0.018));
#6160=CARTESIAN_POINT('',(-0.0233,0.024491007751938,0.0145));
#6161=CARTESIAN_POINT('',(-0.0233,0.024491007751938,0.018));
#6162=CARTESIAN_POINT('',(-0.0233,0.02006,0.018));
#6163=CARTESIAN_POINT('',(-0.0233,0.015628992248062,0.018));
#6164=CARTESIAN_POINT('',(-0.0233,0.015628992248062,0.018));
#6165=CARTESIAN_POINT('',(-0.0233,0.015628992248062,0.0168333333333333));
#6166=CARTESIAN_POINT('',(-0.0233,0.015628992248062,0.0156666666666667));
#6167=CARTESIAN_POINT('',(-0.0233,0.015628992248062,0.0145));
#6168=CARTESIAN_POINT('',(-0.0233,0.015628992248062,0.0145));
#6169=CARTESIAN_POINT('',(-0.0233,0.02006,0.0145));
#6170=CARTESIAN_POINT('',(0.,0.,0.02));
#6171=CARTESIAN_POINT('',(-0.0305067567567567,0.03125,0.02));
#6172=CARTESIAN_POINT('',(-0.0308585451008902,0.0312499515454021,0.02));
#6173=CARTESIAN_POINT('',(-0.0313572389234539,0.0312273996259549,0.02));
#6174=CARTESIAN_POINT('',(-0.031876039976374,0.0311647448273866,0.02));
#6175=CARTESIAN_POINT('',(-0.0321685275394017,0.0311151358038581,0.02));
#6176=CARTESIAN_POINT('',(-0.0323473195147491,0.0310804369920859,0.02));
#6177=CARTESIAN_POINT('',(-0.0326434002729773,0.0310097461954742,0.02));
#6178=CARTESIAN_POINT('',(-0.0329683974402287,0.0309115302314124,0.02));
#6179=CARTESIAN_POINT('',(-0.0335007207297116,0.0306993304644712,0.02));
#6180=CARTESIAN_POINT('',(-0.0340666662157405,0.030311180406319,0.02));
#6181=CARTESIAN_POINT('',(-0.0344555622593428,0.0297458918354904,0.02));
#6182=CARTESIAN_POINT('',(-0.0346682403880169,0.029212067566042,0.02));
#6183=CARTESIAN_POINT('',(-0.0347666785864976,0.0288860939674738,0.02));
#6184=CARTESIAN_POINT('',(-0.0348376521626999,0.0285884438775017,0.02));
#6185=CARTESIAN_POINT('',(-0.0348721617205538,0.0284103210155729,0.02));
#6186=CARTESIAN_POINT('',(-0.0349217023842627,0.0281179535720655,0.02));
#6187=CARTESIAN_POINT('',(-0.03498419859342,0.0275997466462867,0.02));
#6188=CARTESIAN_POINT('',(-0.0350067104623331,0.0271014688956169,0.02));
#6189=CARTESIAN_POINT('',(-0.0350067567567568,0.02675,0.02));
#6190=CARTESIAN_POINT('',(-0.0305067567567567,0.03125,0.02));
#6191=CARTESIAN_POINT('',(-0.0350067567567568,0.02675,0.02));
#6192=CARTESIAN_POINT('',(-0.0350067567567568,-0.02675,0.02));
#6193=CARTESIAN_POINT('',(-0.0350067567567568,-0.02675,0.02));
#6194=CARTESIAN_POINT('',(-0.0350067567567568,-0.02675,0.02));
#6195=CARTESIAN_POINT('',(-0.0350067083021589,-0.0271017883441342,0.02));
#6196=CARTESIAN_POINT('',(-0.0349841563827117,-0.0276004821666984,0.02));
#6197=CARTESIAN_POINT('',(-0.0349215015841433,-0.0281192832196181,0.02));
#6198=CARTESIAN_POINT('',(-0.0348718925606148,-0.0284117707826455,0.02));
#6199=CARTESIAN_POINT('',(-0.0348371937488427,-0.0285905627579922,0.02));
#6200=CARTESIAN_POINT('',(-0.0347665029522308,-0.0288866435162208,0.02));
#6201=CARTESIAN_POINT('',(-0.0346682869881688,-0.0292116406834723,0.02));
#6202=CARTESIAN_POINT('',(-0.0344560872212273,-0.0297439639729556,0.02));
#6203=CARTESIAN_POINT('',(-0.0340679371630778,-0.0303099094589819,0.02));
#6204=CARTESIAN_POINT('',(-0.0335026485922417,-0.0306988055025913,0.02));
#6205=CARTESIAN_POINT('',(-0.0329688243227956,-0.0309114836312636,0.02));
#6206=CARTESIAN_POINT('',(-0.0326428507242281,-0.0310099218297429,0.02));
#6207=CARTESIAN_POINT('',(-0.0323452006342604,-0.0310808954059426,0.02));
#6208=CARTESIAN_POINT('',(-0.0321670777723242,-0.0311154049637972,0.02));
#6209=CARTESIAN_POINT('',(-0.0318747103288133,-0.0311649456275059,0.02));
#6210=CARTESIAN_POINT('',(-0.0313565034030308,-0.0312274418366633,0.02));
#6211=CARTESIAN_POINT('',(-0.0308582256523666,-0.0312499537055763,0.02));
#6212=CARTESIAN_POINT('',(-0.0305067567567567,-0.03125,0.02));
#6213=CARTESIAN_POINT('',(-0.0305067567567567,-0.03125,0.02));
#6214=CARTESIAN_POINT('',(0.,-0.03125,0.02));
#6215=CARTESIAN_POINT('',(0.0305067567567567,-0.03125,0.02));
#6216=CARTESIAN_POINT('',(0.0305067567567567,-0.03125,0.02));
#6217=CARTESIAN_POINT('',(0.0308585451008902,-0.0312499515454021,0.02));
#6218=CARTESIAN_POINT('',(0.0313572389234539,-0.0312273996259549,0.02));
#6219=CARTESIAN_POINT('',(0.031876039976374,-0.0311647448273866,0.02));
#6220=CARTESIAN_POINT('',(0.0321685275394017,-0.0311151358038581,0.02));
#6221=CARTESIAN_POINT('',(0.0323473195147491,-0.0310804369920859,0.02));
#6222=CARTESIAN_POINT('',(0.0326434002729773,-0.0310097461954742,0.02));
#6223=CARTESIAN_POINT('',(0.0329683974402287,-0.0309115302314124,0.02));
#6224=CARTESIAN_POINT('',(0.0335007207297116,-0.0306993304644712,0.02));
#6225=CARTESIAN_POINT('',(0.0340666662157405,-0.030311180406319,0.02));
#6226=CARTESIAN_POINT('',(0.0344555622593428,-0.0297458918354904,0.02));
#6227=CARTESIAN_POINT('',(0.0346682403880169,-0.029212067566042,0.02));
#6228=CARTESIAN_POINT('',(0.0347666785864976,-0.0288860939674738,0.02));
#6229=CARTESIAN_POINT('',(0.0348376521626999,-0.0285884438775017,0.02));
#6230=CARTESIAN_POINT('',(0.0348721617205538,-0.0284103210155729,0.02));
#6231=CARTESIAN_POINT('',(0.0349217023842627,-0.0281179535720655,0.02));
#6232=CARTESIAN_POINT('',(0.03498419859342,-0.0275997466462867,0.02));
#6233=CARTESIAN_POINT('',(0.0350067104623331,-0.0271014688956169,0.02));
#6234=CARTESIAN_POINT('',(0.0350067567567568,-0.02675,0.02));
#6235=CARTESIAN_POINT('',(0.0350067567567568,-0.02675,0.02));
#6236=CARTESIAN_POINT('',(0.0350067567567568,0.,0.02));
#6237=CARTESIAN_POINT('',(0.0350067567567568,0.02675,0.02));
#6238=CARTESIAN_POINT('',(0.0350067567567568,0.02675,0.02));
#6239=CARTESIAN_POINT('',(0.0350067083021589,0.0271017883441342,0.02));
#6240=CARTESIAN_POINT('',(0.0349841563827117,0.0276004821666984,0.02));
#6241=CARTESIAN_POINT('',(0.0349215015841433,0.0281192832196181,0.02));
#6242=CARTESIAN_POINT('',(0.0348718925606148,0.0284117707826455,0.02));
#6243=CARTESIAN_POINT('',(0.0348371937488427,0.0285905627579922,0.02));
#6244=CARTESIAN_POINT('',(0.0347665029522308,0.0288866435162208,0.02));
#6245=CARTESIAN_POINT('',(0.0346682869881688,0.0292116406834723,0.02));
#6246=CARTESIAN_POINT('',(0.0344560872212273,0.0297439639729556,0.02));
#6247=CARTESIAN_POINT('',(0.0340679371630778,0.0303099094589819,0.02));
#6248=CARTESIAN_POINT('',(0.0335026485922417,0.0306988055025913,0.02));
#6249=CARTESIAN_POINT('',(0.0329688243227956,0.0309114836312636,0.02));
#6250=CARTESIAN_POINT('',(0.0326428507242281,0.0310099218297429,0.02));
#6251=CARTESIAN_POINT('',(0.0323452006342604,0.0310808954059426,0.02));
#6252=CARTESIAN_POINT('',(0.0321670777723242,0.0311154049637972,0.02));
#6253=CARTESIAN_POINT('',(0.0318747103288133,0.0311649456275059,0.02));
#6254=CARTESIAN_POINT('',(0.0313565034030308,0.0312274418366633,0.02));
#6255=CARTESIAN_POINT('',(0.0308582256523666,0.0312499537055763,0.02));
#6256=CARTESIAN_POINT('',(0.0305067567567567,0.03125,0.02));
#6257=CARTESIAN_POINT('',(0.0305067567567567,0.03125,0.02));
#6258=CARTESIAN_POINT('',(-0.0305067567567567,0.03125,0.02));
#6259=CARTESIAN_POINT('',(0.02875,0.02975,0.02));
#6260=CARTESIAN_POINT('',(0.0291569112531234,0.0297546181465679,0.02));
#6261=CARTESIAN_POINT('',(0.0299403406320277,0.0296232697716429,0.02));
#6262=CARTESIAN_POINT('',(0.0308132438714387,0.0290777830052599,0.02));
#6263=CARTESIAN_POINT('',(0.0312955353506504,0.0284731715464038,0.02));
#6264=CARTESIAN_POINT('',(0.0316573954393092,0.0277338031756722,0.02));
#6265=CARTESIAN_POINT('',(0.031753856760992,0.0271569748236033,0.02));
#6266=CARTESIAN_POINT('',(0.03175,0.02675,0.02));
#6267=CARTESIAN_POINT('',(0.02875,0.02975,0.02));
#6268=CARTESIAN_POINT('',(0.03175,0.02675,0.02));
#6269=CARTESIAN_POINT('',(0.03175,0.015025,0.02));
#6270=CARTESIAN_POINT('',(0.03175,0.015025,0.02));
#6271=CARTESIAN_POINT('',(0.03175,0.015025,0.02));
#6272=CARTESIAN_POINT('',(0.0317546181465679,0.014618088746875,0.02));
#6273=CARTESIAN_POINT('',(0.0316232697716424,0.0138346593679726,0.02));
#6274=CARTESIAN_POINT('',(0.0310777830052612,0.0129617561285625,0.02));
#6275=CARTESIAN_POINT('',(0.0304731715464015,0.0124794646493476,0.02));
#6276=CARTESIAN_POINT('',(0.029733803175674,0.012117604560692,0.02));
#6277=CARTESIAN_POINT('',(0.0291569748236007,0.0120211432390081,0.02));
#6278=CARTESIAN_POINT('',(0.02875,0.012025,0.02));
#6279=CARTESIAN_POINT('',(0.02875,0.012025,0.02));
#6280=CARTESIAN_POINT('',(0.01275,0.012025,0.02));
#6281=CARTESIAN_POINT('',(0.0271893782776615,0.012025,0.02));
#6282=CARTESIAN_POINT('',(0.020575,0.004525,0.02));
#6283=CARTESIAN_POINT('',(0.030575,0.004525,0.02));
#6284=CARTESIAN_POINT('',(0.030575,-0.024575,0.02));
#6285=CARTESIAN_POINT('',(0.030575,-0.024575,0.02));
#6286=CARTESIAN_POINT('',(0.030575,-0.024575,0.02));
#6287=CARTESIAN_POINT('',(0.0305796181465679,-0.0249819112531234,0.02));
#6288=CARTESIAN_POINT('',(0.0304482697716432,-0.0257653406320278,0.02));
#6289=CARTESIAN_POINT('',(0.029902783005259,-0.0266382438714382,0.02));
#6290=CARTESIAN_POINT('',(0.0292981715464054,-0.027120535350651,0.02));
#6291=CARTESIAN_POINT('',(0.0285588031756717,-0.0274823954393089,0.02));
#6292=CARTESIAN_POINT('',(0.0279819748236008,-0.0275788567609919,0.02));
#6293=CARTESIAN_POINT('',(0.027575,-0.027575,0.02));
#6294=CARTESIAN_POINT('',(0.027575,-0.027575,0.02));
#6295=CARTESIAN_POINT('',(-0.027575,-0.027575,0.02));
#6296=CARTESIAN_POINT('',(-0.027575,-0.027575,0.02));
#6297=CARTESIAN_POINT('',(-0.027575,-0.027575,0.02));
#6298=CARTESIAN_POINT('',(-0.0279819112531218,-0.0275796181465678,0.02));
#6299=CARTESIAN_POINT('',(-0.028765340632029,-0.0274482697716425,0.02));
#6300=CARTESIAN_POINT('',(-0.0296382438714373,-0.0269027830052611,0.02));
#6301=CARTESIAN_POINT('',(-0.0301205353506525,-0.0262981715464015,0.02));
#6302=CARTESIAN_POINT('',(-0.0304823954393081,-0.0255588031756739,0.02));
#6303=CARTESIAN_POINT('',(-0.0305788567609919,-0.0249819748236007,0.02));
#6304=CARTESIAN_POINT('',(-0.030575,-0.024575,0.02));
#6305=CARTESIAN_POINT('',(-0.030575,-0.024575,0.02));
#6306=CARTESIAN_POINT('',(-0.030575,-1.39210420677141E-17,0.02));
#6307=CARTESIAN_POINT('',(-0.030575,0.011525,0.02));
#6308=CARTESIAN_POINT('',(-0.030575,0.011525,0.02));
#6309=CARTESIAN_POINT('',(-0.0305796181465678,0.0119319112531208,0.02));
#6310=CARTESIAN_POINT('',(-0.0304482697716415,0.0127153406320301,0.02));
#6311=CARTESIAN_POINT('',(-0.0299027830052638,0.0135882438714354,0.02));
#6312=CARTESIAN_POINT('',(-0.0292981715463969,0.0140705353506558,0.02));
#6313=CARTESIAN_POINT('',(-0.0285588031756774,0.014432395439306,0.02));
#6314=CARTESIAN_POINT('',(-0.0279819748235975,0.0145288567609919,0.02));
#6315=CARTESIAN_POINT('',(-0.027575,0.014525,0.02));
#6316=CARTESIAN_POINT('',(-0.027575,0.014525,0.02));
#6317=CARTESIAN_POINT('',(0.020575,0.014525,0.02));
#6318=CARTESIAN_POINT('',(-0.0251200417281579,0.0145249926285503,0.02));
#6319=CARTESIAN_POINT('',(-0.0251200626869174,0.0145249852575274,0.02));
#6320=CARTESIAN_POINT('',(-0.0252436625422231,0.0148767144911109,0.02));
#6321=CARTESIAN_POINT('',(-0.025303641646584,0.0152447168212891,0.02));
#6322=CARTESIAN_POINT('',(-0.0253,0.015628992248062,0.02));
#6323=CARTESIAN_POINT('',(-0.0253,0.015628992248062,0.02));
#6324=CARTESIAN_POINT('',(-0.0253,0.,0.02));
#6325=CARTESIAN_POINT('',(-0.0253,0.024491007751938,0.02));
#6326=CARTESIAN_POINT('',(-0.0253,0.024491007751938,0.02));
#6327=CARTESIAN_POINT('',(-0.0253046181465679,0.0248979190050614,0.02));
#6328=CARTESIAN_POINT('',(-0.0251732697716425,0.025681348383966,0.02));
#6329=CARTESIAN_POINT('',(-0.0246277830052611,0.0265542516233761,0.02));
#6330=CARTESIAN_POINT('',(-0.0240231715464018,0.0270365431025891,0.02));
#6331=CARTESIAN_POINT('',(-0.0232838031756733,0.0273984031912468,0.02));
#6332=CARTESIAN_POINT('',(-0.0227069748236033,0.02749486451293,0.02));
#6333=CARTESIAN_POINT('',(-0.0223,0.027491007751938,0.02));
#6334=CARTESIAN_POINT('',(-0.0223,0.027491007751938,0.02));
#6335=CARTESIAN_POINT('',(0.,0.027491007751938,0.02));
#6336=CARTESIAN_POINT('',(0.000499999999999991,0.027491007751938,0.02));
#6337=CARTESIAN_POINT('',(0.000499999999999991,0.027491007751938,0.02));
#6338=CARTESIAN_POINT('',(0.000906911253125624,0.0274956258985059,0.02));
#6339=CARTESIAN_POINT('',(0.00169034063202691,0.0273642775235807,0.02));
#6340=CARTESIAN_POINT('',(0.00256324387143807,0.0268187907571984,0.02));
#6341=CARTESIAN_POINT('',(0.00304553535065148,0.0262141792983408,0.02));
#6342=CARTESIAN_POINT('',(0.0034073954393086,0.0254748109276111,0.02));
#6343=CARTESIAN_POINT('',(0.00350385676099195,0.0248979825755397,0.02));
#6344=CARTESIAN_POINT('',(0.0035,0.024491007751938,0.02));
#6345=CARTESIAN_POINT('',(0.0035,0.024491007751938,0.02));
#6346=CARTESIAN_POINT('',(0.0035,0.015628992248062,0.02));
#6347=CARTESIAN_POINT('',(0.0035,0.015628992248062,0.02));
#6348=CARTESIAN_POINT('',(0.0035,0.015628992248062,0.02));
#6349=CARTESIAN_POINT('',(0.00350434995641042,0.0152457115990003,0.02));
#6350=CARTESIAN_POINT('',(0.0034445697417077,0.0148777118914966,0.02));
#6351=CARTESIAN_POINT('',(0.00332065935589186,0.0145249931255509,0.02));
#6352=CARTESIAN_POINT('',(0.00332064958627425,0.0145249965627754,0.02));
#6353=CARTESIAN_POINT('',(0.020575,0.014525,0.02));
#6354=CARTESIAN_POINT('',(0.00978251479096193,0.0145249103882254,0.0199999999999991));
#6355=CARTESIAN_POINT('',(0.00978187540159307,0.0145248207764561,0.02));
#6356=CARTESIAN_POINT('',(0.00975900804666817,0.0146876346083538,0.02));
#6357=CARTESIAN_POINT('',(0.0097483829128038,0.0148543610162017,0.02));
#6358=CARTESIAN_POINT('',(0.00975,0.015025,0.02));
#6359=CARTESIAN_POINT('',(0.00975,0.015025,0.02));
#6360=CARTESIAN_POINT('',(0.00975,1.2323172233715E-18,0.02));
#6361=CARTESIAN_POINT('',(0.00975,0.02675,0.02));
#6362=CARTESIAN_POINT('',(0.00975,0.02675,0.02));
#6363=CARTESIAN_POINT('',(0.00974538185343214,0.0271569112531218,0.02));
#6364=CARTESIAN_POINT('',(0.00987673022835849,0.0279403406320296,0.02));
#6365=CARTESIAN_POINT('',(0.0104222169947362,0.0288132438714355,0.02));
#6366=CARTESIAN_POINT('',(0.0110268284536029,0.0292955353506557,0.02));
#6367=CARTESIAN_POINT('',(0.0117661968243227,0.0296573954393061,0.02));
#6368=CARTESIAN_POINT('',(0.0123430251764023,0.0297538567609919,0.02));
#6369=CARTESIAN_POINT('',(0.01275,0.02975,0.02));
#6370=CARTESIAN_POINT('',(0.01275,0.02975,0.02));
#6371=CARTESIAN_POINT('',(0.,0.02975,0.02));
#6372=CARTESIAN_POINT('',(0.,0.,0.013));
#6373=CARTESIAN_POINT('',(-0.0333483759114203,-0.0300948758225013,0.013));
#6374=CARTESIAN_POINT('',(-0.0309983759114203,-0.0300948758225013,0.013));
#6375=CARTESIAN_POINT('',(0.0333483759114203,-0.0300948758225013,0.013));
#6376=CARTESIAN_POINT('',(0.0356983759114203,-0.0300948758225013,0.013));
#6377=CARTESIAN_POINT('',(0.0333483759114203,0.0300948758225013,0.013));
#6378=CARTESIAN_POINT('',(0.0356983759114203,0.0300948758225013,0.013));
#6379=CARTESIAN_POINT('',(-0.0333483759114203,0.0300948758225013,0.013));
#6380=CARTESIAN_POINT('',(-0.0309983759114203,0.0300948758225013,0.013));
#6381=CARTESIAN_POINT('',(-0.01025,0.013525,0.013));
#6382=CARTESIAN_POINT('',(-0.03075,0.013525,0.013));
#6383=CARTESIAN_POINT('',(0.01025,0.013525,0.013));
#6384=CARTESIAN_POINT('',(0.01025,0.0206375,0.013));
#6385=CARTESIAN_POINT('',(0.01025,0.02775,0.013));
#6386=CARTESIAN_POINT('',(-0.0286286796564404,0.02775,0.013));
#6387=CARTESIAN_POINT('',(-0.03075,0.02775,0.013));
#6388=CARTESIAN_POINT('',(-0.03075,-0.0256286796564403,0.013));
#6389=CARTESIAN_POINT('',(-0.027575,0.012525,0.013));
#6390=CARTESIAN_POINT('',(-0.0277104329508402,0.012525,0.013));
#6391=CARTESIAN_POINT('',(-0.0279760137474436,0.0125023604523555,0.013));
#6392=CARTESIAN_POINT('',(-0.0284817125416545,0.0122367738096121,0.013));
#6393=CARTESIAN_POINT('',(-0.028575,0.0117974058838471,0.013));
#6394=CARTESIAN_POINT('',(-0.028575,0.011525,0.013));
#6395=CARTESIAN_POINT('',(-0.028575,-0.024575,0.013));
#6396=CARTESIAN_POINT('',(-0.028575,-0.0247104329508402,0.013));
#6397=CARTESIAN_POINT('',(-0.0285523604523555,-0.0249760137474436,0.013));
#6398=CARTESIAN_POINT('',(-0.0282867738096122,-0.0254817125416545,0.013));
#6399=CARTESIAN_POINT('',(-0.0278474058838471,-0.025575,0.013));
#6400=CARTESIAN_POINT('',(-0.027575,-0.025575,0.013));
#6401=CARTESIAN_POINT('',(0.027575,-0.025575,0.013));
#6402=CARTESIAN_POINT('',(0.0277104329508402,-0.025575,0.013));
#6403=CARTESIAN_POINT('',(0.0279760137474436,-0.0255523604523555,0.013));
#6404=CARTESIAN_POINT('',(0.0284817125416545,-0.0252867738096121,0.013));
#6405=CARTESIAN_POINT('',(0.028575,-0.0248474058838471,0.013));
#6406=CARTESIAN_POINT('',(0.028575,-0.024575,0.013));
#6407=CARTESIAN_POINT('',(0.01275,0.02775,0.013));
#6408=CARTESIAN_POINT('',(0.0126145670491598,0.02775,0.013));
#6409=CARTESIAN_POINT('',(0.0123489862525564,0.0277273604523554,0.013));
#6410=CARTESIAN_POINT('',(0.0118432874583455,0.0274617738096121,0.013));
#6411=CARTESIAN_POINT('',(0.01175,0.0270224058838471,0.013));
#6412=CARTESIAN_POINT('',(0.01175,0.02675,0.013));
#6413=CARTESIAN_POINT('',(0.01175,0.015025,0.013));
#6414=CARTESIAN_POINT('',(0.01175,0.0148895670491598,0.013));
#6415=CARTESIAN_POINT('',(0.0117726395476446,0.0146239862525564,0.013));
#6416=CARTESIAN_POINT('',(0.0120382261903879,0.0141182874583455,0.013));
#6417=CARTESIAN_POINT('',(0.0124775941161529,0.014025,0.013));
#6418=CARTESIAN_POINT('',(0.01275,0.014025,0.013));
#6419=CARTESIAN_POINT('',(0.02875,0.014025,0.013));
#6420=CARTESIAN_POINT('',(0.0288854329508402,0.014025,0.013));
#6421=CARTESIAN_POINT('',(0.0291510137474436,0.0140476395476446,0.013));
#6422=CARTESIAN_POINT('',(0.0296567125416544,0.0143132261903879,0.013));
#6423=CARTESIAN_POINT('',(0.02975,0.0147525941161529,0.013));
#6424=CARTESIAN_POINT('',(0.02975,0.015025,0.013));
#6425=CARTESIAN_POINT('',(0.02975,0.02675,0.013));
#6426=CARTESIAN_POINT('',(0.02975,0.0268854329508402,0.013));
#6427=CARTESIAN_POINT('',(0.0297273604523555,0.0271510137474436,0.013));
#6428=CARTESIAN_POINT('',(0.0294617738096121,0.0276567125416545,0.013));
#6429=CARTESIAN_POINT('',(0.0290224058838471,0.02775,0.013));
#6430=CARTESIAN_POINT('',(0.02875,0.02775,0.013));
#6431=CARTESIAN_POINT('',(0.01025,0.0206375,0.0145));
#6432=CARTESIAN_POINT('',(0.01025,0.013525,0.0145));
#6433=CARTESIAN_POINT('',(0.01025,0.013525,0.0145));
#6434=CARTESIAN_POINT('',(0.01025,0.0206375,0.0145));
#6435=CARTESIAN_POINT('',(0.01025,0.02775,0.0145));
#6436=CARTESIAN_POINT('',(0.01025,0.02775,0.0145));
#6437=CARTESIAN_POINT('',(-0.0286286796564404,0.02775,0.0145));
#6438=CARTESIAN_POINT('',(-0.0286286796564404,0.02775,0.0145));
#6439=CARTESIAN_POINT('',(-0.03075,0.02775,0.0145));
#6440=CARTESIAN_POINT('',(-0.03075,0.02775,0.0145));
#6441=CARTESIAN_POINT('',(-0.03075,-0.0256286796564403,0.0145));
#6442=CARTESIAN_POINT('',(-0.03075,-0.0256286796564403,0.0145));
#6443=CARTESIAN_POINT('',(-0.03075,0.013525,0.0145));
#6444=CARTESIAN_POINT('',(-0.03075,0.013525,0.0145));
#6445=CARTESIAN_POINT('',(-0.01025,0.013525,0.0145));
#6446=CARTESIAN_POINT('',(-0.01025,0.013525,0.0145));
#6447=CARTESIAN_POINT('',(0.,0.,0.0145));
#6448=CARTESIAN_POINT('',(0.0015,0.024491007751938,0.0145));
#6449=CARTESIAN_POINT('',(0.0015,0.0246264407027782,0.0145));
#6450=CARTESIAN_POINT('',(0.00147736045235545,0.0248920214993816,0.0145));
#6451=CARTESIAN_POINT('',(0.00121177380961213,0.0253977202935925,0.0145));
#6452=CARTESIAN_POINT('',(0.000772405883847112,0.025491007751938,0.0145));
#6453=CARTESIAN_POINT('',(0.000499999999999991,0.025491007751938,0.0145));
#6454=CARTESIAN_POINT('',(-0.0223,0.025491007751938,0.0145));
#6455=CARTESIAN_POINT('',(-0.0224354329508402,0.025491007751938,0.0145));
#6456=CARTESIAN_POINT('',(-0.0227010137474436,0.0254683682042935,0.0145));
#6457=CARTESIAN_POINT('',(-0.0232067125416545,0.0252027815615501,0.0145));
#6458=CARTESIAN_POINT('',(-0.0233,0.0247634136357851,0.0145));
#6459=CARTESIAN_POINT('',(-0.0233,0.024491007751938,0.0145));
#6460=CARTESIAN_POINT('',(-0.0233,0.015628992248062,0.0145));
#6461=CARTESIAN_POINT('',(-0.0233,0.0154935592972218,0.0145));
#6462=CARTESIAN_POINT('',(-0.0232773604523554,0.0152279785006184,0.0145));
#6463=CARTESIAN_POINT('',(-0.0230117738096121,0.0147222797064075,0.0145));
#6464=CARTESIAN_POINT('',(-0.0225724058838471,0.014628992248062,0.0145));
#6465=CARTESIAN_POINT('',(-0.0223,0.014628992248062,0.0145));
#6466=CARTESIAN_POINT('',(0.000499999999999992,0.014628992248062,0.0145));
#6467=CARTESIAN_POINT('',(0.000635432950840175,0.014628992248062,0.0145));
#6468=CARTESIAN_POINT('',(0.000901013747443577,0.0146516317957066,0.0145));
#6469=CARTESIAN_POINT('',(0.00140671254165447,0.0149172184384499,0.0145));
#6470=CARTESIAN_POINT('',(0.0015,0.0153565863642149,0.0145));
#6471=CARTESIAN_POINT('',(0.0015,0.015628992248062,0.0145));
#6472=CARTESIAN_POINT('',(-0.0233,0.015628992248062,0.0145));
#6473=CARTESIAN_POINT('',(-0.0233,0.015628992248062,0.018));
#6474=CARTESIAN_POINT('',(-0.0233,0.0149623255813954,0.0145));
#6475=CARTESIAN_POINT('',(-0.0233,0.0149623255813954,0.018));
#6476=CARTESIAN_POINT('',(-0.0229666666666667,0.014628992248062,0.0145));
#6477=CARTESIAN_POINT('',(-0.0229666666666667,0.014628992248062,0.018));
#6478=CARTESIAN_POINT('',(-0.0223,0.014628992248062,0.0145));
#6479=CARTESIAN_POINT('',(-0.0223,0.014628992248062,0.018));
#6480=CARTESIAN_POINT('',(-0.0233,0.015628992248062,0.018));
#6481=CARTESIAN_POINT('',(-0.0233,0.0149623255813954,0.018));
#6482=CARTESIAN_POINT('',(-0.0229666666666667,0.014628992248062,0.018));
#6483=CARTESIAN_POINT('',(-0.0223,0.014628992248062,0.018));
#6484=CARTESIAN_POINT('',(0.0015,0.015628992248062,0.018));
#6485=CARTESIAN_POINT('',(0.0015,0.015628992248062,0.0145));
#6486=CARTESIAN_POINT('',(0.00150000000000001,0.0149623255813954,0.018));
#6487=CARTESIAN_POINT('',(0.00150000000000001,0.0149623255813954,0.0145));
#6488=CARTESIAN_POINT('',(0.00116666666666667,0.014628992248062,0.018));
#6489=CARTESIAN_POINT('',(0.00116666666666667,0.014628992248062,0.0145));
#6490=CARTESIAN_POINT('',(0.000499999999999992,0.014628992248062,0.018));
#6491=CARTESIAN_POINT('',(0.000499999999999992,0.014628992248062,0.0145));
#6492=CARTESIAN_POINT('',(0.000499999999999992,0.014628992248062,0.018));
#6493=CARTESIAN_POINT('',(0.00116666666666666,0.014628992248062,0.018));
#6494=CARTESIAN_POINT('',(0.0015,0.0149623255813954,0.018));
#6495=CARTESIAN_POINT('',(0.0015,0.015628992248062,0.018));
#6496=CARTESIAN_POINT('',(-0.0233,0.024491007751938,0.018));
#6497=CARTESIAN_POINT('',(-0.0233,0.024491007751938,0.0145));
#6498=CARTESIAN_POINT('',(-0.0233,0.0251576744186047,0.018));
#6499=CARTESIAN_POINT('',(-0.0233,0.0251576744186047,0.0145));
#6500=CARTESIAN_POINT('',(-0.0229666666666667,0.025491007751938,0.018));
#6501=CARTESIAN_POINT('',(-0.0229666666666667,0.025491007751938,0.0145));
#6502=CARTESIAN_POINT('',(-0.0223,0.025491007751938,0.018));
#6503=CARTESIAN_POINT('',(-0.0223,0.025491007751938,0.0145));
#6504=CARTESIAN_POINT('',(-0.0223,0.025491007751938,0.018));
#6505=CARTESIAN_POINT('',(-0.0229666666666667,0.025491007751938,0.018));
#6506=CARTESIAN_POINT('',(-0.0233,0.0251576744186047,0.018));
#6507=CARTESIAN_POINT('',(-0.0233,0.024491007751938,0.018));
#6508=CARTESIAN_POINT('',(0.0015,0.024491007751938,0.0145));
#6509=CARTESIAN_POINT('',(0.0015,0.024491007751938,0.018));
#6510=CARTESIAN_POINT('',(0.00150000000000001,0.0251576744186047,0.0145));
#6511=CARTESIAN_POINT('',(0.00150000000000001,0.0251576744186047,0.018));
#6512=CARTESIAN_POINT('',(0.00116666666666667,0.025491007751938,0.0145));
#6513=CARTESIAN_POINT('',(0.00116666666666667,0.025491007751938,0.018));
#6514=CARTESIAN_POINT('',(0.000499999999999991,0.025491007751938,0.0145));
#6515=CARTESIAN_POINT('',(0.000499999999999991,0.025491007751938,0.018));
#6516=CARTESIAN_POINT('',(0.0015,0.024491007751938,0.018));
#6517=CARTESIAN_POINT('',(0.0015,0.0251576744186047,0.018));
#6518=CARTESIAN_POINT('',(0.00116666666666666,0.025491007751938,0.018));
#6519=CARTESIAN_POINT('',(0.000499999999999991,0.025491007751938,0.018));
#6520=CARTESIAN_POINT('',(0.01175,0.015025,0.013));
#6521=CARTESIAN_POINT('',(0.01175,0.015025,0.018));
#6522=CARTESIAN_POINT('',(0.01175,0.0143583333333333,0.013));
#6523=CARTESIAN_POINT('',(0.01175,0.0143583333333333,0.018));
#6524=CARTESIAN_POINT('',(0.0120833333333333,0.014025,0.013));
#6525=CARTESIAN_POINT('',(0.0120833333333333,0.014025,0.018));
#6526=CARTESIAN_POINT('',(0.01275,0.014025,0.013));
#6527=CARTESIAN_POINT('',(0.01275,0.014025,0.018));
#6528=CARTESIAN_POINT('',(0.01175,0.015025,0.018));
#6529=CARTESIAN_POINT('',(0.01175,0.0143583333333333,0.018));
#6530=CARTESIAN_POINT('',(0.0120833333333333,0.014025,0.018));
#6531=CARTESIAN_POINT('',(0.01275,0.014025,0.018));
#6532=CARTESIAN_POINT('',(0.02975,0.015025,0.018));
#6533=CARTESIAN_POINT('',(0.02975,0.015025,0.013));
#6534=CARTESIAN_POINT('',(0.02975,0.0143583333333333,0.018));
#6535=CARTESIAN_POINT('',(0.02975,0.0143583333333333,0.013));
#6536=CARTESIAN_POINT('',(0.0294166666666667,0.014025,0.018));
#6537=CARTESIAN_POINT('',(0.0294166666666667,0.014025,0.013));
#6538=CARTESIAN_POINT('',(0.02875,0.014025,0.018));
#6539=CARTESIAN_POINT('',(0.02875,0.014025,0.013));
#6540=CARTESIAN_POINT('',(0.02875,0.014025,0.018));
#6541=CARTESIAN_POINT('',(0.0294166666666667,0.014025,0.018));
#6542=CARTESIAN_POINT('',(0.02975,0.0143583333333333,0.018));
#6543=CARTESIAN_POINT('',(0.02975,0.015025,0.018));
#6544=CARTESIAN_POINT('',(0.01175,0.02675,0.018));
#6545=CARTESIAN_POINT('',(0.01175,0.02675,0.013));
#6546=CARTESIAN_POINT('',(0.01175,0.0274166666666667,0.018));
#6547=CARTESIAN_POINT('',(0.01175,0.0274166666666667,0.013));
#6548=CARTESIAN_POINT('',(0.0120833333333333,0.02775,0.018));
#6549=CARTESIAN_POINT('',(0.0120833333333333,0.02775,0.013));
#6550=CARTESIAN_POINT('',(0.01275,0.02775,0.018));
#6551=CARTESIAN_POINT('',(0.01275,0.02775,0.013));
#6552=CARTESIAN_POINT('',(0.01275,0.02775,0.018));
#6553=CARTESIAN_POINT('',(0.0120833333333333,0.02775,0.018));
#6554=CARTESIAN_POINT('',(0.01175,0.0274166666666667,0.018));
#6555=CARTESIAN_POINT('',(0.01175,0.02675,0.018));
#6556=CARTESIAN_POINT('',(-0.027575,0.012525,0.013));
#6557=CARTESIAN_POINT('',(-0.027575,0.012525,0.018));
#6558=CARTESIAN_POINT('',(-0.0282416666666666,0.012525,0.013));
#6559=CARTESIAN_POINT('',(-0.0282416666666666,0.012525,0.018));
#6560=CARTESIAN_POINT('',(-0.028575,0.0121916666666667,0.013));
#6561=CARTESIAN_POINT('',(-0.028575,0.0121916666666667,0.018));
#6562=CARTESIAN_POINT('',(-0.028575,0.011525,0.013));
#6563=CARTESIAN_POINT('',(-0.028575,0.011525,0.018));
#6564=CARTESIAN_POINT('',(-0.027575,0.012525,0.018));
#6565=CARTESIAN_POINT('',(-0.0282416666666666,0.012525,0.018));
#6566=CARTESIAN_POINT('',(-0.028575,0.0121916666666667,0.018));
#6567=CARTESIAN_POINT('',(-0.028575,0.011525,0.018));
#6568=CARTESIAN_POINT('',(-0.028575,-0.024575,0.013));
#6569=CARTESIAN_POINT('',(-0.028575,-0.024575,0.018));
#6570=CARTESIAN_POINT('',(-0.028575,-0.0252416666666667,0.013));
#6571=CARTESIAN_POINT('',(-0.028575,-0.0252416666666667,0.018));
#6572=CARTESIAN_POINT('',(-0.0282416666666667,-0.025575,0.013));
#6573=CARTESIAN_POINT('',(-0.0282416666666667,-0.025575,0.018));
#6574=CARTESIAN_POINT('',(-0.027575,-0.025575,0.013));
#6575=CARTESIAN_POINT('',(-0.027575,-0.025575,0.018));
#6576=CARTESIAN_POINT('',(-0.028575,-0.024575,0.018));
#6577=CARTESIAN_POINT('',(-0.028575,-0.0252416666666667,0.018));
#6578=CARTESIAN_POINT('',(-0.0282416666666667,-0.025575,0.018));
#6579=CARTESIAN_POINT('',(-0.027575,-0.025575,0.018));
#6580=CARTESIAN_POINT('',(0.028575,-0.024575,0.018));
#6581=CARTESIAN_POINT('',(0.028575,-0.024575,0.013));
#6582=CARTESIAN_POINT('',(0.028575,-0.0252416666666667,0.018));
#6583=CARTESIAN_POINT('',(0.028575,-0.0252416666666667,0.013));
#6584=CARTESIAN_POINT('',(0.0282416666666666,-0.025575,0.018));
#6585=CARTESIAN_POINT('',(0.0282416666666666,-0.025575,0.013));
#6586=CARTESIAN_POINT('',(0.027575,-0.025575,0.018));
#6587=CARTESIAN_POINT('',(0.027575,-0.025575,0.013));
#6588=CARTESIAN_POINT('',(0.027575,-0.025575,0.018));
#6589=CARTESIAN_POINT('',(0.0282416666666666,-0.025575,0.018));
#6590=CARTESIAN_POINT('',(0.028575,-0.0252416666666667,0.018));
#6591=CARTESIAN_POINT('',(0.028575,-0.024575,0.018));
#6592=CARTESIAN_POINT('',(0.02975,0.02675,0.013));
#6593=CARTESIAN_POINT('',(0.02975,0.02675,0.018));
#6594=CARTESIAN_POINT('',(0.02975,0.0274166666666667,0.013));
#6595=CARTESIAN_POINT('',(0.02975,0.0274166666666667,0.018));
#6596=CARTESIAN_POINT('',(0.0294166666666667,0.02775,0.013));
#6597=CARTESIAN_POINT('',(0.0294166666666667,0.02775,0.018));
#6598=CARTESIAN_POINT('',(0.02875,0.02775,0.013));
#6599=CARTESIAN_POINT('',(0.02875,0.02775,0.018));
#6600=CARTESIAN_POINT('',(0.02975,0.02675,0.018));
#6601=CARTESIAN_POINT('',(0.02975,0.0274166666666667,0.018));
#6602=CARTESIAN_POINT('',(0.0294166666666667,0.02775,0.018));
#6603=CARTESIAN_POINT('',(0.02875,0.02775,0.018));
#6604=CARTESIAN_POINT('',(-0.0286286796564404,0.02775,0.018));
#6605=CARTESIAN_POINT('',(0.01275,0.02975,0.02));
#6606=CARTESIAN_POINT('',(0.01275,0.0290833333333333,0.0193333333333333));
#6607=CARTESIAN_POINT('',(0.01275,0.0284166666666667,0.0186666666666667));
#6608=CARTESIAN_POINT('',(0.01275,0.02775,0.018));
#6609=CARTESIAN_POINT('',(0.0287499999999999,0.02775,0.018));
#6610=CARTESIAN_POINT('',(0.02875,0.0284166666666667,0.0186666666666667));
#6611=CARTESIAN_POINT('',(0.02875,0.0290833333333333,0.0193333333333333));
#6612=CARTESIAN_POINT('',(0.0287499999999999,0.02975,0.02));
#6613=CARTESIAN_POINT('',(0.02875,0.02975,0.02));
#6614=CARTESIAN_POINT('',(0.0295444714964414,0.0297590166732584,0.02));
#6615=CARTESIAN_POINT('',(0.0303510942811993,0.029478804813424,0.02));
#6616=CARTESIAN_POINT('',(0.0314805340158977,0.0283464184600428,0.02));
#6617=CARTESIAN_POINT('',(0.0317575101596201,0.0275424903547276,0.02));
#6618=CARTESIAN_POINT('',(0.03175,0.02675,0.02));
#6619=CARTESIAN_POINT('',(0.02875,0.02775,0.018));
#6620=CARTESIAN_POINT('',(0.0291507529288768,0.0277462756763685,0.018));
#6621=CARTESIAN_POINT('',(0.0293558335126948,0.0276444621144519,0.018));
#6622=CARTESIAN_POINT('',(0.0296450026461437,0.0273547010269627,0.018));
#6623=CARTESIAN_POINT('',(0.0297459996288943,0.0271494953331783,0.018));
#6624=CARTESIAN_POINT('',(0.02975,0.02675,0.018));
#6625=CARTESIAN_POINT('',(0.03175,0.02675,0.02));
#6626=CARTESIAN_POINT('',(0.0310833333333333,0.02675,0.0193333333333333));
#6627=CARTESIAN_POINT('',(0.0304166666666667,0.02675,0.0186666666666667));
#6628=CARTESIAN_POINT('',(0.02975,0.02675,0.018));
#6629=CARTESIAN_POINT('',(3.34803148556853E-18,-0.027575,0.02));
#6630=CARTESIAN_POINT('',(-0.027575,-0.025575,0.018));
#6631=CARTESIAN_POINT('',(-0.027575,-0.0262416666666667,0.0186666666666667));
#6632=CARTESIAN_POINT('',(-0.027575,-0.0269083333333333,0.0193333333333333));
#6633=CARTESIAN_POINT('',(-0.027575,-0.027575,0.02));
#6634=CARTESIAN_POINT('',(0.027575,-0.027575,0.02));
#6635=CARTESIAN_POINT('',(0.027575,-0.0269083333333333,0.0193333333333333));
#6636=CARTESIAN_POINT('',(0.027575,-0.0262416666666667,0.0186666666666667));
#6637=CARTESIAN_POINT('',(0.027575,-0.025575,0.018));
#6638=CARTESIAN_POINT('',(0.00975,0.02675,0.02));
#6639=CARTESIAN_POINT('',(0.00974098332674163,0.0275444714964414,0.02));
#6640=CARTESIAN_POINT('',(0.010021195186576,0.0283510942811993,0.02));
#6641=CARTESIAN_POINT('',(0.0111535815399572,0.0294805340158977,0.02));
#6642=CARTESIAN_POINT('',(0.0119575096452723,0.0297575101596201,0.02));
#6643=CARTESIAN_POINT('',(0.01275,0.02975,0.02));
#6644=CARTESIAN_POINT('',(0.01175,0.02675,0.018));
#6645=CARTESIAN_POINT('',(0.0117537243236315,0.0271507529288768,0.018));
#6646=CARTESIAN_POINT('',(0.0118555378855481,0.0273558335126948,0.018));
#6647=CARTESIAN_POINT('',(0.0121452989730373,0.0276450026461437,0.018));
#6648=CARTESIAN_POINT('',(0.0123505046668217,0.0277459996288943,0.018));
#6649=CARTESIAN_POINT('',(0.01275,0.02775,0.018));
#6650=CARTESIAN_POINT('',(0.01175,0.02675,0.018));
#6651=CARTESIAN_POINT('',(0.0110833333333333,0.02675,0.0186666666666667));
#6652=CARTESIAN_POINT('',(0.0104166666666667,0.02675,0.0193333333333333));
#6653=CARTESIAN_POINT('',(0.00975,0.02675,0.02));
#6654=CARTESIAN_POINT('',(0.03175,0.,0.02));
#6655=CARTESIAN_POINT('',(0.02975,0.015025,0.018));
#6656=CARTESIAN_POINT('',(0.0304166666666667,0.015025,0.0186666666666667));
#6657=CARTESIAN_POINT('',(0.0310833333333333,0.015025,0.0193333333333333));
#6658=CARTESIAN_POINT('',(0.03175,0.015025,0.02));
#6659=CARTESIAN_POINT('',(0.030575,-0.024575,0.02));
#6660=CARTESIAN_POINT('',(0.0305840166732584,-0.0253694714964414,0.02));
#6661=CARTESIAN_POINT('',(0.030303804813424,-0.0261760942811992,0.02));
#6662=CARTESIAN_POINT('',(0.0291714184600428,-0.0273055340158977,0.02));
#6663=CARTESIAN_POINT('',(0.0283674903547276,-0.0275825101596201,0.02));
#6664=CARTESIAN_POINT('',(0.027575,-0.027575,0.02));
#6665=CARTESIAN_POINT('',(0.028575,-0.024575,0.018));
#6666=CARTESIAN_POINT('',(0.0285712756763685,-0.0249757529288768,0.018));
#6667=CARTESIAN_POINT('',(0.0284694621144519,-0.0251808335126948,0.018));
#6668=CARTESIAN_POINT('',(0.0281797010269627,-0.0254700026461437,0.018));
#6669=CARTESIAN_POINT('',(0.0279744953331783,-0.0255709996288942,0.018));
#6670=CARTESIAN_POINT('',(0.027575,-0.025575,0.018));
#6671=CARTESIAN_POINT('',(0.028575,-0.024575,0.018));
#6672=CARTESIAN_POINT('',(0.0292416666666667,-0.024575,0.0186666666666667));
#6673=CARTESIAN_POINT('',(0.0299083333333333,-0.024575,0.0193333333333333));
#6674=CARTESIAN_POINT('',(0.030575,-0.024575,0.02));
#6675=CARTESIAN_POINT('',(-0.027575,-0.027575,0.02));
#6676=CARTESIAN_POINT('',(-0.0283694714964414,-0.0275840166732584,0.02));
#6677=CARTESIAN_POINT('',(-0.0291760942811992,-0.027303804813424,0.02));
#6678=CARTESIAN_POINT('',(-0.0303055340158977,-0.0261714184600427,0.02));
#6679=CARTESIAN_POINT('',(-0.0305825101596201,-0.0253674903547276,0.02));
#6680=CARTESIAN_POINT('',(-0.030575,-0.024575,0.02));
#6681=CARTESIAN_POINT('',(-0.027575,-0.025575,0.018));
#6682=CARTESIAN_POINT('',(-0.0279757529288768,-0.0255712756763685,0.018));
#6683=CARTESIAN_POINT('',(-0.0281808335126948,-0.0254694621144519,0.018));
#6684=CARTESIAN_POINT('',(-0.0284700026461437,-0.0251797010269627,0.018));
#6685=CARTESIAN_POINT('',(-0.0285709996288943,-0.0249744953331783,0.018));
#6686=CARTESIAN_POINT('',(-0.028575,-0.024575,0.018));
#6687=CARTESIAN_POINT('',(-0.030575,-0.024575,0.02));
#6688=CARTESIAN_POINT('',(-0.0299083333333333,-0.024575,0.0193333333333333));
#6689=CARTESIAN_POINT('',(-0.0292416666666667,-0.024575,0.0186666666666667));
#6690=CARTESIAN_POINT('',(-0.028575,-0.024575,0.018));
#6691=CARTESIAN_POINT('',(0.0035,0.,0.02));
#6692=CARTESIAN_POINT('',(0.0015,0.015628992248062,0.018));
#6693=CARTESIAN_POINT('',(0.00216666666666667,0.015628992248062,0.0186666666666667));
#6694=CARTESIAN_POINT('',(0.00283333333333333,0.015628992248062,0.0193333333333333));
#6695=CARTESIAN_POINT('',(0.0035,0.015628992248062,0.02));
#6696=CARTESIAN_POINT('',(0.0035,0.024491007751938,0.02));
#6697=CARTESIAN_POINT('',(0.00283333333333333,0.024491007751938,0.0193333333333333));
#6698=CARTESIAN_POINT('',(0.00216666666666666,0.024491007751938,0.0186666666666667));
#6699=CARTESIAN_POINT('',(0.0015,0.024491007751938,0.018));
#6700=CARTESIAN_POINT('',(0.01175,0.0208875,0.018));
#6701=CARTESIAN_POINT('',(0.00975,0.015025,0.02));
#6702=CARTESIAN_POINT('',(0.0104166666666667,0.015025,0.0193333333333333));
#6703=CARTESIAN_POINT('',(0.0110833333333333,0.015025,0.0186666666666667));
#6704=CARTESIAN_POINT('',(0.01175,0.015025,0.018));
#6705=CARTESIAN_POINT('',(0.03175,0.015025,0.02));
#6706=CARTESIAN_POINT('',(0.0317590166732584,0.0142305285035586,0.02));
#6707=CARTESIAN_POINT('',(0.031478804813424,0.0134239057188007,0.02));
#6708=CARTESIAN_POINT('',(0.0303464184600428,0.0122944659841024,0.02));
#6709=CARTESIAN_POINT('',(0.0295424903547277,0.0120174898403799,0.02));
#6710=CARTESIAN_POINT('',(0.02875,0.012025,0.02));
#6711=CARTESIAN_POINT('',(0.02975,0.015025,0.018));
#6712=CARTESIAN_POINT('',(0.0297462756763685,0.0146242470711232,0.018));
#6713=CARTESIAN_POINT('',(0.029644462114452,0.0144191664873052,0.018));
#6714=CARTESIAN_POINT('',(0.0293547010269627,0.0141299973538563,0.018));
#6715=CARTESIAN_POINT('',(0.0291494953331783,0.0140290003711058,0.018));
#6716=CARTESIAN_POINT('',(0.02875,0.014025,0.018));
#6717=CARTESIAN_POINT('',(0.02875,0.012025,0.02));
#6718=CARTESIAN_POINT('',(0.02875,0.0126916666666667,0.0193333333333333));
#6719=CARTESIAN_POINT('',(0.02875,0.0133583333333333,0.0186666666666667));
#6720=CARTESIAN_POINT('',(0.02875,0.014025,0.018));
#6721=CARTESIAN_POINT('',(0.030575,1.40967894426554E-17,0.02));
#6722=CARTESIAN_POINT('',(0.028575,0.004525,0.018));
#6723=CARTESIAN_POINT('',(-0.028575,-0.006525,0.018));
#6724=CARTESIAN_POINT('',(-0.028575,0.011525,0.018));
#6725=CARTESIAN_POINT('',(-0.0292416666666667,0.011525,0.0186666666666667));
#6726=CARTESIAN_POINT('',(-0.0299083333333333,0.011525,0.0193333333333333));
#6727=CARTESIAN_POINT('',(-0.030575,0.011525,0.02));
#6728=CARTESIAN_POINT('',(0.000499999999999991,0.027491007751938,0.02));
#6729=CARTESIAN_POINT('',(0.00129447149644141,0.0275000244251963,0.02));
#6730=CARTESIAN_POINT('',(0.00210109428119929,0.0272198125653619,0.02));
#6731=CARTESIAN_POINT('',(0.00323053401589764,0.0260874262119808,0.02));
#6732=CARTESIAN_POINT('',(0.00350751015962009,0.0252834981066657,0.02));
#6733=CARTESIAN_POINT('',(0.0035,0.024491007751938,0.02));
#6734=CARTESIAN_POINT('',(0.000499999999999991,0.025491007751938,0.018));
#6735=CARTESIAN_POINT('',(0.000900752928876795,0.0254872834283065,0.018));
#6736=CARTESIAN_POINT('',(0.00110583351269479,0.02538546986639,0.018));
#6737=CARTESIAN_POINT('',(0.00139500264614373,0.0250957087789007,0.018));
#6738=CARTESIAN_POINT('',(0.00149599962889424,0.0248905030851163,0.018));
#6739=CARTESIAN_POINT('',(0.0015,0.024491007751938,0.018));
#6740=CARTESIAN_POINT('',(0.0005,0.025491007751938,0.018));
#6741=CARTESIAN_POINT('',(0.0005,0.0261576744186047,0.0186666666666667));
#6742=CARTESIAN_POINT('',(0.0005,0.0268243410852713,0.0193333333333333));
#6743=CARTESIAN_POINT('',(0.0005,0.027491007751938,0.02));
#6744=CARTESIAN_POINT('',(0.0035,0.015628992248062,0.02));
#6745=CARTESIAN_POINT('',(0.00350901667325836,0.0148345207516206,0.02));
#6746=CARTESIAN_POINT('',(0.00322880481342395,0.0140278979668627,0.02));
#6747=CARTESIAN_POINT('',(0.00209641846004278,0.0128984582321644,0.02));
#6748=CARTESIAN_POINT('',(0.00129249035472766,0.0126214820884419,0.02));
#6749=CARTESIAN_POINT('',(0.000499999999999992,0.012628992248062,0.02));
#6750=CARTESIAN_POINT('',(0.0015,0.015628992248062,0.018));
#6751=CARTESIAN_POINT('',(0.00149627567636852,0.0152282393191852,0.018));
#6752=CARTESIAN_POINT('',(0.00139446211445193,0.0150231587353672,0.018));
#6753=CARTESIAN_POINT('',(0.00110470102696269,0.0147339896019183,0.018));
#6754=CARTESIAN_POINT('',(0.000899495333178303,0.0146329926191678,0.018));
#6755=CARTESIAN_POINT('',(0.000499999999999992,0.014628992248062,0.018));
#6756=CARTESIAN_POINT('',(0.000499999999999992,0.013576996124031,0.019051996124031));
#6757=CARTESIAN_POINT('',(0.000499999999999992,0.013927661498708,0.018701330749354));
#6758=CARTESIAN_POINT('',(0.000499999999999992,0.014278326873385,0.018350665374677));
#6759=CARTESIAN_POINT('',(0.000499999999999992,0.014628992248062,0.018));
#6760=CARTESIAN_POINT('',(0.000499999999999992,0.013576996124031,0.019051996124031));
#6761=CARTESIAN_POINT('',(0.00332063981655267,0.014524999999813,0.019999999999813));
#6762=CARTESIAN_POINT('',(0.00310238192144993,0.0143699567996511,0.0198449567996511));
#6763=CARTESIAN_POINT('',(0.00278217710661002,0.0141682457727553,0.0196432457727553));
#6764=CARTESIAN_POINT('',(0.00235478409133453,0.0139563852349425,0.0194313852349425));
#6765=CARTESIAN_POINT('',(0.00206364733436803,0.0138352736778981,0.0193102736778981));
#6766=CARTESIAN_POINT('',(0.00168338003962003,0.0137149855780049,0.0191899855780049));
#6767=CARTESIAN_POINT('',(0.00118233107176159,0.0136093109224367,0.0190843109224367));
#6768=CARTESIAN_POINT('',(0.000778161034160639,0.0135765248489364,0.0190515248489364));
#6769=CARTESIAN_POINT('',(0.000499999999999992,0.013576996124031,0.019051996124031));
#6770=CARTESIAN_POINT('',(0.01275,0.012025,0.02));
#6771=CARTESIAN_POINT('',(0.0119555285035586,0.0120159833267416,0.02));
#6772=CARTESIAN_POINT('',(0.0111489057188007,0.012296195186576,0.02));
#6773=CARTESIAN_POINT('',(0.0100194659841023,0.0134285815399572,0.02));
#6774=CARTESIAN_POINT('',(0.0097424898403799,0.0142325096452723,0.02));
#6775=CARTESIAN_POINT('',(0.00975,0.015025,0.02));
#6776=CARTESIAN_POINT('',(0.01275,0.014025,0.018));
#6777=CARTESIAN_POINT('',(0.0123492470711232,0.0140287243236315,0.018));
#6778=CARTESIAN_POINT('',(0.0121441664873052,0.0141305378855481,0.018));
#6779=CARTESIAN_POINT('',(0.0118549973538563,0.0144202989730373,0.018));
#6780=CARTESIAN_POINT('',(0.0117540003711057,0.0146255046668217,0.018));
#6781=CARTESIAN_POINT('',(0.01175,0.015025,0.018));
#6782=CARTESIAN_POINT('',(0.01275,0.014025,0.018));
#6783=CARTESIAN_POINT('',(0.01275,0.013775,0.01825));
#6784=CARTESIAN_POINT('',(0.01275,0.013525,0.0185));
#6785=CARTESIAN_POINT('',(0.01275,0.013275,0.01875));
#6786=CARTESIAN_POINT('',(0.01275,0.013275,0.01875));
#6787=CARTESIAN_POINT('',(0.01275,0.013275,0.01875));
#6788=CARTESIAN_POINT('',(0.0124282149918581,0.0132746909023771,0.0187496909023771));
#6789=CARTESIAN_POINT('',(0.0119855475816286,0.0133206742760148,0.0187956742760148));
#6790=CARTESIAN_POINT('',(0.0114616022041405,0.0134686198258125,0.0189436198258125));
#6791=CARTESIAN_POINT('',(0.0110290299680643,0.0136550961087582,0.0191300961087582));
#6792=CARTESIAN_POINT('',(0.0107593706522773,0.0138053627383553,0.0192803627383553));
#6793=CARTESIAN_POINT('',(0.0103285822604048,0.0140785784568814,0.0195535784568814));
#6794=CARTESIAN_POINT('',(0.0100064723362268,0.0143313874299799,0.0198063874299799));
#6795=CARTESIAN_POINT('',(0.00978315418033078,0.0145249999999965,0.0199999999999965));
#6796=CARTESIAN_POINT('',(0.,0.012025,0.02));
#6797=CARTESIAN_POINT('',(0.020575,0.013275,0.01875));
#6798=CARTESIAN_POINT('',(0.0228979276220115,0.013275,0.01875));
#6799=CARTESIAN_POINT('',(0.025144742288442,0.0127977997641614,0.0192272002358386));
#6800=CARTESIAN_POINT('',(0.0271893782776617,0.0120250000000003,0.0199999999999997));
#6801=CARTESIAN_POINT('',(0.020575,0.013275,0.01875));
#6802=CARTESIAN_POINT('',(0.,0.013275,0.01875));
#6803=CARTESIAN_POINT('',(0.020575,0.004525,0.018));
#6804=CARTESIAN_POINT('',(0.020575,0.012525,0.018));
#6805=CARTESIAN_POINT('',(-0.030575,0.011525,0.02));
#6806=CARTESIAN_POINT('',(-0.0305840166732584,0.0123194714964414,0.02));
#6807=CARTESIAN_POINT('',(-0.0303038048134239,0.0131260942811993,0.02));
#6808=CARTESIAN_POINT('',(-0.0291714184600427,0.0142555340158977,0.02));
#6809=CARTESIAN_POINT('',(-0.0283674903547276,0.0145325101596201,0.02));
#6810=CARTESIAN_POINT('',(-0.027575,0.014525,0.02));
#6811=CARTESIAN_POINT('',(-0.028575,0.011525,0.018));
#6812=CARTESIAN_POINT('',(-0.0285712756763685,0.0119257529288768,0.018));
#6813=CARTESIAN_POINT('',(-0.0284694621144519,0.0121308335126948,0.018));
#6814=CARTESIAN_POINT('',(-0.0281797010269627,0.0124200026461437,0.018));
#6815=CARTESIAN_POINT('',(-0.0279744953331783,0.0125209996288943,0.018));
#6816=CARTESIAN_POINT('',(-0.027575,0.012525,0.018));
#6817=CARTESIAN_POINT('',(-0.027575,0.014525,0.02));
#6818=CARTESIAN_POINT('',(-0.027575,0.0138583333333333,0.0193333333333333));
#6819=CARTESIAN_POINT('',(-0.027575,0.0131916666666667,0.0186666666666667));
#6820=CARTESIAN_POINT('',(-0.027575,0.012525,0.018));
#6821=CARTESIAN_POINT('',(-0.0109,0.025491007751938,0.018));
#6822=CARTESIAN_POINT('',(-0.0223,0.027491007751938,0.02));
#6823=CARTESIAN_POINT('',(-0.0223,0.0268243410852713,0.0193333333333333));
#6824=CARTESIAN_POINT('',(-0.0223,0.0261576744186047,0.0186666666666667));
#6825=CARTESIAN_POINT('',(-0.0223,0.025491007751938,0.018));
#6826=CARTESIAN_POINT('',(0.,0.012628992248062,0.02));
#6827=CARTESIAN_POINT('',(0.,0.013576996124031,0.019051996124031));
#6828=CARTESIAN_POINT('',(-0.0223,0.013576996124031,0.019051996124031));
#6829=CARTESIAN_POINT('',(-0.0223,0.014628992248062,0.018));
#6830=CARTESIAN_POINT('',(-0.0223,0.014278326873385,0.018350665374677));
#6831=CARTESIAN_POINT('',(-0.0223,0.013927661498708,0.018701330749354));
#6832=CARTESIAN_POINT('',(-0.0223,0.013576996124031,0.019051996124031));
#6833=CARTESIAN_POINT('',(0.,0.014525,0.02));
#6834=CARTESIAN_POINT('',(-0.0223,0.013576996124031,0.019051996124031));
#6835=CARTESIAN_POINT('',(-0.0225783686484095,0.0135763143589364,0.0190513143589364));
#6836=CARTESIAN_POINT('',(-0.0229832378591115,0.0136091390865183,0.0190841390865183));
#6837=CARTESIAN_POINT('',(-0.0234852778133913,0.013715271090832,0.019190271090832));
#6838=CARTESIAN_POINT('',(-0.0238677512214371,0.013836711043656,0.019311711043656));
#6839=CARTESIAN_POINT('',(-0.0241568229824954,0.0139573595494564,0.0194323595494564));
#6840=CARTESIAN_POINT('',(-0.0245831218406721,0.0141690029360196,0.0196440029360196));
#6841=CARTESIAN_POINT('',(-0.0249023042970801,0.0143702832216952,0.0198452832216952));
#6842=CARTESIAN_POINT('',(-0.025120020769373,0.0145249999997504,0.0199999999997504));
#6843=CARTESIAN_POINT('',(-0.0253,0.024491007751938,0.02));
#6844=CARTESIAN_POINT('',(-0.0253090166732584,0.0252854792483794,0.02));
#6845=CARTESIAN_POINT('',(-0.0250288048134239,0.0260921020331373,0.02));
#6846=CARTESIAN_POINT('',(-0.0238964184600428,0.0272215417678357,0.02));
#6847=CARTESIAN_POINT('',(-0.0230924903547277,0.0274985179115581,0.02));
#6848=CARTESIAN_POINT('',(-0.0223,0.027491007751938,0.02));
#6849=CARTESIAN_POINT('',(-0.0233,0.024491007751938,0.018));
#6850=CARTESIAN_POINT('',(-0.0232962756763685,0.0248917606808148,0.018));
#6851=CARTESIAN_POINT('',(-0.023194462114452,0.0250968412646328,0.018));
#6852=CARTESIAN_POINT('',(-0.0229047010269627,0.0253860103980818,0.018));
#6853=CARTESIAN_POINT('',(-0.0226994953331783,0.0254870073808323,0.018));
#6854=CARTESIAN_POINT('',(-0.0223,0.025491007751938,0.018));
#6855=CARTESIAN_POINT('',(-0.0233,0.024491007751938,0.018));
#6856=CARTESIAN_POINT('',(-0.0239666666666667,0.024491007751938,0.0186666666666667));
#6857=CARTESIAN_POINT('',(-0.0246333333333333,0.024491007751938,0.0193333333333333));
#6858=CARTESIAN_POINT('',(-0.0253,0.024491007751938,0.02));
#6859=CARTESIAN_POINT('',(-0.0223,0.012628992248062,0.02));
#6860=CARTESIAN_POINT('',(-0.0230944714964414,0.0126199755748037,0.02));
#6861=CARTESIAN_POINT('',(-0.0239010942811993,0.0129001874346381,0.02));
#6862=CARTESIAN_POINT('',(-0.0250305340158977,0.0140325737880192,0.02));
#6863=CARTESIAN_POINT('',(-0.0253075101596201,0.0148365018933343,0.02));
#6864=CARTESIAN_POINT('',(-0.0253,0.015628992248062,0.02));
#6865=CARTESIAN_POINT('',(-0.0223,0.014628992248062,0.018));
#6866=CARTESIAN_POINT('',(-0.0227007529288768,0.0146327165716935,0.018));
#6867=CARTESIAN_POINT('',(-0.0229058335126948,0.0147345301336101,0.018));
#6868=CARTESIAN_POINT('',(-0.0231950026461437,0.0150242912210993,0.018));
#6869=CARTESIAN_POINT('',(-0.0232959996288943,0.0152294969148837,0.018));
#6870=CARTESIAN_POINT('',(-0.0233,0.015628992248062,0.018));
#6871=CARTESIAN_POINT('',(-0.0253,0.015628992248062,0.02));
#6872=CARTESIAN_POINT('',(-0.0246333333333333,0.015628992248062,0.0193333333333333));
#6873=CARTESIAN_POINT('',(-0.0239666666666667,0.015628992248062,0.0186666666666667));
#6874=CARTESIAN_POINT('',(-0.0233,0.015628992248062,0.018));
#6875=CARTESIAN_POINT('',(-0.0233,0.02006,0.018));
#6876=CARTESIAN_POINT('',(0.0385067567567568,0.,0.0165));
#6877=CARTESIAN_POINT('',(0.0350067567567567,-0.02675,0.02));
#6878=CARTESIAN_POINT('',(0.0361734234234234,-0.02675,0.0188333333333333));
#6879=CARTESIAN_POINT('',(0.0373400900900901,-0.02675,0.0176666666666667));
#6880=CARTESIAN_POINT('',(0.0385067567567568,-0.02675,0.0165));
#6881=CARTESIAN_POINT('',(0.0385067567567568,0.02675,0.0165));
#6882=CARTESIAN_POINT('',(0.0373400900900901,0.02675,0.0176666666666667));
#6883=CARTESIAN_POINT('',(0.0361734234234234,0.02675,0.0188333333333333));
#6884=CARTESIAN_POINT('',(0.0350067567567567,0.02675,0.02));
#6885=CARTESIAN_POINT('',(0.0350067567567568,0.02675,0.02));
#6886=CARTESIAN_POINT('',(0.035006713717049,0.0270624753517911,0.02));
#6887=CARTESIAN_POINT('',(0.0349952072491965,0.0273743985944421,0.02));
#6888=CARTESIAN_POINT('',(0.0349406356014626,0.0279949340965759,0.02));
#6889=CARTESIAN_POINT('',(0.0348974849116371,0.0283061773690335,0.02));
#6890=CARTESIAN_POINT('',(0.0347649052577685,0.0289140444079115,0.02));
#6891=CARTESIAN_POINT('',(0.0346771909029352,0.0292108129143457,0.02));
#6892=CARTESIAN_POINT('',(0.0344216680086325,0.0297847248073309,0.02));
#6893=CARTESIAN_POINT('',(0.0342552090897915,0.0300514548291639,0.02));
#6894=CARTESIAN_POINT('',(0.0338098098312895,0.030497544311833,0.02));
#6895=CARTESIAN_POINT('',(0.0335434390656524,0.0306638176208285,0.02));
#6896=CARTESIAN_POINT('',(0.0329703460798359,0.0309194152583816,0.02));
#6897=CARTESIAN_POINT('',(0.0326714520903944,0.0310081594752759,0.02));
#6898=CARTESIAN_POINT('',(0.0320587915874702,0.0311414766638275,0.02));
#6899=CARTESIAN_POINT('',(0.0317507217132772,0.0311839445473839,0.02));
#6900=CARTESIAN_POINT('',(0.0311308835939071,0.0312384939040732,0.02));
#6901=CARTESIAN_POINT('',(0.0308193893005379,0.0312499588209836,0.02));
#6902=CARTESIAN_POINT('',(0.0305067567567567,0.03125,0.02));
#6903=CARTESIAN_POINT('',(0.0385067567567568,0.02675,0.0165));
#6904=CARTESIAN_POINT('',(0.0385066353409527,0.0271500780106241,0.0165));
#6905=CARTESIAN_POINT('',(0.0384923556879933,0.0275613199218828,0.0165));
#6906=CARTESIAN_POINT('',(0.0384165600404675,0.0284214087593957,0.0165));
#6907=CARTESIAN_POINT('',(0.0383565255711518,0.0288730973401424,0.0165));
#6908=CARTESIAN_POINT('',(0.0381456998371542,0.0298359675798821,0.0165));
#6909=CARTESIAN_POINT('',(0.038000741876008,0.0303486399106729,0.0165));
#6910=CARTESIAN_POINT('',(0.0374915735942336,0.0314971106508369,0.0165));
#6911=CARTESIAN_POINT('',(0.0371009484371742,0.0321548902305895,0.0165));
#6912=CARTESIAN_POINT('',(0.0359158510356198,0.0333418224598843,0.0165));
#6913=CARTESIAN_POINT('',(0.0352583098353412,0.0337324612030985,0.0165));
#6914=CARTESIAN_POINT('',(0.0341104971703146,0.0342420821972775,0.0165));
#6915=CARTESIAN_POINT('',(0.0335934886289444,0.0343890242846537,0.0165));
#6916=CARTESIAN_POINT('',(0.0326235620627251,0.0346008899850304,0.0165));
#6917=CARTESIAN_POINT('',(0.032176855539069,0.0346598846046315,0.0165));
#6918=CARTESIAN_POINT('',(0.0313176669074062,0.0347356688308455,0.0165));
#6919=CARTESIAN_POINT('',(0.0309070327821878,0.0347498819903717,0.0165));
#6920=CARTESIAN_POINT('',(0.0305067567567567,0.03475,0.0165));
#6921=CARTESIAN_POINT('',(0.0305067567567567,0.03125,0.02));
#6922=CARTESIAN_POINT('',(0.0305067567567567,0.0324166666666667,0.0188333333333333));
#6923=CARTESIAN_POINT('',(0.0305067567567567,0.0335833333333333,0.0176666666666667));
#6924=CARTESIAN_POINT('',(0.0305067567567567,0.03475,0.0165));
#6925=CARTESIAN_POINT('',(0.0305067567567567,-0.03125,0.02));
#6926=CARTESIAN_POINT('',(0.0308192321085478,-0.0312499569602923,0.02));
#6927=CARTESIAN_POINT('',(0.0311311553511989,-0.0312384504924397,0.02));
#6928=CARTESIAN_POINT('',(0.0317516908533327,-0.0311838788447059,0.02));
#6929=CARTESIAN_POINT('',(0.0320629341257903,-0.0311407281548803,0.02));
#6930=CARTESIAN_POINT('',(0.0326708011646682,-0.0310081485010116,0.02));
#6931=CARTESIAN_POINT('',(0.0329675696711024,-0.0309204341461785,0.02));
#6932=CARTESIAN_POINT('',(0.0335414815640877,-0.0306649112518757,0.02));
#6933=CARTESIAN_POINT('',(0.0338082115859207,-0.0304984523330347,0.02));
#6934=CARTESIAN_POINT('',(0.0342543010685898,-0.0300530530745328,0.02));
#6935=CARTESIAN_POINT('',(0.0344205743775852,-0.0297866823088957,0.02));
#6936=CARTESIAN_POINT('',(0.0346761720151383,-0.0292135893230791,0.02));
#6937=CARTESIAN_POINT('',(0.0347649162320326,-0.0289146953336376,0.02));
#6938=CARTESIAN_POINT('',(0.0348982334205843,-0.0283020348307134,0.02));
#6939=CARTESIAN_POINT('',(0.0349407013041407,-0.0279939649565205,0.02));
#6940=CARTESIAN_POINT('',(0.0349952506608298,-0.0273741268371503,0.02));
#6941=CARTESIAN_POINT('',(0.0350067155777403,-0.0270626325437811,0.02));
#6942=CARTESIAN_POINT('',(0.0350067567567568,-0.02675,0.02));
#6943=CARTESIAN_POINT('',(0.0305067567567567,-0.03475,0.0165));
#6944=CARTESIAN_POINT('',(0.0309068347673809,-0.0347498785841959,0.0165));
#6945=CARTESIAN_POINT('',(0.0313180766786396,-0.0347355989312365,0.0165));
#6946=CARTESIAN_POINT('',(0.0321781655161524,-0.0346598032837107,0.0165));
#6947=CARTESIAN_POINT('',(0.0326298540968991,-0.034599768814395,0.0165));
#6948=CARTESIAN_POINT('',(0.0335927243366389,-0.0343889430803975,0.0165));
#6949=CARTESIAN_POINT('',(0.0341053966674296,-0.0342439851192512,0.0165));
#6950=CARTESIAN_POINT('',(0.0352538674075936,-0.0337348168374768,0.0165));
#6951=CARTESIAN_POINT('',(0.0359116469873462,-0.0333441916804174,0.0165));
#6952=CARTESIAN_POINT('',(0.0370985792166411,-0.032159094278863,0.0165));
#6953=CARTESIAN_POINT('',(0.0374892179598552,-0.0315015530785845,0.0165));
#6954=CARTESIAN_POINT('',(0.0379988389540342,-0.0303537404135579,0.0165));
#6955=CARTESIAN_POINT('',(0.0381457810414105,-0.0298367318721876,0.0165));
#6956=CARTESIAN_POINT('',(0.0383576467417871,-0.0288668053059684,0.0165));
#6957=CARTESIAN_POINT('',(0.0384166413613882,-0.0284200987823123,0.0165));
#6958=CARTESIAN_POINT('',(0.0384924255876023,-0.0275609101506494,0.0165));
#6959=CARTESIAN_POINT('',(0.0385066387471284,-0.0271502760254311,0.0165));
#6960=CARTESIAN_POINT('',(0.0385067567567568,-0.02675,0.0165));
#6961=CARTESIAN_POINT('',(0.0305067567567567,-0.03475,0.0165));
#6962=CARTESIAN_POINT('',(0.0305067567567567,-0.0335833333333333,0.0176666666666667));
#6963=CARTESIAN_POINT('',(0.0305067567567567,-0.0324166666666667,0.0188333333333333));
#6964=CARTESIAN_POINT('',(0.0305067567567567,-0.03125,0.02));
#6965=CARTESIAN_POINT('',(0.,0.03125,0.02));
#6966=CARTESIAN_POINT('',(-0.0305067567567567,0.03475,0.0165));
#6967=CARTESIAN_POINT('',(-0.0305067567567567,0.0335833333333333,0.0176666666666667));
#6968=CARTESIAN_POINT('',(-0.0305067567567567,0.0324166666666667,0.0188333333333333));
#6969=CARTESIAN_POINT('',(-0.0305067567567567,0.03125,0.02));
#6970=CARTESIAN_POINT('',(0.,-0.03475,0.0165));
#6971=CARTESIAN_POINT('',(-0.0305067567567567,-0.03125,0.02));
#6972=CARTESIAN_POINT('',(-0.0305067567567567,-0.0324166666666667,0.0188333333333333));
#6973=CARTESIAN_POINT('',(-0.0305067567567567,-0.0335833333333333,0.0176666666666667));
#6974=CARTESIAN_POINT('',(-0.0305067567567567,-0.03475,0.0165));
#6975=CARTESIAN_POINT('',(-0.0305067567567567,0.03125,0.02));
#6976=CARTESIAN_POINT('',(-0.0308192321085478,0.0312499569602923,0.02));
#6977=CARTESIAN_POINT('',(-0.0311311553511989,0.0312384504924397,0.02));
#6978=CARTESIAN_POINT('',(-0.0317516908533327,0.0311838788447059,0.02));
#6979=CARTESIAN_POINT('',(-0.0320629341257903,0.0311407281548803,0.02));
#6980=CARTESIAN_POINT('',(-0.0326708011646682,0.0310081485010116,0.02));
#6981=CARTESIAN_POINT('',(-0.0329675696711024,0.0309204341461785,0.02));
#6982=CARTESIAN_POINT('',(-0.0335414815640877,0.0306649112518757,0.02));
#6983=CARTESIAN_POINT('',(-0.0338082115859207,0.0304984523330347,0.02));
#6984=CARTESIAN_POINT('',(-0.0342543010685898,0.0300530530745328,0.02));
#6985=CARTESIAN_POINT('',(-0.0344205743775852,0.0297866823088957,0.02));
#6986=CARTESIAN_POINT('',(-0.0346761720151383,0.0292135893230791,0.02));
#6987=CARTESIAN_POINT('',(-0.0347649162320326,0.0289146953336376,0.02));
#6988=CARTESIAN_POINT('',(-0.0348982334205843,0.0283020348307134,0.02));
#6989=CARTESIAN_POINT('',(-0.0349407013041407,0.0279939649565205,0.02));
#6990=CARTESIAN_POINT('',(-0.0349952506608298,0.0273741268371503,0.02));
#6991=CARTESIAN_POINT('',(-0.0350067155777403,0.0270626325437811,0.02));
#6992=CARTESIAN_POINT('',(-0.0350067567567568,0.02675,0.02));
#6993=CARTESIAN_POINT('',(-0.0305067567567567,0.03475,0.0165));
#6994=CARTESIAN_POINT('',(-0.0309068347673809,0.0347498785841959,0.0165));
#6995=CARTESIAN_POINT('',(-0.0313180766786396,0.0347355989312365,0.0165));
#6996=CARTESIAN_POINT('',(-0.0321781655161524,0.0346598032837107,0.0165));
#6997=CARTESIAN_POINT('',(-0.0326298540968991,0.034599768814395,0.0165));
#6998=CARTESIAN_POINT('',(-0.0335927243366389,0.0343889430803975,0.0165));
#6999=CARTESIAN_POINT('',(-0.0341053966674296,0.0342439851192512,0.0165));
#7000=CARTESIAN_POINT('',(-0.0352538674075936,0.0337348168374768,0.0165));
#7001=CARTESIAN_POINT('',(-0.0359116469873462,0.0333441916804174,0.0165));
#7002=CARTESIAN_POINT('',(-0.0370985792166411,0.032159094278863,0.0165));
#7003=CARTESIAN_POINT('',(-0.0374892179598552,0.0315015530785845,0.0165));
#7004=CARTESIAN_POINT('',(-0.0379988389540342,0.0303537404135579,0.0165));
#7005=CARTESIAN_POINT('',(-0.0381457810414105,0.0298367318721876,0.0165));
#7006=CARTESIAN_POINT('',(-0.0383576467417871,0.0288668053059684,0.0165));
#7007=CARTESIAN_POINT('',(-0.0384166413613882,0.0284200987823123,0.0165));
#7008=CARTESIAN_POINT('',(-0.0384924255876023,0.0275609101506494,0.0165));
#7009=CARTESIAN_POINT('',(-0.0385066387471284,0.0271502760254311,0.0165));
#7010=CARTESIAN_POINT('',(-0.0385067567567568,0.02675,0.0165));
#7011=CARTESIAN_POINT('',(-0.0350067567567568,0.02675,0.02));
#7012=CARTESIAN_POINT('',(-0.0361734234234234,0.02675,0.0188333333333333));
#7013=CARTESIAN_POINT('',(-0.0373400900900901,0.02675,0.0176666666666667));
#7014=CARTESIAN_POINT('',(-0.0385067567567568,0.02675,0.0165));
#7015=CARTESIAN_POINT('',(-0.0350067567567568,-0.02675,0.02));
#7016=CARTESIAN_POINT('',(-0.035006713717049,-0.0270624753517911,0.02));
#7017=CARTESIAN_POINT('',(-0.0349952072491965,-0.0273743985944421,0.02));
#7018=CARTESIAN_POINT('',(-0.0349406356014626,-0.0279949340965759,0.02));
#7019=CARTESIAN_POINT('',(-0.0348974849116371,-0.0283061773690335,0.02));
#7020=CARTESIAN_POINT('',(-0.0347649052577685,-0.0289140444079115,0.02));
#7021=CARTESIAN_POINT('',(-0.0346771909029352,-0.0292108129143457,0.02));
#7022=CARTESIAN_POINT('',(-0.0344216680086325,-0.0297847248073309,0.02));
#7023=CARTESIAN_POINT('',(-0.0342552090897915,-0.0300514548291639,0.02));
#7024=CARTESIAN_POINT('',(-0.0338098098312895,-0.030497544311833,0.02));
#7025=CARTESIAN_POINT('',(-0.0335434390656524,-0.0306638176208285,0.02));
#7026=CARTESIAN_POINT('',(-0.0329703460798359,-0.0309194152583816,0.02));
#7027=CARTESIAN_POINT('',(-0.0326714520903944,-0.0310081594752759,0.02));
#7028=CARTESIAN_POINT('',(-0.0320587915874702,-0.0311414766638275,0.02));
#7029=CARTESIAN_POINT('',(-0.0317507217132772,-0.0311839445473839,0.02));
#7030=CARTESIAN_POINT('',(-0.0311308835939071,-0.0312384939040732,0.02));
#7031=CARTESIAN_POINT('',(-0.0308193893005379,-0.0312499588209836,0.02));
#7032=CARTESIAN_POINT('',(-0.0305067567567567,-0.03125,0.02));
#7033=CARTESIAN_POINT('',(-0.0385067567567568,-0.02675,0.0165));
#7034=CARTESIAN_POINT('',(-0.0385066353409527,-0.0271500780106241,0.0165));
#7035=CARTESIAN_POINT('',(-0.0384923556879933,-0.0275613199218828,0.0165));
#7036=CARTESIAN_POINT('',(-0.0384165600404675,-0.0284214087593957,0.0165));
#7037=CARTESIAN_POINT('',(-0.0383565255711518,-0.0288730973401424,0.0165));
#7038=CARTESIAN_POINT('',(-0.0381456998371542,-0.0298359675798821,0.0165));
#7039=CARTESIAN_POINT('',(-0.038000741876008,-0.0303486399106729,0.0165));
#7040=CARTESIAN_POINT('',(-0.0374915735942336,-0.0314971106508369,0.0165));
#7041=CARTESIAN_POINT('',(-0.0371009484371742,-0.0321548902305895,0.0165));
#7042=CARTESIAN_POINT('',(-0.0359158510356198,-0.0333418224598843,0.0165));
#7043=CARTESIAN_POINT('',(-0.0352583098353412,-0.0337324612030985,0.0165));
#7044=CARTESIAN_POINT('',(-0.0341104971703146,-0.0342420821972775,0.0165));
#7045=CARTESIAN_POINT('',(-0.0335934886289444,-0.0343890242846537,0.0165));
#7046=CARTESIAN_POINT('',(-0.0326235620627251,-0.0346008899850304,0.0165));
#7047=CARTESIAN_POINT('',(-0.032176855539069,-0.0346598846046315,0.0165));
#7048=CARTESIAN_POINT('',(-0.0313176669074062,-0.0347356688308455,0.0165));
#7049=CARTESIAN_POINT('',(-0.0309070327821878,-0.0347498819903717,0.0165));
#7050=CARTESIAN_POINT('',(-0.0305067567567567,-0.03475,0.0165));
#7051=CARTESIAN_POINT('',(-0.0385067567567568,-0.02675,0.0165));
#7052=CARTESIAN_POINT('',(-0.0373400900900901,-0.02675,0.0176666666666667));
#7053=CARTESIAN_POINT('',(-0.0361734234234234,-0.02675,0.0188333333333333));
#7054=CARTESIAN_POINT('',(-0.0350067567567568,-0.02675,0.02));
#7055=CARTESIAN_POINT('',(-0.0350067567567568,0.,0.02));
#7056=CARTESIAN_POINT('',(-0.0333483759114203,0.0300948758225013,0.017));
#7057=CARTESIAN_POINT('',(-0.0333483759114203,0.0300948758225013,0.017));
#7058=CARTESIAN_POINT('',(-0.0309983759114203,0.0300948758225013,0.017));
#7059=CARTESIAN_POINT('',(0.,0.,0.017));
#7060=CARTESIAN_POINT('',(0.0333483759114203,0.0300948758225013,0.017));
#7061=CARTESIAN_POINT('',(0.0333483759114203,0.0300948758225013,0.017));
#7062=CARTESIAN_POINT('',(0.0356983759114203,0.0300948758225013,0.017));
#7063=CARTESIAN_POINT('',(0.,0.,0.017));
#7064=CARTESIAN_POINT('',(0.0333483759114203,-0.0300948758225013,0.017));
#7065=CARTESIAN_POINT('',(0.0333483759114203,-0.0300948758225013,0.017));
#7066=CARTESIAN_POINT('',(0.0356983759114203,-0.0300948758225013,0.017));
#7067=CARTESIAN_POINT('',(0.,0.,0.017));
#7068=CARTESIAN_POINT('',(-0.0333483759114203,-0.0300948758225013,0.017));
#7069=CARTESIAN_POINT('',(-0.0333483759114203,-0.0300948758225013,0.017));
#7070=CARTESIAN_POINT('',(-0.0309983759114203,-0.0300948758225013,0.017));
#7071=CARTESIAN_POINT('',(0.,0.,0.017));
#7072=CARTESIAN_POINT('',(0.,0.,0.));
#7073=CARTESIAN_POINT('',(-0.0286286796564404,0.02775,0.01));
#7074=CARTESIAN_POINT('',(0.00818766810668046,0.02775,0.004805));
#7075=CARTESIAN_POINT('',(-0.00873549999999821,0.02775,0.004805));
#7076=CARTESIAN_POINT('',(-0.00545549999999927,0.02775,0.004805));
#7077=CARTESIAN_POINT('',(-0.00873549999999821,0.02775,0.004805));
#7078=CARTESIAN_POINT('',(-0.00887093295083839,0.02775,0.004805));
#7079=CARTESIAN_POINT('',(-0.00913651374744178,0.02775,0.00482763954764455));
#7080=CARTESIAN_POINT('',(-0.00964221254165271,0.02775,0.00509322619038788));
#7081=CARTESIAN_POINT('',(-0.00973549999999821,0.02775,0.00553259411615288));
#7082=CARTESIAN_POINT('',(-0.00973549999999821,0.02775,0.005805));
#7083=CARTESIAN_POINT('',(-0.00973549999999821,0.02775,0.005805));
#7084=CARTESIAN_POINT('',(-0.00973549999999821,0.02775,0.0074025));
#7085=CARTESIAN_POINT('',(-0.00973549999999821,0.02775,0.007));
#7086=CARTESIAN_POINT('',(-0.0286286796564404,0.02775,0.007));
#7087=CARTESIAN_POINT('',(-0.023607864376269,0.02775,0.007));
#7088=CARTESIAN_POINT('',(-0.023607864376269,0.02775,0.007));
#7089=CARTESIAN_POINT('',(-0.023607864376269,0.02775,0.00553166666666667));
#7090=CARTESIAN_POINT('',(-0.023607864376269,0.02775,0.00406333333333333));
#7091=CARTESIAN_POINT('',(-0.023607864376269,0.02775,0.002595));
#7092=CARTESIAN_POINT('',(-0.023607864376269,0.02775,0.002595));
#7093=CARTESIAN_POINT('',(-0.0286286796564404,0.02775,0.002595));
#7094=CARTESIAN_POINT('',(-0.00518755080756814,0.02775,0.002595));
#7095=CARTESIAN_POINT('',(-0.00345549999999927,0.02775,0.003595));
#7096=CARTESIAN_POINT('',(-0.00545549999999927,0.02775,0.003595));
#7097=CARTESIAN_POINT('',(-0.00545549999999927,0.02775,0.01));
#7098=CARTESIAN_POINT('',(0.03075,0.0256286796564403,0.01));
#7099=CARTESIAN_POINT('',(0.03075,-0.020607864376269,0.002595));
#7100=CARTESIAN_POINT('',(0.03075,-0.020607864376269,0.00406333333333333));
#7101=CARTESIAN_POINT('',(0.03075,-0.020607864376269,0.00553166666666667));
#7102=CARTESIAN_POINT('',(0.03075,-0.020607864376269,0.007));
#7103=CARTESIAN_POINT('',(0.03075,-0.0206078643762691,0.002595));
#7104=CARTESIAN_POINT('',(0.03075,-0.0206078643762691,0.007));
#7105=CARTESIAN_POINT('',(0.03075,0.0256286796564403,0.007));
#7106=CARTESIAN_POINT('',(0.03075,0.0206078643762691,0.007));
#7107=CARTESIAN_POINT('',(0.03075,0.020607864376269,0.007));
#7108=CARTESIAN_POINT('',(0.03075,0.020607864376269,0.00553166666666667));
#7109=CARTESIAN_POINT('',(0.03075,0.020607864376269,0.00406333333333333));
#7110=CARTESIAN_POINT('',(0.03075,0.020607864376269,0.002595));
#7111=CARTESIAN_POINT('',(0.03075,0.0206078643762691,0.002595));
#7112=CARTESIAN_POINT('',(0.03075,0.0256286796564403,0.002595));
#7113=CARTESIAN_POINT('',(-0.0286286796564404,0.02775,0.01));
#7114=CARTESIAN_POINT('',(0.023607864376269,0.02775,0.002595));
#7115=CARTESIAN_POINT('',(0.023607864376269,0.02775,0.00406333333333333));
#7116=CARTESIAN_POINT('',(0.023607864376269,0.02775,0.00553166666666667));
#7117=CARTESIAN_POINT('',(0.023607864376269,0.02775,0.007));
#7118=CARTESIAN_POINT('',(0.023607864376269,0.02775,0.002595));
#7119=CARTESIAN_POINT('',(0.023607864376269,0.02775,0.007));
#7120=CARTESIAN_POINT('',(-0.0286286796564404,0.02775,0.007));
#7121=CARTESIAN_POINT('',(0.00973549999999821,0.02775,0.007));
#7122=CARTESIAN_POINT('',(0.00973549999999821,0.02775,0.0074025));
#7123=CARTESIAN_POINT('',(0.00973549999999821,0.02775,0.005805));
#7124=CARTESIAN_POINT('',(0.00973549999999821,0.02775,0.005805));
#7125=CARTESIAN_POINT('',(0.00973549999999821,0.02775,0.00566956704915982));
#7126=CARTESIAN_POINT('',(0.00971286045235366,0.02775,0.00540398625255642));
#7127=CARTESIAN_POINT('',(0.00944727380961035,0.02775,0.00489828745834552));
#7128=CARTESIAN_POINT('',(0.00900790588384533,0.02775,0.004805));
#7129=CARTESIAN_POINT('',(0.00873549999999821,0.02775,0.004805));
#7130=CARTESIAN_POINT('',(0.00873549999999821,0.02775,0.004805));
#7131=CARTESIAN_POINT('',(0.00818766810668046,0.02775,0.004805));
#7132=CARTESIAN_POINT('',(0.00548450000000073,0.02775,0.004805));
#7133=CARTESIAN_POINT('',(0.00548450000000073,0.02775,0.01));
#7134=CARTESIAN_POINT('',(0.00548450000000073,0.02775,0.003595));
#7135=CARTESIAN_POINT('',(0.00348450000000073,0.02775,0.003595));
#7136=CARTESIAN_POINT('',(0.0052165508075696,0.02775,0.002595));
#7137=CARTESIAN_POINT('',(-0.0286286796564404,0.02775,0.002595));
#7138=CARTESIAN_POINT('',(-0.03075,-0.0256286796564403,0.01));
#7139=CARTESIAN_POINT('',(-0.03075,0.020607864376269,0.002595));
#7140=CARTESIAN_POINT('',(-0.03075,0.020607864376269,0.00406333333333333));
#7141=CARTESIAN_POINT('',(-0.03075,0.020607864376269,0.00553166666666667));
#7142=CARTESIAN_POINT('',(-0.03075,0.020607864376269,0.007));
#7143=CARTESIAN_POINT('',(-0.03075,0.0206078643762691,0.002595));
#7144=CARTESIAN_POINT('',(-0.03075,0.0206078643762691,0.007));
#7145=CARTESIAN_POINT('',(-0.03075,-0.0256286796564403,0.007));
#7146=CARTESIAN_POINT('',(-0.03075,-0.0206078643762691,0.007));
#7147=CARTESIAN_POINT('',(-0.03075,-0.020607864376269,0.007));
#7148=CARTESIAN_POINT('',(-0.03075,-0.020607864376269,0.00553166666666667));
#7149=CARTESIAN_POINT('',(-0.03075,-0.020607864376269,0.00406333333333333));
#7150=CARTESIAN_POINT('',(-0.03075,-0.020607864376269,0.002595));
#7151=CARTESIAN_POINT('',(-0.03075,-0.0206078643762691,0.002595));
#7152=CARTESIAN_POINT('',(-0.03075,-0.0256286796564403,0.002595));
#7153=CARTESIAN_POINT('',(0.0286286796564404,-0.02775,0.01));
#7154=CARTESIAN_POINT('',(-0.023607864376269,-0.02775,0.002595));
#7155=CARTESIAN_POINT('',(-0.023607864376269,-0.02775,0.00406333333333333));
#7156=CARTESIAN_POINT('',(-0.023607864376269,-0.02775,0.00553166666666667));
#7157=CARTESIAN_POINT('',(-0.023607864376269,-0.02775,0.007));
#7158=CARTESIAN_POINT('',(-0.023607864376269,-0.02775,0.002595));
#7159=CARTESIAN_POINT('',(-0.023607864376269,-0.02775,0.007));
#7160=CARTESIAN_POINT('',(0.0286286796564404,-0.02775,0.007));
#7161=CARTESIAN_POINT('',(0.023607864376269,-0.02775,0.007));
#7162=CARTESIAN_POINT('',(0.023607864376269,-0.02775,0.007));
#7163=CARTESIAN_POINT('',(0.023607864376269,-0.02775,0.00553166666666667));
#7164=CARTESIAN_POINT('',(0.023607864376269,-0.02775,0.00406333333333333));
#7165=CARTESIAN_POINT('',(0.023607864376269,-0.02775,0.002595));
#7166=CARTESIAN_POINT('',(0.023607864376269,-0.02775,0.002595));
#7167=CARTESIAN_POINT('',(0.0286286796564404,-0.02775,0.002595));
#7168=CARTESIAN_POINT('',(-0.00973549999999821,0.0295379849999953,0.0074025));
#7169=CARTESIAN_POINT('',(-0.00973549999999821,0.0277499999999998,0.005805));
#7170=CARTESIAN_POINT('',(-0.00973549999999821,0.0280126616666649,0.005805));
#7171=CARTESIAN_POINT('',(-0.00973549999999821,0.02827532333333,0.005805));
#7172=CARTESIAN_POINT('',(-0.00973549999999821,0.0285379849999951,0.005805));
#7173=CARTESIAN_POINT('',(-0.00973549999999821,0.0285379849999951,0.005805));
#7174=CARTESIAN_POINT('',(-0.00973549999999821,0.0285379849999953,0.00580500000000003));
#7175=CARTESIAN_POINT('',(-0.00973549999999821,0.0285379849999953,0.00720333333333335));
#7176=CARTESIAN_POINT('',(-0.00973549999999821,0.0285379849999953,0.00860166666666668));
#7177=CARTESIAN_POINT('',(-0.00973549999999821,0.0285379849999953,0.01));
#7178=CARTESIAN_POINT('',(-0.00973549999999821,0.0285379849999952,0.01));
#7179=CARTESIAN_POINT('',(-0.00973549999999821,0.0295379849999953,0.01));
#7180=CARTESIAN_POINT('',(-0.00973549999999821,0.02795,0.01));
#7181=CARTESIAN_POINT('',(-0.00973549999999821,0.02795,0.0074025));
#7182=CARTESIAN_POINT('',(-0.00973549999999821,0.02795,0.007));
#7183=CARTESIAN_POINT('',(-0.00973549999999821,0.0295379849999953,0.007));
#7184=CARTESIAN_POINT('',(0.00973549999999821,0.0295379849999953,0.0074025));
#7185=CARTESIAN_POINT('',(0.00973549999999821,0.0295379849999953,0.01));
#7186=CARTESIAN_POINT('',(0.00973549999999821,0.0285379849999953,0.01));
#7187=CARTESIAN_POINT('',(0.00973549999999821,0.02795,0.01));
#7188=CARTESIAN_POINT('',(0.00973549999999821,0.0285379849999953,0.0100000000000001));
#7189=CARTESIAN_POINT('',(0.00973549999999821,0.0285379849999953,0.00860166666666513));
#7190=CARTESIAN_POINT('',(0.00973549999999821,0.0285379849999953,0.00720333333333019));
#7191=CARTESIAN_POINT('',(0.00973549999999821,0.0285379849999953,0.00580499999999525));
#7192=CARTESIAN_POINT('',(0.00973549999999821,0.0285379849999951,0.005805));
#7193=CARTESIAN_POINT('',(0.00973549999999821,0.0285379849999951,0.005805));
#7194=CARTESIAN_POINT('',(0.00973549999999821,0.02827532333333,0.005805));
#7195=CARTESIAN_POINT('',(0.00973549999999821,0.0280126616666649,0.005805));
#7196=CARTESIAN_POINT('',(0.00973549999999821,0.0277499999999998,0.005805));
#7197=CARTESIAN_POINT('',(0.00973549999999821,0.0295379849999953,0.007));
#7198=CARTESIAN_POINT('',(0.00973549999999821,0.02795,0.007));
#7199=CARTESIAN_POINT('',(0.00973549999999821,0.02795,0.0074025));
#7200=CARTESIAN_POINT('',(0.,0.,0.01));
#7201=CARTESIAN_POINT('',(0.,0.02795,0.01));
#7202=CARTESIAN_POINT('',(-0.03095,0.02795,0.01));
#7203=CARTESIAN_POINT('',(-0.00973549999999821,0.0285379849999953,0.01));
#7204=CARTESIAN_POINT('',(-0.00973549999999821,0.0286734179508354,0.01));
#7205=CARTESIAN_POINT('',(-0.00971286045235365,0.0289389987474388,0.01));
#7206=CARTESIAN_POINT('',(-0.00944727380961037,0.0294446975416497,0.01));
#7207=CARTESIAN_POINT('',(-0.00900790588384532,0.0295379849999953,0.01));
#7208=CARTESIAN_POINT('',(-0.00873549999999821,0.0295379849999953,0.01));
#7209=CARTESIAN_POINT('',(-0.00873549999999821,0.0295379849999953,0.01));
#7210=CARTESIAN_POINT('',(0.0035,0.0295379849999953,0.01));
#7211=CARTESIAN_POINT('',(0.00873549999999821,0.0295379849999953,0.01));
#7212=CARTESIAN_POINT('',(0.00873549999999821,0.0295379849999953,0.01));
#7213=CARTESIAN_POINT('',(0.0088709329508384,0.0295379849999953,0.01));
#7214=CARTESIAN_POINT('',(0.00913651374744181,0.0295153454523507,0.01));
#7215=CARTESIAN_POINT('',(0.0096422125416527,0.0292497588096073,0.01));
#7216=CARTESIAN_POINT('',(0.00973549999999821,0.0288103908838423,0.01));
#7217=CARTESIAN_POINT('',(0.00973549999999821,0.0285379849999952,0.01));
#7218=CARTESIAN_POINT('',(0.,0.02795,0.01));
#7219=CARTESIAN_POINT('',(0.03095,0.02795,0.01));
#7220=CARTESIAN_POINT('',(0.03095,0.,0.01));
#7221=CARTESIAN_POINT('',(0.03095,-0.02795,0.01));
#7222=CARTESIAN_POINT('',(0.,-0.02795,0.01));
#7223=CARTESIAN_POINT('',(-0.03095,-0.02795,0.01));
#7224=CARTESIAN_POINT('',(-0.03095,0.,0.01));
#7225=CARTESIAN_POINT('',(-0.0333483759114203,-0.0300948758225013,0.01));
#7226=CARTESIAN_POINT('',(-0.0316483759114203,-0.0300948758225013,0.01));
#7227=CARTESIAN_POINT('',(0.0333483759114203,-0.0300948758225013,0.01));
#7228=CARTESIAN_POINT('',(0.0350483759114203,-0.0300948758225013,0.01));
#7229=CARTESIAN_POINT('',(0.0333483759114203,0.0300948758225013,0.01));
#7230=CARTESIAN_POINT('',(0.0350483759114203,0.0300948758225013,0.01));
#7231=CARTESIAN_POINT('',(-0.0333483759114203,0.0300948758225013,0.01));
#7232=CARTESIAN_POINT('',(-0.0316483759114203,0.0300948758225013,0.01));
#7233=CARTESIAN_POINT('',(-0.0115550818933186,0.0115550818933186,0.01));
#7234=CARTESIAN_POINT('',(0.0116398362133627,0.03475,0.01));
#7235=CARTESIAN_POINT('',(0.00692782121336237,0.0300379849999996,0.01));
#7236=CARTESIAN_POINT('',(0.0035,0.0300379849999996,0.01));
#7237=CARTESIAN_POINT('',(-0.0068988212133609,0.0300379849999996,0.01));
#7238=CARTESIAN_POINT('',(0.0115695818933194,0.0115695818933194,0.01));
#7239=CARTESIAN_POINT('',(-0.0116108362133612,0.03475,0.01));
#7240=CARTESIAN_POINT('',(0.0035,0.03475,0.01));
#7241=CARTESIAN_POINT('',(-0.0305067567567567,0.03475,0.01));
#7242=CARTESIAN_POINT('',(-0.0305067567567567,0.03475,0.01));
#7243=CARTESIAN_POINT('',(-0.0358400900900901,0.03475,0.01));
#7244=CARTESIAN_POINT('',(-0.0385067567567568,0.0320833333333333,0.01));
#7245=CARTESIAN_POINT('',(-0.0385067567567568,0.02675,0.01));
#7246=CARTESIAN_POINT('',(-0.0385067567567568,0.02675,0.01));
#7247=CARTESIAN_POINT('',(-0.0385067567567568,0.02875,0.01));
#7248=CARTESIAN_POINT('',(-0.0385067567567568,-0.02675,0.01));
#7249=CARTESIAN_POINT('',(-0.0385067567567568,-0.02675,0.01));
#7250=CARTESIAN_POINT('',(-0.0385067567567568,-0.0320833333333333,0.01));
#7251=CARTESIAN_POINT('',(-0.0358400900900901,-0.03475,0.01));
#7252=CARTESIAN_POINT('',(-0.0305067567567567,-0.03475,0.01));
#7253=CARTESIAN_POINT('',(-0.0305067567567567,-0.03475,0.01));
#7254=CARTESIAN_POINT('',(0.,-0.03475,0.01));
#7255=CARTESIAN_POINT('',(0.0305067567567567,-0.03475,0.01));
#7256=CARTESIAN_POINT('',(0.0305067567567567,-0.03475,0.01));
#7257=CARTESIAN_POINT('',(0.0358400900900901,-0.03475,0.01));
#7258=CARTESIAN_POINT('',(0.0385067567567568,-0.0320833333333333,0.01));
#7259=CARTESIAN_POINT('',(0.0385067567567568,-0.02675,0.01));
#7260=CARTESIAN_POINT('',(0.0385067567567568,-0.02675,0.01));
#7261=CARTESIAN_POINT('',(0.0385067567567568,0.,0.01));
#7262=CARTESIAN_POINT('',(0.0385067567567568,0.02675,0.01));
#7263=CARTESIAN_POINT('',(0.0385067567567568,0.02675,0.01));
#7264=CARTESIAN_POINT('',(0.0385067567567568,0.0320833333333333,0.01));
#7265=CARTESIAN_POINT('',(0.0358400900900901,0.03475,0.01));
#7266=CARTESIAN_POINT('',(0.0305067567567567,0.03475,0.01));
#7267=CARTESIAN_POINT('',(0.0305067567567567,0.03475,0.01));
#7268=CARTESIAN_POINT('',(0.0035,0.03475,0.01));
#7269=CARTESIAN_POINT('',(0.00348450000000073,0.00975,0.004805));
#7270=CARTESIAN_POINT('',(0.00548450000000073,0.00975,0.004805));
#7271=CARTESIAN_POINT('',(0.00548450000000073,0.0285379849999953,0.004805));
#7272=CARTESIAN_POINT('',(0.00548450000000073,0.0300379849999996,0.004805));
#7273=CARTESIAN_POINT('',(0.00548450000000073,0.0285379849999953,0.004805));
#7274=CARTESIAN_POINT('',(0.00548450000000073,0.0286773139406943,0.004805));
#7275=CARTESIAN_POINT('',(0.00548483536785622,0.0289513500618348,0.00482943719403792));
#7276=CARTESIAN_POINT('',(0.00547903863637546,0.0293360057937882,0.00504022431240362));
#7277=CARTESIAN_POINT('',(0.00540024561660806,0.0295196365164538,0.00542937029553634));
#7278=CARTESIAN_POINT('',(0.00528657330455739,0.0295379849999952,0.00568371747754433));
#7279=CARTESIAN_POINT('',(0.00521655080756961,0.0295379849999953,0.005805));
#7280=CARTESIAN_POINT('',(0.00521655080756965,0.0295379849999953,0.005805));
#7281=CARTESIAN_POINT('',(0.00348450000000073,0.0295379849999953,0.004805));
#7282=CARTESIAN_POINT('',(0.00348450000000073,0.0295379849999953,0.006805));
#7283=CARTESIAN_POINT('',(0.00348450000000073,0.00975,0.006805));
#7284=CARTESIAN_POINT('',(0.00348450000000073,0.0300379849999996,0.006805));
#7285=CARTESIAN_POINT('',(0.00348450000000073,0.0300379849999996,0.004805));
#7286=CARTESIAN_POINT('',(0.00548450000000073,0.00975,0.0042));
#7287=CARTESIAN_POINT('',(0.00548450000000073,0.0300379849999996,0.0042));
#7288=CARTESIAN_POINT('',(0.00548450000000073,0.0300379849999996,0.003595));
#7289=CARTESIAN_POINT('',(0.00548450000000073,0.00975,0.003595));
#7290=CARTESIAN_POINT('',(0.00548450000000073,0.00975,0.004805));
#7291=CARTESIAN_POINT('',(0.00348450000000073,0.00975,0.003595));
#7292=CARTESIAN_POINT('',(0.00348450000000073,0.0300379849999996,0.003595));
#7293=CARTESIAN_POINT('',(0.00348450000000073,0.0300379849999996,0.001595));
#7294=CARTESIAN_POINT('',(0.00348450000000073,0.00975,0.001595));
#7295=CARTESIAN_POINT('',(0.00348450000000073,0.00975,0.001595));
#7296=CARTESIAN_POINT('',(0.00348450000000073,0.00975,0.003595));
#7297=CARTESIAN_POINT('',(0.0052165508075696,0.00975,0.002595));
#7298=CARTESIAN_POINT('',(0.0052165508075696,0.00975,0.002595));
#7299=CARTESIAN_POINT('',(1.45000000007309E-5,0.00975,0.001595));
#7300=CARTESIAN_POINT('',(1.45000000007309E-5,0.0300379849999996,0.001595));
#7301=CARTESIAN_POINT('',(-0.00345549999999927,0.0300379849999996,0.001595));
#7302=CARTESIAN_POINT('',(-0.00345549999999927,0.00975,0.001595));
#7303=CARTESIAN_POINT('',(-0.00345549999999927,0.00975,0.001595));
#7304=CARTESIAN_POINT('',(1.45000000007309E-5,0.00975,0.001595));
#7305=CARTESIAN_POINT('',(-0.00345549999999927,0.00975,0.003595));
#7306=CARTESIAN_POINT('',(-0.00345549999999927,0.0300379849999996,0.003595));
#7307=CARTESIAN_POINT('',(-0.00545549999999927,0.0300379849999996,0.003595));
#7308=CARTESIAN_POINT('',(-0.00545549999999927,0.00975,0.003595));
#7309=CARTESIAN_POINT('',(-0.00518755080756814,0.00975,0.002595));
#7310=CARTESIAN_POINT('',(-0.00518755080756814,0.00975,0.002595));
#7311=CARTESIAN_POINT('',(-0.00345549999999927,0.00975,0.003595));
#7312=CARTESIAN_POINT('',(-0.00545549999999927,0.00975,0.0042));
#7313=CARTESIAN_POINT('',(-0.00545549999999927,0.0300379849999996,0.0042));
#7314=CARTESIAN_POINT('',(-0.00545549999999927,0.0300379849999996,0.004805));
#7315=CARTESIAN_POINT('',(-0.00545549999999927,0.00975,0.004805));
#7316=CARTESIAN_POINT('',(-0.00545549999999927,0.0285379849999953,0.004805));
#7317=CARTESIAN_POINT('',(-0.00545549999999927,0.00975,0.004805));
#7318=CARTESIAN_POINT('',(-0.00345549999999927,0.00975,0.004805));
#7319=CARTESIAN_POINT('',(-0.00345549999999927,0.00975,0.006805));
#7320=CARTESIAN_POINT('',(-0.00345549999999927,0.0295379849999953,0.006805));
#7321=CARTESIAN_POINT('',(-0.00345549999999927,0.0300379849999996,0.006805));
#7322=CARTESIAN_POINT('',(-0.00345549999999927,0.0295379849999953,0.004805));
#7323=CARTESIAN_POINT('',(-0.00518755080756815,0.0295379849999953,0.005805));
#7324=CARTESIAN_POINT('',(-0.00518755080756815,0.0295379849999952,0.005805));
#7325=CARTESIAN_POINT('',(-0.00525737185463535,0.0295379849999952,0.00568406639904195));
#7326=CARTESIAN_POINT('',(-0.00537043666372249,0.0295199745116631,0.00543150204916588));
#7327=CARTESIAN_POINT('',(-0.00544984643866468,0.0293375167399255,0.00504236803690906));
#7328=CARTESIAN_POINT('',(-0.00545584784155034,0.0289559267074204,0.0048303983671073));
#7329=CARTESIAN_POINT('',(-0.00545549999999927,0.028677769346051,0.004805));
#7330=CARTESIAN_POINT('',(-0.00545549999999927,0.0285379849999953,0.004805));
#7331=CARTESIAN_POINT('',(-0.00345549999999927,0.0300379849999996,0.004805));
#7332=CARTESIAN_POINT('',(1.45000000007309E-5,0.00975,0.006805));
#7333=CARTESIAN_POINT('',(1.45000000007309E-5,0.0295379849999953,0.006805));
#7334=CARTESIAN_POINT('',(1.45000000007309E-5,0.0300379849999996,0.006805));
#7335=CARTESIAN_POINT('',(-0.00925,-0.00625,0.007002));
#7336=CARTESIAN_POINT('',(-0.00925,-0.00625,0.002595));
#7337=CARTESIAN_POINT('',(-0.00425,-0.00625,0.002595));
#7338=CARTESIAN_POINT('',(-0.00925,-0.00625,0.007));
#7339=CARTESIAN_POINT('',(-0.00425,-0.00625,0.007));
#7340=CARTESIAN_POINT('',(-0.08625,0.06225,0.007));
#7341=CARTESIAN_POINT('',(-0.00925,-0.00625,0.007));
#7342=CARTESIAN_POINT('',(-0.0069,-0.00625,0.007));
#7343=CARTESIAN_POINT('',(-0.00925,-0.00625,0.003));
#7344=CARTESIAN_POINT('',(-0.00925,-0.00625,0.003));
#7345=CARTESIAN_POINT('',(-0.0069,-0.00625,0.003));
#7346=CARTESIAN_POINT('',(0.,6.93889390390723E-18,0.003));
#7347=CARTESIAN_POINT('',(-0.00925,-0.00625,0.003));
#7348=CARTESIAN_POINT('',(-0.00755,-0.00625,0.003));
#7349=CARTESIAN_POINT('',(-0.00925,-0.00625,0.007002));
#7350=CARTESIAN_POINT('',(-0.00925,-0.00625,-0.0052));
#7351=CARTESIAN_POINT('',(-0.00755,-0.00625,-0.0052));
#7352=CARTESIAN_POINT('',(0.,6.93889390390723E-18,-0.0052));
#7353=CARTESIAN_POINT('',(0.,0.,0.002595));
#7354=CARTESIAN_POINT('',(0.,0.00975,0.002595));
#7355=CARTESIAN_POINT('',(-0.023607864376269,0.02775,0.002595));
#7356=CARTESIAN_POINT('',(-0.0255408610006768,0.02775,0.002595));
#7357=CARTESIAN_POINT('',(-0.0271907768234454,0.0270665824894353,0.002595));
#7358=CARTESIAN_POINT('',(-0.0285576118445749,0.0256997474683059,0.002595));
#7359=CARTESIAN_POINT('',(-0.0285576118445749,0.0256997474683059,0.002595));
#7360=CARTESIAN_POINT('',(-0.0286286796564404,0.0256286796564403,0.002595));
#7361=CARTESIAN_POINT('',(-0.0286997474683059,0.0255576118445749,0.002595));
#7362=CARTESIAN_POINT('',(-0.0286997474683059,0.0255576118445749,0.002595));
#7363=CARTESIAN_POINT('',(-0.0300665824894353,0.0241907768234454,0.002595));
#7364=CARTESIAN_POINT('',(-0.03075,0.0225408610006768,0.002595));
#7365=CARTESIAN_POINT('',(-0.03075,0.0206078643762691,0.002595));
#7366=CARTESIAN_POINT('',(-0.03075,-0.0206078643762691,0.002595));
#7367=CARTESIAN_POINT('',(-0.03075,-0.0225408610006768,0.002595));
#7368=CARTESIAN_POINT('',(-0.0300665824894353,-0.0241907768234454,0.002595));
#7369=CARTESIAN_POINT('',(-0.0286997474683059,-0.0255576118445749,0.002595));
#7370=CARTESIAN_POINT('',(-0.0286997474683059,-0.0255576118445749,0.002595));
#7371=CARTESIAN_POINT('',(-0.0286286796564404,-0.0256286796564403,0.002595));
#7372=CARTESIAN_POINT('',(-0.0285576118445749,-0.0256997474683059,0.002595));
#7373=CARTESIAN_POINT('',(-0.0285576118445749,-0.0256997474683059,0.002595));
#7374=CARTESIAN_POINT('',(-0.0271907768234454,-0.0270665824894353,0.002595));
#7375=CARTESIAN_POINT('',(-0.0255408610006768,-0.02775,0.002595));
#7376=CARTESIAN_POINT('',(-0.023607864376269,-0.02775,0.002595));
#7377=CARTESIAN_POINT('',(0.023607864376269,-0.02775,0.002595));
#7378=CARTESIAN_POINT('',(0.0255408610006768,-0.02775,0.002595));
#7379=CARTESIAN_POINT('',(0.0271907768234454,-0.0270665824894353,0.002595));
#7380=CARTESIAN_POINT('',(0.0285576118445749,-0.0256997474683059,0.002595));
#7381=CARTESIAN_POINT('',(0.0285576118445749,-0.0256997474683059,0.002595));
#7382=CARTESIAN_POINT('',(0.0286286796564404,-0.0256286796564403,0.002595));
#7383=CARTESIAN_POINT('',(0.0286997474683059,-0.0255576118445749,0.002595));
#7384=CARTESIAN_POINT('',(0.0286997474683059,-0.0255576118445749,0.002595));
#7385=CARTESIAN_POINT('',(0.0300665824894353,-0.0241907768234454,0.002595));
#7386=CARTESIAN_POINT('',(0.03075,-0.0225408610006768,0.002595));
#7387=CARTESIAN_POINT('',(0.03075,-0.0206078643762691,0.002595));
#7388=CARTESIAN_POINT('',(0.03075,0.0206078643762691,0.002595));
#7389=CARTESIAN_POINT('',(0.03075,0.0225408610006768,0.002595));
#7390=CARTESIAN_POINT('',(0.0300665824894353,0.0241907768234454,0.002595));
#7391=CARTESIAN_POINT('',(0.0286997474683059,0.0255576118445749,0.002595));
#7392=CARTESIAN_POINT('',(0.0286997474683059,0.0255576118445749,0.002595));
#7393=CARTESIAN_POINT('',(0.0286286796564404,0.0256286796564403,0.002595));
#7394=CARTESIAN_POINT('',(0.0285576118445749,0.0256997474683059,0.002595));
#7395=CARTESIAN_POINT('',(0.0285576118445749,0.0256997474683059,0.002595));
#7396=CARTESIAN_POINT('',(0.0271907768234454,0.0270665824894353,0.002595));
#7397=CARTESIAN_POINT('',(0.0255408610006768,0.02775,0.002595));
#7398=CARTESIAN_POINT('',(0.023607864376269,0.02775,0.002595));
#7399=CARTESIAN_POINT('',(-0.0333483759114203,0.0300948758225013,0.00100200000000002));
#7400=CARTESIAN_POINT('',(-0.0333483759114203,0.0300948758225013,0.00100000000000002));
#7401=CARTESIAN_POINT('',(-0.0303483759114203,0.0300948758225013,0.00100000000000002));
#7402=CARTESIAN_POINT('',(-0.0333483759114203,0.0300948758225013,-0.00867319152221514));
#7403=CARTESIAN_POINT('',(-0.0333483759114203,0.0330948758225013,-0.00893565751279291));
#7404=CARTESIAN_POINT('',(0.0333483759114203,0.0300948758225013,0.00100200000000002));
#7405=CARTESIAN_POINT('',(0.0333483759114203,0.0300948758225013,0.00100000000000003));
#7406=CARTESIAN_POINT('',(0.0363483759114203,0.0300948758225013,0.00100000000000003));
#7407=CARTESIAN_POINT('',(0.0333483759114203,0.0300948758225013,-0.00867319152221514));
#7408=CARTESIAN_POINT('',(0.0333483759114203,0.0330948758225013,-0.00893565751279291));
#7409=CARTESIAN_POINT('',(0.0333483759114203,-0.0300948758225013,0.00100200000000002));
#7410=CARTESIAN_POINT('',(0.0333483759114203,-0.0300948758225013,0.00100000000000003));
#7411=CARTESIAN_POINT('',(0.0363483759114203,-0.0300948758225013,0.00100000000000003));
#7412=CARTESIAN_POINT('',(0.0333483759114203,-0.0300948758225013,-0.00340727059283658));
#7413=CARTESIAN_POINT('',(0.0333483759114203,-0.0270948758225012,-0.00366973658341436));
#7414=CARTESIAN_POINT('',(-0.0333483759114203,-0.0300948758225013,0.00100200000000002));
#7415=CARTESIAN_POINT('',(-0.0333483759114203,-0.0300948758225013,0.00100000000000002));
#7416=CARTESIAN_POINT('',(-0.0303483759114203,-0.0300948758225013,0.00100000000000002));
#7417=CARTESIAN_POINT('',(-0.0333483759114203,-0.0300948758225013,-0.00340727059283658));
#7418=CARTESIAN_POINT('',(-0.0333483759114203,-0.0270948758225012,-0.00366973658341436));
#7419=CARTESIAN_POINT('',(0.0305067567567567,0.03475,-0.00911694488774203));
#7420=CARTESIAN_POINT('',(0.0305067567567567,0.03475,-0.003));
#7421=CARTESIAN_POINT('',(0.0358400900900901,0.03475,-0.00911694488774203));
#7422=CARTESIAN_POINT('',(0.0358400900900901,0.03475,-0.003));
#7423=CARTESIAN_POINT('',(0.0385067567567568,0.0320833333333333,-0.00911694488774203));
#7424=CARTESIAN_POINT('',(0.0385067567567568,0.0320833333333333,-0.003));
#7425=CARTESIAN_POINT('',(0.0385067567567568,0.02675,-0.00911694488774203));
#7426=CARTESIAN_POINT('',(0.0385067567567568,0.02675,-0.003));
#7427=CARTESIAN_POINT('',(0.0305067567567567,0.03475,-0.003));
#7428=CARTESIAN_POINT('',(0.0358400900900901,0.03475,-0.003));
#7429=CARTESIAN_POINT('',(0.0385067567567568,0.0320833333333333,-0.003));
#7430=CARTESIAN_POINT('',(0.0385067567567568,0.02675,-0.003));
#7431=CARTESIAN_POINT('',(0.0305067567567567,0.03475,-0.003));
#7432=CARTESIAN_POINT('',(0.0385067567567568,0.02675,-0.003));
#7433=CARTESIAN_POINT('',(0.0385067567567568,0.02675,-0.00838055280684433));
#7434=CARTESIAN_POINT('',(0.0385067567567568,0.02675,-0.00658703520456289));
#7435=CARTESIAN_POINT('',(0.0385067567567568,0.02675,-0.00479351760228144));
#7436=CARTESIAN_POINT('',(0.0385067567567568,0.02675,-0.003));
#7437=CARTESIAN_POINT('',(0.0385067567567568,0.02675,-0.00838055280684433));
#7438=CARTESIAN_POINT('',(0.0305067567567567,0.03475,-0.00908046211505172));
#7439=CARTESIAN_POINT('',(0.0315923571760218,0.03475,-0.00908046211505172));
#7440=CARTESIAN_POINT('',(0.0331920704468467,0.0345988111851071,-0.00906723480769669));
#7441=CARTESIAN_POINT('',(0.0352351445648827,0.0337925538405201,-0.00899669643016077));
#7442=CARTESIAN_POINT('',(0.0365588368086164,0.0328109508744709,-0.0089108172985481));
#7443=CARTESIAN_POINT('',(0.0375382582779104,0.0314953910708328,-0.00879572072953935));
#7444=CARTESIAN_POINT('',(0.0383475480991692,0.0294750292030301,-0.00861896196988654));
#7445=CARTESIAN_POINT('',(0.0385067567567567,0.0278374583196849,-0.00847569308187371));
#7446=CARTESIAN_POINT('',(0.0385067567567568,0.02675,-0.00838055280684433));
#7447=CARTESIAN_POINT('',(0.0305067567567567,0.03475,-0.00908046211505172));
#7448=CARTESIAN_POINT('',(0.0305067567567568,0.03475,-0.003));
#7449=CARTESIAN_POINT('',(0.0305067567567568,0.03475,-0.00502682070501724));
#7450=CARTESIAN_POINT('',(0.0305067567567568,0.03475,-0.00705364141003448));
#7451=CARTESIAN_POINT('',(0.0305067567567568,0.03475,-0.00908046211505172));
#7452=CARTESIAN_POINT('',(0.0385067567567568,-0.02675,-0.00370410876405664));
#7453=CARTESIAN_POINT('',(0.0385067567567568,-0.02675,-0.003));
#7454=CARTESIAN_POINT('',(0.0385067567567568,-0.0320833333333333,-0.00370410876405664));
#7455=CARTESIAN_POINT('',(0.0385067567567568,-0.0320833333333333,-0.003));
#7456=CARTESIAN_POINT('',(0.0358400900900901,-0.03475,-0.00370410876405664));
#7457=CARTESIAN_POINT('',(0.0358400900900901,-0.03475,-0.003));
#7458=CARTESIAN_POINT('',(0.0305067567567567,-0.03475,-0.00370410876405664));
#7459=CARTESIAN_POINT('',(0.0305067567567567,-0.03475,-0.003));
#7460=CARTESIAN_POINT('',(0.0385067567567568,-0.02675,-0.003));
#7461=CARTESIAN_POINT('',(0.0385067567567568,-0.0320833333333333,-0.003));
#7462=CARTESIAN_POINT('',(0.0358400900900901,-0.03475,-0.003));
#7463=CARTESIAN_POINT('',(0.0305067567567567,-0.03475,-0.003));
#7464=CARTESIAN_POINT('',(0.0385067567567568,-0.02675,-0.003));
#7465=CARTESIAN_POINT('',(0.0305067567567567,-0.03475,-0.003));
#7466=CARTESIAN_POINT('',(0.0385067567567568,-0.02675,-0.00369990930820739));
#7467=CARTESIAN_POINT('',(0.0385067567567568,-0.0278313146085748,-0.00360530653825212));
#7468=CARTESIAN_POINT('',(0.0383568794956987,-0.0294240268374138,-0.00346596227396963));
#7469=CARTESIAN_POINT('',(0.0375575493591234,-0.0314625134663107,-0.00328761780319195));
#7470=CARTESIAN_POINT('',(0.0365814662417933,-0.0327881544316061,-0.00317163924682304));
#7471=CARTESIAN_POINT('',(0.0352686116573845,-0.0337728630692486,-0.00308548840415327));
#7472=CARTESIAN_POINT('',(0.0332422159105317,-0.0345897464315377,-0.00301402037053003));
#7473=CARTESIAN_POINT('',(0.0315985848338544,-0.03475,-0.003));
#7474=CARTESIAN_POINT('',(0.0305067567567567,-0.03475,-0.003));
#7475=CARTESIAN_POINT('',(0.0385067567567568,-0.02675,-0.00369990930820739));
#7476=CARTESIAN_POINT('',(0.0385067567567568,-0.02675,-0.003));
#7477=CARTESIAN_POINT('',(0.0385067567567568,-0.02675,-0.0032333031027358));
#7478=CARTESIAN_POINT('',(0.0385067567567568,-0.02675,-0.0034666062054716));
#7479=CARTESIAN_POINT('',(0.0385067567567568,-0.02675,-0.00369990930820739));
#7480=CARTESIAN_POINT('',(-0.0305067567567567,-0.03475,-0.00370410876405664));
#7481=CARTESIAN_POINT('',(-0.0305067567567567,-0.03475,-0.003));
#7482=CARTESIAN_POINT('',(-0.0358400900900901,-0.03475,-0.00370410876405664));
#7483=CARTESIAN_POINT('',(-0.0358400900900901,-0.03475,-0.003));
#7484=CARTESIAN_POINT('',(-0.0385067567567568,-0.0320833333333333,-0.00370410876405664));
#7485=CARTESIAN_POINT('',(-0.0385067567567568,-0.0320833333333333,-0.003));
#7486=CARTESIAN_POINT('',(-0.0385067567567568,-0.02675,-0.00370410876405664));
#7487=CARTESIAN_POINT('',(-0.0385067567567568,-0.02675,-0.003));
#7488=CARTESIAN_POINT('',(-0.0305067567567567,-0.03475,-0.003));
#7489=CARTESIAN_POINT('',(-0.0358400900900901,-0.03475,-0.003));
#7490=CARTESIAN_POINT('',(-0.0385067567567568,-0.0320833333333333,-0.003));
#7491=CARTESIAN_POINT('',(-0.0385067567567568,-0.02675,-0.003));
#7492=CARTESIAN_POINT('',(-0.0305067567567567,-0.03475,-0.003));
#7493=CARTESIAN_POINT('',(-0.0385067567567568,-0.02675,-0.003));
#7494=CARTESIAN_POINT('',(-0.0385067567567568,-0.02675,-0.00369990930820739));
#7495=CARTESIAN_POINT('',(-0.0385067567567568,-0.02675,-0.00346660620547159));
#7496=CARTESIAN_POINT('',(-0.0385067567567568,-0.02675,-0.0032333031027358));
#7497=CARTESIAN_POINT('',(-0.0385067567567568,-0.02675,-0.003));
#7498=CARTESIAN_POINT('',(-0.0385067567567568,-0.02675,-0.00369990930820739));
#7499=CARTESIAN_POINT('',(-0.0305067567567567,-0.03475,-0.003));
#7500=CARTESIAN_POINT('',(-0.0315923571760218,-0.03475,-0.003));
#7501=CARTESIAN_POINT('',(-0.0331920704468467,-0.0345988111851071,-0.00301322730735504));
#7502=CARTESIAN_POINT('',(-0.0352351445648827,-0.0337925538405201,-0.00308376568489093));
#7503=CARTESIAN_POINT('',(-0.0365588368086164,-0.0328109508744709,-0.00316964481650362));
#7504=CARTESIAN_POINT('',(-0.0375382582779104,-0.0314953910708329,-0.00328474138551237));
#7505=CARTESIAN_POINT('',(-0.0383475480991692,-0.0294750292030301,-0.00346150014516519));
#7506=CARTESIAN_POINT('',(-0.0385067567567568,-0.0278374583196849,-0.00360476903317801));
#7507=CARTESIAN_POINT('',(-0.0385067567567568,-0.02675,-0.00369990930820739));
#7508=CARTESIAN_POINT('',(0.,-0.03475,-0.003));
#7509=CARTESIAN_POINT('',(0.,-0.03475,-0.003));
#7510=CARTESIAN_POINT('',(-0.0385067567567568,-0.03475,-0.003));
#7511=CARTESIAN_POINT('',(-0.0385067567567568,0.02675,-0.00838055280684433));
#7512=CARTESIAN_POINT('',(-0.0385067567567568,0.02675,-0.00838055280684433));
#7513=CARTESIAN_POINT('',(-0.0385067567567568,0.0278313146085748,-0.0084751555767996));
#7514=CARTESIAN_POINT('',(-0.0383568794956987,0.0294240268374138,-0.00861449984108213));
#7515=CARTESIAN_POINT('',(-0.0375575493591234,0.0314625134663107,-0.00879284431185975));
#7516=CARTESIAN_POINT('',(-0.0365814662417934,0.0327881544316061,-0.0089088228682287));
#7517=CARTESIAN_POINT('',(-0.0352686116573845,0.0337728630692486,-0.00899497371089846));
#7518=CARTESIAN_POINT('',(-0.0332422159105318,0.0345897464315377,-0.00906644174452167));
#7519=CARTESIAN_POINT('',(-0.0315985848338544,0.03475,-0.00908046211505172));
#7520=CARTESIAN_POINT('',(-0.0305067567567567,0.03475,-0.00908046211505172));
#7521=CARTESIAN_POINT('',(-0.0305067567567567,0.03475,-0.00908046211505172));
#7522=CARTESIAN_POINT('',(0.,0.03475,-0.00908046211505172));
#7523=CARTESIAN_POINT('',(0.0385067567567568,-0.03475,-0.003));
#7524=CARTESIAN_POINT('',(-0.0385067567567568,0.02675,-0.00911694488774203));
#7525=CARTESIAN_POINT('',(-0.0385067567567568,0.02675,-0.003));
#7526=CARTESIAN_POINT('',(-0.0385067567567568,0.0320833333333333,-0.00911694488774203));
#7527=CARTESIAN_POINT('',(-0.0385067567567568,0.0320833333333333,-0.003));
#7528=CARTESIAN_POINT('',(-0.0358400900900901,0.03475,-0.00911694488774203));
#7529=CARTESIAN_POINT('',(-0.0358400900900901,0.03475,-0.003));
#7530=CARTESIAN_POINT('',(-0.0305067567567567,0.03475,-0.00911694488774203));
#7531=CARTESIAN_POINT('',(-0.0305067567567567,0.03475,-0.003));
#7532=CARTESIAN_POINT('',(-0.0385067567567568,0.02675,-0.003));
#7533=CARTESIAN_POINT('',(-0.0385067567567568,0.0320833333333333,-0.003));
#7534=CARTESIAN_POINT('',(-0.0358400900900901,0.03475,-0.003));
#7535=CARTESIAN_POINT('',(-0.0305067567567567,0.03475,-0.003));
#7536=CARTESIAN_POINT('',(-0.0385067567567568,0.02675,-0.003));
#7537=CARTESIAN_POINT('',(-0.0305067567567567,0.03475,-0.003));
#7538=CARTESIAN_POINT('',(-0.0305067567567568,0.03475,-0.00908046211505172));
#7539=CARTESIAN_POINT('',(-0.0305067567567568,0.03475,-0.00705364141003448));
#7540=CARTESIAN_POINT('',(-0.0305067567567568,0.03475,-0.00502682070501724));
#7541=CARTESIAN_POINT('',(-0.0305067567567568,0.03475,-0.003));
#7542=CARTESIAN_POINT('',(-0.0385067567567568,0.02675,-0.003));
#7543=CARTESIAN_POINT('',(-0.0385067567567568,0.02675,-0.00479351760228144));
#7544=CARTESIAN_POINT('',(-0.0385067567567568,0.02675,-0.00658703520456289));
#7545=CARTESIAN_POINT('',(-0.0385067567567568,0.02675,-0.00838055280684433));
#7546=CARTESIAN_POINT('',(0.,0.,0.001));
#7547=CARTESIAN_POINT('',(-0.0333483759114203,0.0300948758225013,0.001));
#7548=CARTESIAN_POINT('',(-0.0350483759114203,0.0300948758225013,0.001));
#7549=CARTESIAN_POINT('',(0.,0.,0.001));
#7550=CARTESIAN_POINT('',(0.0333483759114203,0.0300948758225013,0.001));
#7551=CARTESIAN_POINT('',(0.0316483759114203,0.0300948758225013,0.001));
#7552=CARTESIAN_POINT('',(0.,0.,0.001));
#7553=CARTESIAN_POINT('',(0.0333483759114203,-0.0300948758225013,0.001));
#7554=CARTESIAN_POINT('',(0.0316483759114203,-0.0300948758225013,0.001));
#7555=CARTESIAN_POINT('',(0.,0.,0.001));
#7556=CARTESIAN_POINT('',(-0.0333483759114203,-0.0300948758225013,0.001));
#7557=CARTESIAN_POINT('',(-0.0350483759114203,-0.0300948758225013,0.001));
#7558=CARTESIAN_POINT('',(-0.0305067567567567,0.03475,-0.003));
#7559=CARTESIAN_POINT('',(-0.0305067567567567,0.03475,0.01));
#7560=CARTESIAN_POINT('',(-0.0358400900900901,0.0347500000000001,-0.003));
#7561=CARTESIAN_POINT('',(-0.0358400900900901,0.0347500000000001,0.01));
#7562=CARTESIAN_POINT('',(-0.0385067567567568,0.0320833333333334,-0.003));
#7563=CARTESIAN_POINT('',(-0.0385067567567568,0.0320833333333334,0.01));
#7564=CARTESIAN_POINT('',(-0.0385067567567568,0.02675,-0.003));
#7565=CARTESIAN_POINT('',(-0.0385067567567568,0.02675,0.01));
#7566=CARTESIAN_POINT('',(-0.0385067567567568,0.02675,0.01));
#7567=CARTESIAN_POINT('',(-0.0385067567567568,0.02675,0.00566666666666666));
#7568=CARTESIAN_POINT('',(-0.0385067567567568,0.02675,0.00133333333333333));
#7569=CARTESIAN_POINT('',(-0.0385067567567568,0.02675,-0.003));
#7570=CARTESIAN_POINT('',(-0.0305067567567568,0.03475,-0.003));
#7571=CARTESIAN_POINT('',(-0.0305067567567568,0.03475,0.00133333333333333));
#7572=CARTESIAN_POINT('',(-0.0305067567567568,0.03475,0.00566666666666666));
#7573=CARTESIAN_POINT('',(-0.0305067567567568,0.03475,0.01));
#7574=CARTESIAN_POINT('',(0.0035,0.03475,-0.003));
#7575=CARTESIAN_POINT('',(0.0036398362133627,0.03475,0.003095));
#7576=CARTESIAN_POINT('',(0.0036398362133627,0.03475,-0.004905));
#7577=CARTESIAN_POINT('',(0.0116398362133627,0.03475,0.003095));
#7578=CARTESIAN_POINT('',(0.0116398362133627,0.03475,-0.003));
#7579=CARTESIAN_POINT('',(0.0305067567567567,0.03475,0.01));
#7580=CARTESIAN_POINT('',(0.0305067567567567,0.03475,0.00566666666666666));
#7581=CARTESIAN_POINT('',(0.0305067567567567,0.03475,0.00133333333333333));
#7582=CARTESIAN_POINT('',(0.0305067567567567,0.03475,-0.003));
#7583=CARTESIAN_POINT('',(-0.0116108362133612,0.03475,0.003095));
#7584=CARTESIAN_POINT('',(-0.0116108362133612,0.03475,0.003095));
#7585=CARTESIAN_POINT('',(-0.00361083621336124,0.03475,0.003095));
#7586=CARTESIAN_POINT('',(-0.00361083621336124,0.03475,-0.004905));
#7587=CARTESIAN_POINT('',(0.0036398362133627,0.03475,-0.004905));
#7588=CARTESIAN_POINT('',(0.0305067567567567,0.03475,0.01));
#7589=CARTESIAN_POINT('',(0.0305067567567567,0.03475,-0.003));
#7590=CARTESIAN_POINT('',(0.0358400900900901,0.0347500000000001,0.01));
#7591=CARTESIAN_POINT('',(0.0358400900900901,0.0347500000000001,-0.003));
#7592=CARTESIAN_POINT('',(0.0385067567567568,0.0320833333333333,0.01));
#7593=CARTESIAN_POINT('',(0.0385067567567568,0.0320833333333333,-0.003));
#7594=CARTESIAN_POINT('',(0.0385067567567568,0.02675,0.01));
#7595=CARTESIAN_POINT('',(0.0385067567567568,0.02675,-0.003));
#7596=CARTESIAN_POINT('',(0.0385067567567568,0.02675,-0.003));
#7597=CARTESIAN_POINT('',(0.0385067567567568,0.02675,0.00133333333333333));
#7598=CARTESIAN_POINT('',(0.0385067567567568,0.02675,0.00566666666666666));
#7599=CARTESIAN_POINT('',(0.0385067567567568,0.02675,0.01));
#7600=CARTESIAN_POINT('',(0.0385067567567568,0.,-0.003));
#7601=CARTESIAN_POINT('',(0.0385067567567568,-0.02675,0.01));
#7602=CARTESIAN_POINT('',(0.0385067567567568,-0.02675,0.00566666666666666));
#7603=CARTESIAN_POINT('',(0.0385067567567568,-0.02675,0.00133333333333333));
#7604=CARTESIAN_POINT('',(0.0385067567567568,-0.02675,-0.003));
#7605=CARTESIAN_POINT('',(0.0305067567567567,-0.03475,-0.003));
#7606=CARTESIAN_POINT('',(0.0305067567567567,-0.03475,0.01));
#7607=CARTESIAN_POINT('',(0.0358400900900901,-0.0347500000000001,-0.003));
#7608=CARTESIAN_POINT('',(0.0358400900900901,-0.0347500000000001,0.01));
#7609=CARTESIAN_POINT('',(0.0385067567567568,-0.0320833333333334,-0.003));
#7610=CARTESIAN_POINT('',(0.0385067567567568,-0.0320833333333334,0.01));
#7611=CARTESIAN_POINT('',(0.0385067567567568,-0.02675,-0.003));
#7612=CARTESIAN_POINT('',(0.0385067567567568,-0.02675,0.01));
#7613=CARTESIAN_POINT('',(0.0305067567567567,-0.03475,-0.003));
#7614=CARTESIAN_POINT('',(0.0305067567567567,-0.03475,0.00133333333333333));
#7615=CARTESIAN_POINT('',(0.0305067567567567,-0.03475,0.00566666666666666));
#7616=CARTESIAN_POINT('',(0.0305067567567567,-0.03475,0.01));
#7617=CARTESIAN_POINT('',(0.,-0.03475,-0.003));
#7618=CARTESIAN_POINT('',(-0.0305067567567567,-0.03475,0.01));
#7619=CARTESIAN_POINT('',(-0.0305067567567567,-0.03475,0.00566666666666666));
#7620=CARTESIAN_POINT('',(-0.0305067567567567,-0.03475,0.00133333333333333));
#7621=CARTESIAN_POINT('',(-0.0305067567567567,-0.03475,-0.003));
#7622=CARTESIAN_POINT('',(-0.0305067567567567,-0.03475,0.01));
#7623=CARTESIAN_POINT('',(-0.0305067567567567,-0.03475,-0.003));
#7624=CARTESIAN_POINT('',(-0.0358400900900901,-0.0347500000000001,0.01));
#7625=CARTESIAN_POINT('',(-0.0358400900900901,-0.0347500000000001,-0.003));
#7626=CARTESIAN_POINT('',(-0.0385067567567568,-0.0320833333333333,0.01));
#7627=CARTESIAN_POINT('',(-0.0385067567567568,-0.0320833333333333,-0.003));
#7628=CARTESIAN_POINT('',(-0.0385067567567568,-0.02675,0.01));
#7629=CARTESIAN_POINT('',(-0.0385067567567568,-0.02675,-0.003));
#7630=CARTESIAN_POINT('',(-0.0385067567567568,-0.02675,-0.003));
#7631=CARTESIAN_POINT('',(-0.0385067567567568,-0.02675,0.00133333333333333));
#7632=CARTESIAN_POINT('',(-0.0385067567567568,-0.02675,0.00566666666666666));
#7633=CARTESIAN_POINT('',(-0.0385067567567568,-0.02675,0.01));
#7634=CARTESIAN_POINT('',(-0.0385067567567568,0.02875,-0.003));
#7635=CARTESIAN_POINT('',(-0.0333483759114203,0.0300948758225013,-0.003));
#7636=CARTESIAN_POINT('',(0.0333483759114203,0.0300948758225013,-0.003));
#7637=CARTESIAN_POINT('',(0.0333483759114203,-0.0300948758225013,-0.003));
#7638=CARTESIAN_POINT('',(-0.0333483759114203,-0.0300948758225013,-0.003));
#7639=CARTESIAN_POINT('',(0.,0.,0.007));
#7640=CARTESIAN_POINT('',(0.03075,-0.0206078643762691,0.007));
#7641=CARTESIAN_POINT('',(0.03075,-0.0215312127621378,0.007));
#7642=CARTESIAN_POINT('',(0.0304237178742506,-0.0233718404462734,0.00700000000000001));
#7643=CARTESIAN_POINT('',(0.0293524910334257,-0.024904868279455,0.007));
#7644=CARTESIAN_POINT('',(0.0286997474683059,-0.0255576118445749,0.007));
#7645=CARTESIAN_POINT('',(0.0286997474683059,-0.0255576118445749,0.007));
#7646=CARTESIAN_POINT('',(0.0286286796564404,-0.0256286796564403,0.007));
#7647=CARTESIAN_POINT('',(0.0285576118445749,-0.0256997474683059,0.007));
#7648=CARTESIAN_POINT('',(0.0285576118445749,-0.0256997474683059,0.007));
#7649=CARTESIAN_POINT('',(0.0279047059395294,-0.0263526533733513,0.007));
#7650=CARTESIAN_POINT('',(0.0263724693187401,-0.0274234573867459,0.007));
#7651=CARTESIAN_POINT('',(0.0245309831788133,-0.02775,0.007));
#7652=CARTESIAN_POINT('',(0.023607864376269,-0.02775,0.007));
#7653=CARTESIAN_POINT('',(-0.023607864376269,-0.02775,0.007));
#7654=CARTESIAN_POINT('',(-0.0245312127621378,-0.02775,0.007));
#7655=CARTESIAN_POINT('',(-0.0263718404462734,-0.0274237178742506,0.007));
#7656=CARTESIAN_POINT('',(-0.027904868279455,-0.0263524910334257,0.007));
#7657=CARTESIAN_POINT('',(-0.0285576118445749,-0.0256997474683059,0.007));
#7658=CARTESIAN_POINT('',(-0.0285576118445749,-0.0256997474683059,0.007));
#7659=CARTESIAN_POINT('',(-0.0286286796564404,-0.0256286796564403,0.007));
#7660=CARTESIAN_POINT('',(-0.0286997474683059,-0.0255576118445749,0.007));
#7661=CARTESIAN_POINT('',(-0.0286997474683059,-0.0255576118445749,0.007));
#7662=CARTESIAN_POINT('',(-0.0293526533733513,-0.0249047059395294,0.007));
#7663=CARTESIAN_POINT('',(-0.0304234573867459,-0.02337246931874,0.007));
#7664=CARTESIAN_POINT('',(-0.03075,-0.0215309831788133,0.007));
#7665=CARTESIAN_POINT('',(-0.03075,-0.0206078643762691,0.007));
#7666=CARTESIAN_POINT('',(-0.03075,0.0206078643762691,0.007));
#7667=CARTESIAN_POINT('',(-0.03075,0.0215312127621378,0.007));
#7668=CARTESIAN_POINT('',(-0.0304237178742506,0.0233718404462734,0.007));
#7669=CARTESIAN_POINT('',(-0.0293524910334257,0.024904868279455,0.007));
#7670=CARTESIAN_POINT('',(-0.0286997474683059,0.0255576118445749,0.007));
#7671=CARTESIAN_POINT('',(-0.0286997474683059,0.0255576118445749,0.007));
#7672=CARTESIAN_POINT('',(-0.0286286796564404,0.0256286796564403,0.007));
#7673=CARTESIAN_POINT('',(-0.0285576118445749,0.0256997474683059,0.007));
#7674=CARTESIAN_POINT('',(-0.0285576118445749,0.0256997474683059,0.007));
#7675=CARTESIAN_POINT('',(-0.0279047059395294,0.0263526533733513,0.007));
#7676=CARTESIAN_POINT('',(-0.02637246931874,0.0274234573867459,0.00700000000000001));
#7677=CARTESIAN_POINT('',(-0.0245309831788133,0.02775,0.007));
#7678=CARTESIAN_POINT('',(-0.023607864376269,0.02775,0.007));
#7679=CARTESIAN_POINT('',(0.,0.02795,0.007));
#7680=CARTESIAN_POINT('',(-0.03095,0.02795,0.007));
#7681=CARTESIAN_POINT('',(-0.03095,0.,0.007));
#7682=CARTESIAN_POINT('',(-0.03095,-0.02795,0.007));
#7683=CARTESIAN_POINT('',(0.,-0.02795,0.007));
#7684=CARTESIAN_POINT('',(0.03095,-0.02795,0.007));
#7685=CARTESIAN_POINT('',(0.03095,0.,0.007));
#7686=CARTESIAN_POINT('',(0.03095,0.02795,0.007));
#7687=CARTESIAN_POINT('',(0.,0.02795,0.007));
#7688=CARTESIAN_POINT('',(0.023607864376269,0.02775,0.007));
#7689=CARTESIAN_POINT('',(0.0245312127621378,0.02775,0.007));
#7690=CARTESIAN_POINT('',(0.0263718404462734,0.0274237178742506,0.007));
#7691=CARTESIAN_POINT('',(0.027904868279455,0.0263524910334257,0.007));
#7692=CARTESIAN_POINT('',(0.0285576118445749,0.0256997474683059,0.007));
#7693=CARTESIAN_POINT('',(0.0285576118445749,0.0256997474683059,0.007));
#7694=CARTESIAN_POINT('',(0.0286286796564404,0.0256286796564403,0.007));
#7695=CARTESIAN_POINT('',(0.0286997474683059,0.0255576118445749,0.007));
#7696=CARTESIAN_POINT('',(0.0286997474683059,0.0255576118445749,0.007));
#7697=CARTESIAN_POINT('',(0.0293526533733513,0.0249047059395294,0.007));
#7698=CARTESIAN_POINT('',(0.0304234573867459,0.02337246931874,0.007));
#7699=CARTESIAN_POINT('',(0.03075,0.0215309831788133,0.007));
#7700=CARTESIAN_POINT('',(0.03075,0.0206078643762691,0.007));
#7701=CARTESIAN_POINT('',(-0.03075,-0.020607864376269,0.002595));
#7702=CARTESIAN_POINT('',(-0.03075,-0.020607864376269,0.007));
#7703=CARTESIAN_POINT('',(-0.03075,-0.0225408610006768,0.00259500000000001));
#7704=CARTESIAN_POINT('',(-0.03075,-0.0225408610006768,0.00700000000000001));
#7705=CARTESIAN_POINT('',(-0.0300665824894353,-0.0241907768234454,0.00259500000000001));
#7706=CARTESIAN_POINT('',(-0.0300665824894353,-0.0241907768234454,0.00700000000000001));
#7707=CARTESIAN_POINT('',(-0.0286997474683058,-0.0255576118445749,0.002595));
#7708=CARTESIAN_POINT('',(-0.0286997474683058,-0.0255576118445749,0.007));
#7709=CARTESIAN_POINT('',(-0.0286997474683058,-0.0255576118445749,0.002595));
#7710=CARTESIAN_POINT('',(-0.0286997474683058,-0.0255576118445749,0.00406333333333333));
#7711=CARTESIAN_POINT('',(-0.0286997474683058,-0.0255576118445749,0.00553166666666667));
#7712=CARTESIAN_POINT('',(-0.0286997474683058,-0.0255576118445749,0.007));
#7713=CARTESIAN_POINT('',(-0.0285576118445749,-0.0256997474683059,0.002595));
#7714=CARTESIAN_POINT('',(-0.0285576118445749,-0.0256997474683059,0.007));
#7715=CARTESIAN_POINT('',(-0.0271907768234454,-0.0270665824894353,0.002595));
#7716=CARTESIAN_POINT('',(-0.0271907768234454,-0.0270665824894353,0.007));
#7717=CARTESIAN_POINT('',(-0.0255408610006768,-0.02775,0.002595));
#7718=CARTESIAN_POINT('',(-0.0255408610006768,-0.02775,0.007));
#7719=CARTESIAN_POINT('',(-0.023607864376269,-0.02775,0.002595));
#7720=CARTESIAN_POINT('',(-0.023607864376269,-0.02775,0.007));
#7721=CARTESIAN_POINT('',(-0.0285576118445749,-0.0256997474683058,0.007));
#7722=CARTESIAN_POINT('',(-0.0285576118445749,-0.0256997474683058,0.00553166666666667));
#7723=CARTESIAN_POINT('',(-0.0285576118445749,-0.0256997474683058,0.00406333333333333));
#7724=CARTESIAN_POINT('',(-0.0285576118445749,-0.0256997474683058,0.002595));
#7725=CARTESIAN_POINT('',(-0.0286286796564404,-0.0256286796564403,0.007));
#7726=CARTESIAN_POINT('',(-0.03075,0.020607864376269,0.007));
#7727=CARTESIAN_POINT('',(-0.03075,0.020607864376269,0.002595));
#7728=CARTESIAN_POINT('',(-0.03075,0.0225408610006768,0.00699999999999999));
#7729=CARTESIAN_POINT('',(-0.03075,0.0225408610006768,0.00259499999999999));
#7730=CARTESIAN_POINT('',(-0.0300665824894353,0.0241907768234454,0.007));
#7731=CARTESIAN_POINT('',(-0.0300665824894353,0.0241907768234454,0.002595));
#7732=CARTESIAN_POINT('',(-0.0286997474683058,0.0255576118445749,0.007));
#7733=CARTESIAN_POINT('',(-0.0286997474683058,0.0255576118445749,0.002595));
#7734=CARTESIAN_POINT('',(-0.0286997474683058,0.0255576118445749,0.007));
#7735=CARTESIAN_POINT('',(-0.0286997474683058,0.0255576118445749,0.00553166666666667));
#7736=CARTESIAN_POINT('',(-0.0286997474683058,0.0255576118445749,0.00406333333333333));
#7737=CARTESIAN_POINT('',(-0.0286997474683058,0.0255576118445749,0.002595));
#7738=CARTESIAN_POINT('',(-0.0285576118445749,0.0256997474683058,0.007));
#7739=CARTESIAN_POINT('',(-0.0285576118445749,0.0256997474683058,0.002595));
#7740=CARTESIAN_POINT('',(-0.0271907768234454,0.0270665824894353,0.007));
#7741=CARTESIAN_POINT('',(-0.0271907768234454,0.0270665824894353,0.002595));
#7742=CARTESIAN_POINT('',(-0.0255408610006768,0.02775,0.007));
#7743=CARTESIAN_POINT('',(-0.0255408610006768,0.02775,0.002595));
#7744=CARTESIAN_POINT('',(-0.023607864376269,0.02775,0.007));
#7745=CARTESIAN_POINT('',(-0.023607864376269,0.02775,0.002595));
#7746=CARTESIAN_POINT('',(-0.0285576118445749,0.0256997474683058,0.002595));
#7747=CARTESIAN_POINT('',(-0.0285576118445749,0.0256997474683058,0.00406333333333333));
#7748=CARTESIAN_POINT('',(-0.0285576118445749,0.0256997474683058,0.00553166666666667));
#7749=CARTESIAN_POINT('',(-0.0285576118445749,0.0256997474683058,0.007));
#7750=CARTESIAN_POINT('',(-0.0286286796564404,0.0256286796564403,0.007));
#7751=CARTESIAN_POINT('',(0.03075,0.020607864376269,0.002595));
#7752=CARTESIAN_POINT('',(0.03075,0.020607864376269,0.007));
#7753=CARTESIAN_POINT('',(0.03075,0.0225408610006768,0.00259500000000001));
#7754=CARTESIAN_POINT('',(0.03075,0.0225408610006768,0.00700000000000001));
#7755=CARTESIAN_POINT('',(0.0300665824894353,0.0241907768234454,0.00259500000000001));
#7756=CARTESIAN_POINT('',(0.0300665824894353,0.0241907768234454,0.00700000000000001));
#7757=CARTESIAN_POINT('',(0.0286997474683058,0.0255576118445749,0.002595));
#7758=CARTESIAN_POINT('',(0.0286997474683058,0.0255576118445749,0.007));
#7759=CARTESIAN_POINT('',(0.0286997474683058,0.0255576118445749,0.002595));
#7760=CARTESIAN_POINT('',(0.0286997474683058,0.0255576118445749,0.00406333333333333));
#7761=CARTESIAN_POINT('',(0.0286997474683058,0.0255576118445749,0.00553166666666667));
#7762=CARTESIAN_POINT('',(0.0286997474683058,0.0255576118445749,0.007));
#7763=CARTESIAN_POINT('',(0.0285576118445749,0.0256997474683058,0.002595));
#7764=CARTESIAN_POINT('',(0.0285576118445749,0.0256997474683058,0.007));
#7765=CARTESIAN_POINT('',(0.0271907768234454,0.0270665824894353,0.002595));
#7766=CARTESIAN_POINT('',(0.0271907768234454,0.0270665824894353,0.007));
#7767=CARTESIAN_POINT('',(0.0255408610006768,0.02775,0.002595));
#7768=CARTESIAN_POINT('',(0.0255408610006768,0.02775,0.007));
#7769=CARTESIAN_POINT('',(0.023607864376269,0.02775,0.002595));
#7770=CARTESIAN_POINT('',(0.023607864376269,0.02775,0.007));
#7771=CARTESIAN_POINT('',(0.0285576118445749,0.0256997474683058,0.007));
#7772=CARTESIAN_POINT('',(0.0285576118445749,0.0256997474683058,0.00553166666666667));
#7773=CARTESIAN_POINT('',(0.0285576118445749,0.0256997474683058,0.00406333333333333));
#7774=CARTESIAN_POINT('',(0.0285576118445749,0.0256997474683058,0.002595));
#7775=CARTESIAN_POINT('',(0.0286286796564404,0.0256286796564403,0.007));
#7776=CARTESIAN_POINT('',(0.03075,-0.020607864376269,0.007));
#7777=CARTESIAN_POINT('',(0.03075,-0.020607864376269,0.002595));
#7778=CARTESIAN_POINT('',(0.03075,-0.0225408610006768,0.00699999999999999));
#7779=CARTESIAN_POINT('',(0.03075,-0.0225408610006768,0.00259499999999999));
#7780=CARTESIAN_POINT('',(0.0300665824894353,-0.0241907768234454,0.007));
#7781=CARTESIAN_POINT('',(0.0300665824894353,-0.0241907768234454,0.002595));
#7782=CARTESIAN_POINT('',(0.0286997474683058,-0.0255576118445749,0.007));
#7783=CARTESIAN_POINT('',(0.0286997474683058,-0.0255576118445749,0.002595));
#7784=CARTESIAN_POINT('',(0.0286997474683058,-0.0255576118445749,0.007));
#7785=CARTESIAN_POINT('',(0.0286997474683058,-0.0255576118445749,0.00553166666666667));
#7786=CARTESIAN_POINT('',(0.0286997474683058,-0.0255576118445749,0.00406333333333333));
#7787=CARTESIAN_POINT('',(0.0286997474683058,-0.0255576118445749,0.002595));
#7788=CARTESIAN_POINT('',(0.0285576118445749,-0.0256997474683059,0.007));
#7789=CARTESIAN_POINT('',(0.0285576118445749,-0.0256997474683059,0.002595));
#7790=CARTESIAN_POINT('',(0.0271907768234454,-0.0270665824894353,0.007));
#7791=CARTESIAN_POINT('',(0.0271907768234454,-0.0270665824894353,0.002595));
#7792=CARTESIAN_POINT('',(0.0255408610006768,-0.02775,0.007));
#7793=CARTESIAN_POINT('',(0.0255408610006768,-0.02775,0.002595));
#7794=CARTESIAN_POINT('',(0.023607864376269,-0.02775,0.007));
#7795=CARTESIAN_POINT('',(0.023607864376269,-0.02775,0.002595));
#7796=CARTESIAN_POINT('',(0.0285576118445749,-0.0256997474683058,0.002595));
#7797=CARTESIAN_POINT('',(0.0285576118445749,-0.0256997474683058,0.00406333333333333));
#7798=CARTESIAN_POINT('',(0.0285576118445749,-0.0256997474683058,0.00553166666666667));
#7799=CARTESIAN_POINT('',(0.0285576118445749,-0.0256997474683058,0.007));
#7800=CARTESIAN_POINT('',(0.0286286796564404,-0.0256286796564403,0.007));
#7801=CARTESIAN_POINT('',(0.,0.00975,0.000482268942474141));
#7802=CARTESIAN_POINT('',(0.,0.0300379849999996,0.000482268942474141));
#7803=CARTESIAN_POINT('',(-0.00361083621336124,0.0300379849999996,0.003095));
#7804=CARTESIAN_POINT('',(-0.00361083621336124,0.0300379849999996,-0.000192984999999645));
#7805=CARTESIAN_POINT('',(-0.0068988212133609,0.0300379849999996,0.003095));
#7806=CARTESIAN_POINT('',(-0.0068988212133609,0.0300379849999996,-0.003));
#7807=CARTESIAN_POINT('',(0.00692782121336237,0.0300379849999996,0.00395));
#7808=CARTESIAN_POINT('',(0.00692782121336237,0.0300379849999996,0.003095));
#7809=CARTESIAN_POINT('',(0.0036398362133627,0.0300379849999996,0.003095));
#7810=CARTESIAN_POINT('',(0.0036398362133627,0.0300379849999996,-0.000192984999999646));
#7811=CARTESIAN_POINT('',(0.0035,0.0300379849999996,-0.000192984999999646));
#7812=CARTESIAN_POINT('',(-0.0116108362133612,0.03475,-0.003));
#7813=CARTESIAN_POINT('',(-0.0116108362133612,0.03475,0.003095));
#7814=CARTESIAN_POINT('',(-0.00361083621336124,0.02975,0.003095));
#7815=CARTESIAN_POINT('',(-0.00361083621336124,0.03475,-0.004905));
#7816=CARTESIAN_POINT('',(0.0035,0.03475,-0.004905));
#7817=CARTESIAN_POINT('',(0.0036398362133627,0.03475,-0.004905));
#7818=CARTESIAN_POINT('',(0.0036398362133627,0.02975,0.003095));
#7819=CARTESIAN_POINT('',(0.0116398362133627,0.03475,0.003095));
#7820=CARTESIAN_POINT('',(0.0066398362133627,0.02975,0.00395));
#7821=CARTESIAN_POINT('',(0.,0.0295379849999953,0.000482268942474141));
#7822=CARTESIAN_POINT('',(-0.00873549999999821,0.0295379849999953,0.01));
#7823=CARTESIAN_POINT('',(-0.00873549999999821,0.0295379849999953,0.00860166666666668));
#7824=CARTESIAN_POINT('',(-0.00873549999999821,0.0295379849999953,0.00720333333333335));
#7825=CARTESIAN_POINT('',(-0.00873549999999821,0.0295379849999953,0.00580500000000003));
#7826=CARTESIAN_POINT('',(-0.00873549999999821,0.0295379849999953,0.005805));
#7827=CARTESIAN_POINT('',(-0.00873549999999868,0.0295379849999953,0.00580500000000002));
#7828=CARTESIAN_POINT('',(-0.0075528502691885,0.0295379849999953,0.00580500000000002));
#7829=CARTESIAN_POINT('',(-0.00637020053837833,0.0295379849999953,0.00580500000000002));
#7830=CARTESIAN_POINT('',(-0.00518755080756815,0.0295379849999953,0.00580500000000002));
#7831=CARTESIAN_POINT('',(0.00521655080756984,0.0295379849999953,0.00580500000000002));
#7832=CARTESIAN_POINT('',(0.00638953387170724,0.0295379849999953,0.00580500000000002));
#7833=CARTESIAN_POINT('',(0.00756251693584464,0.0295379849999953,0.00580500000000002));
#7834=CARTESIAN_POINT('',(0.00873549999998204,0.0295379849999953,0.00580500000000002));
#7835=CARTESIAN_POINT('',(0.00873549999999821,0.0295379849999953,0.00580499999999685));
#7836=CARTESIAN_POINT('',(0.00873549999999821,0.0295379849999953,0.00580499999999685));
#7837=CARTESIAN_POINT('',(0.00873549999999821,0.0295379849999953,0.00720333333333126));
#7838=CARTESIAN_POINT('',(0.00873549999999821,0.0295379849999953,0.00860166666666566));
#7839=CARTESIAN_POINT('',(0.00873549999999821,0.0295379849999953,0.0100000000000001));
#7840=CARTESIAN_POINT('',(0.00818766810668046,0.0295379849999953,0.004805));
#7841=CARTESIAN_POINT('',(0.00873549999999821,0.0277499999999998,0.004805));
#7842=CARTESIAN_POINT('',(0.00873549999999821,0.0280126616666649,0.004805));
#7843=CARTESIAN_POINT('',(0.00873549999999821,0.02827532333333,0.004805));
#7844=CARTESIAN_POINT('',(0.00873549999999821,0.0285379849999951,0.004805));
#7845=CARTESIAN_POINT('',(0.00873549999999821,0.0285379849999951,0.004805));
#7846=CARTESIAN_POINT('',(0.00873549999998205,0.0285379849999953,0.004805));
#7847=CARTESIAN_POINT('',(0.00765183333332197,0.0285379849999953,0.004805));
#7848=CARTESIAN_POINT('',(0.00656816666666189,0.0285379849999953,0.004805));
#7849=CARTESIAN_POINT('',(0.00548450000000181,0.0285379849999953,0.004805));
#7850=CARTESIAN_POINT('',(0.00818766810668046,0.0295379849999953,0.004805));
#7851=CARTESIAN_POINT('',(-0.00545549999999926,0.0285379849999953,0.004805));
#7852=CARTESIAN_POINT('',(-0.0065488333333324,0.0285379849999953,0.004805));
#7853=CARTESIAN_POINT('',(-0.00764216666666555,0.0285379849999953,0.004805));
#7854=CARTESIAN_POINT('',(-0.00873549999999869,0.0285379849999953,0.004805));
#7855=CARTESIAN_POINT('',(-0.00873549999999821,0.0285379849999951,0.004805));
#7856=CARTESIAN_POINT('',(-0.00873549999999819,0.0285379849999951,0.004805));
#7857=CARTESIAN_POINT('',(-0.00873549999999819,0.02827532333333,0.004805));
#7858=CARTESIAN_POINT('',(-0.00873549999999819,0.0280126616666649,0.004805));
#7859=CARTESIAN_POINT('',(-0.00873549999999819,0.0277499999999998,0.004805));
#7860=CARTESIAN_POINT('',(0.,0.02795,0.006998));
#7861=CARTESIAN_POINT('',(-0.03095,0.02795,0.006998));
#7862=CARTESIAN_POINT('',(0.,-0.02795,0.006998));
#7863=CARTESIAN_POINT('',(-0.03095,-0.02795,0.006998));
#7864=CARTESIAN_POINT('',(0.03095,-0.02795,0.006998));
#7865=CARTESIAN_POINT('',(-0.03095,0.,0.006998));
#7866=CARTESIAN_POINT('',(0.03095,0.,0.006998));
#7867=CARTESIAN_POINT('',(0.03095,0.02795,0.006998));
#7868=CARTESIAN_POINT('',(0.,0.02795,0.006998));
#7869=CARTESIAN_POINT('',(-0.00936049999999829,0.0291629849999952,0.00518));
#7870=CARTESIAN_POINT('',(-0.00938133333333161,0.0291213183333286,0.0051591666666667));
#7871=CARTESIAN_POINT('',(-0.00939975331325017,0.029077111115128,0.00514074668674814));
#7872=CARTESIAN_POINT('',(-0.0094310638131199,0.0289834336400369,0.00510943618687839));
#7873=CARTESIAN_POINT('',(-0.00944395433307108,0.0289339633831465,0.00509654566692721));
#7874=CARTESIAN_POINT('',(-0.00947327757326676,0.028777385151007,0.0050672224267315));
#7875=CARTESIAN_POINT('',(-0.00948549999999821,0.0286629849999952,0.005055));
#7876=CARTESIAN_POINT('',(-0.0094854999999982,0.0285379849999952,0.005055));
#7877=CARTESIAN_POINT('',(-0.00938133333333161,0.0291838183333286,0.0052216666666667));
#7878=CARTESIAN_POINT('',(-0.00941687413981642,0.02913602580648,0.00520695919351521));
#7879=CARTESIAN_POINT('',(-0.00944506223260819,0.0290865983218312,0.00519309323415654));
#7880=CARTESIAN_POINT('',(-0.0094887466515567,0.0289855443945376,0.00516802097309174));
#7881=CARTESIAN_POINT('',(-0.00950424297771346,0.0289339179518929,0.00515681467138561));
#7882=CARTESIAN_POINT('',(-0.00953471479735787,0.0287773466233721,0.00512865019784639));
#7883=CARTESIAN_POINT('',(-0.0095406597947233,0.0286629853205944,0.00511015979472512));
#7884=CARTESIAN_POINT('',(-0.00953332585499061,0.0285379849999952,0.00510282585499242));
#7885=CARTESIAN_POINT('',(-0.00939975331325017,0.0292022383132471,0.00526587388486727));
#7886=CARTESIAN_POINT('',(-0.00944506223264905,0.029149891765798,0.00525638675831383));
#7887=CARTESIAN_POINT('',(-0.009479417735786,0.0290963993817164,0.00524658576736699));
#7888=CARTESIAN_POINT('',(-0.00953078546726693,0.0289894798198829,0.00522742307576169));
#7889=CARTESIAN_POINT('',(-0.00954783655680028,0.0289360314303917,0.00521806137510323));
#7890=CARTESIAN_POINT('',(-0.00957971134236221,0.0287779718799966,0.00519223573717317));
#7891=CARTESIAN_POINT('',(-0.00958291518878797,0.0286634483665804,0.0051704414093523));
#7892=CARTESIAN_POINT('',(-0.00957407077295215,0.0285379849999952,0.00515761114734936));
#7893=CARTESIAN_POINT('',(-0.0094310638131199,0.0292335488131168,0.00535955135995831));
#7894=CARTESIAN_POINT('',(-0.00948874665166902,0.0291749640267916,0.00535744088598186));
#7895=CARTESIAN_POINT('',(-0.0095307853915584,0.0291155621929597,0.00535350557396783));
#7896=CARTESIAN_POINT('',(-0.00959187578106093,0.0289997401335447,0.00534324530004721));
#7897=CARTESIAN_POINT('',(-0.0096110668646334,0.0289432498470013,0.00533692033814063));
#7898=CARTESIAN_POINT('',(-0.0096464252595213,0.0287804425018303,0.00531625101685599));
#7899=CARTESIAN_POINT('',(-0.00964795963129551,0.0286649264067658,0.00529289250844962));
#7900=CARTESIAN_POINT('',(-0.00964003765212212,0.0285379849999952,0.00527570706029191));
#7901=CARTESIAN_POINT('',(-0.00944395433307108,0.029246439333068,0.00540902161684878));
#7902=CARTESIAN_POINT('',(-0.00950424297785637,0.0291861703284672,0.00540906744885128));
#7903=CARTESIAN_POINT('',(-0.00954783639893261,0.0291249239443177,0.00540695395180476));
#7904=CARTESIAN_POINT('',(-0.00961106668569254,0.0290060650218611,0.00539973505196085));
#7905=CARTESIAN_POINT('',(-0.00963090469691614,0.028948354785112,0.00539462964916345));
#7906=CARTESIAN_POINT('',(-0.00966848078846627,0.0287822878670397,0.00537681571066574));
#7907=CARTESIAN_POINT('',(-0.00967111415508187,0.0286659414009653,0.00535516306425488));
#7908=CARTESIAN_POINT('',(-0.00966536888754355,0.0285379849999952,0.00533888215240316));
#7909=CARTESIAN_POINT('',(-0.00947327757326676,0.0292757625732637,0.00556559984898813));
#7910=CARTESIAN_POINT('',(-0.00953471479743923,0.0292143348020676,0.00556563901782163));
#7911=CARTESIAN_POINT('',(-0.00957971118900222,0.0291507497132636,0.00556501421880422));
#7912=CARTESIAN_POINT('',(-0.009646425580252,0.0290267340631897,0.00556254429079214));
#7913=CARTESIAN_POINT('',(-0.00966848182782599,0.028966167249023,0.00556069916179747));
#7914=CARTESIAN_POINT('',(-0.00971482899380632,0.0287894929356434,0.00555349468843445));
#7915=CARTESIAN_POINT('',(-0.00972315352189614,0.0286692540520438,0.0055433331144283));
#7916=CARTESIAN_POINT('',(-0.00972229465682379,0.0285379849999952,0.00553364364151994));
#7917=CARTESIAN_POINT('',(-0.00948549999999822,0.0292879849999952,0.00568));
#7918=CARTESIAN_POINT('',(-0.00954065979472331,0.0292328252052701,0.00568000032059926));
#7919=CARTESIAN_POINT('',(-0.0095829149025485,0.0291725441000733,0.00567953783892341));
#7920=CARTESIAN_POINT('',(-0.00964795975421082,0.0290500923057386,0.0056780608132365));
#7921=CARTESIAN_POINT('',(-0.00967111510430746,0.0289878188047215,0.00567704626922545));
#7922=CARTESIAN_POINT('',(-0.0097231525850098,0.0287996547551091,0.00567373485701202));
#7923=CARTESIAN_POINT('',(-0.00973549999999821,0.0286718193774029,0.00567117020862934));
#7924=CARTESIAN_POINT('',(-0.00973549999999821,0.0285379849999952,0.00566974268886626));
#7925=CARTESIAN_POINT('',(-0.00948549999999821,0.0292879849999953,0.005805));
#7926=CARTESIAN_POINT('',(-0.00953332585499061,0.0292401591450028,0.005805));
#7927=CARTESIAN_POINT('',(-0.00957407042801642,0.0291853744087124,0.005805));
#7928=CARTESIAN_POINT('',(-0.0096400376540155,0.0290672779977613,0.005805));
#7929=CARTESIAN_POINT('',(-0.00966536974047802,0.0290041000871694,0.005805));
#7930=CARTESIAN_POINT('',(-0.00972229352808114,0.0288093449047824,0.005805));
#7931=CARTESIAN_POINT('',(-0.00973549999999821,0.0286732475838285,0.005805));
#7932=CARTESIAN_POINT('',(-0.00973549999999821,0.0285379849999952,0.005805));
#7933=CARTESIAN_POINT('',(-0.00936049999999829,0.0291629849999952,0.00518));
#7934=CARTESIAN_POINT('',(-0.00938133333333161,0.0291838183333286,0.0052216666666667));
#7935=CARTESIAN_POINT('',(-0.00939975331325017,0.0292022383132471,0.00526587388486727));
#7936=CARTESIAN_POINT('',(-0.0094310638131199,0.0292335488131168,0.00535955135995831));
#7937=CARTESIAN_POINT('',(-0.00944395433307108,0.029246439333068,0.00540902161684878));
#7938=CARTESIAN_POINT('',(-0.00947327757326676,0.0292757625732637,0.00556559984898813));
#7939=CARTESIAN_POINT('',(-0.00948549999999822,0.0292879849999952,0.00568));
#7940=CARTESIAN_POINT('',(-0.00948549999999821,0.0292879849999953,0.005805));
#7941=CARTESIAN_POINT('',(-0.00948549999999821,0.0292879849999953,0.005805));
#7942=CARTESIAN_POINT('',(-0.00936049999999829,0.0291629849999952,0.00518));
#7943=CARTESIAN_POINT('',(-0.00973549999999821,0.0285379849999952,0.005805));
#7944=CARTESIAN_POINT('',(-0.00973549999999822,0.0288713183333286,0.00580499999999997));
#7945=CARTESIAN_POINT('',(-0.00965216666666489,0.0291213183333286,0.00580499999999997));
#7946=CARTESIAN_POINT('',(-0.00948549999999822,0.0292879849999953,0.005805));
#7947=CARTESIAN_POINT('',(-0.00948549999999821,0.0285379849999952,0.00505499999999999));
#7948=CARTESIAN_POINT('',(-0.00965216666666488,0.0285379849999952,0.00522166666666666));
#7949=CARTESIAN_POINT('',(-0.00973549999999821,0.0285379849999952,0.00547166666666667));
#7950=CARTESIAN_POINT('',(-0.00973549999999821,0.0285379849999952,0.005805));
#7951=CARTESIAN_POINT('',(-0.00948549999999821,0.0285379849999952,0.005055));
#7952=CARTESIAN_POINT('',(-0.00936049999999829,0.0291629849999952,0.00518));
#7953=CARTESIAN_POINT('',(-0.00938133333333161,0.0291213183333286,0.0051591666666667));
#7954=CARTESIAN_POINT('',(-0.00939975331325017,0.029077111115128,0.00514074668674814));
#7955=CARTESIAN_POINT('',(-0.0094310638131199,0.0289834336400369,0.00510943618687839));
#7956=CARTESIAN_POINT('',(-0.00944395433307108,0.0289339633831465,0.00509654566692721));
#7957=CARTESIAN_POINT('',(-0.00947327757326676,0.028777385151007,0.0050672224267315));
#7958=CARTESIAN_POINT('',(-0.00948549999999821,0.0286629849999952,0.005055));
#7959=CARTESIAN_POINT('',(-0.0094854999999982,0.0285379849999952,0.005055));
#7960=CARTESIAN_POINT('',(-0.00936049999999829,0.0291629849999952,0.00518));
#7961=CARTESIAN_POINT('',(-0.00931883333333164,0.0291838183333286,0.0051591666666667));
#7962=CARTESIAN_POINT('',(-0.00927462611513109,0.0292022383132471,0.00514074668674813));
#7963=CARTESIAN_POINT('',(-0.0091809486400401,0.0292335488131168,0.00510943618687838));
#7964=CARTESIAN_POINT('',(-0.00913147838314965,0.029246439333068,0.0050965456669272));
#7965=CARTESIAN_POINT('',(-0.00897490015101035,0.0292757625732637,0.00506722242673149));
#7966=CARTESIAN_POINT('',(-0.00886049999999849,0.0292879849999953,0.005055));
#7967=CARTESIAN_POINT('',(-0.00873549999999853,0.0292879849999953,0.005055));
#7968=CARTESIAN_POINT('',(-0.00938133333333161,0.0291213183333286,0.0051591666666667));
#7969=CARTESIAN_POINT('',(-0.00933354080648313,0.02913602580648,0.00512362586018188));
#7970=CARTESIAN_POINT('',(-0.00928411332183431,0.0291498917658387,0.0050954377673901));
#7971=CARTESIAN_POINT('',(-0.00918305939454079,0.0291749640269035,0.00505175334844156));
#7972=CARTESIAN_POINT('',(-0.00913143295189609,0.0291861703286097,0.00503625702228479));
#7973=CARTESIAN_POINT('',(-0.00897486162337532,0.0292143348021489,0.00500578520264037));
#7974=CARTESIAN_POINT('',(-0.00886050032059772,0.0292328252052701,0.00499984020527494));
#7975=CARTESIAN_POINT('',(-0.00873549999999853,0.0292401591450028,0.00500717414500763));
#7976=CARTESIAN_POINT('',(-0.00939975331325017,0.029077111115128,0.00514074668674814));
#7977=CARTESIAN_POINT('',(-0.00934740676580107,0.0290865982416814,0.00509543776734925));
#7978=CARTESIAN_POINT('',(-0.00929391438171959,0.0290963992326283,0.00506108226421228));
#7979=CARTESIAN_POINT('',(-0.0091869948198861,0.0291155619242335,0.00500971453273132));
#7980=CARTESIAN_POINT('',(-0.00913354643039488,0.029124923624892,0.00499266344319797));
#7981=CARTESIAN_POINT('',(-0.00897548687999981,0.0291507492628221,0.00496078865763602));
#7982=CARTESIAN_POINT('',(-0.0088609633665837,0.0291725435906429,0.00495758481121027));
#7983=CARTESIAN_POINT('',(-0.00873549999999852,0.0291853738526459,0.00496642922704609));
#7984=CARTESIAN_POINT('',(-0.0094310638131199,0.0289834336400369,0.00510943618687839));
#7985=CARTESIAN_POINT('',(-0.00937247902679463,0.0289855441140133,0.00505175334832925));
#7986=CARTESIAN_POINT('',(-0.00931307719296284,0.0289894794260274,0.00500971460843986));
#7987=CARTESIAN_POINT('',(-0.00919725513354779,0.0289997396999481,0.0049486242189373));
#7988=CARTESIAN_POINT('',(-0.0091407648470044,0.0290060646618546,0.00492943313536483));
#7989=CARTESIAN_POINT('',(-0.00897795750183361,0.0290267339831392,0.00489407474047692));
#7990=CARTESIAN_POINT('',(-0.00886244140676913,0.0290500924915456,0.00489254036870271));
#7991=CARTESIAN_POINT('',(-0.00873549999999848,0.0290672779397034,0.00490046234787611));
#7992=CARTESIAN_POINT('',(-0.00944395433307108,0.0289339633831465,0.00509654566692721));
#7993=CARTESIAN_POINT('',(-0.00938368532847023,0.0289339175511439,0.00503625702214189));
#7994=CARTESIAN_POINT('',(-0.00932243894432083,0.0289360310481905,0.00499266360106565));
#7995=CARTESIAN_POINT('',(-0.00920358002186417,0.0289432499480344,0.00492943331430568));
#7996=CARTESIAN_POINT('',(-0.00914586978511515,0.0289483553508318,0.00490959530308209));
#7997=CARTESIAN_POINT('',(-0.00897980286704292,0.0289661692893295,0.00487201921153195));
#7998=CARTESIAN_POINT('',(-0.00886345640096858,0.0289878219357403,0.00486938584491636));
#7999=CARTESIAN_POINT('',(-0.00873549999999847,0.029004102847592,0.00487513111245467));
#8000=CARTESIAN_POINT('',(-0.00947327757326676,0.028777385151007,0.0050672224267315));
#8001=CARTESIAN_POINT('',(-0.00941184980207064,0.0287773459821736,0.00500578520255904));
#8002=CARTESIAN_POINT('',(-0.00934826471326672,0.028777970781191,0.00496078881099604));
#8003=CARTESIAN_POINT('',(-0.00922424906319274,0.0287804407092031,0.00489407441974623));
#8004=CARTESIAN_POINT('',(-0.00916368224902617,0.0287822858381978,0.00487201817217224));
#8005=CARTESIAN_POINT('',(-0.0089870079356466,0.0287894903115608,0.00482567100619192));
#8006=CARTESIAN_POINT('',(-0.008866769052047,0.0287996518855669,0.0048173464781021));
#8007=CARTESIAN_POINT('',(-0.00873549999999841,0.0288093413584753,0.00481820534317445));
#8008=CARTESIAN_POINT('',(-0.00948549999999821,0.0286629849999952,0.005055));
#8009=CARTESIAN_POINT('',(-0.00943034020527313,0.028662984679396,0.00499984020527495));
#8010=CARTESIAN_POINT('',(-0.0093700591000763,0.0286634471610718,0.00495758509744976));
#8011=CARTESIAN_POINT('',(-0.00924760730574165,0.0286649241867587,0.00489254024578741));
#8012=CARTESIAN_POINT('',(-0.00918533380472454,0.0286659387307698,0.00486938489569078));
#8013=CARTESIAN_POINT('',(-0.00899716975511227,0.0286692501429832,0.00481734741498843));
#8014=CARTESIAN_POINT('',(-0.00886933437740606,0.0286718147913659,0.004805));
#8015=CARTESIAN_POINT('',(-0.00873549999999836,0.0286732423111289,0.004805));
#8016=CARTESIAN_POINT('',(-0.0094854999999982,0.0285379849999952,0.005055));
#8017=CARTESIAN_POINT('',(-0.0094376741450058,0.0285379849999952,0.00500717414500762));
#8018=CARTESIAN_POINT('',(-0.00938288940871547,0.0285379849999952,0.00496642957198182));
#8019=CARTESIAN_POINT('',(-0.00926479299776431,0.0285379849999952,0.00490046234598272));
#8020=CARTESIAN_POINT('',(-0.00920161508717242,0.0285379849999952,0.00487513025952021));
#8021=CARTESIAN_POINT('',(-0.00900685990478553,0.0285379849999952,0.00481820647191709));
#8022=CARTESIAN_POINT('',(-0.00887076258383166,0.0285379849999952,0.004805));
#8023=CARTESIAN_POINT('',(-0.00873549999999836,0.0285379849999952,0.004805));
#8024=CARTESIAN_POINT('',(-0.00873549999999836,0.0285379849999952,0.004805));
#8025=CARTESIAN_POINT('',(-0.00906883333333162,0.0285379849999952,0.00480500000000002));
#8026=CARTESIAN_POINT('',(-0.00931883333333156,0.0285379849999952,0.00488833333333335));
#8027=CARTESIAN_POINT('',(-0.00948549999999821,0.0285379849999952,0.00505499999999999));
#8028=CARTESIAN_POINT('',(-0.00873549999999853,0.0292879849999952,0.005055));
#8029=CARTESIAN_POINT('',(-0.00873549999999847,0.0291213183333286,0.00488833333333332));
#8030=CARTESIAN_POINT('',(-0.00873549999999841,0.0288713183333286,0.00480499999999999));
#8031=CARTESIAN_POINT('',(-0.00873549999999836,0.0285379849999952,0.004805));
#8032=CARTESIAN_POINT('',(-0.00873549999999853,0.0292879849999953,0.005055));
#8033=CARTESIAN_POINT('',(-0.00936049999999829,0.0291629849999952,0.00518));
#8034=CARTESIAN_POINT('',(-0.00931883333333164,0.0291838183333286,0.0051591666666667));
#8035=CARTESIAN_POINT('',(-0.00927462611513109,0.0292022383132471,0.00514074668674813));
#8036=CARTESIAN_POINT('',(-0.0091809486400401,0.0292335488131168,0.00510943618687838));
#8037=CARTESIAN_POINT('',(-0.00913147838314965,0.029246439333068,0.0050965456669272));
#8038=CARTESIAN_POINT('',(-0.00897490015101035,0.0292757625732637,0.00506722242673149));
#8039=CARTESIAN_POINT('',(-0.00886049999999849,0.0292879849999953,0.005055));
#8040=CARTESIAN_POINT('',(-0.00873549999999853,0.0292879849999953,0.005055));
#8041=CARTESIAN_POINT('',(-0.00873549999999819,0.0277499999999998,0.004805));
#8042=CARTESIAN_POINT('',(-0.00873549999999819,0.0285379849999952,0.004805));
#8043=CARTESIAN_POINT('',(-0.00940216666666487,0.0277499999999998,0.00480499999999999));
#8044=CARTESIAN_POINT('',(-0.00940216666666487,0.0285379849999952,0.00480499999999999));
#8045=CARTESIAN_POINT('',(-0.00973549999999821,0.0277499999999999,0.00513833333333333));
#8046=CARTESIAN_POINT('',(-0.00973549999999821,0.0285379849999953,0.00513833333333333));
#8047=CARTESIAN_POINT('',(-0.00973549999999821,0.0277499999999998,0.005805));
#8048=CARTESIAN_POINT('',(-0.00973549999999821,0.0285379849999952,0.005805));
#8049=CARTESIAN_POINT('',(-0.00973549999999821,0.0285379849999952,0.01));
#8050=CARTESIAN_POINT('',(-0.00973549999999821,0.0285379849999952,0.005805));
#8051=CARTESIAN_POINT('',(-0.00973549999999823,0.0292046516666619,0.0099999999999999));
#8052=CARTESIAN_POINT('',(-0.00973549999999823,0.0292046516666619,0.00580499999999989));
#8053=CARTESIAN_POINT('',(-0.00940216666666489,0.0295379849999953,0.0099999999999999));
#8054=CARTESIAN_POINT('',(-0.00940216666666489,0.0295379849999953,0.00580499999999989));
#8055=CARTESIAN_POINT('',(-0.00873549999999821,0.0295379849999953,0.01));
#8056=CARTESIAN_POINT('',(-0.00873549999999821,0.0295379849999953,0.005805));
#8057=CARTESIAN_POINT('',(-0.00948549999999822,0.0292879849999953,0.005805));
#8058=CARTESIAN_POINT('',(-0.00931883333333157,0.0294546516666619,0.00580499999999997));
#8059=CARTESIAN_POINT('',(-0.00906883333333162,0.0295379849999952,0.00580499999999997));
#8060=CARTESIAN_POINT('',(-0.00873549999999836,0.0295379849999953,0.005805));
#8061=CARTESIAN_POINT('',(-0.00936049999999829,0.0291629849999952,0.00518));
#8062=CARTESIAN_POINT('',(-0.00938133333333161,0.0291838183333286,0.0052216666666667));
#8063=CARTESIAN_POINT('',(-0.00939975331325017,0.0292022383132471,0.00526587388486727));
#8064=CARTESIAN_POINT('',(-0.00943106381311991,0.0292335488131168,0.00535955135995831));
#8065=CARTESIAN_POINT('',(-0.00944395433307108,0.029246439333068,0.00540902161684878));
#8066=CARTESIAN_POINT('',(-0.00947327757326676,0.0292757625732637,0.00556559984898813));
#8067=CARTESIAN_POINT('',(-0.00948549999999822,0.0292879849999952,0.00568));
#8068=CARTESIAN_POINT('',(-0.00948549999999821,0.0292879849999953,0.005805));
#8069=CARTESIAN_POINT('',(-0.00931883333333164,0.0291838183333286,0.0051591666666667));
#8070=CARTESIAN_POINT('',(-0.00933354080648313,0.0292193591398134,0.0052069591935152));
#8071=CARTESIAN_POINT('',(-0.0093474067658418,0.0292475472326052,0.00525638667816404));
#8072=CARTESIAN_POINT('',(-0.00937247902690658,0.0292912316515536,0.00535744060545761));
#8073=CARTESIAN_POINT('',(-0.0093836853286127,0.0293067279777104,0.00540906704810233));
#8074=CARTESIAN_POINT('',(-0.00941184980215189,0.0293371997973549,0.00556563837662317));
#8075=CARTESIAN_POINT('',(-0.00943034020527313,0.0293431447947203,0.0056799996794008));
#8076=CARTESIAN_POINT('',(-0.0094376741450058,0.0293358108549877,0.005805));
#8077=CARTESIAN_POINT('',(-0.00927462611513109,0.0292022383132471,0.00514074668674813));
#8078=CARTESIAN_POINT('',(-0.00928411324168454,0.029247547232646,0.00519309323419725));
#8079=CARTESIAN_POINT('',(-0.00929391423263137,0.029281902735783,0.00524658561827876));
#8080=CARTESIAN_POINT('',(-0.00931307692423665,0.0293332704672639,0.00535350518011229));
#8081=CARTESIAN_POINT('',(-0.0093224386248951,0.0293503215567972,0.00540695356960353));
#8082=CARTESIAN_POINT('',(-0.00934826426282511,0.0293821963423593,0.00556501311999865));
#8083=CARTESIAN_POINT('',(-0.00937005859064595,0.029385400188785,0.00567953663341481));
#8084=CARTESIAN_POINT('',(-0.00938288885264887,0.0293765557729492,0.005805));
#8085=CARTESIAN_POINT('',(-0.0091809486400401,0.0292335488131168,0.00510943618687838));
#8086=CARTESIAN_POINT('',(-0.00918305911401655,0.029291231651666,0.00516802097320367));
#8087=CARTESIAN_POINT('',(-0.00918699442603058,0.0293332703915554,0.00522742280703548));
#8088=CARTESIAN_POINT('',(-0.00919725469995118,0.0293943607810579,0.00534324486645058));
#8089=CARTESIAN_POINT('',(-0.00920357966185774,0.0294135518646304,0.00539973515299399));
#8090=CARTESIAN_POINT('',(-0.00922424898314235,0.0294489102595183,0.00556254249816484));
#8091=CARTESIAN_POINT('',(-0.00924760749154868,0.0294504446312925,0.00567805859322937));
#8092=CARTESIAN_POINT('',(-0.00926479293970636,0.0294425226521191,0.005805));
#8093=CARTESIAN_POINT('',(-0.00913147838314965,0.029246439333068,0.0050965456669272));
#8094=CARTESIAN_POINT('',(-0.00913143255114715,0.0293067279778533,0.00515681467152806));
#8095=CARTESIAN_POINT('',(-0.00913354604819366,0.0293503213989296,0.00521806105567749));
#8096=CARTESIAN_POINT('',(-0.00914076494803756,0.0294135516856895,0.00533691997813418));
#8097=CARTESIAN_POINT('',(-0.00914587035083494,0.0294333896969131,0.00539463021488323));
#8098=CARTESIAN_POINT('',(-0.00916368428933261,0.0294709657884633,0.00556069713295551));
#8099=CARTESIAN_POINT('',(-0.00918533693574342,0.0294735991550789,0.00567704359902989));
#8100=CARTESIAN_POINT('',(-0.00920161784759512,0.0294678538875406,0.005805));
#8101=CARTESIAN_POINT('',(-0.00897490015101035,0.0292757625732637,0.00506722242673149));
#8102=CARTESIAN_POINT('',(-0.00897486098217686,0.0293371997974363,0.00512865019792762));
#8103=CARTESIAN_POINT('',(-0.00897548578119426,0.0293821961889992,0.00519223528673157));
#8104=CARTESIAN_POINT('',(-0.00897795570920632,0.0294489105802491,0.00531625093680558));
#8105=CARTESIAN_POINT('',(-0.00897980083820098,0.029470966827823,0.00537681775097218));
#8106=CARTESIAN_POINT('',(-0.00898700531156396,0.0295173139938034,0.0055534920643518));
#8107=CARTESIAN_POINT('',(-0.00899716688557006,0.0295256385218932,0.00567373094795144));
#8108=CARTESIAN_POINT('',(-0.00900685635847841,0.0295247796568208,0.005805));
#8109=CARTESIAN_POINT('',(-0.00886049999999849,0.0292879849999953,0.005055));
#8110=CARTESIAN_POINT('',(-0.00886049967939926,0.0293431447947203,0.0051101597947251));
#8111=CARTESIAN_POINT('',(-0.00886096216107511,0.0293853999025455,0.00517044089992196));
#8112=CARTESIAN_POINT('',(-0.00886243918676199,0.0294504447542079,0.00529289269425664));
#8113=CARTESIAN_POINT('',(-0.00886345373077303,0.0294736001043045,0.00535516619527377));
#8114=CARTESIAN_POINT('',(-0.00886676514298642,0.0295256375850068,0.00554333024488608));
#8115=CARTESIAN_POINT('',(-0.00886932979136906,0.0295379849999953,0.00567116562259234));
#8116=CARTESIAN_POINT('',(-0.00887075731113213,0.0295379849999953,0.005805));
#8117=CARTESIAN_POINT('',(-0.00873549999999853,0.0292879849999953,0.005055));
#8118=CARTESIAN_POINT('',(-0.00873549999999853,0.0293358108549877,0.00510282585499242));
#8119=CARTESIAN_POINT('',(-0.00873549999999851,0.0293765554280134,0.00515761059128278));
#8120=CARTESIAN_POINT('',(-0.00873549999999848,0.0294425226540126,0.00527570700223396));
#8121=CARTESIAN_POINT('',(-0.00873549999999846,0.0294678547404751,0.00533888491282587));
#8122=CARTESIAN_POINT('',(-0.0087354999999984,0.0295247785280782,0.00553364009521282));
#8123=CARTESIAN_POINT('',(-0.00873549999999836,0.0295379849999953,0.00566973741616673));
#8124=CARTESIAN_POINT('',(-0.00873549999999836,0.0295379849999953,0.005805));
#8125=CARTESIAN_POINT('',(-0.00873549999999836,0.0295379849999952,0.005805));
#8126=CARTESIAN_POINT('',(-0.00873549999999842,0.0295379849999952,0.00547166666666667));
#8127=CARTESIAN_POINT('',(-0.00873549999999847,0.0294546516666619,0.00522166666666667));
#8128=CARTESIAN_POINT('',(-0.00873549999999853,0.0292879849999952,0.005055));
#8129=CARTESIAN_POINT('',(-0.00873549999999869,0.0285379849999952,0.004805));
#8130=CARTESIAN_POINT('',(-0.00516626311241356,0.0285379849999952,0.004805));
#8131=CARTESIAN_POINT('',(-0.00873549999999869,0.0292046516666619,0.00480499999999998));
#8132=CARTESIAN_POINT('',(-0.00516626311241356,0.0292046516666619,0.00480499999999998));
#8133=CARTESIAN_POINT('',(-0.00873549999999869,0.0295379849999952,0.00513833333333333));
#8134=CARTESIAN_POINT('',(-0.00516626311241356,0.0295379849999952,0.00513833333333333));
#8135=CARTESIAN_POINT('',(-0.00873549999999869,0.0295379849999952,0.00580500000000002));
#8136=CARTESIAN_POINT('',(-0.00516626311241356,0.0295379849999952,0.00580500000000002));
#8137=CARTESIAN_POINT('',(0.00936049999999524,0.0291629849999957,0.00517999999999886));
#8138=CARTESIAN_POINT('',(0.0093813333333289,0.0291838183333291,0.00522166666666538));
#8139=CARTESIAN_POINT('',(0.00939975331324778,0.0292022383132477,0.00526587388486581));
#8140=CARTESIAN_POINT('',(0.00943106381311811,0.0292335488131175,0.0053595513599566));
#8141=CARTESIAN_POINT('',(0.00944395433306956,0.0292464393330686,0.00540902161684695));
#8142=CARTESIAN_POINT('',(0.00947327757326599,0.0292757625732643,0.00556559984898601));
#8143=CARTESIAN_POINT('',(0.00948549999999788,0.0292879849999956,0.00567999999999775));
#8144=CARTESIAN_POINT('',(0.00948549999999821,0.0292879849999953,0.00580499999999764));
#8145=CARTESIAN_POINT('',(0.00938133333332887,0.029121318333329,0.00515916666666552));
#8146=CARTESIAN_POINT('',(0.00941687413981424,0.0291360258064806,0.00520695919351381));
#8147=CARTESIAN_POINT('',(0.00944506223260644,0.0291498917658394,0.00525638667816247));
#8148=CARTESIAN_POINT('',(0.00948874665155562,0.0291749640269042,0.00535744060545575));
#8149=CARTESIAN_POINT('',(0.00950424297771262,0.0291861703286103,0.00540906704810036));
#8150=CARTESIAN_POINT('',(0.00953471479735753,0.0292143348021493,0.00556563837662094));
#8151=CARTESIAN_POINT('',(0.00954065979472313,0.0292328252052704,0.00567999967939846));
#8152=CARTESIAN_POINT('',(0.00953332585499062,0.0292401591450028,0.00580499999999757));
#8153=CARTESIAN_POINT('',(0.00939975331324772,0.0290771111151284,0.00514074668674697));
#8154=CARTESIAN_POINT('',(0.00944506223264726,0.029086598241682,0.00519309323419586));
#8155=CARTESIAN_POINT('',(0.00947941773578469,0.0290963992326289,0.00524658561827719));
#8156=CARTESIAN_POINT('',(0.0095307854672663,0.0291155619242342,0.00535350518011043));
#8157=CARTESIAN_POINT('',(0.00954783655679984,0.0291249236248927,0.00540695356960156));
#8158=CARTESIAN_POINT('',(0.00957971134236211,0.0291507492628224,0.00556501311999643));
#8159=CARTESIAN_POINT('',(0.00958291518878787,0.0291725435906431,0.00567953663341248));
#8160=CARTESIAN_POINT('',(0.00957407077295215,0.0291853738526459,0.00580499999999759));
#8161=CARTESIAN_POINT('',(0.00943106381311801,0.0289834336400373,0.00510943618687732));
#8162=CARTESIAN_POINT('',(0.00948874665166786,0.0289855441140139,0.00516802097320241));
#8163=CARTESIAN_POINT('',(0.00953078539155772,0.0289894794260281,0.00522742280703405));
#8164=CARTESIAN_POINT('',(0.00959187578106087,0.0289997396999487,0.00534324486644887));
#8165=CARTESIAN_POINT('',(0.00961106686463347,0.0290060646618551,0.00539973515299215));
#8166=CARTESIAN_POINT('',(0.00964642525952148,0.0290267339831395,0.00556254249816273));
#8167=CARTESIAN_POINT('',(0.00964795963129551,0.0290500924915457,0.00567805859322712));
#8168=CARTESIAN_POINT('',(0.00964003765212213,0.0290672779397033,0.00580499999999774));
#8169=CARTESIAN_POINT('',(0.00944395433306944,0.0289339633831468,0.00509654566692621));
#8170=CARTESIAN_POINT('',(0.00950424297785544,0.0289339175511444,0.00515681467152691));
#8171=CARTESIAN_POINT('',(0.00954783639893211,0.028936031048191,0.0052180610556762));
#8172=CARTESIAN_POINT('',(0.00961106668569259,0.0289432499480349,0.00533691997813263));
#8173=CARTESIAN_POINT('',(0.00963090469691629,0.0289483553508323,0.00539463021488155));
#8174=CARTESIAN_POINT('',(0.00966848078846647,0.0289661692893297,0.00556069713295355));
#8175=CARTESIAN_POINT('',(0.00967111415508187,0.0289878219357404,0.00567704359902777));
#8176=CARTESIAN_POINT('',(0.00966536888754356,0.029004102847592,0.00580499999999787));
#8177=CARTESIAN_POINT('',(0.00947327757326587,0.0287773851510074,0.0050672224267308));
#8178=CARTESIAN_POINT('',(0.00953471479743877,0.0287773459821739,0.00512865019792691));
#8179=CARTESIAN_POINT('',(0.00957971118900203,0.0287779707811913,0.00519223528673076));
#8180=CARTESIAN_POINT('',(0.00964642558025213,0.0287804407092034,0.00531625093680456));
#8181=CARTESIAN_POINT('',(0.00966848182782615,0.0287822858381981,0.00537681775097101));
#8182=CARTESIAN_POINT('',(0.00971482899380647,0.0287894903115609,0.00555349206435024));
#8183=CARTESIAN_POINT('',(0.00972315352189614,0.0287996518855669,0.00567373094794962));
#8184=CARTESIAN_POINT('',(0.00972229465682379,0.0288093413584753,0.00580499999999827));
#8185=CARTESIAN_POINT('',(0.0094854999999978,0.0286629849999953,0.00505499999999962));
#8186=CARTESIAN_POINT('',(0.00954065979472304,0.0286629846793961,0.00511015979472478));
#8187=CARTESIAN_POINT('',(0.0095829149025483,0.0286634471610719,0.00517044089992158));
#8188=CARTESIAN_POINT('',(0.00964795975421075,0.0286649241867588,0.00529289269425607));
#8189=CARTESIAN_POINT('',(0.00967111510430741,0.0286659387307698,0.00535516619527303));
#8190=CARTESIAN_POINT('',(0.0097231525850098,0.0286692501429833,0.00554333024488486));
#8191=CARTESIAN_POINT('',(0.00973549999999821,0.0286718147913659,0.00567116562259075));
#8192=CARTESIAN_POINT('',(0.00973549999999821,0.0286732423111289,0.00580499999999854));
#8193=CARTESIAN_POINT('',(0.00948549999999821,0.0285379849999952,0.005055));
#8194=CARTESIAN_POINT('',(0.00953332585499061,0.0285379849999952,0.00510282585499243));
#8195=CARTESIAN_POINT('',(0.0095740704280164,0.0285379849999952,0.00515761059128267));
#8196=CARTESIAN_POINT('',(0.00964003765401551,0.0285379849999952,0.00527570700223356));
#8197=CARTESIAN_POINT('',(0.00966536974047802,0.0285379849999952,0.00533888491282526));
#8198=CARTESIAN_POINT('',(0.00972229352808114,0.0285379849999952,0.00553364009521163));
#8199=CARTESIAN_POINT('',(0.00973549999999821,0.0285379849999952,0.00566973741616513));
#8200=CARTESIAN_POINT('',(0.00973549999999821,0.0285379849999952,0.00580499999999844));
#8201=CARTESIAN_POINT('',(0.00936049999999524,0.0291629849999957,0.00517999999999886));
#8202=CARTESIAN_POINT('',(0.00938133333332887,0.029121318333329,0.00515916666666552));
#8203=CARTESIAN_POINT('',(0.00939975331324772,0.0290771111151284,0.00514074668674697));
#8204=CARTESIAN_POINT('',(0.00943106381311801,0.0289834336400373,0.00510943618687732));
#8205=CARTESIAN_POINT('',(0.00944395433306944,0.0289339633831468,0.00509654566692621));
#8206=CARTESIAN_POINT('',(0.00947327757326587,0.0287773851510074,0.0050672224267308));
#8207=CARTESIAN_POINT('',(0.0094854999999978,0.0286629849999953,0.00505499999999962));
#8208=CARTESIAN_POINT('',(0.00948549999999821,0.0285379849999952,0.005055));
#8209=CARTESIAN_POINT('',(0.00948549999999821,0.0285379849999952,0.005055));
#8210=CARTESIAN_POINT('',(0.00936049999999524,0.0291629849999957,0.00517999999999886));
#8211=CARTESIAN_POINT('',(0.00973549999999821,0.0285379849999952,0.00580499999999844));
#8212=CARTESIAN_POINT('',(0.00973549999999795,0.0285379849999952,0.00547166666666588));
#8213=CARTESIAN_POINT('',(0.00965216666666462,0.0285379849999952,0.0052216666666664));
#8214=CARTESIAN_POINT('',(0.00948549999999821,0.0285379849999952,0.005055));
#8215=CARTESIAN_POINT('',(0.00948549999999821,0.0292879849999953,0.00580499999999764));
#8216=CARTESIAN_POINT('',(0.00965216666666489,0.0291213183333286,0.00580499999999788));
#8217=CARTESIAN_POINT('',(0.00973549999999822,0.0288713183333286,0.00580499999999815));
#8218=CARTESIAN_POINT('',(0.00973549999999821,0.0285379849999952,0.00580499999999844));
#8219=CARTESIAN_POINT('',(0.00948549999999821,0.0292879849999953,0.00580499999999764));
#8220=CARTESIAN_POINT('',(0.00936049999999524,0.0291629849999957,0.00517999999999886));
#8221=CARTESIAN_POINT('',(0.0093813333333289,0.0291838183333291,0.00522166666666538));
#8222=CARTESIAN_POINT('',(0.00939975331324778,0.0292022383132477,0.00526587388486581));
#8223=CARTESIAN_POINT('',(0.00943106381311811,0.0292335488131175,0.0053595513599566));
#8224=CARTESIAN_POINT('',(0.00944395433306956,0.0292464393330686,0.00540902161684695));
#8225=CARTESIAN_POINT('',(0.00947327757326599,0.0292757625732643,0.00556559984898601));
#8226=CARTESIAN_POINT('',(0.00948549999999788,0.0292879849999956,0.00567999999999775));
#8227=CARTESIAN_POINT('',(0.00948549999999821,0.0292879849999953,0.00580499999999764));
#8228=CARTESIAN_POINT('',(0.00936049999999524,0.0291629849999957,0.00517999999999886));
#8229=CARTESIAN_POINT('',(0.00931883333332795,0.0291838183333289,0.00515916666666568));
#8230=CARTESIAN_POINT('',(0.00927462611512675,0.0292022383132474,0.00514074668674726));
#8231=CARTESIAN_POINT('',(0.00918094864003443,0.0292335488131169,0.00510943618687776));
#8232=CARTESIAN_POINT('',(0.00913147838314332,0.0292464393330681,0.00509654566692669));
#8233=CARTESIAN_POINT('',(0.00897490015100202,0.0292757625732637,0.00506722242673127));
#8234=CARTESIAN_POINT('',(0.00886049999998878,0.0292879849999952,0.005055));
#8235=CARTESIAN_POINT('',(0.00873549999998743,0.0292879849999952,0.005055));
#8236=CARTESIAN_POINT('',(0.0093813333333289,0.0291838183333291,0.00522166666666538));
#8237=CARTESIAN_POINT('',(0.00933354080647968,0.0292193591398138,0.00520695919351405));
#8238=CARTESIAN_POINT('',(0.00928411332183014,0.0292475472326055,0.00519309323415554));
#8239=CARTESIAN_POINT('',(0.00918305939453519,0.0292912316515538,0.00516802097309102));
#8240=CARTESIAN_POINT('',(0.0091314329518898,0.0293067279777106,0.00515681467138502));
#8241=CARTESIAN_POINT('',(0.008974861623367,0.0293371997973549,0.00512865019784615));
#8242=CARTESIAN_POINT('',(0.00886050032058802,0.0293431447947202,0.00511015979472506));
#8243=CARTESIAN_POINT('',(0.00873549999998743,0.0293358108549877,0.00510282585499243));
#8244=CARTESIAN_POINT('',(0.00939975331324778,0.0292022383132477,0.00526587388486581));
#8245=CARTESIAN_POINT('',(0.00934740676579792,0.0292475472326465,0.00525638675831253));
#8246=CARTESIAN_POINT('',(0.00929391438171567,0.0292819027357833,0.00524658576736586));
#8247=CARTESIAN_POINT('',(0.00918699481988071,0.0293332704672641,0.00522742307576087));
#8248=CARTESIAN_POINT('',(0.00913354643038878,0.0293503215567974,0.00521806137510255));
#8249=CARTESIAN_POINT('',(0.00897548687999171,0.0293821963423593,0.00519223573717287));
#8250=CARTESIAN_POINT('',(0.00886096336657423,0.029385400188785,0.00517044140935222));
#8251=CARTESIAN_POINT('',(0.00873549999998777,0.0293765557729492,0.00515761114734932));
#8252=CARTESIAN_POINT('',(0.00943106381311811,0.0292335488131175,0.0053595513599566));
#8253=CARTESIAN_POINT('',(0.0093724790267921,0.0292912316516666,0.0053574408859803));
#8254=CARTESIAN_POINT('',(0.00931307719295955,0.0293332703915559,0.00535350557396643));
#8255=CARTESIAN_POINT('',(0.00919725513354301,0.0293943607810583,0.00534324530004613));
#8256=CARTESIAN_POINT('',(0.00914076484699891,0.0294135518646307,0.00533692033813971));
#8257=CARTESIAN_POINT('',(0.00897795750182616,0.0294489102595184,0.00531625101685548));
#8258=CARTESIAN_POINT('',(0.0088624414067604,0.0294504446312925,0.00529289250844937));
#8259=CARTESIAN_POINT('',(0.00873549999998879,0.0294425226521191,0.00527570706029171));
#8260=CARTESIAN_POINT('',(0.00944395433306956,0.0292464393330686,0.00540902161684695));
#8261=CARTESIAN_POINT('',(0.00938368532846804,0.029306727977854,0.00540906744884959));
#8262=CARTESIAN_POINT('',(0.00932243894431788,0.0293503213989301,0.00540695395180323));
#8263=CARTESIAN_POINT('',(0.00920358002185979,0.02941355168569,0.00539973505195963));
#8264=CARTESIAN_POINT('',(0.00914586978511005,0.0294333896969134,0.00539462964916239));
#8265=CARTESIAN_POINT('',(0.0089798028670359,0.0294709657884634,0.0053768157106651));
#8266=CARTESIAN_POINT('',(0.00886345640096032,0.0294735991550789,0.00535516306425452));
#8267=CARTESIAN_POINT('',(0.00873549999998946,0.0294678538875406,0.00533888215240287));
#8268=CARTESIAN_POINT('',(0.00947327757326599,0.0292757625732643,0.00556559984898601));
#8269=CARTESIAN_POINT('',(0.00941184980206943,0.0293371997974368,0.00556563901781961));
#8270=CARTESIAN_POINT('',(0.00934826471326489,0.0293821961889997,0.00556501421880232));
#8271=CARTESIAN_POINT('',(0.00922424906318961,0.0294489105802494,0.00556254429079052));
#8272=CARTESIAN_POINT('',(0.00916368224902236,0.0294709668278233,0.005560699161796));
#8273=CARTESIAN_POINT('',(0.00898700793564094,0.0295173139938034,0.00555349468843342));
#8274=CARTESIAN_POINT('',(0.00886676905204023,0.0295256385218932,0.00554333311442757));
#8275=CARTESIAN_POINT('',(0.00873549999999147,0.0295247796568208,0.00553364364151933));
#8276=CARTESIAN_POINT('',(0.00948549999999788,0.0292879849999956,0.00567999999999775));
#8277=CARTESIAN_POINT('',(0.00943034020527264,0.0293431447947207,0.00568000032059704));
#8278=CARTESIAN_POINT('',(0.00937005910007535,0.0293853999025459,0.00567953783892128));
#8279=CARTESIAN_POINT('',(0.00924760730573958,0.0294504447542082,0.00567806081323463));
#8280=CARTESIAN_POINT('',(0.00918533380472181,0.0294736001043047,0.00567704626922373));
#8281=CARTESIAN_POINT('',(0.00899716975510766,0.0295256375850068,0.00567373485701074));
#8282=CARTESIAN_POINT('',(0.00886933437740033,0.0295379849999952,0.00567117020862838));
#8283=CARTESIAN_POINT('',(0.00873549999999282,0.0295379849999953,0.00566974268886546));
#8284=CARTESIAN_POINT('',(0.00948549999999821,0.0292879849999953,0.00580499999999764));
#8285=CARTESIAN_POINT('',(0.0094376741450058,0.0293358108549877,0.00580499999999772));
#8286=CARTESIAN_POINT('',(0.00938288940871512,0.0293765554280134,0.00580499999999784));
#8287=CARTESIAN_POINT('',(0.00926479299776292,0.0294425226540125,0.00580499999999814));
#8288=CARTESIAN_POINT('',(0.00920161508717035,0.0294678547404751,0.00580499999999831));
#8289=CARTESIAN_POINT('',(0.00900685990478138,0.0295247785280782,0.0058049999999988));
#8290=CARTESIAN_POINT('',(0.00887076258382612,0.0295379849999953,0.00580499999999912));
#8291=CARTESIAN_POINT('',(0.00873549999999282,0.0295379849999953,0.00580499999999923));
#8292=CARTESIAN_POINT('',(0.00873549999999282,0.0295379849999953,0.00580499999999923));
#8293=CARTESIAN_POINT('',(0.00906883333332885,0.0295379849999962,0.00580499999999868));
#8294=CARTESIAN_POINT('',(0.00931883333333065,0.0294546516666628,0.00580499999999815));
#8295=CARTESIAN_POINT('',(0.00948549999999821,0.0292879849999953,0.00580499999999764));
#8296=CARTESIAN_POINT('',(0.00873549999998743,0.0292879849999952,0.00505499999999996));
#8297=CARTESIAN_POINT('',(0.00873549999998923,0.0294546516666618,0.0052216666666665));
#8298=CARTESIAN_POINT('',(0.00873549999999102,0.0295379849999951,0.00547166666666625));
#8299=CARTESIAN_POINT('',(0.00873549999999282,0.0295379849999953,0.00580499999999923));
#8300=CARTESIAN_POINT('',(0.00873549999998743,0.0292879849999953,0.005055));
#8301=CARTESIAN_POINT('',(0.00936049999999524,0.0291629849999957,0.00517999999999886));
#8302=CARTESIAN_POINT('',(0.00931883333332795,0.0291838183333289,0.00515916666666568));
#8303=CARTESIAN_POINT('',(0.00927462611512675,0.0292022383132474,0.00514074668674726));
#8304=CARTESIAN_POINT('',(0.00918094864003443,0.0292335488131169,0.00510943618687776));
#8305=CARTESIAN_POINT('',(0.00913147838314332,0.0292464393330681,0.00509654566692669));
#8306=CARTESIAN_POINT('',(0.00897490015100202,0.0292757625732637,0.00506722242673127));
#8307=CARTESIAN_POINT('',(0.00886049999998878,0.0292879849999952,0.005055));
#8308=CARTESIAN_POINT('',(0.00873549999998743,0.0292879849999952,0.005055));
#8309=CARTESIAN_POINT('',(0.00973549999999821,0.0285379849999952,0.00580499999999525));
#8310=CARTESIAN_POINT('',(0.00973549999999821,0.0285379849999952,0.0100000000000001));
#8311=CARTESIAN_POINT('',(0.00973549999999823,0.0292046516666637,0.00580499999999516));
#8312=CARTESIAN_POINT('',(0.00973549999999823,0.0292046516666637,0.00999999999999998));
#8313=CARTESIAN_POINT('',(0.0094021666666631,0.0295379849999971,0.00580499999999516));
#8314=CARTESIAN_POINT('',(0.0094021666666631,0.0295379849999971,0.00999999999999998));
#8315=CARTESIAN_POINT('',(0.00873549999999282,0.0295379849999952,0.00580499999999525));
#8316=CARTESIAN_POINT('',(0.00873549999999282,0.0295379849999952,0.0100000000000001));
#8317=CARTESIAN_POINT('',(0.00873549999999282,0.0285379849999952,0.004805));
#8318=CARTESIAN_POINT('',(0.00873549999999282,0.0277499999999998,0.004805));
#8319=CARTESIAN_POINT('',(0.00940216666666308,0.0285379849999952,0.0048049999999982));
#8320=CARTESIAN_POINT('',(0.00940216666666308,0.0277499999999998,0.0048049999999982));
#8321=CARTESIAN_POINT('',(0.00973549999999821,0.0285379849999952,0.00513833333333153));
#8322=CARTESIAN_POINT('',(0.00973549999999821,0.0277499999999998,0.00513833333333153));
#8323=CARTESIAN_POINT('',(0.00973549999999821,0.0285379849999952,0.005805));
#8324=CARTESIAN_POINT('',(0.00973549999999821,0.0277499999999998,0.005805));
#8325=CARTESIAN_POINT('',(0.00948549999999821,0.0285379849999952,0.005055));
#8326=CARTESIAN_POINT('',(0.00931883333333065,0.0285379849999952,0.00488833333333243));
#8327=CARTESIAN_POINT('',(0.00906883333332885,0.0285379849999952,0.0048049999999991));
#8328=CARTESIAN_POINT('',(0.00873549999999282,0.0285379849999952,0.004805));
#8329=CARTESIAN_POINT('',(0.00936049999999524,0.0291629849999957,0.00517999999999886));
#8330=CARTESIAN_POINT('',(0.00938133333332887,0.029121318333329,0.00515916666666552));
#8331=CARTESIAN_POINT('',(0.00939975331324772,0.0290771111151284,0.00514074668674697));
#8332=CARTESIAN_POINT('',(0.00943106381311801,0.0289834336400373,0.00510943618687732));
#8333=CARTESIAN_POINT('',(0.00944395433306944,0.0289339633831468,0.00509654566692621));
#8334=CARTESIAN_POINT('',(0.00947327757326587,0.0287773851510074,0.0050672224267308));
#8335=CARTESIAN_POINT('',(0.0094854999999978,0.0286629849999953,0.00505499999999962));
#8336=CARTESIAN_POINT('',(0.00948549999999821,0.0285379849999952,0.005055));
#8337=CARTESIAN_POINT('',(0.00931883333332795,0.0291838183333289,0.00515916666666568));
#8338=CARTESIAN_POINT('',(0.00933354080647962,0.0291360258064803,0.0051236258601809));
#8339=CARTESIAN_POINT('',(0.00934740676583855,0.0290865983218314,0.00509543776738916));
#8340=CARTESIAN_POINT('',(0.00937247902690392,0.0289855443945378,0.00505175334844069));
#8341=CARTESIAN_POINT('',(0.00938368532861037,0.0289339179518931,0.00503625702228396));
#8342=CARTESIAN_POINT('',(0.00941184980215056,0.0287773466233722,0.00500578520263971));
#8343=CARTESIAN_POINT('',(0.00943034020527257,0.0286629853205945,0.00499984020527446));
#8344=CARTESIAN_POINT('',(0.0094376741450058,0.0285379849999952,0.00500717414500762));
#8345=CARTESIAN_POINT('',(0.00927462611512675,0.0292022383132474,0.00514074668674726));
#8346=CARTESIAN_POINT('',(0.0092841132416803,0.0291498917657982,0.00509543776734843));
#8347=CARTESIAN_POINT('',(0.00929391423262735,0.0290963993817166,0.00506108226421151));
#8348=CARTESIAN_POINT('',(0.00931307692423321,0.028989479819883,0.00500971453273062));
#8349=CARTESIAN_POINT('',(0.00932243862489201,0.0289360314303918,0.00499266344319729));
#8350=CARTESIAN_POINT('',(0.00934826426282316,0.0287779718799967,0.00496078865763546));
#8351=CARTESIAN_POINT('',(0.00937005859064494,0.0286634483665806,0.00495758481120982));
#8352=CARTESIAN_POINT('',(0.00938288885264852,0.0285379849999952,0.00496642922704607));
#8353=CARTESIAN_POINT('',(0.00918094864003443,0.0292335488131169,0.00510943618687776));
#8354=CARTESIAN_POINT('',(0.00918305911401088,0.0291749640267916,0.0050517533483287));
#8355=CARTESIAN_POINT('',(0.00918699442602509,0.0291155621929597,0.00500971460843936));
#8356=CARTESIAN_POINT('',(0.00919725469994626,0.0289997401335446,0.00494862421893687));
#8357=CARTESIAN_POINT('',(0.00920357966185322,0.0289432498470012,0.00492943313536443));
#8358=CARTESIAN_POINT('',(0.00922424898313912,0.0287804425018304,0.00489407474047658));
#8359=CARTESIAN_POINT('',(0.00924760749154657,0.028664926406766,0.0048925403687024));
#8360=CARTESIAN_POINT('',(0.00926479293970498,0.0285379849999952,0.00490046234787612));
#8361=CARTESIAN_POINT('',(0.00913147838314332,0.0292464393330681,0.00509654566692669));
#8362=CARTESIAN_POINT('',(0.00913143255114079,0.0291861703284672,0.00503625702214143));
#8363=CARTESIAN_POINT('',(0.00913354604818748,0.0291249239443176,0.00499266360106524));
#8364=CARTESIAN_POINT('',(0.00914076494803194,0.029006065021861,0.00492943331430536));
#8365=CARTESIAN_POINT('',(0.00914587035082972,0.028948354785112,0.00490959530308179));
#8366=CARTESIAN_POINT('',(0.00916368428932872,0.0287822878670397,0.0048720192115317));
#8367=CARTESIAN_POINT('',(0.00918533693574066,0.0286659414009654,0.00486938584491612));
#8368=CARTESIAN_POINT('',(0.00920161784759304,0.0285379849999952,0.00487513111245468));
#8369=CARTESIAN_POINT('',(0.00897490015100202,0.0292757625732637,0.00506722242673127));
#8370=CARTESIAN_POINT('',(0.00897486098216851,0.0292143348020675,0.00500578520255882));
#8371=CARTESIAN_POINT('',(0.00897548578118612,0.0291507497132635,0.00496078881099585));
#8372=CARTESIAN_POINT('',(0.00897795570919881,0.0290267340631895,0.00489407441974612));
#8373=CARTESIAN_POINT('',(0.0089798008381939,0.0289661672490229,0.00487201817217216));
#8374=CARTESIAN_POINT('',(0.00898700531155826,0.0287894929356434,0.00482567100619187));
#8375=CARTESIAN_POINT('',(0.00899716688556545,0.0286692540520439,0.00481734647810204));
#8376=CARTESIAN_POINT('',(0.00900685635847426,0.0285379849999952,0.00481820534317444));
#8377=CARTESIAN_POINT('',(0.00886049999998878,0.0292879849999952,0.005055));
#8378=CARTESIAN_POINT('',(0.00886049967938956,0.02923282520527,0.00499984020527484));
#8379=CARTESIAN_POINT('',(0.00886096216106564,0.0291725441000731,0.00495758509744965));
#8380=CARTESIAN_POINT('',(0.00886243918675325,0.0290500923057385,0.00489254024578735));
#8381=CARTESIAN_POINT('',(0.00886345373076476,0.0289878188047214,0.00486938489569074));
#8382=CARTESIAN_POINT('',(0.00886676514297964,0.028799654755109,0.00481734741498842));
#8383=CARTESIAN_POINT('',(0.00886932979136332,0.028671819377403,0.004805));
#8384=CARTESIAN_POINT('',(0.00887075731112659,0.0285379849999952,0.004805));
#8385=CARTESIAN_POINT('',(0.00873549999998743,0.0292879849999952,0.005055));
#8386=CARTESIAN_POINT('',(0.00873549999998743,0.0292401591450028,0.00500717414500762));
#8387=CARTESIAN_POINT('',(0.00873549999998777,0.0291853744087125,0.00496642957198182));
#8388=CARTESIAN_POINT('',(0.00873549999998878,0.0290672779977613,0.00490046234598272));
#8389=CARTESIAN_POINT('',(0.00873549999998945,0.0290041000871694,0.00487513025952022));
#8390=CARTESIAN_POINT('',(0.00873549999999147,0.0288093449047824,0.00481820647191707));
#8391=CARTESIAN_POINT('',(0.00873549999999282,0.0286732475838285,0.004805));
#8392=CARTESIAN_POINT('',(0.00873549999999282,0.0285379849999952,0.004805));
#8393=CARTESIAN_POINT('',(0.00873549999999282,0.0285379849999952,0.004805));
#8394=CARTESIAN_POINT('',(0.00873549999999102,0.0288713183333286,0.00480499999999999));
#8395=CARTESIAN_POINT('',(0.00873549999998923,0.0291213183333286,0.0048883333333333));
#8396=CARTESIAN_POINT('',(0.00873549999998743,0.0292879849999952,0.00505499999999996));
#8397=CARTESIAN_POINT('',(0.00519543711241507,0.0285379849999952,0.004805));
#8398=CARTESIAN_POINT('',(0.00873549999999282,0.0285379849999952,0.004805));
#8399=CARTESIAN_POINT('',(0.00519543711241507,0.0292046516666619,0.00480499999999997));
#8400=CARTESIAN_POINT('',(0.00873549999999282,0.0292046516666619,0.00480499999999997));
#8401=CARTESIAN_POINT('',(0.00519543711241507,0.0295379849999953,0.00513833333333331));
#8402=CARTESIAN_POINT('',(0.00873549999999282,0.0295379849999953,0.00513833333333331));
#8403=CARTESIAN_POINT('',(0.00519543711241507,0.0295379849999953,0.00580500000000002));
#8404=CARTESIAN_POINT('',(0.00873549999999282,0.0295379849999953,0.00580500000000002));
#8405=CARTESIAN_POINT('',(0.,0.,0.001));
#8406=CARTESIAN_POINT('',(-0.0286286796564404,0.0256286796564403,0.001));
#8407=CARTESIAN_POINT('',(-0.0286997474683059,0.0255576118445749,0.001));
#8408=CARTESIAN_POINT('',(-0.0285576118445749,0.0256997474683059,0.001));
#8409=CARTESIAN_POINT('',(-0.023607864376269,0.02775,0.001));
#8410=CARTESIAN_POINT('',(-0.0265073593128807,0.02775,0.001));
#8411=CARTESIAN_POINT('',(-0.0285576118445749,0.0256997474683059,0.001));
#8412=CARTESIAN_POINT('',(-0.023607864376269,0.02775,0.001));
#8413=CARTESIAN_POINT('',(-0.0286286796564404,0.02775,0.001));
#8414=CARTESIAN_POINT('',(0.023607864376269,0.02775,0.001));
#8415=CARTESIAN_POINT('',(0.0285576118445749,0.0256997474683059,0.001));
#8416=CARTESIAN_POINT('',(0.0265073593128807,0.02775,0.001));
#8417=CARTESIAN_POINT('',(0.023607864376269,0.02775,0.001));
#8418=CARTESIAN_POINT('',(0.0285576118445749,0.0256997474683059,0.001));
#8419=CARTESIAN_POINT('',(0.0286286796564404,0.0256286796564403,0.001));
#8420=CARTESIAN_POINT('',(0.0286997474683059,0.0255576118445749,0.001));
#8421=CARTESIAN_POINT('',(0.03075,0.0206078643762691,0.001));
#8422=CARTESIAN_POINT('',(0.03075,0.0235073593128807,0.001));
#8423=CARTESIAN_POINT('',(0.0286997474683059,0.0255576118445749,0.001));
#8424=CARTESIAN_POINT('',(0.03075,0.0206078643762691,0.001));
#8425=CARTESIAN_POINT('',(0.03075,0.0256286796564403,0.001));
#8426=CARTESIAN_POINT('',(0.03075,-0.0206078643762691,0.001));
#8427=CARTESIAN_POINT('',(0.0286997474683059,-0.0255576118445749,0.001));
#8428=CARTESIAN_POINT('',(0.03075,-0.0235073593128807,0.001));
#8429=CARTESIAN_POINT('',(0.03075,-0.0206078643762691,0.001));
#8430=CARTESIAN_POINT('',(0.0286997474683059,-0.0255576118445749,0.001));
#8431=CARTESIAN_POINT('',(0.0286286796564404,-0.0256286796564403,0.001));
#8432=CARTESIAN_POINT('',(0.0285576118445749,-0.0256997474683058,0.001));
#8433=CARTESIAN_POINT('',(0.023607864376269,-0.02775,0.001));
#8434=CARTESIAN_POINT('',(0.0265073593128807,-0.02775,0.001));
#8435=CARTESIAN_POINT('',(0.0285576118445749,-0.0256997474683059,0.001));
#8436=CARTESIAN_POINT('',(0.023607864376269,-0.02775,0.001));
#8437=CARTESIAN_POINT('',(0.0286286796564404,-0.02775,0.001));
#8438=CARTESIAN_POINT('',(-0.023607864376269,-0.02775,0.001));
#8439=CARTESIAN_POINT('',(-0.0285576118445749,-0.0256997474683059,0.001));
#8440=CARTESIAN_POINT('',(-0.0265073593128807,-0.02775,0.001));
#8441=CARTESIAN_POINT('',(-0.023607864376269,-0.02775,0.001));
#8442=CARTESIAN_POINT('',(-0.0285576118445749,-0.0256997474683059,0.001));
#8443=CARTESIAN_POINT('',(-0.0286286796564404,-0.0256286796564403,0.001));
#8444=CARTESIAN_POINT('',(-0.0286997474683059,-0.0255576118445749,0.001));
#8445=CARTESIAN_POINT('',(-0.03075,-0.0206078643762691,0.001));
#8446=CARTESIAN_POINT('',(-0.03075,-0.0235073593128807,0.001));
#8447=CARTESIAN_POINT('',(-0.0286997474683059,-0.0255576118445749,0.001));
#8448=CARTESIAN_POINT('',(-0.03075,-0.0206078643762691,0.001));
#8449=CARTESIAN_POINT('',(-0.03075,-0.0256286796564403,0.001));
#8450=CARTESIAN_POINT('',(-0.03075,0.0206078643762691,0.001));
#8451=CARTESIAN_POINT('',(-0.0286997474683059,0.0255576118445749,0.001));
#8452=CARTESIAN_POINT('',(-0.03075,0.0235073593128807,0.001));
#8453=CARTESIAN_POINT('',(-0.03075,0.0206078643762691,0.001));
#8454=CARTESIAN_POINT('',(-0.00925,-0.00625,0.001));
#8455=CARTESIAN_POINT('',(-0.00425,-0.00625,0.001));
#8456=CARTESIAN_POINT('',(0.0285576118445749,-0.0256997474683059,0.001));
#8457=CARTESIAN_POINT('',(0.0285576118445749,-0.0256997474683059,0.));
#8458=CARTESIAN_POINT('',(0.0271907768234454,-0.0270665824894353,0.001));
#8459=CARTESIAN_POINT('',(0.0271907768234454,-0.0270665824894353,1.51788304147971E-18));
#8460=CARTESIAN_POINT('',(0.0255408610006768,-0.02775,0.001));
#8461=CARTESIAN_POINT('',(0.0255408610006768,-0.02775,0.));
#8462=CARTESIAN_POINT('',(0.023607864376269,-0.02775,0.001));
#8463=CARTESIAN_POINT('',(0.023607864376269,-0.02775,-4.33680868994202E-19));
#8464=CARTESIAN_POINT('',(0.0285576118445749,-0.0256997474683058,-9.54097911787244E-18));
#8465=CARTESIAN_POINT('',(0.0285576118445749,-0.0256997474683058,0.000333333333333327));
#8466=CARTESIAN_POINT('',(0.0285576118445749,-0.0256997474683058,0.000666666666666663));
#8467=CARTESIAN_POINT('',(0.0285576118445749,-0.0256997474683058,0.000999999999999999));
#8468=CARTESIAN_POINT('',(0.0285576118445749,-0.0256997474683059,0.));
#8469=CARTESIAN_POINT('',(0.023607864376269,-0.02775,0.));
#8470=CARTESIAN_POINT('',(0.0255408610006768,-0.02775,0.));
#8471=CARTESIAN_POINT('',(0.0271907768234454,-0.0270665824894353,0.));
#8472=CARTESIAN_POINT('',(0.0285576118445749,-0.0256997474683059,0.));
#8473=CARTESIAN_POINT('',(0.023607864376269,-0.02775,0.));
#8474=CARTESIAN_POINT('',(0.023607864376269,-0.02775,0.000999999999999999));
#8475=CARTESIAN_POINT('',(0.023607864376269,-0.02775,0.000666666666666666));
#8476=CARTESIAN_POINT('',(0.023607864376269,-0.02775,0.000333333333333333));
#8477=CARTESIAN_POINT('',(0.023607864376269,-0.02775,0.));
#8478=CARTESIAN_POINT('',(0.03075,-0.020607864376269,0.001));
#8479=CARTESIAN_POINT('',(0.03075,-0.020607864376269,0.));
#8480=CARTESIAN_POINT('',(0.03075,-0.0225408610006768,0.000999999999999995));
#8481=CARTESIAN_POINT('',(0.03075,-0.0225408610006768,-6.28837260041593E-18));
#8482=CARTESIAN_POINT('',(0.0300665824894353,-0.0241907768234454,0.001));
#8483=CARTESIAN_POINT('',(0.0300665824894353,-0.0241907768234454,-1.51788304147971E-18));
#8484=CARTESIAN_POINT('',(0.0286997474683058,-0.0255576118445749,0.001));
#8485=CARTESIAN_POINT('',(0.0286997474683058,-0.0255576118445749,1.51788304147971E-18));
#8486=CARTESIAN_POINT('',(0.03075,-0.020607864376269,0.));
#8487=CARTESIAN_POINT('',(0.03075,-0.020607864376269,0.000333333333333333));
#8488=CARTESIAN_POINT('',(0.03075,-0.020607864376269,0.000666666666666666));
#8489=CARTESIAN_POINT('',(0.03075,-0.020607864376269,0.000999999999999999));
#8490=CARTESIAN_POINT('',(0.03075,-0.0206078643762691,0.));
#8491=CARTESIAN_POINT('',(0.0286997474683059,-0.0255576118445749,0.));
#8492=CARTESIAN_POINT('',(0.0300665824894353,-0.0241907768234454,0.));
#8493=CARTESIAN_POINT('',(0.03075,-0.0225408610006768,0.));
#8494=CARTESIAN_POINT('',(0.03075,-0.0206078643762691,0.));
#8495=CARTESIAN_POINT('',(0.0286997474683059,-0.0255576118445749,0.));
#8496=CARTESIAN_POINT('',(0.0286997474683058,-0.0255576118445749,0.001));
#8497=CARTESIAN_POINT('',(0.0286997474683058,-0.0255576118445749,0.000666666666666664));
#8498=CARTESIAN_POINT('',(0.0286997474683058,-0.0255576118445749,0.000333333333333327));
#8499=CARTESIAN_POINT('',(0.0286997474683058,-0.0255576118445749,-9.54097911787244E-18));
#8500=CARTESIAN_POINT('',(0.0286286796564404,-0.0256286796564403,0.007));
#8501=CARTESIAN_POINT('',(0.0286286796564404,-0.0256286796564403,0.));
#8502=CARTESIAN_POINT('',(0.0285576118445749,0.0256997474683058,6.28120432158942E-19));
#8503=CARTESIAN_POINT('',(0.0285576118445749,0.0256997474683058,0.001));
#8504=CARTESIAN_POINT('',(0.0271907768234454,0.0270665824894353,3.36102673470509E-18));
#8505=CARTESIAN_POINT('',(0.0271907768234454,0.0270665824894353,0.001));
#8506=CARTESIAN_POINT('',(0.0255408610006768,0.02775,-2.05998412772246E-18));
#8507=CARTESIAN_POINT('',(0.0255408610006768,0.02775,0.000999999999999998));
#8508=CARTESIAN_POINT('',(0.023607864376269,0.02775,-4.02319649128918E-19));
#8509=CARTESIAN_POINT('',(0.023607864376269,0.02775,0.000999999999999999));
#8510=CARTESIAN_POINT('',(0.023607864376269,0.02775,0.));
#8511=CARTESIAN_POINT('',(0.023607864376269,0.02775,0.000333333333333333));
#8512=CARTESIAN_POINT('',(0.023607864376269,0.02775,0.000666666666666666));
#8513=CARTESIAN_POINT('',(0.023607864376269,0.02775,0.000999999999999999));
#8514=CARTESIAN_POINT('',(0.023607864376269,0.02775,0.));
#8515=CARTESIAN_POINT('',(0.0285576118445749,0.0256997474683059,0.));
#8516=CARTESIAN_POINT('',(0.0271907768234454,0.0270665824894353,0.));
#8517=CARTESIAN_POINT('',(0.0255408610006768,0.02775,0.));
#8518=CARTESIAN_POINT('',(0.023607864376269,0.02775,0.));
#8519=CARTESIAN_POINT('',(0.0285576118445749,0.0256997474683059,0.));
#8520=CARTESIAN_POINT('',(0.0285576118445749,0.0256997474683058,0.001));
#8521=CARTESIAN_POINT('',(0.0285576118445749,0.0256997474683058,0.000666666666666665));
#8522=CARTESIAN_POINT('',(0.0285576118445749,0.0256997474683058,0.000333333333333327));
#8523=CARTESIAN_POINT('',(0.0285576118445749,0.0256997474683058,-9.54097911787244E-18));
#8524=CARTESIAN_POINT('',(0.03075,0.020607864376269,-3.83204238925423E-19));
#8525=CARTESIAN_POINT('',(0.03075,0.020607864376269,0.000999999999999996));
#8526=CARTESIAN_POINT('',(0.03075,0.0225408610006768,6.03539209350269E-18));
#8527=CARTESIAN_POINT('',(0.03075,0.0225408610006768,0.001));
#8528=CARTESIAN_POINT('',(0.0300665824894353,0.0241907768234454,5.67399136934084E-18));
#8529=CARTESIAN_POINT('',(0.0300665824894353,0.0241907768234454,0.001));
#8530=CARTESIAN_POINT('',(0.0286997474683058,0.0255576118445749,-4.51900244344622E-19));
#8531=CARTESIAN_POINT('',(0.0286997474683058,0.0255576118445749,0.000999999999999996));
#8532=CARTESIAN_POINT('',(0.0286997474683058,0.0255576118445749,-9.54097911787244E-18));
#8533=CARTESIAN_POINT('',(0.0286997474683058,0.0255576118445749,0.000333333333333327));
#8534=CARTESIAN_POINT('',(0.0286997474683058,0.0255576118445749,0.000666666666666664));
#8535=CARTESIAN_POINT('',(0.0286997474683058,0.0255576118445749,0.001));
#8536=CARTESIAN_POINT('',(0.0286997474683059,0.0255576118445749,0.));
#8537=CARTESIAN_POINT('',(0.03075,0.0206078643762691,0.));
#8538=CARTESIAN_POINT('',(0.03075,0.0225408610006768,0.));
#8539=CARTESIAN_POINT('',(0.0300665824894353,0.0241907768234454,0.));
#8540=CARTESIAN_POINT('',(0.0286997474683059,0.0255576118445749,0.));
#8541=CARTESIAN_POINT('',(0.03075,0.0206078643762691,0.));
#8542=CARTESIAN_POINT('',(0.03075,0.020607864376269,0.000999999999999999));
#8543=CARTESIAN_POINT('',(0.03075,0.020607864376269,0.000666666666666666));
#8544=CARTESIAN_POINT('',(0.03075,0.020607864376269,0.000333333333333333));
#8545=CARTESIAN_POINT('',(0.03075,0.020607864376269,0.));
#8546=CARTESIAN_POINT('',(0.0286286796564404,0.0256286796564403,0.007));
#8547=CARTESIAN_POINT('',(0.0286286796564404,0.0256286796564403,0.));
#8548=CARTESIAN_POINT('',(0.03075,0.0256286796564403,0.01));
#8549=CARTESIAN_POINT('',(0.03075,0.0256286796564403,0.));
#8550=CARTESIAN_POINT('',(-0.0285576118445749,0.0256997474683058,0.001));
#8551=CARTESIAN_POINT('',(-0.0285576118445749,0.0256997474683058,4.33680868994202E-19));
#8552=CARTESIAN_POINT('',(-0.0271907768234454,0.0270665824894353,0.001));
#8553=CARTESIAN_POINT('',(-0.0271907768234454,0.0270665824894353,2.60208521396521E-18));
#8554=CARTESIAN_POINT('',(-0.0255408610006768,0.02775,0.000999999999999998));
#8555=CARTESIAN_POINT('',(-0.0255408610006768,0.02775,-1.30104260698261E-18));
#8556=CARTESIAN_POINT('',(-0.023607864376269,0.02775,0.001));
#8557=CARTESIAN_POINT('',(-0.023607864376269,0.02775,4.33680868994202E-19));
#8558=CARTESIAN_POINT('',(-0.0285576118445749,0.0256997474683058,-9.54097911787244E-18));
#8559=CARTESIAN_POINT('',(-0.0285576118445749,0.0256997474683058,0.000333333333333327));
#8560=CARTESIAN_POINT('',(-0.0285576118445749,0.0256997474683058,0.000666666666666663));
#8561=CARTESIAN_POINT('',(-0.0285576118445749,0.0256997474683058,0.000999999999999999));
#8562=CARTESIAN_POINT('',(-0.0285576118445749,0.0256997474683059,0.));
#8563=CARTESIAN_POINT('',(-0.023607864376269,0.02775,0.));
#8564=CARTESIAN_POINT('',(-0.0255408610006768,0.02775,0.));
#8565=CARTESIAN_POINT('',(-0.0271907768234454,0.0270665824894353,0.));
#8566=CARTESIAN_POINT('',(-0.0285576118445749,0.0256997474683059,0.));
#8567=CARTESIAN_POINT('',(-0.023607864376269,0.02775,0.));
#8568=CARTESIAN_POINT('',(-0.023607864376269,0.02775,0.000999999999999999));
#8569=CARTESIAN_POINT('',(-0.023607864376269,0.02775,0.000666666666666666));
#8570=CARTESIAN_POINT('',(-0.023607864376269,0.02775,0.000333333333333333));
#8571=CARTESIAN_POINT('',(-0.023607864376269,0.02775,0.));
#8572=CARTESIAN_POINT('',(-0.03075,0.020607864376269,0.001));
#8573=CARTESIAN_POINT('',(-0.03075,0.020607864376269,0.));
#8574=CARTESIAN_POINT('',(-0.03075,0.0225408610006768,0.000999999999999995));
#8575=CARTESIAN_POINT('',(-0.03075,0.0225408610006768,-6.28837260041593E-18));
#8576=CARTESIAN_POINT('',(-0.0300665824894353,0.0241907768234454,0.001));
#8577=CARTESIAN_POINT('',(-0.0300665824894353,0.0241907768234454,-1.30104260698261E-18));
#8578=CARTESIAN_POINT('',(-0.0286997474683058,0.0255576118445749,0.001));
#8579=CARTESIAN_POINT('',(-0.0286997474683058,0.0255576118445749,1.30104260698261E-18));
#8580=CARTESIAN_POINT('',(-0.03075,0.020607864376269,0.));
#8581=CARTESIAN_POINT('',(-0.03075,0.020607864376269,0.000333333333333333));
#8582=CARTESIAN_POINT('',(-0.03075,0.020607864376269,0.000666666666666666));
#8583=CARTESIAN_POINT('',(-0.03075,0.020607864376269,0.000999999999999999));
#8584=CARTESIAN_POINT('',(-0.03075,0.0206078643762691,0.));
#8585=CARTESIAN_POINT('',(-0.0286997474683059,0.0255576118445749,0.));
#8586=CARTESIAN_POINT('',(-0.0300665824894353,0.0241907768234454,0.));
#8587=CARTESIAN_POINT('',(-0.03075,0.0225408610006768,0.));
#8588=CARTESIAN_POINT('',(-0.03075,0.0206078643762691,0.));
#8589=CARTESIAN_POINT('',(-0.0286997474683059,0.0255576118445749,0.));
#8590=CARTESIAN_POINT('',(-0.0286997474683058,0.0255576118445749,0.001));
#8591=CARTESIAN_POINT('',(-0.0286997474683058,0.0255576118445749,0.000666666666666664));
#8592=CARTESIAN_POINT('',(-0.0286997474683058,0.0255576118445749,0.000333333333333327));
#8593=CARTESIAN_POINT('',(-0.0286997474683058,0.0255576118445749,-9.54097911787244E-18));
#8594=CARTESIAN_POINT('',(-0.0286286796564404,0.0256286796564403,0.007));
#8595=CARTESIAN_POINT('',(-0.0286286796564404,0.0256286796564403,0.));
#8596=CARTESIAN_POINT('',(-0.0286286796564404,0.02775,0.01));
#8597=CARTESIAN_POINT('',(-0.0286286796564404,0.02775,0.));
#8598=CARTESIAN_POINT('',(-0.0285576118445749,-0.0256997474683059,3.63192793868429E-19));
#8599=CARTESIAN_POINT('',(-0.0285576118445749,-0.0256997474683059,0.001));
#8600=CARTESIAN_POINT('',(-0.0271907768234454,-0.0270665824894353,2.02384405530627E-18));
#8601=CARTESIAN_POINT('',(-0.0271907768234454,-0.0270665824894353,0.001));
#8602=CARTESIAN_POINT('',(-0.0255408610006768,-0.02775,5.78241158658935E-19));
#8603=CARTESIAN_POINT('',(-0.0255408610006768,-0.02775,0.001));
#8604=CARTESIAN_POINT('',(-0.023607864376269,-0.02775,4.46822713509178E-19));
#8605=CARTESIAN_POINT('',(-0.023607864376269,-0.02775,0.001));
#8606=CARTESIAN_POINT('',(-0.023607864376269,-0.02775,0.));
#8607=CARTESIAN_POINT('',(-0.023607864376269,-0.02775,0.000333333333333333));
#8608=CARTESIAN_POINT('',(-0.023607864376269,-0.02775,0.000666666666666666));
#8609=CARTESIAN_POINT('',(-0.023607864376269,-0.02775,0.000999999999999999));
#8610=CARTESIAN_POINT('',(-0.023607864376269,-0.02775,0.));
#8611=CARTESIAN_POINT('',(-0.0285576118445749,-0.0256997474683059,0.));
#8612=CARTESIAN_POINT('',(-0.0271907768234454,-0.0270665824894353,0.));
#8613=CARTESIAN_POINT('',(-0.0255408610006768,-0.02775,0.));
#8614=CARTESIAN_POINT('',(-0.023607864376269,-0.02775,0.));
#8615=CARTESIAN_POINT('',(-0.0285576118445749,-0.0256997474683059,0.));
#8616=CARTESIAN_POINT('',(-0.0285576118445749,-0.0256997474683058,0.001));
#8617=CARTESIAN_POINT('',(-0.0285576118445749,-0.0256997474683058,0.000666666666666665));
#8618=CARTESIAN_POINT('',(-0.0285576118445749,-0.0256997474683058,0.000333333333333327));
#8619=CARTESIAN_POINT('',(-0.0285576118445749,-0.0256997474683058,-9.54097911787244E-18));
#8620=CARTESIAN_POINT('',(-0.03075,-0.020607864376269,-3.83204238925378E-19));
#8621=CARTESIAN_POINT('',(-0.03075,-0.020607864376269,0.000999999999999996));
#8622=CARTESIAN_POINT('',(-0.03075,-0.0225408610006768,6.03539209350267E-18));
#8623=CARTESIAN_POINT('',(-0.03075,-0.0225408610006768,0.001));
#8624=CARTESIAN_POINT('',(-0.0300665824894353,-0.0241907768234454,5.67399136934082E-18));
#8625=CARTESIAN_POINT('',(-0.0300665824894353,-0.0241907768234454,0.001));
#8626=CARTESIAN_POINT('',(-0.0286997474683058,-0.0255576118445749,-4.51900244344586E-19));
#8627=CARTESIAN_POINT('',(-0.0286997474683058,-0.0255576118445749,0.000999999999999996));
#8628=CARTESIAN_POINT('',(-0.0286997474683058,-0.0255576118445749,-9.54097911787244E-18));
#8629=CARTESIAN_POINT('',(-0.0286997474683058,-0.0255576118445749,0.000333333333333327));
#8630=CARTESIAN_POINT('',(-0.0286997474683058,-0.0255576118445749,0.000666666666666664));
#8631=CARTESIAN_POINT('',(-0.0286997474683058,-0.0255576118445749,0.001));
#8632=CARTESIAN_POINT('',(-0.0286997474683059,-0.0255576118445749,0.));
#8633=CARTESIAN_POINT('',(-0.03075,-0.0206078643762691,0.));
#8634=CARTESIAN_POINT('',(-0.03075,-0.0225408610006768,0.));
#8635=CARTESIAN_POINT('',(-0.0300665824894353,-0.0241907768234454,0.));
#8636=CARTESIAN_POINT('',(-0.0286997474683059,-0.0255576118445749,0.));
#8637=CARTESIAN_POINT('',(-0.03075,-0.0206078643762691,0.));
#8638=CARTESIAN_POINT('',(-0.03075,-0.020607864376269,0.000999999999999999));
#8639=CARTESIAN_POINT('',(-0.03075,-0.020607864376269,0.000666666666666666));
#8640=CARTESIAN_POINT('',(-0.03075,-0.020607864376269,0.000333333333333333));
#8641=CARTESIAN_POINT('',(-0.03075,-0.020607864376269,0.));
#8642=CARTESIAN_POINT('',(-0.0286286796564404,-0.0256286796564403,0.007));
#8643=CARTESIAN_POINT('',(-0.0286286796564404,-0.0256286796564403,0.));
#8644=CARTESIAN_POINT('',(-0.03075,-0.0256286796564403,0.01));
#8645=CARTESIAN_POINT('',(-0.03075,-0.0256286796564403,0.));
#8646=CARTESIAN_POINT('',(0.0286286796564404,-0.02775,0.01));
#8647=CARTESIAN_POINT('',(0.0286286796564404,-0.02775,0.));
#8648=CARTESIAN_POINT('',(0.,0.,0.));
#8649=CARTESIAN_POINT('',(-0.00925,-0.00625,0.));
#8650=CARTESIAN_POINT('',(-0.00425,-0.00625,0.));
#8651=CARTESIAN_POINT('',(-0.00925,-0.00625,0.007002));
#8652=CARTESIAN_POINT('',(0.,0.,0.));
#8653=CARTESIAN_POINT('',(0.0291625,0.012525,0.013));
#8654=CARTESIAN_POINT('',(0.00695,0.012525,0.011));
#8655=CARTESIAN_POINT('',(0.00945,0.012525,0.011));
#8656=CARTESIAN_POINT('',(0.00445,0.012525,0.011));
#8657=CARTESIAN_POINT('',(0.00445,0.012525,0.0105));
#8658=CARTESIAN_POINT('',(0.00445,0.012525,0.01));
#8659=CARTESIAN_POINT('',(0.0291625,0.012525,0.01));
#8660=CARTESIAN_POINT('',(-0.03075,0.012525,0.01));
#8661=CARTESIAN_POINT('',(-0.03075,0.012525,0.013));
#8662=CARTESIAN_POINT('',(-0.03075,0.012525,0.013));
#8663=CARTESIAN_POINT('',(0.0291625,0.012525,0.013));
#8664=CARTESIAN_POINT('',(0.02975,0.012525,0.013));
#8665=CARTESIAN_POINT('',(0.02975,0.012525,0.013));
#8666=CARTESIAN_POINT('',(0.02975,0.012525,0.01));
#8667=CARTESIAN_POINT('',(0.0291625,0.012525,0.01));
#8668=CARTESIAN_POINT('',(0.00945,0.012525,0.01));
#8669=CARTESIAN_POINT('',(0.00945,0.012525,0.0105));
#8670=CARTESIAN_POINT('',(-0.02605,0.003,0.013));
#8671=CARTESIAN_POINT('',(-0.02605,0.003,0.01));
#8672=CARTESIAN_POINT('',(-0.02605,0.0095,0.01));
#8673=CARTESIAN_POINT('',(-0.02605,-0.0035,0.01));
#8674=CARTESIAN_POINT('',(-0.02605,0.0095,0.013));
#8675=CARTESIAN_POINT('',(-0.02605,0.0095,0.013));
#8676=CARTESIAN_POINT('',(-0.02605,0.003,0.013));
#8677=CARTESIAN_POINT('',(-0.02605,-0.0035,0.013));
#8678=CARTESIAN_POINT('',(-0.02605,-0.0035,0.013));
#8679=CARTESIAN_POINT('',(-0.02555,0.0095,0.013));
#8680=CARTESIAN_POINT('',(-0.02555,0.0095,0.01));
#8681=CARTESIAN_POINT('',(-0.02555,0.01,0.01));
#8682=CARTESIAN_POINT('',(-0.02555,0.01,0.013));
#8683=CARTESIAN_POINT('',(-0.02555,0.01,0.013));
#8684=CARTESIAN_POINT('',(-0.02555,0.0095,0.013));
#8685=CARTESIAN_POINT('',(-0.01905,0.01,0.013));
#8686=CARTESIAN_POINT('',(-0.01905,0.01,0.01));
#8687=CARTESIAN_POINT('',(-0.01255,0.01,0.01));
#8688=CARTESIAN_POINT('',(-0.01255,0.01,0.013));
#8689=CARTESIAN_POINT('',(-0.01255,0.01,0.013));
#8690=CARTESIAN_POINT('',(-0.01905,0.01,0.013));
#8691=CARTESIAN_POINT('',(-0.01255,0.0095,0.013));
#8692=CARTESIAN_POINT('',(-0.01255,0.0095,0.01));
#8693=CARTESIAN_POINT('',(-0.01205,0.0095,0.01));
#8694=CARTESIAN_POINT('',(-0.01205,0.0095,0.013));
#8695=CARTESIAN_POINT('',(-0.01205,0.0095,0.013));
#8696=CARTESIAN_POINT('',(-0.01255,0.0095,0.013));
#8697=CARTESIAN_POINT('',(-0.01205,0.003,0.013));
#8698=CARTESIAN_POINT('',(-0.01205,0.003,0.01));
#8699=CARTESIAN_POINT('',(-0.01205,-0.0035,0.01));
#8700=CARTESIAN_POINT('',(-0.01205,-0.0035,0.013));
#8701=CARTESIAN_POINT('',(-0.01205,-0.0035,0.013));
#8702=CARTESIAN_POINT('',(-0.01205,0.003,0.013));
#8703=CARTESIAN_POINT('',(-0.01255,-0.0035,0.013));
#8704=CARTESIAN_POINT('',(-0.01255,-0.0035,0.01));
#8705=CARTESIAN_POINT('',(-0.01255,-0.004,0.01));
#8706=CARTESIAN_POINT('',(-0.01255,-0.004,0.013));
#8707=CARTESIAN_POINT('',(-0.01255,-0.004,0.013));
#8708=CARTESIAN_POINT('',(-0.01255,-0.0035,0.013));
#8709=CARTESIAN_POINT('',(-0.01905,-0.004,0.013));
#8710=CARTESIAN_POINT('',(-0.01905,-0.004,0.01));
#8711=CARTESIAN_POINT('',(-0.02555,-0.004,0.01));
#8712=CARTESIAN_POINT('',(-0.02555,-0.004,0.013));
#8713=CARTESIAN_POINT('',(-0.02555,-0.004,0.013));
#8714=CARTESIAN_POINT('',(-0.01905,-0.004,0.013));
#8715=CARTESIAN_POINT('',(-0.02555,-0.02255,0.013));
#8716=CARTESIAN_POINT('',(-0.02555,-0.02255,0.01));
#8717=CARTESIAN_POINT('',(-0.02605,-0.02255,0.01));
#8718=CARTESIAN_POINT('',(-0.02555,-0.02305,0.01));
#8719=CARTESIAN_POINT('',(-0.02605,-0.02255,0.013));
#8720=CARTESIAN_POINT('',(-0.02605,-0.02255,0.013));
#8721=CARTESIAN_POINT('',(-0.02555,-0.02255,0.013));
#8722=CARTESIAN_POINT('',(-0.02555,-0.02305,0.013));
#8723=CARTESIAN_POINT('',(-0.02555,-0.02305,0.013));
#8724=CARTESIAN_POINT('',(-0.02605,-0.01605,0.013));
#8725=CARTESIAN_POINT('',(-0.02605,-0.01605,0.01));
#8726=CARTESIAN_POINT('',(-0.02605,-0.00955,0.01));
#8727=CARTESIAN_POINT('',(-0.02605,-0.00955,0.013));
#8728=CARTESIAN_POINT('',(-0.02605,-0.00955,0.013));
#8729=CARTESIAN_POINT('',(-0.02605,-0.01605,0.013));
#8730=CARTESIAN_POINT('',(-0.02555,-0.00955,0.013));
#8731=CARTESIAN_POINT('',(-0.02555,-0.00955,0.01));
#8732=CARTESIAN_POINT('',(-0.02555,-0.00905,0.01));
#8733=CARTESIAN_POINT('',(-0.02555,-0.00905,0.013));
#8734=CARTESIAN_POINT('',(-0.02555,-0.00905,0.013));
#8735=CARTESIAN_POINT('',(-0.02555,-0.00955,0.013));
#8736=CARTESIAN_POINT('',(-0.01905,-0.00905,0.013));
#8737=CARTESIAN_POINT('',(-0.01905,-0.00905,0.01));
#8738=CARTESIAN_POINT('',(-0.01255,-0.00905,0.01));
#8739=CARTESIAN_POINT('',(-0.01255,-0.00905,0.013));
#8740=CARTESIAN_POINT('',(-0.01255,-0.00905,0.013));
#8741=CARTESIAN_POINT('',(-0.01905,-0.00905,0.013));
#8742=CARTESIAN_POINT('',(-0.01255,-0.00955,0.013));
#8743=CARTESIAN_POINT('',(-0.01255,-0.00955,0.01));
#8744=CARTESIAN_POINT('',(-0.01205,-0.00955,0.01));
#8745=CARTESIAN_POINT('',(-0.01205,-0.00955,0.013));
#8746=CARTESIAN_POINT('',(-0.01205,-0.00955,0.013));
#8747=CARTESIAN_POINT('',(-0.01255,-0.00955,0.013));
#8748=CARTESIAN_POINT('',(-0.01205,-0.01605,0.013));
#8749=CARTESIAN_POINT('',(-0.01205,-0.01605,0.01));
#8750=CARTESIAN_POINT('',(-0.01205,-0.02255,0.01));
#8751=CARTESIAN_POINT('',(-0.01205,-0.02255,0.013));
#8752=CARTESIAN_POINT('',(-0.01205,-0.02255,0.013));
#8753=CARTESIAN_POINT('',(-0.01205,-0.01605,0.013));
#8754=CARTESIAN_POINT('',(-0.01255,-0.02255,0.013));
#8755=CARTESIAN_POINT('',(-0.01255,-0.02255,0.01));
#8756=CARTESIAN_POINT('',(-0.01255,-0.02305,0.01));
#8757=CARTESIAN_POINT('',(-0.01255,-0.02305,0.013));
#8758=CARTESIAN_POINT('',(-0.01255,-0.02305,0.013));
#8759=CARTESIAN_POINT('',(-0.01255,-0.02255,0.013));
#8760=CARTESIAN_POINT('',(0.0065,-0.02255,0.013));
#8761=CARTESIAN_POINT('',(0.0065,-0.02255,0.01));
#8762=CARTESIAN_POINT('',(0.0065,-0.02305,0.01));
#8763=CARTESIAN_POINT('',(0.007,-0.02255,0.01));
#8764=CARTESIAN_POINT('',(0.0065,-0.02305,0.013));
#8765=CARTESIAN_POINT('',(0.0065,-0.02305,0.013));
#8766=CARTESIAN_POINT('',(0.0065,-0.02255,0.013));
#8767=CARTESIAN_POINT('',(0.007,-0.02255,0.013));
#8768=CARTESIAN_POINT('',(0.007,-0.02255,0.013));
#8769=CARTESIAN_POINT('',(3.46944695195361E-18,-0.02305,0.013));
#8770=CARTESIAN_POINT('',(3.46944695195361E-18,-0.02305,0.01));
#8771=CARTESIAN_POINT('',(-0.0065,-0.02305,0.01));
#8772=CARTESIAN_POINT('',(-0.0065,-0.02305,0.013));
#8773=CARTESIAN_POINT('',(-0.0065,-0.02305,0.013));
#8774=CARTESIAN_POINT('',(3.46944695195361E-18,-0.02305,0.013));
#8775=CARTESIAN_POINT('',(-0.0065,-0.02255,0.013));
#8776=CARTESIAN_POINT('',(-0.0065,-0.02255,0.01));
#8777=CARTESIAN_POINT('',(-0.007,-0.02255,0.01));
#8778=CARTESIAN_POINT('',(-0.007,-0.02255,0.013));
#8779=CARTESIAN_POINT('',(-0.007,-0.02255,0.013));
#8780=CARTESIAN_POINT('',(-0.0065,-0.02255,0.013));
#8781=CARTESIAN_POINT('',(-0.007,-0.01605,0.013));
#8782=CARTESIAN_POINT('',(-0.007,-0.01605,0.01));
#8783=CARTESIAN_POINT('',(-0.007,-0.00955,0.01));
#8784=CARTESIAN_POINT('',(-0.007,-0.00955,0.013));
#8785=CARTESIAN_POINT('',(-0.007,-0.00955,0.013));
#8786=CARTESIAN_POINT('',(-0.007,-0.01605,0.013));
#8787=CARTESIAN_POINT('',(-0.0065,-0.00955,0.013));
#8788=CARTESIAN_POINT('',(-0.0065,-0.00955,0.01));
#8789=CARTESIAN_POINT('',(-0.0065,-0.00905,0.01));
#8790=CARTESIAN_POINT('',(-0.0065,-0.00905,0.013));
#8791=CARTESIAN_POINT('',(-0.0065,-0.00905,0.013));
#8792=CARTESIAN_POINT('',(-0.0065,-0.00955,0.013));
#8793=CARTESIAN_POINT('',(-2.60208521396521E-18,-0.00905,0.013));
#8794=CARTESIAN_POINT('',(-2.60208521396521E-18,-0.00905,0.01));
#8795=CARTESIAN_POINT('',(0.0065,-0.00905,0.01));
#8796=CARTESIAN_POINT('',(0.0065,-0.00905,0.013));
#8797=CARTESIAN_POINT('',(0.0065,-0.00905,0.013));
#8798=CARTESIAN_POINT('',(-2.60208521396521E-18,-0.00905,0.013));
#8799=CARTESIAN_POINT('',(0.0065,-0.00955,0.013));
#8800=CARTESIAN_POINT('',(0.0065,-0.00955,0.01));
#8801=CARTESIAN_POINT('',(0.007,-0.00955,0.01));
#8802=CARTESIAN_POINT('',(0.007,-0.00955,0.013));
#8803=CARTESIAN_POINT('',(0.007,-0.00955,0.013));
#8804=CARTESIAN_POINT('',(0.0065,-0.00955,0.013));
#8805=CARTESIAN_POINT('',(-0.007,0.003,0.013));
#8806=CARTESIAN_POINT('',(-0.007,0.003,0.01));
#8807=CARTESIAN_POINT('',(-0.007,0.0095,0.01));
#8808=CARTESIAN_POINT('',(-0.007,-0.0035,0.01));
#8809=CARTESIAN_POINT('',(-0.007,0.0095,0.013));
#8810=CARTESIAN_POINT('',(-0.007,0.0095,0.013));
#8811=CARTESIAN_POINT('',(-0.007,0.003,0.013));
#8812=CARTESIAN_POINT('',(-0.007,-0.0035,0.013));
#8813=CARTESIAN_POINT('',(-0.007,-0.0035,0.013));
#8814=CARTESIAN_POINT('',(-0.0065,0.0095,0.013));
#8815=CARTESIAN_POINT('',(-0.0065,0.0095,0.01));
#8816=CARTESIAN_POINT('',(-0.0065,0.01,0.01));
#8817=CARTESIAN_POINT('',(-0.0065,0.01,0.013));
#8818=CARTESIAN_POINT('',(-0.0065,0.01,0.013));
#8819=CARTESIAN_POINT('',(-0.0065,0.0095,0.013));
#8820=CARTESIAN_POINT('',(-5.20417042793042E-18,0.01,0.013));
#8821=CARTESIAN_POINT('',(-5.20417042793042E-18,0.01,0.01));
#8822=CARTESIAN_POINT('',(0.0065,0.01,0.01));
#8823=CARTESIAN_POINT('',(0.0065,0.01,0.013));
#8824=CARTESIAN_POINT('',(0.0065,0.01,0.013));
#8825=CARTESIAN_POINT('',(-5.20417042793042E-18,0.01,0.013));
#8826=CARTESIAN_POINT('',(0.0065,0.0095,0.013));
#8827=CARTESIAN_POINT('',(0.0065,0.0095,0.01));
#8828=CARTESIAN_POINT('',(0.007,0.0095,0.01));
#8829=CARTESIAN_POINT('',(0.007,0.0095,0.013));
#8830=CARTESIAN_POINT('',(0.007,0.0095,0.013));
#8831=CARTESIAN_POINT('',(0.0065,0.0095,0.013));
#8832=CARTESIAN_POINT('',(0.007,0.003,0.013));
#8833=CARTESIAN_POINT('',(0.007,0.003,0.01));
#8834=CARTESIAN_POINT('',(0.007,-0.0035,0.01));
#8835=CARTESIAN_POINT('',(0.007,-0.0035,0.013));
#8836=CARTESIAN_POINT('',(0.007,-0.0035,0.013));
#8837=CARTESIAN_POINT('',(0.007,0.003,0.013));
#8838=CARTESIAN_POINT('',(0.0065,-0.0035,0.013));
#8839=CARTESIAN_POINT('',(0.0065,-0.0035,0.01));
#8840=CARTESIAN_POINT('',(0.0065,-0.004,0.01));
#8841=CARTESIAN_POINT('',(0.0065,-0.004,0.013));
#8842=CARTESIAN_POINT('',(0.0065,-0.004,0.013));
#8843=CARTESIAN_POINT('',(0.0065,-0.0035,0.013));
#8844=CARTESIAN_POINT('',(-5.20417042793042E-18,-0.004,0.013));
#8845=CARTESIAN_POINT('',(-5.20417042793042E-18,-0.004,0.01));
#8846=CARTESIAN_POINT('',(-0.0065,-0.004,0.01));
#8847=CARTESIAN_POINT('',(-0.0065,-0.004,0.013));
#8848=CARTESIAN_POINT('',(-0.0065,-0.004,0.013));
#8849=CARTESIAN_POINT('',(-5.20417042793042E-18,-0.004,0.013));
#8850=CARTESIAN_POINT('',(0.01905,0.01,0.013));
#8851=CARTESIAN_POINT('',(0.01905,0.01,0.01));
#8852=CARTESIAN_POINT('',(0.02555,0.01,0.01));
#8853=CARTESIAN_POINT('',(0.01255,0.01,0.01));
#8854=CARTESIAN_POINT('',(0.02555,0.01,0.013));
#8855=CARTESIAN_POINT('',(0.02555,0.01,0.013));
#8856=CARTESIAN_POINT('',(0.01905,0.01,0.013));
#8857=CARTESIAN_POINT('',(0.01255,0.01,0.013));
#8858=CARTESIAN_POINT('',(0.01255,0.01,0.013));
#8859=CARTESIAN_POINT('',(0.02555,0.0095,0.013));
#8860=CARTESIAN_POINT('',(0.02555,0.0095,0.01));
#8861=CARTESIAN_POINT('',(0.02605,0.0095,0.01));
#8862=CARTESIAN_POINT('',(0.02605,0.0095,0.013));
#8863=CARTESIAN_POINT('',(0.02605,0.0095,0.013));
#8864=CARTESIAN_POINT('',(0.02555,0.0095,0.013));
#8865=CARTESIAN_POINT('',(0.02605,0.003,0.013));
#8866=CARTESIAN_POINT('',(0.02605,0.003,0.01));
#8867=CARTESIAN_POINT('',(0.02605,-0.0035,0.01));
#8868=CARTESIAN_POINT('',(0.02605,-0.0035,0.013));
#8869=CARTESIAN_POINT('',(0.02605,-0.0035,0.013));
#8870=CARTESIAN_POINT('',(0.02605,0.003,0.013));
#8871=CARTESIAN_POINT('',(0.02555,-0.0035,0.013));
#8872=CARTESIAN_POINT('',(0.02555,-0.0035,0.01));
#8873=CARTESIAN_POINT('',(0.02555,-0.004,0.01));
#8874=CARTESIAN_POINT('',(0.02555,-0.004,0.013));
#8875=CARTESIAN_POINT('',(0.02555,-0.004,0.013));
#8876=CARTESIAN_POINT('',(0.02555,-0.0035,0.013));
#8877=CARTESIAN_POINT('',(0.01905,-0.004,0.013));
#8878=CARTESIAN_POINT('',(0.01905,-0.004,0.01));
#8879=CARTESIAN_POINT('',(0.01255,-0.004,0.01));
#8880=CARTESIAN_POINT('',(0.01255,-0.004,0.013));
#8881=CARTESIAN_POINT('',(0.01255,-0.004,0.013));
#8882=CARTESIAN_POINT('',(0.01905,-0.004,0.013));
#8883=CARTESIAN_POINT('',(0.01255,-0.0035,0.013));
#8884=CARTESIAN_POINT('',(0.01255,-0.0035,0.01));
#8885=CARTESIAN_POINT('',(0.01205,-0.0035,0.01));
#8886=CARTESIAN_POINT('',(0.01205,-0.0035,0.013));
#8887=CARTESIAN_POINT('',(0.01205,-0.0035,0.013));
#8888=CARTESIAN_POINT('',(0.01255,-0.0035,0.013));
#8889=CARTESIAN_POINT('',(0.01205,0.003,0.013));
#8890=CARTESIAN_POINT('',(0.01205,0.003,0.01));
#8891=CARTESIAN_POINT('',(0.01205,0.0095,0.01));
#8892=CARTESIAN_POINT('',(0.01205,0.0095,0.013));
#8893=CARTESIAN_POINT('',(0.01205,0.0095,0.013));
#8894=CARTESIAN_POINT('',(0.01205,0.003,0.013));
#8895=CARTESIAN_POINT('',(0.01905,-0.00905,0.013));
#8896=CARTESIAN_POINT('',(0.01905,-0.00905,0.01));
#8897=CARTESIAN_POINT('',(0.02555,-0.00905,0.01));
#8898=CARTESIAN_POINT('',(0.01255,-0.00905,0.01));
#8899=CARTESIAN_POINT('',(0.02555,-0.00905,0.013));
#8900=CARTESIAN_POINT('',(0.02555,-0.00905,0.013));
#8901=CARTESIAN_POINT('',(0.01905,-0.00905,0.013));
#8902=CARTESIAN_POINT('',(0.01255,-0.00905,0.013));
#8903=CARTESIAN_POINT('',(0.01255,-0.00905,0.013));
#8904=CARTESIAN_POINT('',(0.02555,-0.00955,0.013));
#8905=CARTESIAN_POINT('',(0.02555,-0.00955,0.01));
#8906=CARTESIAN_POINT('',(0.02605,-0.00955,0.01));
#8907=CARTESIAN_POINT('',(0.02605,-0.00955,0.013));
#8908=CARTESIAN_POINT('',(0.02605,-0.00955,0.013));
#8909=CARTESIAN_POINT('',(0.02555,-0.00955,0.013));
#8910=CARTESIAN_POINT('',(0.02605,-0.01605,0.013));
#8911=CARTESIAN_POINT('',(0.02605,-0.01605,0.01));
#8912=CARTESIAN_POINT('',(0.02605,-0.02255,0.01));
#8913=CARTESIAN_POINT('',(0.02605,-0.02255,0.013));
#8914=CARTESIAN_POINT('',(0.02605,-0.02255,0.013));
#8915=CARTESIAN_POINT('',(0.02605,-0.01605,0.013));
#8916=CARTESIAN_POINT('',(0.02555,-0.02255,0.013));
#8917=CARTESIAN_POINT('',(0.02555,-0.02255,0.01));
#8918=CARTESIAN_POINT('',(0.02555,-0.02305,0.01));
#8919=CARTESIAN_POINT('',(0.02555,-0.02305,0.013));
#8920=CARTESIAN_POINT('',(0.02555,-0.02305,0.013));
#8921=CARTESIAN_POINT('',(0.02555,-0.02255,0.013));
#8922=CARTESIAN_POINT('',(0.01905,-0.02305,0.013));
#8923=CARTESIAN_POINT('',(0.01905,-0.02305,0.01));
#8924=CARTESIAN_POINT('',(0.01255,-0.02305,0.01));
#8925=CARTESIAN_POINT('',(0.01255,-0.02305,0.013));
#8926=CARTESIAN_POINT('',(0.01255,-0.02305,0.013));
#8927=CARTESIAN_POINT('',(0.01905,-0.02305,0.013));
#8928=CARTESIAN_POINT('',(0.01255,-0.02255,0.013));
#8929=CARTESIAN_POINT('',(0.01255,-0.02255,0.01));
#8930=CARTESIAN_POINT('',(0.01205,-0.02255,0.01));
#8931=CARTESIAN_POINT('',(0.01205,-0.02255,0.013));
#8932=CARTESIAN_POINT('',(0.01205,-0.02255,0.013));
#8933=CARTESIAN_POINT('',(0.01255,-0.02255,0.013));
#8934=CARTESIAN_POINT('',(0.01205,-0.01605,0.013));
#8935=CARTESIAN_POINT('',(0.01205,-0.01605,0.01));
#8936=CARTESIAN_POINT('',(0.01205,-0.00955,0.01));
#8937=CARTESIAN_POINT('',(0.01205,-0.00955,0.013));
#8938=CARTESIAN_POINT('',(0.01205,-0.00955,0.013));
#8939=CARTESIAN_POINT('',(0.01205,-0.01605,0.013));
#8940=CARTESIAN_POINT('',(-0.0305067567567567,0.03475,0.013));
#8941=CARTESIAN_POINT('',(-0.0305067567567567,0.03475,0.01));
#8942=CARTESIAN_POINT('',(-0.0358400900900901,0.03475,0.013));
#8943=CARTESIAN_POINT('',(-0.0358400900900901,0.03475,0.01));
#8944=CARTESIAN_POINT('',(-0.0385067567567568,0.0320833333333333,0.013));
#8945=CARTESIAN_POINT('',(-0.0385067567567568,0.0320833333333333,0.01));
#8946=CARTESIAN_POINT('',(-0.0385067567567568,0.02675,0.013));
#8947=CARTESIAN_POINT('',(-0.0385067567567568,0.02675,0.01));
#8948=CARTESIAN_POINT('',(-0.0305067567567567,0.03475,0.01));
#8949=CARTESIAN_POINT('',(-0.0358400900900901,0.03475,0.01));
#8950=CARTESIAN_POINT('',(-0.0385067567567568,0.0320833333333333,0.01));
#8951=CARTESIAN_POINT('',(-0.0385067567567568,0.02675,0.01));
#8952=CARTESIAN_POINT('',(-0.0305067567567567,0.03475,0.01));
#8953=CARTESIAN_POINT('',(-0.0385067567567568,0.02675,0.01));
#8954=CARTESIAN_POINT('',(-0.0385067567567568,0.02675,0.013));
#8955=CARTESIAN_POINT('',(-0.0385067567567568,0.02675,0.013));
#8956=CARTESIAN_POINT('',(-0.0305067567567567,0.03475,0.013));
#8957=CARTESIAN_POINT('',(-0.0358400900900901,0.03475,0.013));
#8958=CARTESIAN_POINT('',(-0.0385067567567568,0.0320833333333333,0.013));
#8959=CARTESIAN_POINT('',(-0.0385067567567568,0.02675,0.013));
#8960=CARTESIAN_POINT('',(-0.0305067567567567,0.03475,0.013));
#8961=CARTESIAN_POINT('',(-0.0305067567567567,0.03475,0.013));
#8962=CARTESIAN_POINT('',(-0.0385067567567568,0.02875,0.013));
#8963=CARTESIAN_POINT('',(-0.0385067567567568,0.02875,0.01));
#8964=CARTESIAN_POINT('',(-0.0385067567567568,-0.02675,0.01));
#8965=CARTESIAN_POINT('',(-0.0385067567567568,-0.02675,0.013));
#8966=CARTESIAN_POINT('',(-0.0385067567567568,-0.02675,0.013));
#8967=CARTESIAN_POINT('',(-0.0385067567567568,0.02875,0.013));
#8968=CARTESIAN_POINT('',(-0.0385067567567568,-0.02675,0.013));
#8969=CARTESIAN_POINT('',(-0.0385067567567568,-0.02675,0.01));
#8970=CARTESIAN_POINT('',(-0.0385067567567568,-0.0320833333333333,0.013));
#8971=CARTESIAN_POINT('',(-0.0385067567567568,-0.0320833333333333,0.01));
#8972=CARTESIAN_POINT('',(-0.0358400900900901,-0.03475,0.013));
#8973=CARTESIAN_POINT('',(-0.0358400900900901,-0.03475,0.01));
#8974=CARTESIAN_POINT('',(-0.0305067567567567,-0.03475,0.013));
#8975=CARTESIAN_POINT('',(-0.0305067567567567,-0.03475,0.01));
#8976=CARTESIAN_POINT('',(-0.0385067567567568,-0.02675,0.01));
#8977=CARTESIAN_POINT('',(-0.0385067567567568,-0.0320833333333333,0.01));
#8978=CARTESIAN_POINT('',(-0.0358400900900901,-0.03475,0.01));
#8979=CARTESIAN_POINT('',(-0.0305067567567567,-0.03475,0.01));
#8980=CARTESIAN_POINT('',(-0.0305067567567567,-0.03475,0.01));
#8981=CARTESIAN_POINT('',(-0.0305067567567567,-0.03475,0.013));
#8982=CARTESIAN_POINT('',(-0.0305067567567567,-0.03475,0.013));
#8983=CARTESIAN_POINT('',(-0.0385067567567568,-0.02675,0.013));
#8984=CARTESIAN_POINT('',(-0.0385067567567568,-0.0320833333333333,0.013));
#8985=CARTESIAN_POINT('',(-0.0358400900900901,-0.03475,0.013));
#8986=CARTESIAN_POINT('',(-0.0305067567567567,-0.03475,0.013));
#8987=CARTESIAN_POINT('',(0.,-0.03475,0.013));
#8988=CARTESIAN_POINT('',(0.,-0.03475,0.01));
#8989=CARTESIAN_POINT('',(0.0305067567567567,-0.03475,0.01));
#8990=CARTESIAN_POINT('',(0.0305067567567567,-0.03475,0.013));
#8991=CARTESIAN_POINT('',(0.0305067567567567,-0.03475,0.013));
#8992=CARTESIAN_POINT('',(0.,-0.03475,0.013));
#8993=CARTESIAN_POINT('',(0.0305067567567567,-0.03475,0.013));
#8994=CARTESIAN_POINT('',(0.0305067567567567,-0.03475,0.01));
#8995=CARTESIAN_POINT('',(0.0358400900900901,-0.03475,0.013));
#8996=CARTESIAN_POINT('',(0.0358400900900901,-0.03475,0.01));
#8997=CARTESIAN_POINT('',(0.0385067567567568,-0.0320833333333333,0.013));
#8998=CARTESIAN_POINT('',(0.0385067567567568,-0.0320833333333333,0.01));
#8999=CARTESIAN_POINT('',(0.0385067567567568,-0.02675,0.013));
#9000=CARTESIAN_POINT('',(0.0385067567567568,-0.02675,0.01));
#9001=CARTESIAN_POINT('',(0.0305067567567567,-0.03475,0.01));
#9002=CARTESIAN_POINT('',(0.0358400900900901,-0.03475,0.01));
#9003=CARTESIAN_POINT('',(0.0385067567567568,-0.0320833333333333,0.01));
#9004=CARTESIAN_POINT('',(0.0385067567567568,-0.02675,0.01));
#9005=CARTESIAN_POINT('',(0.0385067567567568,-0.02675,0.01));
#9006=CARTESIAN_POINT('',(0.0385067567567568,-0.02675,0.013));
#9007=CARTESIAN_POINT('',(0.0385067567567568,-0.02675,0.013));
#9008=CARTESIAN_POINT('',(0.0305067567567567,-0.03475,0.013));
#9009=CARTESIAN_POINT('',(0.0358400900900901,-0.03475,0.013));
#9010=CARTESIAN_POINT('',(0.0385067567567568,-0.0320833333333333,0.013));
#9011=CARTESIAN_POINT('',(0.0385067567567568,-0.02675,0.013));
#9012=CARTESIAN_POINT('',(0.0385067567567568,0.,0.013));
#9013=CARTESIAN_POINT('',(0.0385067567567568,0.,0.01));
#9014=CARTESIAN_POINT('',(0.0385067567567568,0.02675,0.01));
#9015=CARTESIAN_POINT('',(0.0385067567567568,0.02675,0.013));
#9016=CARTESIAN_POINT('',(0.0385067567567568,0.02675,0.013));
#9017=CARTESIAN_POINT('',(0.0385067567567568,0.,0.013));
#9018=CARTESIAN_POINT('',(0.0385067567567568,0.02675,0.013));
#9019=CARTESIAN_POINT('',(0.0385067567567568,0.02675,0.01));
#9020=CARTESIAN_POINT('',(0.0385067567567568,0.0320833333333333,0.013));
#9021=CARTESIAN_POINT('',(0.0385067567567568,0.0320833333333333,0.01));
#9022=CARTESIAN_POINT('',(0.0358400900900901,0.03475,0.013));
#9023=CARTESIAN_POINT('',(0.0358400900900901,0.03475,0.01));
#9024=CARTESIAN_POINT('',(0.0305067567567567,0.03475,0.013));
#9025=CARTESIAN_POINT('',(0.0305067567567567,0.03475,0.01));
#9026=CARTESIAN_POINT('',(0.0385067567567568,0.02675,0.01));
#9027=CARTESIAN_POINT('',(0.0385067567567568,0.0320833333333333,0.01));
#9028=CARTESIAN_POINT('',(0.0358400900900901,0.03475,0.01));
#9029=CARTESIAN_POINT('',(0.0305067567567567,0.03475,0.01));
#9030=CARTESIAN_POINT('',(0.0305067567567567,0.03475,0.01));
#9031=CARTESIAN_POINT('',(0.0305067567567567,0.03475,0.013));
#9032=CARTESIAN_POINT('',(0.0305067567567567,0.03475,0.013));
#9033=CARTESIAN_POINT('',(0.0385067567567568,0.02675,0.013));
#9034=CARTESIAN_POINT('',(0.0385067567567568,0.0320833333333333,0.013));
#9035=CARTESIAN_POINT('',(0.0358400900900901,0.03475,0.013));
#9036=CARTESIAN_POINT('',(0.0305067567567567,0.03475,0.013));
#9037=CARTESIAN_POINT('',(-0.0286286796564404,0.02775,0.013));
#9038=CARTESIAN_POINT('',(0.00945,0.02775,0.0105));
#9039=CARTESIAN_POINT('',(0.00945,0.02775,0.01));
#9040=CARTESIAN_POINT('',(0.00945,0.02775,0.011));
#9041=CARTESIAN_POINT('',(-0.0286286796564404,0.02775,0.01));
#9042=CARTESIAN_POINT('',(0.02975,0.02775,0.01));
#9043=CARTESIAN_POINT('',(0.02975,0.02775,0.013));
#9044=CARTESIAN_POINT('',(0.02975,0.02775,0.013));
#9045=CARTESIAN_POINT('',(-0.0286286796564404,0.02775,0.013));
#9046=CARTESIAN_POINT('',(-0.03075,0.02775,0.013));
#9047=CARTESIAN_POINT('',(-0.03075,0.02775,0.013));
#9048=CARTESIAN_POINT('',(-0.03075,0.02775,0.01));
#9049=CARTESIAN_POINT('',(-0.0286286796564404,0.02775,0.01));
#9050=CARTESIAN_POINT('',(0.00445,0.02775,0.01));
#9051=CARTESIAN_POINT('',(0.00445,0.02775,0.0105));
#9052=CARTESIAN_POINT('',(0.00445,0.02775,0.011));
#9053=CARTESIAN_POINT('',(0.00695,0.02775,0.011));
#9054=CARTESIAN_POINT('',(0.02975,0.0201375,0.013));
#9055=CARTESIAN_POINT('',(0.02975,0.0201375,0.01));
#9056=CARTESIAN_POINT('',(0.02975,0.0201375,0.013));
#9057=CARTESIAN_POINT('',(-0.01905,-0.02305,0.013));
#9058=CARTESIAN_POINT('',(-0.01905,-0.02305,0.01));
#9059=CARTESIAN_POINT('',(-0.01905,-0.02305,0.013));
#9060=CARTESIAN_POINT('',(0.007,-0.01605,0.013));
#9061=CARTESIAN_POINT('',(0.007,-0.01605,0.01));
#9062=CARTESIAN_POINT('',(0.007,-0.01605,0.013));
#9063=CARTESIAN_POINT('',(-0.0065,-0.0035,0.013));
#9064=CARTESIAN_POINT('',(-0.0065,-0.0035,0.01));
#9065=CARTESIAN_POINT('',(-0.0065,-0.0035,0.013));
#9066=CARTESIAN_POINT('',(0.01255,0.0095,0.013));
#9067=CARTESIAN_POINT('',(0.01255,0.0095,0.01));
#9068=CARTESIAN_POINT('',(0.01255,0.0095,0.013));
#9069=CARTESIAN_POINT('',(0.01255,-0.00955,0.013));
#9070=CARTESIAN_POINT('',(0.01255,-0.00955,0.01));
#9071=CARTESIAN_POINT('',(0.01255,-0.00955,0.013));
#9072=CARTESIAN_POINT('',(-0.0333483759114203,-0.0300948758225013,0.013));
#9073=CARTESIAN_POINT('',(-0.0333483759114203,-0.0300948758225013,0.013));
#9074=CARTESIAN_POINT('',(-0.0316483759114203,-0.0300948758225013,0.013));
#9075=CARTESIAN_POINT('',(-0.0333483759114203,-0.0300948758225013,0.01));
#9076=CARTESIAN_POINT('',(-0.0316483759114203,-0.0300948758225013,0.01));
#9077=CARTESIAN_POINT('',(0.0333483759114203,-0.0300948758225013,0.013));
#9078=CARTESIAN_POINT('',(0.0333483759114203,-0.0300948758225013,0.013));
#9079=CARTESIAN_POINT('',(0.0350483759114203,-0.0300948758225013,0.013));
#9080=CARTESIAN_POINT('',(0.0333483759114203,-0.0300948758225013,0.01));
#9081=CARTESIAN_POINT('',(0.0350483759114203,-0.0300948758225013,0.01));
#9082=CARTESIAN_POINT('',(0.0035,0.03475,0.013));
#9083=CARTESIAN_POINT('',(0.0035,0.03475,0.01));
#9084=CARTESIAN_POINT('',(0.0035,0.03475,0.013));
#9085=CARTESIAN_POINT('',(-0.0333483759114203,0.0300948758225013,0.013));
#9086=CARTESIAN_POINT('',(-0.0333483759114203,0.0300948758225013,0.013));
#9087=CARTESIAN_POINT('',(-0.0316483759114203,0.0300948758225013,0.013));
#9088=CARTESIAN_POINT('',(-0.0333483759114203,0.0300948758225013,0.01));
#9089=CARTESIAN_POINT('',(-0.0316483759114203,0.0300948758225013,0.01));
#9090=CARTESIAN_POINT('',(0.0333483759114203,0.0300948758225013,0.013));
#9091=CARTESIAN_POINT('',(0.0333483759114203,0.0300948758225013,0.013));
#9092=CARTESIAN_POINT('',(0.0350483759114203,0.0300948758225013,0.013));
#9093=CARTESIAN_POINT('',(0.0333483759114203,0.0300948758225013,0.01));
#9094=CARTESIAN_POINT('',(0.0350483759114203,0.0300948758225013,0.01));
#9095=CARTESIAN_POINT('',(-0.03075,-0.0256286796564403,0.013));
#9096=CARTESIAN_POINT('',(-0.03075,-0.0256286796564403,0.01));
#9097=CARTESIAN_POINT('',(-0.03075,-0.0256286796564403,0.013));
#9098=CARTESIAN_POINT('',(-0.02555,-0.0035,0.013));
#9099=CARTESIAN_POINT('',(-0.02555,-0.0035,0.01));
#9100=CARTESIAN_POINT('',(-0.02555,-0.0035,0.013));
#9101=CARTESIAN_POINT('',(0.,0.,0.013));
#9102=CARTESIAN_POINT('',(0.,0.,0.01));
#9103=CARTESIAN_POINT('',(0.00445,0.027752,0.01));
#9104=CARTESIAN_POINT('',(0.00945,0.027752,0.01));
#9105=CARTESIAN_POINT('',(0.00445,0.027752,0.0105));
#9106=CARTESIAN_POINT('',(0.00445,0.027752,0.011));
#9107=CARTESIAN_POINT('',(0.00945,0.027752,0.0105));
#9108=CARTESIAN_POINT('',(0.00945,0.027752,0.011));
#9109=CARTESIAN_POINT('',(0.00695,0.027752,0.011));
#9110=CARTESIAN_POINT('',(0.,0.,0.));
#9111=CARTESIAN_POINT('',(0.0194,0.00325,0.02366));
#9112=CARTESIAN_POINT('',(0.0194,0.00325,0.01741));
#9113=CARTESIAN_POINT('',(0.0239,0.00325,0.01741));
#9114=CARTESIAN_POINT('',(0.0194,0.00325,0.02361));
#9115=CARTESIAN_POINT('',(0.0239,0.00325,0.02361));
#9116=CARTESIAN_POINT('',(0.02565,0.00325,0.01741));
#9117=CARTESIAN_POINT('',(0.0194,0.00325,0.01741));
#9118=CARTESIAN_POINT('',(0.0274,0.00325,0.01741));
#9119=CARTESIAN_POINT('',(0.0194,0.00325,0.01741));
#9120=CARTESIAN_POINT('',(0.0247597248161763,0.00860972481617628,0.030671467228243));
#9121=CARTESIAN_POINT('',(0.0269797955256241,0.00324999999999998,0.030671467228243));
#9122=CARTESIAN_POINT('',(0.0247597248161763,-0.00210972481617629,0.030671467228243));
#9123=CARTESIAN_POINT('',(0.0194,-0.00432979552562414,0.030671467228243));
#9124=CARTESIAN_POINT('',(0.0140402751838237,-0.00210972481617628,0.030671467228243));
#9125=CARTESIAN_POINT('',(0.0118202044743759,0.00325000000000001,0.030671467228243));
#9126=CARTESIAN_POINT('',(0.0140402751838237,0.00860972481617628,0.030671467228243));
#9127=CARTESIAN_POINT('',(0.0194,0.0108297955256241,0.030671467228243));
#9128=CARTESIAN_POINT('',(0.0247597248161763,0.00860972481617628,0.030671467228243));
#9129=CARTESIAN_POINT('',(0.0269797955256241,0.00324999999999998,0.030671467228243));
#9130=CARTESIAN_POINT('',(0.0247597248161763,-0.00210972481617629,0.030671467228243));
#9131=CARTESIAN_POINT('',(0.0262397719558082,0.00325,0.0306714672282429));
#9132=CARTESIAN_POINT('',(0.0227000906917926,0.00325,0.03341));
#9133=CARTESIAN_POINT('',(0.0230338609794203,0.00168354888818895,0.03341));
#9134=CARTESIAN_POINT('',(0.0233514477498305,0.00319886880457814,0.03341));
#9135=CARTESIAN_POINT('',(0.0230662632946075,0.00470933060998493,0.03341));
#9136=CARTESIAN_POINT('',(0.0222508107386841,0.00598597705726785,0.03341));
#9137=CARTESIAN_POINT('',(0.0209881064462333,0.00686824408497634,0.03341));
#9138=CARTESIAN_POINT('',(0.0194826455033092,0.00720060751185286,0.03341));
#9139=CARTESIAN_POINT('',(0.017964524864767,0.00693150552294726,0.03341));
#9140=CARTESIAN_POINT('',(0.0166649429525198,0.00610193753742274,0.03341));
#9141=CARTESIAN_POINT('',(0.0157817475019291,0.00483818506590315,0.03341));
#9142=CARTESIAN_POINT('',(0.0154493984518893,0.00333264661172497,0.03341));
#9143=CARTESIAN_POINT('',(0.0157184926648411,0.00181452551439746,0.03341));
#9144=CARTESIAN_POINT('',(0.0165480627756145,0.000514943372948321,0.03341));
#9145=CARTESIAN_POINT('',(0.0178118153702875,-0.000368254657359683,0.03341));
#9146=CARTESIAN_POINT('',(0.0193173513214643,-0.000700593325809743,0.03341));
#9147=CARTESIAN_POINT('',(0.020835482316137,-0.000431538064989013,0.03341));
#9148=CARTESIAN_POINT('',(0.0221350273716936,0.000398177472628118,0.03341));
#9149=CARTESIAN_POINT('',(0.0230338609794203,0.00168354888818895,0.03341));
#9150=CARTESIAN_POINT('',(0.0233514477498305,0.00319886880457814,0.03341));
#9151=CARTESIAN_POINT('',(0.0230662632946075,0.00470933060998493,0.03341));
#9152=CARTESIAN_POINT('',(0.0232511878615329,0.00325,0.03341));
#9153=CARTESIAN_POINT('',(0.021,0.00325,0.03011));
#9154=CARTESIAN_POINT('',(0.0194,0.00325,0.03011));
#9155=CARTESIAN_POINT('',(0.0226,0.00325,0.03011));
#9156=CARTESIAN_POINT('',(0.0194,0.00325,0.02366));
#9157=CARTESIAN_POINT('',(0.0194,0.00325,0.02361));
#9158=CARTESIAN_POINT('',(0.0226,0.00325,0.02361));
#9159=CARTESIAN_POINT('',(0.02325,0.00325,0.02361));
#9160=CARTESIAN_POINT('',(0.012916364398538,0.00593562369489548,0.0306714730535472));
#9161=CARTESIAN_POINT('',(0.0123821606314955,0.00325000000000001,0.0306714730535472));
#9162=CARTESIAN_POINT('',(0.0129163643985381,0.000564376305104534,0.0306714730535472));
#9163=CARTESIAN_POINT('',(0.0144376480187028,-0.0017123855274825,0.0306714730535472));
#9164=CARTESIAN_POINT('',(0.0167144098512898,-0.00323366914764715,0.0306714730535472));
#9165=CARTESIAN_POINT('',(0.0194000335461853,-0.00376787291468968,0.0306714730535472));
#9166=CARTESIAN_POINT('',(0.0220856572410808,-0.00323366914764709,0.0306714730535472));
#9167=CARTESIAN_POINT('',(0.0243624190736679,-0.00171238552748239,0.0306714730535472));
#9168=CARTESIAN_POINT('',(0.0258837026938325,0.000564376305104681,0.0306714730535472));
#9169=CARTESIAN_POINT('',(0.026417906460875,0.00325000000000016,0.0306714730535472));
#9170=CARTESIAN_POINT('',(0.0258837026938324,0.00593562369489563,0.0306714730535472));
#9171=CARTESIAN_POINT('',(0.0243624190736677,0.00821238552748267,0.0306714730535472));
#9172=CARTESIAN_POINT('',(0.0220856572410807,0.00973366914764731,0.0306714730535472));
#9173=CARTESIAN_POINT('',(0.0194000335461852,0.0102678729146899,0.0306714730535472));
#9174=CARTESIAN_POINT('',(0.0167144098512897,0.00973366914764726,0.0306714730535472));
#9175=CARTESIAN_POINT('',(0.0144376480187027,0.00821238552748256,0.0306714730535472));
#9176=CARTESIAN_POINT('',(0.012916364398538,0.00593562369489548,0.0306714730535472));
#9177=CARTESIAN_POINT('',(0.0123821606314955,0.00325000000000001,0.0306714730535472));
#9178=CARTESIAN_POINT('',(0.0129163643985381,0.000564376305104534,0.0306714730535472));
#9179=CARTESIAN_POINT('',(0.0130677762838513,0.00587290683849424,0.0324971576845157));
#9180=CARTESIAN_POINT('',(0.0125460476751901,0.00325000000000001,0.0324971576845157));
#9181=CARTESIAN_POINT('',(0.0130677762838514,0.000627093161505772,0.0324971576845157));
#9182=CARTESIAN_POINT('',(0.0145535336586479,-0.0015964998875374,0.0324971576845157));
#9183=CARTESIAN_POINT('',(0.0167771267076911,-0.00308225726233388,0.0324971576845157));
#9184=CARTESIAN_POINT('',(0.0194000335461853,-0.00360398587099503,0.0324971576845157));
#9185=CARTESIAN_POINT('',(0.0220229403846796,-0.00308225726233382,0.0324971576845157));
#9186=CARTESIAN_POINT('',(0.0242465334337228,-0.00159649988753729,0.0324971576845157));
#9187=CARTESIAN_POINT('',(0.0257322908085192,0.000627093161505918,0.0324971576845157));
#9188=CARTESIAN_POINT('',(0.0262540194171804,0.00325000000000017,0.0324971576845157));
#9189=CARTESIAN_POINT('',(0.0257322908085192,0.0058729068384944,0.0324971576845157));
#9190=CARTESIAN_POINT('',(0.0242465334337226,0.00809649988753758,0.0324971576845157));
#9191=CARTESIAN_POINT('',(0.0220229403846794,0.00958225726233405,0.0324971576845157));
#9192=CARTESIAN_POINT('',(0.0194000335461852,0.0101039858709952,0.0324971576845157));
#9193=CARTESIAN_POINT('',(0.0167771267076909,0.00958225726233399,0.0324971576845157));
#9194=CARTESIAN_POINT('',(0.0145535336586478,0.00809649988753747,0.0324971576845157));
#9195=CARTESIAN_POINT('',(0.0130677762838513,0.00587290683849424,0.0324971576845157));
#9196=CARTESIAN_POINT('',(0.0125460476751901,0.00325000000000001,0.0324971576845157));
#9197=CARTESIAN_POINT('',(0.0130677762838514,0.000627093161505772,0.0324971576845157));
#9198=CARTESIAN_POINT('',(0.0140121008274353,0.00548175480525996,0.03341));
#9199=CARTESIAN_POINT('',(0.0135681771957102,0.00325000000000001,0.03341));
#9200=CARTESIAN_POINT('',(0.0140121008274354,0.00101824519474005,0.03341));
#9201=CARTESIAN_POINT('',(0.0152762883738585,-0.000873745172326741,0.03341));
#9202=CARTESIAN_POINT('',(0.0171682787409254,-0.00213793271874985,0.03341));
#9203=CARTESIAN_POINT('',(0.0194000335461853,-0.00258185635047501,0.03341));
#9204=CARTESIAN_POINT('',(0.0216317883514453,-0.00213793271874979,0.03341));
#9205=CARTESIAN_POINT('',(0.0235237787185121,-0.000873745172326627,0.03341));
#9206=CARTESIAN_POINT('',(0.0247879662649352,0.0010182451947402,0.03341));
#9207=CARTESIAN_POINT('',(0.0252318898966603,0.00325000000000016,0.03341));
#9208=CARTESIAN_POINT('',(0.0247879662649351,0.00548175480526011,0.03341));
#9209=CARTESIAN_POINT('',(0.023523778718512,0.00737374517232691,0.03341));
#9210=CARTESIAN_POINT('',(0.0216317883514451,0.00863793271875003,0.03341));
#9211=CARTESIAN_POINT('',(0.0194000335461852,0.00908185635047518,0.03341));
#9212=CARTESIAN_POINT('',(0.0171682787409252,0.00863793271874996,0.03341));
#9213=CARTESIAN_POINT('',(0.0152762883738584,0.00737374517232679,0.03341));
#9214=CARTESIAN_POINT('',(0.0140121008274353,0.00548175480525996,0.03341));
#9215=CARTESIAN_POINT('',(0.0135681771957102,0.00325000000000001,0.03341));
#9216=CARTESIAN_POINT('',(0.0140121008274354,0.00101824519474005,0.03341));
#9217=CARTESIAN_POINT('',(0.0157493380292901,0.00476216759519264,0.03341));
#9218=CARTESIAN_POINT('',(0.0154485491930555,0.00325000000000001,0.03341));
#9219=CARTESIAN_POINT('',(0.0157493380292901,0.00173783240480738,0.03341));
#9220=CARTESIAN_POINT('',(0.0166059121643347,0.000455878618149461,0.03341));
#9221=CARTESIAN_POINT('',(0.0178878659509927,-0.000400695516895101,0.03341));
#9222=CARTESIAN_POINT('',(0.0194000335461853,-0.000701484353129641,0.03341));
#9223=CARTESIAN_POINT('',(0.020912201141378,-0.000400695516895039,0.03341));
#9224=CARTESIAN_POINT('',(0.0221941549280359,0.000455878618149575,0.03341));
#9225=CARTESIAN_POINT('',(0.0230507290630804,0.00173783240480753,0.03341));
#9226=CARTESIAN_POINT('',(0.023351517899315,0.00325000000000017,0.03341));
#9227=CARTESIAN_POINT('',(0.0230507290630804,0.00476216759519279,0.03341));
#9228=CARTESIAN_POINT('',(0.0221941549280358,0.00604412138185071,0.03341));
#9229=CARTESIAN_POINT('',(0.0209122011413778,0.00690069551689527,0.03341));
#9230=CARTESIAN_POINT('',(0.0194000335461852,0.00720148435312981,0.03341));
#9231=CARTESIAN_POINT('',(0.0178878659509926,0.00690069551689521,0.03341));
#9232=CARTESIAN_POINT('',(0.0166059121643346,0.00604412138185059,0.03341));
#9233=CARTESIAN_POINT('',(0.0157493380292901,0.00476216759519264,0.03341));
#9234=CARTESIAN_POINT('',(0.0154485491930555,0.00325000000000001,0.03341));
#9235=CARTESIAN_POINT('',(0.0157493380292901,0.00173783240480738,0.03341));
#9236=MECHANICAL_DESIGN_GEOMETRIC_PRESENTATION_REPRESENTATION('',(#4621),
#9240);
#9237=MECHANICAL_DESIGN_GEOMETRIC_PRESENTATION_REPRESENTATION('',(#4622),
#9241);
#9238=MECHANICAL_DESIGN_GEOMETRIC_PRESENTATION_REPRESENTATION('',(#4623),
#9242);
#9239=MECHANICAL_DESIGN_GEOMETRIC_PRESENTATION_REPRESENTATION('',(#4624),
#9243);
#9240=(
GEOMETRIC_REPRESENTATION_CONTEXT(3)
GLOBAL_UNCERTAINTY_ASSIGNED_CONTEXT((#9244))
GLOBAL_UNIT_ASSIGNED_CONTEXT((#9256,#9252,#9248))
REPRESENTATION_CONTEXT('TopCover','TOP_LEVEL_ASSEMBLY_PART')
);
#9241=(
GEOMETRIC_REPRESENTATION_CONTEXT(3)
GLOBAL_UNCERTAINTY_ASSIGNED_CONTEXT((#9245))
GLOBAL_UNIT_ASSIGNED_CONTEXT((#9257,#9253,#9249))
REPRESENTATION_CONTEXT('Case','TOP_LEVEL_ASSEMBLY_PART')
);
#9242=(
GEOMETRIC_REPRESENTATION_CONTEXT(3)
GLOBAL_UNCERTAINTY_ASSIGNED_CONTEXT((#9246))
GLOBAL_UNIT_ASSIGNED_CONTEXT((#9258,#9254,#9250))
REPRESENTATION_CONTEXT('SwitchPlate','TOP_LEVEL_ASSEMBLY_PART')
);
#9243=(
GEOMETRIC_REPRESENTATION_CONTEXT(3)
GLOBAL_UNCERTAINTY_ASSIGNED_CONTEXT((#9247))
GLOBAL_UNIT_ASSIGNED_CONTEXT((#9259,#9255,#9251))
REPRESENTATION_CONTEXT('KnobCover','TOP_LEVEL_ASSEMBLY_PART')
);
#9244=UNCERTAINTY_MEASURE_WITH_UNIT(LENGTH_MEASURE(2.00000000000155E-5),
#9256,'DISTANCE_ACCURACY_VALUE','Maximum Tolerance applied to model');
#9245=UNCERTAINTY_MEASURE_WITH_UNIT(LENGTH_MEASURE(2.00000000000155E-5),
#9257,'DISTANCE_ACCURACY_VALUE','Maximum Tolerance applied to model');
#9246=UNCERTAINTY_MEASURE_WITH_UNIT(LENGTH_MEASURE(2.E-5),#9258,
'DISTANCE_ACCURACY_VALUE','Maximum Tolerance applied to model');
#9247=UNCERTAINTY_MEASURE_WITH_UNIT(LENGTH_MEASURE(2.E-5),#9259,
'DISTANCE_ACCURACY_VALUE','Maximum Tolerance applied to model');
#9248=(
NAMED_UNIT(*)
SI_UNIT($,.STERADIAN.)
SOLID_ANGLE_UNIT()
);
#9249=(
NAMED_UNIT(*)
SI_UNIT($,.STERADIAN.)
SOLID_ANGLE_UNIT()
);
#9250=(
NAMED_UNIT(*)
SI_UNIT($,.STERADIAN.)
SOLID_ANGLE_UNIT()
);
#9251=(
NAMED_UNIT(*)
SI_UNIT($,.STERADIAN.)
SOLID_ANGLE_UNIT()
);
#9252=(
NAMED_UNIT(*)
PLANE_ANGLE_UNIT()
SI_UNIT($,.RADIAN.)
);
#9253=(
NAMED_UNIT(*)
PLANE_ANGLE_UNIT()
SI_UNIT($,.RADIAN.)
);
#9254=(
NAMED_UNIT(*)
PLANE_ANGLE_UNIT()
SI_UNIT($,.RADIAN.)
);
#9255=(
NAMED_UNIT(*)
PLANE_ANGLE_UNIT()
SI_UNIT($,.RADIAN.)
);
#9256=(
LENGTH_UNIT()
NAMED_UNIT(*)
SI_UNIT($,.METRE.)
);
#9257=(
LENGTH_UNIT()
NAMED_UNIT(*)
SI_UNIT($,.METRE.)
);
#9258=(
LENGTH_UNIT()
NAMED_UNIT(*)
SI_UNIT($,.METRE.)
);
#9259=(
LENGTH_UNIT()
NAMED_UNIT(*)
SI_UNIT($,.METRE.)
);
#9260=PRODUCT_DEFINITION_SHAPE('','',#9264);
#9261=PRODUCT_DEFINITION_SHAPE('','',#9265);
#9262=PRODUCT_DEFINITION_SHAPE('','',#9266);
#9263=PRODUCT_DEFINITION_SHAPE('','',#9267);
#9264=PRODUCT_DEFINITION('','',#9272,#9268);
#9265=PRODUCT_DEFINITION('','',#9273,#9269);
#9266=PRODUCT_DEFINITION('','',#9274,#9270);
#9267=PRODUCT_DEFINITION('','',#9275,#9271);
#9268=PRODUCT_DEFINITION_CONTEXT('',#9296,'design');
#9269=PRODUCT_DEFINITION_CONTEXT('',#9297,'design');
#9270=PRODUCT_DEFINITION_CONTEXT('',#9298,'design');
#9271=PRODUCT_DEFINITION_CONTEXT('',#9299,'design');
#9272=PRODUCT_DEFINITION_FORMATION_WITH_SPECIFIED_SOURCE('','',#9280,
 .NOT_KNOWN.);
#9273=PRODUCT_DEFINITION_FORMATION_WITH_SPECIFIED_SOURCE('','',#9281,
 .NOT_KNOWN.);
#9274=PRODUCT_DEFINITION_FORMATION_WITH_SPECIFIED_SOURCE('','',#9282,
 .NOT_KNOWN.);
#9275=PRODUCT_DEFINITION_FORMATION_WITH_SPECIFIED_SOURCE('','',#9283,
 .NOT_KNOWN.);
#9276=PRODUCT_RELATED_PRODUCT_CATEGORY('','',(#9280));
#9277=PRODUCT_RELATED_PRODUCT_CATEGORY('','',(#9281));
#9278=PRODUCT_RELATED_PRODUCT_CATEGORY('','',(#9282));
#9279=PRODUCT_RELATED_PRODUCT_CATEGORY('','',(#9283));
#9280=PRODUCT('TopCover','TopCover','TopCover',(#9288));
#9281=PRODUCT('Case','Case','Case',(#9289));
#9282=PRODUCT('SwitchPlate','SwitchPlate','SwitchPlate',(#9290));
#9283=PRODUCT('KnobCover','KnobCover','KnobCover',(#9291));
#9284=PRODUCT_CATEGORY('','');
#9285=PRODUCT_CATEGORY('','');
#9286=PRODUCT_CATEGORY('','');
#9287=PRODUCT_CATEGORY('','');
#9288=PRODUCT_CONTEXT('',#9296,'mechanical');
#9289=PRODUCT_CONTEXT('',#9297,'mechanical');
#9290=PRODUCT_CONTEXT('',#9298,'mechanical');
#9291=PRODUCT_CONTEXT('',#9299,'mechanical');
#9292=APPLICATION_PROTOCOL_DEFINITION('international standard',
'ap242_managed_model_based_3d_engineering',2020,#9296);
#9293=APPLICATION_PROTOCOL_DEFINITION('international standard',
'ap242_managed_model_based_3d_engineering',2020,#9297);
#9294=APPLICATION_PROTOCOL_DEFINITION('international standard',
'ap242_managed_model_based_3d_engineering',2020,#9298);
#9295=APPLICATION_PROTOCOL_DEFINITION('international standard',
'ap242_managed_model_based_3d_engineering',2020,#9299);
#9296=APPLICATION_CONTEXT('managed model based 3d engineering');
#9297=APPLICATION_CONTEXT('managed model based 3d engineering');
#9298=APPLICATION_CONTEXT('managed model based 3d engineering');
#9299=APPLICATION_CONTEXT('managed model based 3d engineering');
ENDSEC;
END-ISO-10303-21;
