ISO-10303-21;
HEADER;
FILE_DESCRIPTION(('KiCad electronic assembly'),'2;1');
FILE_NAME('pixelpad_pcb_model.step','2026-07-21T13:12:10',('Pcbnew'),(
    'Kicad'),'Open CASCADE STEP processor 7.9','KiCad to STEP converter'
  ,'Unknown');
FILE_SCHEMA(('AUTOMOTIVE_DESIGN { 1 0 10303 214 1 1 1 1 }'));
ENDSEC;
DATA;
#1 = APPLICATION_PROTOCOL_DEFINITION('international standard',
  'automotive_design',2000,#2);
#2 = APPLICATION_CONTEXT(
  'core data for automotive mechanical design processes');
#3 = SHAPE_DEFINITION_REPRESENTATION(#4,#10);
#4 = PRODUCT_DEFINITION_SHAPE('','',#5);
#5 = PRODUCT_DEFINITION('design','',#6,#9);
#6 = PRODUCT_DEFINITION_FORMATION('','',#7);
#7 = PRODUCT('pixelpad_pcb_model 1','pixelpad_pcb_model 1','',(#8));
#8 = PRODUCT_CONTEXT('',#2,'mechanical');
#9 = PRODUCT_DEFINITION_CONTEXT('part definition',#2,'design');
#10 = SHAPE_REPRESENTATION('',(#11,#15),#19);
#11 = AXIS2_PLACEMENT_3D('',#12,#13,#14);
#12 = CARTESIAN_POINT('',(0.,0.,0.));
#13 = DIRECTION('',(0.,0.,1.));
#14 = DIRECTION('',(1.,0.,-0.));
#15 = AXIS2_PLACEMENT_3D('',#16,#17,#18);
#16 = CARTESIAN_POINT('',(0.,0.,0.));
#17 = DIRECTION('',(0.,0.,1.));
#18 = DIRECTION('',(1.,0.,-0.));
#19 = ( GEOMETRIC_REPRESENTATION_CONTEXT(3) 
GLOBAL_UNCERTAINTY_ASSIGNED_CONTEXT((#23)) GLOBAL_UNIT_ASSIGNED_CONTEXT(
(#20,#21,#22)) REPRESENTATION_CONTEXT('Context #1',
  '3D Context with UNIT and UNCERTAINTY') );
#20 = ( LENGTH_UNIT() NAMED_UNIT(*) SI_UNIT(.MILLI.,.METRE.) );
#21 = ( NAMED_UNIT(*) PLANE_ANGLE_UNIT() SI_UNIT($,.RADIAN.) );
#22 = ( NAMED_UNIT(*) SI_UNIT($,.STERADIAN.) SOLID_ANGLE_UNIT() );
#23 = UNCERTAINTY_MEASURE_WITH_UNIT(LENGTH_MEASURE(1.E-07),#20,
  'distance_accuracy_value','confusion accuracy');
#24 = PRODUCT_RELATED_PRODUCT_CATEGORY('part',$,(#7));
#25 = SHAPE_DEFINITION_REPRESENTATION(#26,#32);
#26 = PRODUCT_DEFINITION_SHAPE('','',#27);
#27 = PRODUCT_DEFINITION('design','',#28,#31);
#28 = PRODUCT_DEFINITION_FORMATION('','',#29);
#29 = PRODUCT('pixelpad_PCB','pixelpad_PCB','',(#30));
#30 = PRODUCT_CONTEXT('',#2,'mechanical');
#31 = PRODUCT_DEFINITION_CONTEXT('part definition',#2,'design');
#32 = ADVANCED_BREP_SHAPE_REPRESENTATION('',(#11,#33),#3954);
#33 = MANIFOLD_SOLID_BREP('',#34);
#34 = CLOSED_SHELL('',(#35,#75,#106,#137,#1181,#2225,#2237,#2254,#2271,
    #2288,#2305,#2322,#2339,#2356,#2373,#2390,#2407,#2424,#2441,#2458,
    #2475,#2492,#2509,#2526,#2543,#2560,#2577,#2594,#2611,#2628,#2645,
    #2667,#2684,#2701,#2713,#2730,#2747,#2764,#2781,#2798,#2815,#2832,
    #2849,#2866,#2883,#2900,#2917,#2934,#2951,#2968,#2985,#3002,#3019,
    #3036,#3053,#3070,#3087,#3104,#3121,#3138,#3160,#3177,#3194,#3206,
    #3223,#3240,#3257,#3274,#3291,#3308,#3325,#3342,#3359,#3381,#3398,
    #3415,#3432,#3449,#3466,#3483,#3500,#3517,#3534,#3551,#3568,#3585,
    #3602,#3619,#3631,#3648,#3665,#3682,#3704,#3721,#3738,#3755,#3772,
    #3789,#3806,#3823,#3840,#3857,#3874,#3891,#3908,#3925,#3942));
#35 = ADVANCED_FACE('',(#36),#70,.T.);
#36 = FACE_BOUND('',#37,.T.);
#37 = EDGE_LOOP('',(#38,#48,#56,#64));
#38 = ORIENTED_EDGE('',*,*,#39,.T.);
#39 = EDGE_CURVE('',#40,#42,#44,.T.);
#40 = VERTEX_POINT('',#41);
#41 = CARTESIAN_POINT('',(117.,-90.,0.));
#42 = VERTEX_POINT('',#43);
#43 = CARTESIAN_POINT('',(117.,-90.,1.51));
#44 = LINE('',#45,#46);
#45 = CARTESIAN_POINT('',(117.,-90.,0.));
#46 = VECTOR('',#47,1.);
#47 = DIRECTION('',(0.,0.,1.));
#48 = ORIENTED_EDGE('',*,*,#49,.T.);
#49 = EDGE_CURVE('',#42,#50,#52,.T.);
#50 = VERTEX_POINT('',#51);
#51 = CARTESIAN_POINT('',(55.5,-90.,1.51));
#52 = LINE('',#53,#54);
#53 = CARTESIAN_POINT('',(117.,-90.,1.51));
#54 = VECTOR('',#55,1.);
#55 = DIRECTION('',(-1.,0.,0.));
#56 = ORIENTED_EDGE('',*,*,#57,.F.);
#57 = EDGE_CURVE('',#58,#50,#60,.T.);
#58 = VERTEX_POINT('',#59);
#59 = CARTESIAN_POINT('',(55.5,-90.,0.));
#60 = LINE('',#61,#62);
#61 = CARTESIAN_POINT('',(55.5,-90.,0.));
#62 = VECTOR('',#63,1.);
#63 = DIRECTION('',(0.,0.,1.));
#64 = ORIENTED_EDGE('',*,*,#65,.F.);
#65 = EDGE_CURVE('',#40,#58,#66,.T.);
#66 = LINE('',#67,#68);
#67 = CARTESIAN_POINT('',(117.,-90.,0.));
#68 = VECTOR('',#69,1.);
#69 = DIRECTION('',(-1.,0.,0.));
#70 = PLANE('',#71);
#71 = AXIS2_PLACEMENT_3D('',#72,#73,#74);
#72 = CARTESIAN_POINT('',(117.,-90.,0.));
#73 = DIRECTION('',(0.,-1.,0.));
#74 = DIRECTION('',(-1.,0.,0.));
#75 = ADVANCED_FACE('',(#76),#101,.T.);
#76 = FACE_BOUND('',#77,.T.);
#77 = EDGE_LOOP('',(#78,#88,#94,#95));
#78 = ORIENTED_EDGE('',*,*,#79,.T.);
#79 = EDGE_CURVE('',#80,#82,#84,.T.);
#80 = VERTEX_POINT('',#81);
#81 = CARTESIAN_POINT('',(117.,-34.5,0.));
#82 = VERTEX_POINT('',#83);
#83 = CARTESIAN_POINT('',(117.,-34.5,1.51));
#84 = LINE('',#85,#86);
#85 = CARTESIAN_POINT('',(117.,-34.5,0.));
#86 = VECTOR('',#87,1.);
#87 = DIRECTION('',(0.,0.,1.));
#88 = ORIENTED_EDGE('',*,*,#89,.T.);
#89 = EDGE_CURVE('',#82,#42,#90,.T.);
#90 = LINE('',#91,#92);
#91 = CARTESIAN_POINT('',(117.,-34.5,1.51));
#92 = VECTOR('',#93,1.);
#93 = DIRECTION('',(0.,-1.,0.));
#94 = ORIENTED_EDGE('',*,*,#39,.F.);
#95 = ORIENTED_EDGE('',*,*,#96,.F.);
#96 = EDGE_CURVE('',#80,#40,#97,.T.);
#97 = LINE('',#98,#99);
#98 = CARTESIAN_POINT('',(117.,-34.5,0.));
#99 = VECTOR('',#100,1.);
#100 = DIRECTION('',(0.,-1.,0.));
#101 = PLANE('',#102);
#102 = AXIS2_PLACEMENT_3D('',#103,#104,#105);
#103 = CARTESIAN_POINT('',(117.,-34.5,0.));
#104 = DIRECTION('',(1.,0.,-0.));
#105 = DIRECTION('',(0.,-1.,0.));
#106 = ADVANCED_FACE('',(#107),#132,.T.);
#107 = FACE_BOUND('',#108,.T.);
#108 = EDGE_LOOP('',(#109,#110,#118,#126));
#109 = ORIENTED_EDGE('',*,*,#57,.T.);
#110 = ORIENTED_EDGE('',*,*,#111,.T.);
#111 = EDGE_CURVE('',#50,#112,#114,.T.);
#112 = VERTEX_POINT('',#113);
#113 = CARTESIAN_POINT('',(55.5,-34.5,1.51));
#114 = LINE('',#115,#116);
#115 = CARTESIAN_POINT('',(55.5,-90.,1.51));
#116 = VECTOR('',#117,1.);
#117 = DIRECTION('',(0.,1.,0.));
#118 = ORIENTED_EDGE('',*,*,#119,.F.);
#119 = EDGE_CURVE('',#120,#112,#122,.T.);
#120 = VERTEX_POINT('',#121);
#121 = CARTESIAN_POINT('',(55.5,-34.5,0.));
#122 = LINE('',#123,#124);
#123 = CARTESIAN_POINT('',(55.5,-34.5,0.));
#124 = VECTOR('',#125,1.);
#125 = DIRECTION('',(0.,0.,1.));
#126 = ORIENTED_EDGE('',*,*,#127,.F.);
#127 = EDGE_CURVE('',#58,#120,#128,.T.);
#128 = LINE('',#129,#130);
#129 = CARTESIAN_POINT('',(55.5,-90.,0.));
#130 = VECTOR('',#131,1.);
#131 = DIRECTION('',(0.,1.,0.));
#132 = PLANE('',#133);
#133 = AXIS2_PLACEMENT_3D('',#134,#135,#136);
#134 = CARTESIAN_POINT('',(55.5,-90.,0.));
#135 = DIRECTION('',(-1.,0.,0.));
#136 = DIRECTION('',(0.,1.,0.));
#137 = ADVANCED_FACE('',(#138,#149,#160,#171,#182,#193,#204,#215,#226,
    #237,#248,#259,#270,#281,#292,#303,#314,#325,#336,#347,#358,#369,
    #380,#391,#402,#413,#449,#460,#471,#482,#493,#504,#515,#526,#537,
    #548,#559,#570,#581,#592,#603,#614,#625,#636,#647,#658,#669,#680,
    #691,#702,#713,#724,#760,#771,#782,#793,#804,#815,#826,#837,#848,
    #859,#1001,#1012,#1023,#1034),#1176,.F.);
#138 = FACE_BOUND('',#139,.F.);
#139 = EDGE_LOOP('',(#140,#141,#142,#148));
#140 = ORIENTED_EDGE('',*,*,#65,.F.);
#141 = ORIENTED_EDGE('',*,*,#96,.F.);
#142 = ORIENTED_EDGE('',*,*,#143,.F.);
#143 = EDGE_CURVE('',#120,#80,#144,.T.);
#144 = LINE('',#145,#146);
#145 = CARTESIAN_POINT('',(55.5,-34.5,0.));
#146 = VECTOR('',#147,1.);
#147 = DIRECTION('',(1.,0.,0.));
#148 = ORIENTED_EDGE('',*,*,#127,.F.);
#149 = FACE_BOUND('',#150,.F.);
#150 = EDGE_LOOP('',(#151));
#151 = ORIENTED_EDGE('',*,*,#152,.T.);
#152 = EDGE_CURVE('',#153,#153,#155,.T.);
#153 = VERTEX_POINT('',#154);
#154 = CARTESIAN_POINT('',(62.38,-78.93,0.));
#155 = CIRCLE('',#156,0.85);
#156 = AXIS2_PLACEMENT_3D('',#157,#158,#159);
#157 = CARTESIAN_POINT('',(62.38,-78.08,0.));
#158 = DIRECTION('',(-0.,0.,-1.));
#159 = DIRECTION('',(8.35932630306E-15,-1.,-0.));
#160 = FACE_BOUND('',#161,.F.);
#161 = EDGE_LOOP('',(#162));
#162 = ORIENTED_EDGE('',*,*,#163,.T.);
#163 = EDGE_CURVE('',#164,#164,#166,.T.);
#164 = VERTEX_POINT('',#165);
#165 = CARTESIAN_POINT('',(63.65,-76.29,0.));
#166 = CIRCLE('',#167,0.75);
#167 = AXIS2_PLACEMENT_3D('',#168,#169,#170);
#168 = CARTESIAN_POINT('',(63.65,-75.54,0.));
#169 = DIRECTION('',(-0.,0.,-1.));
#170 = DIRECTION('',(-9.473903143468E-15,-1.,0.));
#171 = FACE_BOUND('',#172,.F.);
#172 = EDGE_LOOP('',(#173));
#173 = ORIENTED_EDGE('',*,*,#174,.T.);
#174 = EDGE_CURVE('',#175,#175,#177,.T.);
#175 = VERTEX_POINT('',#176);
#176 = CARTESIAN_POINT('',(67.46,-80.08,0.));
#177 = CIRCLE('',#178,2.);
#178 = AXIS2_PLACEMENT_3D('',#179,#180,#181);
#179 = CARTESIAN_POINT('',(67.46,-78.08,0.));
#180 = DIRECTION('',(-0.,0.,-1.));
#181 = DIRECTION('',(-0.,-1.,0.));
#182 = FACE_BOUND('',#183,.F.);
#183 = EDGE_LOOP('',(#184));
#184 = ORIENTED_EDGE('',*,*,#185,.T.);
#185 = EDGE_CURVE('',#186,#186,#188,.T.);
#186 = VERTEX_POINT('',#187);
#187 = CARTESIAN_POINT('',(70.,-73.75,0.));
#188 = CIRCLE('',#189,0.75);
#189 = AXIS2_PLACEMENT_3D('',#190,#191,#192);
#190 = CARTESIAN_POINT('',(70.,-73.,0.));
#191 = DIRECTION('',(-0.,0.,-1.));
#192 = DIRECTION('',(-0.,-1.,0.));
#193 = FACE_BOUND('',#194,.F.);
#194 = EDGE_LOOP('',(#195));
#195 = ORIENTED_EDGE('',*,*,#196,.T.);
#196 = EDGE_CURVE('',#197,#197,#199,.T.);
#197 = VERTEX_POINT('',#198);
#198 = CARTESIAN_POINT('',(72.54,-78.93,0.));
#199 = CIRCLE('',#200,0.85);
#200 = AXIS2_PLACEMENT_3D('',#201,#202,#203);
#201 = CARTESIAN_POINT('',(72.54,-78.08,0.));
#202 = DIRECTION('',(-0.,0.,-1.));
#203 = DIRECTION('',(1.671865260612E-14,-1.,-0.));
#204 = FACE_BOUND('',#205,.F.);
#205 = EDGE_LOOP('',(#206));
#206 = ORIENTED_EDGE('',*,*,#207,.T.);
#207 = EDGE_CURVE('',#208,#208,#210,.T.);
#208 = VERTEX_POINT('',#209);
#209 = CARTESIAN_POINT('',(81.38,-78.93,0.));
#210 = CIRCLE('',#211,0.85);
#211 = AXIS2_PLACEMENT_3D('',#212,#213,#214);
#212 = CARTESIAN_POINT('',(81.38,-78.08,0.));
#213 = DIRECTION('',(-0.,0.,-1.));
#214 = DIRECTION('',(-0.,-1.,0.));
#215 = FACE_BOUND('',#216,.F.);
#216 = EDGE_LOOP('',(#217));
#217 = ORIENTED_EDGE('',*,*,#218,.T.);
#218 = EDGE_CURVE('',#219,#219,#221,.T.);
#219 = VERTEX_POINT('',#220);
#220 = CARTESIAN_POINT('',(82.65,-76.29,0.));
#221 = CIRCLE('',#222,0.75);
#222 = AXIS2_PLACEMENT_3D('',#223,#224,#225);
#223 = CARTESIAN_POINT('',(82.65,-75.54,0.));
#224 = DIRECTION('',(-0.,0.,-1.));
#225 = DIRECTION('',(-0.,-1.,0.));
#226 = FACE_BOUND('',#227,.F.);
#227 = EDGE_LOOP('',(#228));
#228 = ORIENTED_EDGE('',*,*,#229,.T.);
#229 = EDGE_CURVE('',#230,#230,#232,.T.);
#230 = VERTEX_POINT('',#231);
#231 = CARTESIAN_POINT('',(62.38,-59.93,0.));
#232 = CIRCLE('',#233,0.85);
#233 = AXIS2_PLACEMENT_3D('',#234,#235,#236);
#234 = CARTESIAN_POINT('',(62.38,-59.08,0.));
#235 = DIRECTION('',(-0.,0.,-1.));
#236 = DIRECTION('',(8.35932630306E-15,-1.,-0.));
#237 = FACE_BOUND('',#238,.F.);
#238 = EDGE_LOOP('',(#239));
#239 = ORIENTED_EDGE('',*,*,#240,.T.);
#240 = EDGE_CURVE('',#241,#241,#243,.T.);
#241 = VERTEX_POINT('',#242);
#242 = CARTESIAN_POINT('',(67.46,-61.08,0.));
#243 = CIRCLE('',#244,2.);
#244 = AXIS2_PLACEMENT_3D('',#245,#246,#247);
#245 = CARTESIAN_POINT('',(67.46,-59.08,0.));
#246 = DIRECTION('',(-0.,0.,-1.));
#247 = DIRECTION('',(-0.,-1.,0.));
#248 = FACE_BOUND('',#249,.F.);
#249 = EDGE_LOOP('',(#250));
#250 = ORIENTED_EDGE('',*,*,#251,.T.);
#251 = EDGE_CURVE('',#252,#252,#254,.T.);
#252 = VERTEX_POINT('',#253);
#253 = CARTESIAN_POINT('',(77.,-70.1,0.));
#254 = CIRCLE('',#255,1.6);
#255 = AXIS2_PLACEMENT_3D('',#256,#257,#258);
#256 = CARTESIAN_POINT('',(77.,-68.5,0.));
#257 = DIRECTION('',(-0.,0.,-1.));
#258 = DIRECTION('',(-0.,-1.,0.));
#259 = FACE_BOUND('',#260,.F.);
#260 = EDGE_LOOP('',(#261));
#261 = ORIENTED_EDGE('',*,*,#262,.T.);
#262 = EDGE_CURVE('',#263,#263,#265,.T.);
#263 = VERTEX_POINT('',#264);
#264 = CARTESIAN_POINT('',(72.54,-59.93,0.));
#265 = CIRCLE('',#266,0.85);
#266 = AXIS2_PLACEMENT_3D('',#267,#268,#269);
#267 = CARTESIAN_POINT('',(72.54,-59.08,0.));
#268 = DIRECTION('',(-0.,0.,-1.));
#269 = DIRECTION('',(1.671865260612E-14,-1.,-0.));
#270 = FACE_BOUND('',#271,.F.);
#271 = EDGE_LOOP('',(#272));
#272 = ORIENTED_EDGE('',*,*,#273,.T.);
#273 = EDGE_CURVE('',#274,#274,#276,.T.);
#274 = VERTEX_POINT('',#275);
#275 = CARTESIAN_POINT('',(81.38,-59.93,0.));
#276 = CIRCLE('',#277,0.85);
#277 = AXIS2_PLACEMENT_3D('',#278,#279,#280);
#278 = CARTESIAN_POINT('',(81.38,-59.08,0.));
#279 = DIRECTION('',(-0.,0.,-1.));
#280 = DIRECTION('',(-0.,-1.,0.));
#281 = FACE_BOUND('',#282,.F.);
#282 = EDGE_LOOP('',(#283));
#283 = ORIENTED_EDGE('',*,*,#284,.T.);
#284 = EDGE_CURVE('',#285,#285,#287,.T.);
#285 = VERTEX_POINT('',#286);
#286 = CARTESIAN_POINT('',(86.46,-80.08,0.));
#287 = CIRCLE('',#288,2.);
#288 = AXIS2_PLACEMENT_3D('',#289,#290,#291);
#289 = CARTESIAN_POINT('',(86.46,-78.08,0.));
#290 = DIRECTION('',(-0.,0.,-1.));
#291 = DIRECTION('',(-0.,-1.,0.));
#292 = FACE_BOUND('',#293,.F.);
#293 = EDGE_LOOP('',(#294));
#294 = ORIENTED_EDGE('',*,*,#295,.T.);
#295 = EDGE_CURVE('',#296,#296,#298,.T.);
#296 = VERTEX_POINT('',#297);
#297 = CARTESIAN_POINT('',(91.54,-78.93,0.));
#298 = CIRCLE('',#299,0.85);
#299 = AXIS2_PLACEMENT_3D('',#300,#301,#302);
#300 = CARTESIAN_POINT('',(91.54,-78.08,0.));
#301 = DIRECTION('',(-0.,0.,-1.));
#302 = DIRECTION('',(1.671865260612E-14,-1.,-0.));
#303 = FACE_BOUND('',#304,.F.);
#304 = EDGE_LOOP('',(#305));
#305 = ORIENTED_EDGE('',*,*,#306,.T.);
#306 = EDGE_CURVE('',#307,#307,#309,.T.);
#307 = VERTEX_POINT('',#308);
#308 = CARTESIAN_POINT('',(89.,-73.75,0.));
#309 = CIRCLE('',#310,0.75);
#310 = AXIS2_PLACEMENT_3D('',#311,#312,#313);
#311 = CARTESIAN_POINT('',(89.,-73.,0.));
#312 = DIRECTION('',(-0.,0.,-1.));
#313 = DIRECTION('',(-0.,-1.,0.));
#314 = FACE_BOUND('',#315,.F.);
#315 = EDGE_LOOP('',(#316));
#316 = ORIENTED_EDGE('',*,*,#317,.T.);
#317 = EDGE_CURVE('',#318,#318,#320,.T.);
#318 = VERTEX_POINT('',#319);
#319 = CARTESIAN_POINT('',(100.38,-78.93,0.));
#320 = CIRCLE('',#321,0.85);
#321 = AXIS2_PLACEMENT_3D('',#322,#323,#324);
#322 = CARTESIAN_POINT('',(100.38,-78.08,0.));
#323 = DIRECTION('',(-0.,0.,-1.));
#324 = DIRECTION('',(-0.,-1.,0.));
#325 = FACE_BOUND('',#326,.F.);
#326 = EDGE_LOOP('',(#327));
#327 = ORIENTED_EDGE('',*,*,#328,.T.);
#328 = EDGE_CURVE('',#329,#329,#331,.T.);
#329 = VERTEX_POINT('',#330);
#330 = CARTESIAN_POINT('',(105.46,-80.08,0.));
#331 = CIRCLE('',#332,2.);
#332 = AXIS2_PLACEMENT_3D('',#333,#334,#335);
#333 = CARTESIAN_POINT('',(105.46,-78.08,0.));
#334 = DIRECTION('',(-0.,0.,-1.));
#335 = DIRECTION('',(-0.,-1.,0.));
#336 = FACE_BOUND('',#337,.F.);
#337 = EDGE_LOOP('',(#338));
#338 = ORIENTED_EDGE('',*,*,#339,.T.);
#339 = EDGE_CURVE('',#340,#340,#342,.T.);
#340 = VERTEX_POINT('',#341);
#341 = CARTESIAN_POINT('',(101.65,-76.29,0.));
#342 = CIRCLE('',#343,0.75);
#343 = AXIS2_PLACEMENT_3D('',#344,#345,#346);
#344 = CARTESIAN_POINT('',(101.65,-75.54,0.));
#345 = DIRECTION('',(-0.,0.,-1.));
#346 = DIRECTION('',(-0.,-1.,0.));
#347 = FACE_BOUND('',#348,.F.);
#348 = EDGE_LOOP('',(#349));
#349 = ORIENTED_EDGE('',*,*,#350,.T.);
#350 = EDGE_CURVE('',#351,#351,#353,.T.);
#351 = VERTEX_POINT('',#352);
#352 = CARTESIAN_POINT('',(110.54,-78.93,0.));
#353 = CIRCLE('',#354,0.85);
#354 = AXIS2_PLACEMENT_3D('',#355,#356,#357);
#355 = CARTESIAN_POINT('',(110.54,-78.08,0.));
#356 = DIRECTION('',(-0.,0.,-1.));
#357 = DIRECTION('',(1.671865260612E-14,-1.,-0.));
#358 = FACE_BOUND('',#359,.F.);
#359 = EDGE_LOOP('',(#360));
#360 = ORIENTED_EDGE('',*,*,#361,.T.);
#361 = EDGE_CURVE('',#362,#362,#364,.T.);
#362 = VERTEX_POINT('',#363);
#363 = CARTESIAN_POINT('',(108.,-73.75,0.));
#364 = CIRCLE('',#365,0.75);
#365 = AXIS2_PLACEMENT_3D('',#366,#367,#368);
#366 = CARTESIAN_POINT('',(108.,-73.,0.));
#367 = DIRECTION('',(-0.,0.,-1.));
#368 = DIRECTION('',(-0.,-1.,0.));
#369 = FACE_BOUND('',#370,.F.);
#370 = EDGE_LOOP('',(#371));
#371 = ORIENTED_EDGE('',*,*,#372,.T.);
#372 = EDGE_CURVE('',#373,#373,#375,.T.);
#373 = VERTEX_POINT('',#374);
#374 = CARTESIAN_POINT('',(86.46,-61.08,0.));
#375 = CIRCLE('',#376,2.);
#376 = AXIS2_PLACEMENT_3D('',#377,#378,#379);
#377 = CARTESIAN_POINT('',(86.46,-59.08,0.));
#378 = DIRECTION('',(-0.,0.,-1.));
#379 = DIRECTION('',(-0.,-1.,0.));
#380 = FACE_BOUND('',#381,.F.);
#381 = EDGE_LOOP('',(#382));
#382 = ORIENTED_EDGE('',*,*,#383,.T.);
#383 = EDGE_CURVE('',#384,#384,#386,.T.);
#384 = VERTEX_POINT('',#385);
#385 = CARTESIAN_POINT('',(91.54,-59.93,0.));
#386 = CIRCLE('',#387,0.85);
#387 = AXIS2_PLACEMENT_3D('',#388,#389,#390);
#388 = CARTESIAN_POINT('',(91.54,-59.08,0.));
#389 = DIRECTION('',(-0.,0.,-1.));
#390 = DIRECTION('',(1.671865260612E-14,-1.,-0.));
#391 = FACE_BOUND('',#392,.F.);
#392 = EDGE_LOOP('',(#393));
#393 = ORIENTED_EDGE('',*,*,#394,.T.);
#394 = EDGE_CURVE('',#395,#395,#397,.T.);
#395 = VERTEX_POINT('',#396);
#396 = CARTESIAN_POINT('',(98.25,-62.,0.));
#397 = CIRCLE('',#398,0.5);
#398 = AXIS2_PLACEMENT_3D('',#399,#400,#401);
#399 = CARTESIAN_POINT('',(98.25,-61.5,0.));
#400 = DIRECTION('',(-0.,0.,-1.));
#401 = DIRECTION('',(-0.,-1.,0.));
#402 = FACE_BOUND('',#403,.F.);
#403 = EDGE_LOOP('',(#404));
#404 = ORIENTED_EDGE('',*,*,#405,.T.);
#405 = EDGE_CURVE('',#406,#406,#408,.T.);
#406 = VERTEX_POINT('',#407);
#407 = CARTESIAN_POINT('',(98.25,-59.5,0.));
#408 = CIRCLE('',#409,0.5);
#409 = AXIS2_PLACEMENT_3D('',#410,#411,#412);
#410 = CARTESIAN_POINT('',(98.25,-59.,0.));
#411 = DIRECTION('',(-0.,0.,-1.));
#412 = DIRECTION('',(-0.,-1.,0.));
#413 = FACE_BOUND('',#414,.F.);
#414 = EDGE_LOOP('',(#415,#426,#434,#443));
#415 = ORIENTED_EDGE('',*,*,#416,.T.);
#416 = EDGE_CURVE('',#417,#419,#421,.T.);
#417 = VERTEX_POINT('',#418);
#418 = CARTESIAN_POINT('',(106.4,-63.85,0.));
#419 = VERTEX_POINT('',#420);
#420 = CARTESIAN_POINT('',(106.4,-65.35,0.));
#421 = CIRCLE('',#422,0.75);
#422 = AXIS2_PLACEMENT_3D('',#423,#424,#425);
#423 = CARTESIAN_POINT('',(106.4,-64.6,0.));
#424 = DIRECTION('',(-0.,0.,-1.));
#425 = DIRECTION('',(-0.,-1.,0.));
#426 = ORIENTED_EDGE('',*,*,#427,.T.);
#427 = EDGE_CURVE('',#419,#428,#430,.T.);
#428 = VERTEX_POINT('',#429);
#429 = CARTESIAN_POINT('',(105.1,-65.35,0.));
#430 = LINE('',#431,#432);
#431 = CARTESIAN_POINT('',(52.55,-65.35,0.));
#432 = VECTOR('',#433,1.);
#433 = DIRECTION('',(-1.,0.,0.));
#434 = ORIENTED_EDGE('',*,*,#435,.T.);
#435 = EDGE_CURVE('',#428,#436,#438,.T.);
#436 = VERTEX_POINT('',#437);
#437 = CARTESIAN_POINT('',(105.1,-63.85,0.));
#438 = CIRCLE('',#439,0.75);
#439 = AXIS2_PLACEMENT_3D('',#440,#441,#442);
#440 = CARTESIAN_POINT('',(105.1,-64.6,0.));
#441 = DIRECTION('',(-0.,0.,-1.));
#442 = DIRECTION('',(0.,1.,0.));
#443 = ORIENTED_EDGE('',*,*,#444,.T.);
#444 = EDGE_CURVE('',#436,#417,#445,.T.);
#445 = LINE('',#446,#447);
#446 = CARTESIAN_POINT('',(53.2,-63.85,0.));
#447 = VECTOR('',#448,1.);
#448 = DIRECTION('',(1.,0.,-0.));
#449 = FACE_BOUND('',#450,.F.);
#450 = EDGE_LOOP('',(#451));
#451 = ORIENTED_EDGE('',*,*,#452,.T.);
#452 = EDGE_CURVE('',#453,#453,#455,.T.);
#453 = VERTEX_POINT('',#454);
#454 = CARTESIAN_POINT('',(112.75,-62.,0.));
#455 = CIRCLE('',#456,0.5);
#456 = AXIS2_PLACEMENT_3D('',#457,#458,#459);
#457 = CARTESIAN_POINT('',(112.75,-61.5,0.));
#458 = DIRECTION('',(-0.,0.,-1.));
#459 = DIRECTION('',(-0.,-1.,0.));
#460 = FACE_BOUND('',#461,.F.);
#461 = EDGE_LOOP('',(#462));
#462 = ORIENTED_EDGE('',*,*,#463,.T.);
#463 = EDGE_CURVE('',#464,#464,#466,.T.);
#464 = VERTEX_POINT('',#465);
#465 = CARTESIAN_POINT('',(63.65,-57.29,0.));
#466 = CIRCLE('',#467,0.75);
#467 = AXIS2_PLACEMENT_3D('',#468,#469,#470);
#468 = CARTESIAN_POINT('',(63.65,-56.54,0.));
#469 = DIRECTION('',(-0.,0.,-1.));
#470 = DIRECTION('',(-9.473903143468E-15,-1.,0.));
#471 = FACE_BOUND('',#472,.F.);
#472 = EDGE_LOOP('',(#473));
#473 = ORIENTED_EDGE('',*,*,#474,.T.);
#474 = EDGE_CURVE('',#475,#475,#477,.T.);
#475 = VERTEX_POINT('',#476);
#476 = CARTESIAN_POINT('',(70.,-54.75,0.));
#477 = CIRCLE('',#478,0.75);
#478 = AXIS2_PLACEMENT_3D('',#479,#480,#481);
#479 = CARTESIAN_POINT('',(70.,-54.,0.));
#480 = DIRECTION('',(-0.,0.,-1.));
#481 = DIRECTION('',(-0.,-1.,0.));
#482 = FACE_BOUND('',#483,.F.);
#483 = EDGE_LOOP('',(#484));
#484 = ORIENTED_EDGE('',*,*,#485,.T.);
#485 = EDGE_CURVE('',#486,#486,#488,.T.);
#486 = VERTEX_POINT('',#487);
#487 = CARTESIAN_POINT('',(67.,-47.9,0.));
#488 = CIRCLE('',#489,0.4);
#489 = AXIS2_PLACEMENT_3D('',#490,#491,#492);
#490 = CARTESIAN_POINT('',(67.,-47.5,0.));
#491 = DIRECTION('',(-0.,0.,-1.));
#492 = DIRECTION('',(-0.,-1.,0.));
#493 = FACE_BOUND('',#494,.F.);
#494 = EDGE_LOOP('',(#495));
#495 = ORIENTED_EDGE('',*,*,#496,.T.);
#496 = EDGE_CURVE('',#497,#497,#499,.T.);
#497 = VERTEX_POINT('',#498);
#498 = CARTESIAN_POINT('',(69.5,-47.9,0.));
#499 = CIRCLE('',#500,0.4);
#500 = AXIS2_PLACEMENT_3D('',#501,#502,#503);
#501 = CARTESIAN_POINT('',(69.5,-47.5,0.));
#502 = DIRECTION('',(-0.,0.,-1.));
#503 = DIRECTION('',(-0.,-1.,0.));
#504 = FACE_BOUND('',#505,.F.);
#505 = EDGE_LOOP('',(#506));
#506 = ORIENTED_EDGE('',*,*,#507,.T.);
#507 = EDGE_CURVE('',#508,#508,#510,.T.);
#508 = VERTEX_POINT('',#509);
#509 = CARTESIAN_POINT('',(72.,-47.9,0.));
#510 = CIRCLE('',#511,0.4);
#511 = AXIS2_PLACEMENT_3D('',#512,#513,#514);
#512 = CARTESIAN_POINT('',(72.,-47.5,0.));
#513 = DIRECTION('',(-0.,0.,-1.));
#514 = DIRECTION('',(-0.,-1.,0.));
#515 = FACE_BOUND('',#516,.F.);
#516 = EDGE_LOOP('',(#517));
#517 = ORIENTED_EDGE('',*,*,#518,.T.);
#518 = EDGE_CURVE('',#519,#519,#521,.T.);
#519 = VERTEX_POINT('',#520);
#520 = CARTESIAN_POINT('',(82.65,-57.29,0.));
#521 = CIRCLE('',#522,0.75);
#522 = AXIS2_PLACEMENT_3D('',#523,#524,#525);
#523 = CARTESIAN_POINT('',(82.65,-56.54,0.));
#524 = DIRECTION('',(-0.,0.,-1.));
#525 = DIRECTION('',(-0.,-1.,0.));
#526 = FACE_BOUND('',#527,.F.);
#527 = EDGE_LOOP('',(#528));
#528 = ORIENTED_EDGE('',*,*,#529,.T.);
#529 = EDGE_CURVE('',#530,#530,#532,.T.);
#530 = VERTEX_POINT('',#531);
#531 = CARTESIAN_POINT('',(78.7645,-51.832015,0.));
#532 = CIRCLE('',#533,0.5);
#533 = AXIS2_PLACEMENT_3D('',#534,#535,#536);
#534 = CARTESIAN_POINT('',(78.7645,-51.332015,0.));
#535 = DIRECTION('',(-0.,0.,-1.));
#536 = DIRECTION('',(-0.,-1.,0.));
#537 = FACE_BOUND('',#538,.F.);
#538 = EDGE_LOOP('',(#539));
#539 = ORIENTED_EDGE('',*,*,#540,.T.);
#540 = EDGE_CURVE('',#541,#541,#543,.T.);
#541 = VERTEX_POINT('',#542);
#542 = CARTESIAN_POINT('',(78.7645,-49.292015,0.));
#543 = CIRCLE('',#544,0.5);
#544 = AXIS2_PLACEMENT_3D('',#545,#546,#547);
#545 = CARTESIAN_POINT('',(78.7645,-48.792015,0.));
#546 = DIRECTION('',(-0.,0.,-1.));
#547 = DIRECTION('',(-0.,-1.,0.));
#548 = FACE_BOUND('',#549,.F.);
#549 = EDGE_LOOP('',(#550));
#550 = ORIENTED_EDGE('',*,*,#551,.T.);
#551 = EDGE_CURVE('',#552,#552,#554,.T.);
#552 = VERTEX_POINT('',#553);
#553 = CARTESIAN_POINT('',(59.,-46.5,0.));
#554 = CIRCLE('',#555,0.5);
#555 = AXIS2_PLACEMENT_3D('',#556,#557,#558);
#556 = CARTESIAN_POINT('',(59.,-46.,0.));
#557 = DIRECTION('',(-0.,0.,-1.));
#558 = DIRECTION('',(-0.,-1.,0.));
#559 = FACE_BOUND('',#560,.F.);
#560 = EDGE_LOOP('',(#561));
#561 = ORIENTED_EDGE('',*,*,#562,.T.);
#562 = EDGE_CURVE('',#563,#563,#565,.T.);
#563 = VERTEX_POINT('',#564);
#564 = CARTESIAN_POINT('',(59.,-43.96,0.));
#565 = CIRCLE('',#566,0.5);
#566 = AXIS2_PLACEMENT_3D('',#567,#568,#569);
#567 = CARTESIAN_POINT('',(59.,-43.46,0.));
#568 = DIRECTION('',(-0.,0.,-1.));
#569 = DIRECTION('',(-0.,-1.,0.));
#570 = FACE_BOUND('',#571,.F.);
#571 = EDGE_LOOP('',(#572));
#572 = ORIENTED_EDGE('',*,*,#573,.T.);
#573 = EDGE_CURVE('',#574,#574,#576,.T.);
#574 = VERTEX_POINT('',#575);
#575 = CARTESIAN_POINT('',(59.,-41.42,0.));
#576 = CIRCLE('',#577,0.5);
#577 = AXIS2_PLACEMENT_3D('',#578,#579,#580);
#578 = CARTESIAN_POINT('',(59.,-40.92,0.));
#579 = DIRECTION('',(-0.,0.,-1.));
#580 = DIRECTION('',(-0.,-1.,0.));
#581 = FACE_BOUND('',#582,.F.);
#582 = EDGE_LOOP('',(#583));
#583 = ORIENTED_EDGE('',*,*,#584,.T.);
#584 = EDGE_CURVE('',#585,#585,#587,.T.);
#585 = VERTEX_POINT('',#586);
#586 = CARTESIAN_POINT('',(59.,-38.88,0.));
#587 = CIRCLE('',#588,0.5);
#588 = AXIS2_PLACEMENT_3D('',#589,#590,#591);
#589 = CARTESIAN_POINT('',(59.,-38.38,0.));
#590 = DIRECTION('',(-0.,0.,-1.));
#591 = DIRECTION('',(-0.,-1.,0.));
#592 = FACE_BOUND('',#593,.F.);
#593 = EDGE_LOOP('',(#594));
#594 = ORIENTED_EDGE('',*,*,#595,.T.);
#595 = EDGE_CURVE('',#596,#596,#598,.T.);
#596 = VERTEX_POINT('',#597);
#597 = CARTESIAN_POINT('',(67.,-40.28,0.));
#598 = CIRCLE('',#599,0.4);
#599 = AXIS2_PLACEMENT_3D('',#600,#601,#602);
#600 = CARTESIAN_POINT('',(67.,-39.88,0.));
#601 = DIRECTION('',(-0.,0.,-1.));
#602 = DIRECTION('',(-0.,-1.,0.));
#603 = FACE_BOUND('',#604,.F.);
#604 = EDGE_LOOP('',(#605));
#605 = ORIENTED_EDGE('',*,*,#606,.T.);
#606 = EDGE_CURVE('',#607,#607,#609,.T.);
#607 = VERTEX_POINT('',#608);
#608 = CARTESIAN_POINT('',(69.5,-40.28,0.));
#609 = CIRCLE('',#610,0.4);
#610 = AXIS2_PLACEMENT_3D('',#611,#612,#613);
#611 = CARTESIAN_POINT('',(69.5,-39.88,0.));
#612 = DIRECTION('',(-0.,0.,-1.));
#613 = DIRECTION('',(-0.,-1.,0.));
#614 = FACE_BOUND('',#615,.F.);
#615 = EDGE_LOOP('',(#616));
#616 = ORIENTED_EDGE('',*,*,#617,.T.);
#617 = EDGE_CURVE('',#618,#618,#620,.T.);
#618 = VERTEX_POINT('',#619);
#619 = CARTESIAN_POINT('',(72.,-40.28,0.));
#620 = CIRCLE('',#621,0.4);
#621 = AXIS2_PLACEMENT_3D('',#622,#623,#624);
#622 = CARTESIAN_POINT('',(72.,-39.88,0.));
#623 = DIRECTION('',(-0.,0.,-1.));
#624 = DIRECTION('',(-0.,-1.,0.));
#625 = FACE_BOUND('',#626,.F.);
#626 = EDGE_LOOP('',(#627));
#627 = ORIENTED_EDGE('',*,*,#628,.T.);
#628 = EDGE_CURVE('',#629,#629,#631,.T.);
#629 = VERTEX_POINT('',#630);
#630 = CARTESIAN_POINT('',(78.7645,-46.752015,0.));
#631 = CIRCLE('',#632,0.5);
#632 = AXIS2_PLACEMENT_3D('',#633,#634,#635);
#633 = CARTESIAN_POINT('',(78.7645,-46.252015,0.));
#634 = DIRECTION('',(-0.,0.,-1.));
#635 = DIRECTION('',(-0.,-1.,0.));
#636 = FACE_BOUND('',#637,.F.);
#637 = EDGE_LOOP('',(#638));
#638 = ORIENTED_EDGE('',*,*,#639,.T.);
#639 = EDGE_CURVE('',#640,#640,#642,.T.);
#640 = VERTEX_POINT('',#641);
#641 = CARTESIAN_POINT('',(78.7645,-44.212015,0.));
#642 = CIRCLE('',#643,0.5);
#643 = AXIS2_PLACEMENT_3D('',#644,#645,#646);
#644 = CARTESIAN_POINT('',(78.7645,-43.712015,0.));
#645 = DIRECTION('',(-0.,0.,-1.));
#646 = DIRECTION('',(-0.,-1.,0.));
#647 = FACE_BOUND('',#648,.F.);
#648 = EDGE_LOOP('',(#649));
#649 = ORIENTED_EDGE('',*,*,#650,.T.);
#650 = EDGE_CURVE('',#651,#651,#653,.T.);
#651 = VERTEX_POINT('',#652);
#652 = CARTESIAN_POINT('',(78.7645,-41.672015,0.));
#653 = CIRCLE('',#654,0.5);
#654 = AXIS2_PLACEMENT_3D('',#655,#656,#657);
#655 = CARTESIAN_POINT('',(78.7645,-41.172015,0.));
#656 = DIRECTION('',(-0.,0.,-1.));
#657 = DIRECTION('',(-0.,-1.,0.));
#658 = FACE_BOUND('',#659,.F.);
#659 = EDGE_LOOP('',(#660));
#660 = ORIENTED_EDGE('',*,*,#661,.T.);
#661 = EDGE_CURVE('',#662,#662,#664,.T.);
#662 = VERTEX_POINT('',#663);
#663 = CARTESIAN_POINT('',(78.7645,-39.132015,0.));
#664 = CIRCLE('',#665,0.5);
#665 = AXIS2_PLACEMENT_3D('',#666,#667,#668);
#666 = CARTESIAN_POINT('',(78.7645,-38.632015,0.));
#667 = DIRECTION('',(-0.,0.,-1.));
#668 = DIRECTION('',(-0.,-1.,0.));
#669 = FACE_BOUND('',#670,.F.);
#670 = EDGE_LOOP('',(#671));
#671 = ORIENTED_EDGE('',*,*,#672,.T.);
#672 = EDGE_CURVE('',#673,#673,#675,.T.);
#673 = VERTEX_POINT('',#674);
#674 = CARTESIAN_POINT('',(78.7645,-36.592015,0.));
#675 = CIRCLE('',#676,0.5);
#676 = AXIS2_PLACEMENT_3D('',#677,#678,#679);
#677 = CARTESIAN_POINT('',(78.7645,-36.092015,0.));
#678 = DIRECTION('',(-0.,0.,-1.));
#679 = DIRECTION('',(-0.,-1.,0.));
#680 = FACE_BOUND('',#681,.F.);
#681 = EDGE_LOOP('',(#682));
#682 = ORIENTED_EDGE('',*,*,#683,.T.);
#683 = EDGE_CURVE('',#684,#684,#686,.T.);
#684 = VERTEX_POINT('',#685);
#685 = CARTESIAN_POINT('',(89.,-54.75,0.));
#686 = CIRCLE('',#687,0.75);
#687 = AXIS2_PLACEMENT_3D('',#688,#689,#690);
#688 = CARTESIAN_POINT('',(89.,-54.,0.));
#689 = DIRECTION('',(-0.,0.,-1.));
#690 = DIRECTION('',(-0.,-1.,0.));
#691 = FACE_BOUND('',#692,.F.);
#692 = EDGE_LOOP('',(#693));
#693 = ORIENTED_EDGE('',*,*,#694,.T.);
#694 = EDGE_CURVE('',#695,#695,#697,.T.);
#695 = VERTEX_POINT('',#696);
#696 = CARTESIAN_POINT('',(98.25,-57.,0.));
#697 = CIRCLE('',#698,0.5);
#698 = AXIS2_PLACEMENT_3D('',#699,#700,#701);
#699 = CARTESIAN_POINT('',(98.25,-56.5,0.));
#700 = DIRECTION('',(-0.,0.,-1.));
#701 = DIRECTION('',(-0.,-1.,0.));
#702 = FACE_BOUND('',#703,.F.);
#703 = EDGE_LOOP('',(#704));
#704 = ORIENTED_EDGE('',*,*,#705,.T.);
#705 = EDGE_CURVE('',#706,#706,#708,.T.);
#706 = VERTEX_POINT('',#707);
#707 = CARTESIAN_POINT('',(94.0145,-51.832015,0.));
#708 = CIRCLE('',#709,0.5);
#709 = AXIS2_PLACEMENT_3D('',#710,#711,#712);
#710 = CARTESIAN_POINT('',(94.0145,-51.332015,0.));
#711 = DIRECTION('',(-0.,0.,-1.));
#712 = DIRECTION('',(-0.,-1.,0.));
#713 = FACE_BOUND('',#714,.F.);
#714 = EDGE_LOOP('',(#715));
#715 = ORIENTED_EDGE('',*,*,#716,.T.);
#716 = EDGE_CURVE('',#717,#717,#719,.T.);
#717 = VERTEX_POINT('',#718);
#718 = CARTESIAN_POINT('',(94.0145,-49.292015,0.));
#719 = CIRCLE('',#720,0.5);
#720 = AXIS2_PLACEMENT_3D('',#721,#722,#723);
#721 = CARTESIAN_POINT('',(94.0145,-48.792015,0.));
#722 = DIRECTION('',(-0.,0.,-1.));
#723 = DIRECTION('',(-0.,-1.,0.));
#724 = FACE_BOUND('',#725,.F.);
#725 = EDGE_LOOP('',(#726,#737,#745,#754));
#726 = ORIENTED_EDGE('',*,*,#727,.T.);
#727 = EDGE_CURVE('',#728,#730,#732,.T.);
#728 = VERTEX_POINT('',#729);
#729 = CARTESIAN_POINT('',(106.4,-52.65,0.));
#730 = VERTEX_POINT('',#731);
#731 = CARTESIAN_POINT('',(106.4,-54.15,0.));
#732 = CIRCLE('',#733,0.75);
#733 = AXIS2_PLACEMENT_3D('',#734,#735,#736);
#734 = CARTESIAN_POINT('',(106.4,-53.4,0.));
#735 = DIRECTION('',(-0.,0.,-1.));
#736 = DIRECTION('',(-0.,-1.,0.));
#737 = ORIENTED_EDGE('',*,*,#738,.T.);
#738 = EDGE_CURVE('',#730,#739,#741,.T.);
#739 = VERTEX_POINT('',#740);
#740 = CARTESIAN_POINT('',(105.1,-54.15,0.));
#741 = LINE('',#742,#743);
#742 = CARTESIAN_POINT('',(52.55,-54.15,0.));
#743 = VECTOR('',#744,1.);
#744 = DIRECTION('',(-1.,0.,0.));
#745 = ORIENTED_EDGE('',*,*,#746,.T.);
#746 = EDGE_CURVE('',#739,#747,#749,.T.);
#747 = VERTEX_POINT('',#748);
#748 = CARTESIAN_POINT('',(105.1,-52.65,0.));
#749 = CIRCLE('',#750,0.75);
#750 = AXIS2_PLACEMENT_3D('',#751,#752,#753);
#751 = CARTESIAN_POINT('',(105.1,-53.4,0.));
#752 = DIRECTION('',(-0.,0.,-1.));
#753 = DIRECTION('',(0.,1.,0.));
#754 = ORIENTED_EDGE('',*,*,#755,.T.);
#755 = EDGE_CURVE('',#747,#728,#756,.T.);
#756 = LINE('',#757,#758);
#757 = CARTESIAN_POINT('',(53.2,-52.65,0.));
#758 = VECTOR('',#759,1.);
#759 = DIRECTION('',(1.,0.,-0.));
#760 = FACE_BOUND('',#761,.F.);
#761 = EDGE_LOOP('',(#762));
#762 = ORIENTED_EDGE('',*,*,#763,.T.);
#763 = EDGE_CURVE('',#764,#764,#766,.T.);
#764 = VERTEX_POINT('',#765);
#765 = CARTESIAN_POINT('',(112.75,-57.,0.));
#766 = CIRCLE('',#767,0.5);
#767 = AXIS2_PLACEMENT_3D('',#768,#769,#770);
#768 = CARTESIAN_POINT('',(112.75,-56.5,0.));
#769 = DIRECTION('',(-0.,0.,-1.));
#770 = DIRECTION('',(-0.,-1.,0.));
#771 = FACE_BOUND('',#772,.F.);
#772 = EDGE_LOOP('',(#773));
#773 = ORIENTED_EDGE('',*,*,#774,.T.);
#774 = EDGE_CURVE('',#775,#775,#777,.T.);
#775 = VERTEX_POINT('',#776);
#776 = CARTESIAN_POINT('',(101.,-47.52,0.));
#777 = CIRCLE('',#778,0.4);
#778 = AXIS2_PLACEMENT_3D('',#779,#780,#781);
#779 = CARTESIAN_POINT('',(101.,-47.12,0.));
#780 = DIRECTION('',(-0.,0.,-1.));
#781 = DIRECTION('',(-0.,-1.,0.));
#782 = FACE_BOUND('',#783,.F.);
#783 = EDGE_LOOP('',(#784));
#784 = ORIENTED_EDGE('',*,*,#785,.T.);
#785 = EDGE_CURVE('',#786,#786,#788,.T.);
#786 = VERTEX_POINT('',#787);
#787 = CARTESIAN_POINT('',(103.5,-47.52,0.));
#788 = CIRCLE('',#789,0.4);
#789 = AXIS2_PLACEMENT_3D('',#790,#791,#792);
#790 = CARTESIAN_POINT('',(103.5,-47.12,0.));
#791 = DIRECTION('',(-0.,0.,-1.));
#792 = DIRECTION('',(-0.,-1.,0.));
#793 = FACE_BOUND('',#794,.F.);
#794 = EDGE_LOOP('',(#795));
#795 = ORIENTED_EDGE('',*,*,#796,.T.);
#796 = EDGE_CURVE('',#797,#797,#799,.T.);
#797 = VERTEX_POINT('',#798);
#798 = CARTESIAN_POINT('',(106.,-47.52,0.));
#799 = CIRCLE('',#800,0.4);
#800 = AXIS2_PLACEMENT_3D('',#801,#802,#803);
#801 = CARTESIAN_POINT('',(106.,-47.12,0.));
#802 = DIRECTION('',(-0.,0.,-1.));
#803 = DIRECTION('',(-0.,-1.,0.));
#804 = FACE_BOUND('',#805,.F.);
#805 = EDGE_LOOP('',(#806));
#806 = ORIENTED_EDGE('',*,*,#807,.T.);
#807 = EDGE_CURVE('',#808,#808,#810,.T.);
#808 = VERTEX_POINT('',#809);
#809 = CARTESIAN_POINT('',(94.0145,-46.752015,0.));
#810 = CIRCLE('',#811,0.5);
#811 = AXIS2_PLACEMENT_3D('',#812,#813,#814);
#812 = CARTESIAN_POINT('',(94.0145,-46.252015,0.));
#813 = DIRECTION('',(-0.,0.,-1.));
#814 = DIRECTION('',(-0.,-1.,0.));
#815 = FACE_BOUND('',#816,.F.);
#816 = EDGE_LOOP('',(#817));
#817 = ORIENTED_EDGE('',*,*,#818,.T.);
#818 = EDGE_CURVE('',#819,#819,#821,.T.);
#819 = VERTEX_POINT('',#820);
#820 = CARTESIAN_POINT('',(94.0145,-44.212015,0.));
#821 = CIRCLE('',#822,0.5);
#822 = AXIS2_PLACEMENT_3D('',#823,#824,#825);
#823 = CARTESIAN_POINT('',(94.0145,-43.712015,0.));
#824 = DIRECTION('',(-0.,0.,-1.));
#825 = DIRECTION('',(-0.,-1.,0.));
#826 = FACE_BOUND('',#827,.F.);
#827 = EDGE_LOOP('',(#828));
#828 = ORIENTED_EDGE('',*,*,#829,.T.);
#829 = EDGE_CURVE('',#830,#830,#832,.T.);
#830 = VERTEX_POINT('',#831);
#831 = CARTESIAN_POINT('',(94.0145,-41.672015,0.));
#832 = CIRCLE('',#833,0.5);
#833 = AXIS2_PLACEMENT_3D('',#834,#835,#836);
#834 = CARTESIAN_POINT('',(94.0145,-41.172015,0.));
#835 = DIRECTION('',(-0.,0.,-1.));
#836 = DIRECTION('',(-0.,-1.,0.));
#837 = FACE_BOUND('',#838,.F.);
#838 = EDGE_LOOP('',(#839));
#839 = ORIENTED_EDGE('',*,*,#840,.T.);
#840 = EDGE_CURVE('',#841,#841,#843,.T.);
#841 = VERTEX_POINT('',#842);
#842 = CARTESIAN_POINT('',(94.0145,-39.132015,0.));
#843 = CIRCLE('',#844,0.5);
#844 = AXIS2_PLACEMENT_3D('',#845,#846,#847);
#845 = CARTESIAN_POINT('',(94.0145,-38.632015,0.));
#846 = DIRECTION('',(-0.,0.,-1.));
#847 = DIRECTION('',(-0.,-1.,0.));
#848 = FACE_BOUND('',#849,.F.);
#849 = EDGE_LOOP('',(#850));
#850 = ORIENTED_EDGE('',*,*,#851,.T.);
#851 = EDGE_CURVE('',#852,#852,#854,.T.);
#852 = VERTEX_POINT('',#853);
#853 = CARTESIAN_POINT('',(94.0145,-36.592015,0.));
#854 = CIRCLE('',#855,0.5);
#855 = AXIS2_PLACEMENT_3D('',#856,#857,#858);
#856 = CARTESIAN_POINT('',(94.0145,-36.092015,0.));
#857 = DIRECTION('',(-0.,0.,-1.));
#858 = DIRECTION('',(-0.,-1.,0.));
#859 = FACE_BOUND('',#860,.F.);
#860 = EDGE_LOOP('',(#861,#872,#881,#889,#898,#907,#916,#924,#933,#942,
    #951,#959,#968,#977,#986,#994));
#861 = ORIENTED_EDGE('',*,*,#862,.F.);
#862 = EDGE_CURVE('',#863,#865,#867,.T.);
#863 = VERTEX_POINT('',#864);
#864 = CARTESIAN_POINT('',(113.749485,-44.327438,0.));
#865 = VERTEX_POINT('',#866);
#866 = CARTESIAN_POINT('',(113.046712,-43.67886,0.));
#867 = CIRCLE('',#868,0.499999422661);
#868 = AXIS2_PLACEMENT_3D('',#869,#870,#871);
#869 = CARTESIAN_POINT('',(113.29897029551,-44.11056033009,0.));
#870 = DIRECTION('',(0.,0.,1.));
#871 = DIRECTION('',(0.901030449374,-0.433755840654,0.));
#872 = ORIENTED_EDGE('',*,*,#873,.F.);
#873 = EDGE_CURVE('',#874,#863,#876,.T.);
#874 = VERTEX_POINT('',#875);
#875 = CARTESIAN_POINT('',(113.7,-44.544315,0.));
#876 = CIRCLE('',#877,0.499989884978);
#877 = AXIS2_PLACEMENT_3D('',#878,#879,#880);
#878 = CARTESIAN_POINT('',(114.19998988497,-44.54431407911,0.));
#879 = DIRECTION('',(0.,0.,-1.));
#880 = DIRECTION('',(-0.999999999998,-1.841808596201E-06,-0.));
#881 = ORIENTED_EDGE('',*,*,#882,.F.);
#882 = EDGE_CURVE('',#883,#874,#885,.T.);
#883 = VERTEX_POINT('',#884);
#884 = CARTESIAN_POINT('',(113.7,-45.95,0.));
#885 = LINE('',#886,#887);
#886 = CARTESIAN_POINT('',(113.7,-45.95,0.));
#887 = VECTOR('',#888,1.);
#888 = DIRECTION('',(0.,1.,0.));
#889 = ORIENTED_EDGE('',*,*,#890,.F.);
#890 = EDGE_CURVE('',#891,#883,#893,.T.);
#891 = VERTEX_POINT('',#892);
#892 = CARTESIAN_POINT('',(113.749485,-46.166878,0.));
#893 = CIRCLE('',#894,0.499989885034);
#894 = AXIS2_PLACEMENT_3D('',#895,#896,#897);
#895 = CARTESIAN_POINT('',(114.19998988503,-45.95000192086,0.));
#896 = DIRECTION('',(0.,0.,-1.));
#897 = DIRECTION('',(-0.901027997796,-0.43376093322,-0.));
#898 = ORIENTED_EDGE('',*,*,#899,.F.);
#899 = EDGE_CURVE('',#900,#891,#902,.T.);
#900 = VERTEX_POINT('',#901);
#901 = CARTESIAN_POINT('',(113.046712,-46.815457,0.));
#902 = CIRCLE('',#903,0.499999448976);
#903 = AXIS2_PLACEMENT_3D('',#904,#905,#906);
#904 = CARTESIAN_POINT('',(113.29897090428,-46.38375699515,0.));
#905 = DIRECTION('',(0.,0.,1.));
#906 = DIRECTION('',(-0.504518364574,-0.863400961204,0.));
#907 = ORIENTED_EDGE('',*,*,#908,.F.);
#908 = EDGE_CURVE('',#909,#900,#911,.T.);
#909 = VERTEX_POINT('',#910);
#910 = CARTESIAN_POINT('',(112.794453,-46.747158,0.));
#911 = CIRCLE('',#912,0.500008729226);
#912 = AXIS2_PLACEMENT_3D('',#913,#914,#915);
#913 = CARTESIAN_POINT('',(112.79445134314,-47.24716672922,0.));
#914 = DIRECTION('',(0.,0.,-1.));
#915 = DIRECTION('',(3.31364934545E-06,0.999999999995,0.));
#916 = ORIENTED_EDGE('',*,*,#917,.F.);
#917 = EDGE_CURVE('',#918,#909,#920,.T.);
#918 = VERTEX_POINT('',#919);
#919 = CARTESIAN_POINT('',(111.205549,-46.747158,0.));
#920 = LINE('',#921,#922);
#921 = CARTESIAN_POINT('',(111.205549,-46.747158,0.));
#922 = VECTOR('',#923,1.);
#923 = DIRECTION('',(1.,0.,0.));
#924 = ORIENTED_EDGE('',*,*,#925,.F.);
#925 = EDGE_CURVE('',#926,#918,#928,.T.);
#926 = VERTEX_POINT('',#927);
#927 = CARTESIAN_POINT('',(110.953291,-46.815457,0.));
#928 = CIRCLE('',#929,0.500008729288);
#929 = AXIS2_PLACEMENT_3D('',#930,#931,#932);
#930 = CARTESIAN_POINT('',(111.20555165687,-47.24716672928,0.));
#931 = DIRECTION('',(0.,0.,-1.));
#932 = DIRECTION('',(-0.504512505685,0.863404384751,0.));
#933 = ORIENTED_EDGE('',*,*,#934,.F.);
#934 = EDGE_CURVE('',#935,#926,#937,.T.);
#935 = VERTEX_POINT('',#936);
#936 = CARTESIAN_POINT('',(110.250517,-46.166878,0.));
#937 = CIRCLE('',#938,0.500000669307);
#938 = AXIS2_PLACEMENT_3D('',#939,#940,#941);
#939 = CARTESIAN_POINT('',(110.7010335355,-46.38375474043,0.));
#940 = DIRECTION('',(0.,0.,1.));
#941 = DIRECTION('',(-0.901031864884,0.433752900236,0.));
#942 = ORIENTED_EDGE('',*,*,#943,.F.);
#943 = EDGE_CURVE('',#944,#935,#946,.T.);
#944 = VERTEX_POINT('',#945);
#945 = CARTESIAN_POINT('',(110.300002,-45.95,0.));
#946 = CIRCLE('',#947,0.499989885034);
#947 = AXIS2_PLACEMENT_3D('',#948,#949,#950);
#948 = CARTESIAN_POINT('',(109.80001211496,-45.95000192086,0.));
#949 = DIRECTION('',(0.,0.,-1.));
#950 = DIRECTION('',(0.999999999993,3.841811377886E-06,0.));
#951 = ORIENTED_EDGE('',*,*,#952,.F.);
#952 = EDGE_CURVE('',#953,#944,#955,.T.);
#953 = VERTEX_POINT('',#954);
#954 = CARTESIAN_POINT('',(110.300002,-44.544316,0.));
#955 = LINE('',#956,#957);
#956 = CARTESIAN_POINT('',(110.300002,-44.544316,0.));
#957 = VECTOR('',#958,1.);
#958 = DIRECTION('',(0.,-1.,0.));
#959 = ORIENTED_EDGE('',*,*,#960,.F.);
#960 = EDGE_CURVE('',#961,#953,#963,.T.);
#961 = VERTEX_POINT('',#962);
#962 = CARTESIAN_POINT('',(110.250517,-44.327438,0.));
#963 = CIRCLE('',#964,0.499989885034);
#964 = AXIS2_PLACEMENT_3D('',#965,#966,#967);
#965 = CARTESIAN_POINT('',(109.80001211496,-44.54431407913,0.));
#966 = DIRECTION('',(0.,0.,-1.));
#967 = DIRECTION('',(0.901027997796,0.43376093322,0.));
#968 = ORIENTED_EDGE('',*,*,#969,.F.);
#969 = EDGE_CURVE('',#970,#961,#972,.T.);
#970 = VERTEX_POINT('',#971);
#971 = CARTESIAN_POINT('',(110.95329,-43.678859,0.));
#972 = CIRCLE('',#973,0.499999729127);
#973 = AXIS2_PLACEMENT_3D('',#974,#975,#976);
#974 = CARTESIAN_POINT('',(110.70103174567,-44.11055970911,0.));
#975 = DIRECTION('',(0.,0.,1.));
#976 = DIRECTION('',(0.504516781969,0.863401885979,-0.));
#977 = ORIENTED_EDGE('',*,*,#978,.F.);
#978 = EDGE_CURVE('',#979,#970,#981,.T.);
#979 = VERTEX_POINT('',#980);
#980 = CARTESIAN_POINT('',(111.205548,-43.747158,0.));
#981 = CIRCLE('',#982,0.500008729288);
#982 = AXIS2_PLACEMENT_3D('',#983,#984,#985);
#983 = CARTESIAN_POINT('',(111.20555065687,-43.24714927071,0.));
#984 = DIRECTION('',(0.,0.,-1.));
#985 = DIRECTION('',(-5.31366273951E-06,-0.999999999986,-0.));
#986 = ORIENTED_EDGE('',*,*,#987,.F.);
#987 = EDGE_CURVE('',#988,#979,#990,.T.);
#988 = VERTEX_POINT('',#989);
#989 = CARTESIAN_POINT('',(112.794454,-43.747159,0.));
#990 = LINE('',#991,#992);
#991 = CARTESIAN_POINT('',(112.794454,-43.747159,0.));
#992 = VECTOR('',#993,1.);
#993 = DIRECTION('',(-1.,6.293638544889E-07,0.));
#994 = ORIENTED_EDGE('',*,*,#995,.F.);
#995 = EDGE_CURVE('',#865,#988,#996,.T.);
#996 = CIRCLE('',#997,0.500008729288);
#997 = AXIS2_PLACEMENT_3D('',#998,#999,#1000);
#998 = CARTESIAN_POINT('',(112.79445134312,-43.24715027071,0.));
#999 = DIRECTION('',(0.,0.,-1.));
#1000 = DIRECTION('',(0.504512505685,-0.863404384751,0.));
#1001 = FACE_BOUND('',#1002,.F.);
#1002 = EDGE_LOOP('',(#1003));
#1003 = ORIENTED_EDGE('',*,*,#1004,.T.);
#1004 = EDGE_CURVE('',#1005,#1005,#1007,.T.);
#1005 = VERTEX_POINT('',#1006);
#1006 = CARTESIAN_POINT('',(101.,-39.9,0.));
#1007 = CIRCLE('',#1008,0.4);
#1008 = AXIS2_PLACEMENT_3D('',#1009,#1010,#1011);
#1009 = CARTESIAN_POINT('',(101.,-39.5,0.));
#1010 = DIRECTION('',(-0.,0.,-1.));
#1011 = DIRECTION('',(-0.,-1.,0.));
#1012 = FACE_BOUND('',#1013,.F.);
#1013 = EDGE_LOOP('',(#1014));
#1014 = ORIENTED_EDGE('',*,*,#1015,.T.);
#1015 = EDGE_CURVE('',#1016,#1016,#1018,.T.);
#1016 = VERTEX_POINT('',#1017);
#1017 = CARTESIAN_POINT('',(103.5,-39.9,0.));
#1018 = CIRCLE('',#1019,0.4);
#1019 = AXIS2_PLACEMENT_3D('',#1020,#1021,#1022);
#1020 = CARTESIAN_POINT('',(103.5,-39.5,0.));
#1021 = DIRECTION('',(-0.,0.,-1.));
#1022 = DIRECTION('',(-0.,-1.,0.));
#1023 = FACE_BOUND('',#1024,.F.);
#1024 = EDGE_LOOP('',(#1025));
#1025 = ORIENTED_EDGE('',*,*,#1026,.T.);
#1026 = EDGE_CURVE('',#1027,#1027,#1029,.T.);
#1027 = VERTEX_POINT('',#1028);
#1028 = CARTESIAN_POINT('',(106.,-39.9,0.));
#1029 = CIRCLE('',#1030,0.4);
#1030 = AXIS2_PLACEMENT_3D('',#1031,#1032,#1033);
#1031 = CARTESIAN_POINT('',(106.,-39.5,0.));
#1032 = DIRECTION('',(-0.,0.,-1.));
#1033 = DIRECTION('',(-0.,-1.,0.));
#1034 = FACE_BOUND('',#1035,.F.);
#1035 = EDGE_LOOP('',(#1036,#1047,#1056,#1064,#1073,#1082,#1091,#1099,
    #1108,#1117,#1126,#1134,#1143,#1152,#1161,#1169));
#1036 = ORIENTED_EDGE('',*,*,#1037,.F.);
#1037 = EDGE_CURVE('',#1038,#1040,#1042,.T.);
#1038 = VERTEX_POINT('',#1039);
#1039 = CARTESIAN_POINT('',(111.003288,-37.034543,0.));
#1040 = VERTEX_POINT('',#1041);
#1041 = CARTESIAN_POINT('',(110.300515,-37.683122,0.));
#1042 = CIRCLE('',#1043,0.499999448976);
#1043 = AXIS2_PLACEMENT_3D('',#1044,#1045,#1046);
#1044 = CARTESIAN_POINT('',(110.75102909571,-37.46624300484,0.));
#1045 = DIRECTION('',(0.,0.,1.));
#1046 = DIRECTION('',(0.504518364574,0.863400961204,-0.));
#1047 = ORIENTED_EDGE('',*,*,#1048,.F.);
#1048 = EDGE_CURVE('',#1049,#1038,#1051,.T.);
#1049 = VERTEX_POINT('',#1050);
#1050 = CARTESIAN_POINT('',(111.255547,-37.102842,0.));
#1051 = CIRCLE('',#1052,0.500008729226);
#1052 = AXIS2_PLACEMENT_3D('',#1053,#1054,#1055);
#1053 = CARTESIAN_POINT('',(111.25554865685,-36.60283327077,0.));
#1054 = DIRECTION('',(0.,0.,-1.));
#1055 = DIRECTION('',(-3.31364934545E-06,-0.999999999995,-0.));
#1056 = ORIENTED_EDGE('',*,*,#1057,.F.);
#1057 = EDGE_CURVE('',#1058,#1049,#1060,.T.);
#1058 = VERTEX_POINT('',#1059);
#1059 = CARTESIAN_POINT('',(112.844451,-37.102842,0.));
#1060 = LINE('',#1061,#1062);
#1061 = CARTESIAN_POINT('',(112.844451,-37.102842,0.));
#1062 = VECTOR('',#1063,1.);
#1063 = DIRECTION('',(-1.,0.,0.));
#1064 = ORIENTED_EDGE('',*,*,#1065,.F.);
#1065 = EDGE_CURVE('',#1066,#1058,#1068,.T.);
#1066 = VERTEX_POINT('',#1067);
#1067 = CARTESIAN_POINT('',(113.096709,-37.034543,0.));
#1068 = CIRCLE('',#1069,0.500008729288);
#1069 = AXIS2_PLACEMENT_3D('',#1070,#1071,#1072);
#1070 = CARTESIAN_POINT('',(112.84444834312,-36.60283327071,0.));
#1071 = DIRECTION('',(0.,0.,-1.));
#1072 = DIRECTION('',(0.504512505685,-0.863404384751,0.));
#1073 = ORIENTED_EDGE('',*,*,#1074,.F.);
#1074 = EDGE_CURVE('',#1075,#1066,#1077,.T.);
#1075 = VERTEX_POINT('',#1076);
#1076 = CARTESIAN_POINT('',(113.799483,-37.683122,0.));
#1077 = CIRCLE('',#1078,0.500000669307);
#1078 = AXIS2_PLACEMENT_3D('',#1079,#1080,#1081);
#1079 = CARTESIAN_POINT('',(113.34896646449,-37.46624525956,0.));
#1080 = DIRECTION('',(0.,0.,1.));
#1081 = DIRECTION('',(0.901031864884,-0.433752900236,0.));
#1082 = ORIENTED_EDGE('',*,*,#1083,.F.);
#1083 = EDGE_CURVE('',#1084,#1075,#1086,.T.);
#1084 = VERTEX_POINT('',#1085);
#1085 = CARTESIAN_POINT('',(113.749998,-37.899999,0.));
#1086 = CIRCLE('',#1087,0.499989884977);
#1087 = AXIS2_PLACEMENT_3D('',#1088,#1089,#1090);
#1088 = CARTESIAN_POINT('',(114.24998788497,-37.89999807911,0.));
#1089 = DIRECTION('',(0.,0.,-1.));
#1090 = DIRECTION('',(-0.999999999998,-1.841808809369E-06,-0.));
#1091 = ORIENTED_EDGE('',*,*,#1092,.F.);
#1092 = EDGE_CURVE('',#1093,#1084,#1095,.T.);
#1093 = VERTEX_POINT('',#1094);
#1094 = CARTESIAN_POINT('',(113.749998,-39.305684,0.));
#1095 = LINE('',#1096,#1097);
#1096 = CARTESIAN_POINT('',(113.749998,-39.305684,0.));
#1097 = VECTOR('',#1098,1.);
#1098 = DIRECTION('',(0.,1.,0.));
#1099 = ORIENTED_EDGE('',*,*,#1100,.F.);
#1100 = EDGE_CURVE('',#1101,#1093,#1103,.T.);
#1101 = VERTEX_POINT('',#1102);
#1102 = CARTESIAN_POINT('',(113.799483,-39.522562,0.));
#1103 = CIRCLE('',#1104,0.499989885034);
#1104 = AXIS2_PLACEMENT_3D('',#1105,#1106,#1107);
#1105 = CARTESIAN_POINT('',(114.24998788503,-39.30568592086,0.));
#1106 = DIRECTION('',(0.,0.,-1.));
#1107 = DIRECTION('',(-0.901027997796,-0.43376093322,-0.));
#1108 = ORIENTED_EDGE('',*,*,#1109,.F.);
#1109 = EDGE_CURVE('',#1110,#1101,#1112,.T.);
#1110 = VERTEX_POINT('',#1111);
#1111 = CARTESIAN_POINT('',(113.09671,-40.171141,0.));
#1112 = CIRCLE('',#1113,0.499999729127);
#1113 = AXIS2_PLACEMENT_3D('',#1114,#1115,#1116);
#1114 = CARTESIAN_POINT('',(113.34896825432,-39.73944029088,0.));
#1115 = DIRECTION('',(0.,0.,1.));
#1116 = DIRECTION('',(-0.504516781969,-0.863401885979,0.));
#1117 = ORIENTED_EDGE('',*,*,#1118,.F.);
#1118 = EDGE_CURVE('',#1119,#1110,#1121,.T.);
#1119 = VERTEX_POINT('',#1120);
#1120 = CARTESIAN_POINT('',(112.844452,-40.102842,0.));
#1121 = CIRCLE('',#1122,0.500008729288);
#1122 = AXIS2_PLACEMENT_3D('',#1123,#1124,#1125);
#1123 = CARTESIAN_POINT('',(112.84444934312,-40.60285072928,0.));
#1124 = DIRECTION('',(0.,0.,-1.));
#1125 = DIRECTION('',(5.31366276793E-06,0.999999999986,0.));
#1126 = ORIENTED_EDGE('',*,*,#1127,.F.);
#1127 = EDGE_CURVE('',#1128,#1119,#1130,.T.);
#1128 = VERTEX_POINT('',#1129);
#1129 = CARTESIAN_POINT('',(111.255546,-40.102841,0.));
#1130 = LINE('',#1131,#1132);
#1131 = CARTESIAN_POINT('',(111.255546,-40.102841,0.));
#1132 = VECTOR('',#1133,1.);
#1133 = DIRECTION('',(1.,-6.293638544889E-07,0.));
#1134 = ORIENTED_EDGE('',*,*,#1135,.F.);
#1135 = EDGE_CURVE('',#1136,#1128,#1138,.T.);
#1136 = VERTEX_POINT('',#1137);
#1137 = CARTESIAN_POINT('',(111.003288,-40.17114,0.));
#1138 = CIRCLE('',#1139,0.500008729288);
#1139 = AXIS2_PLACEMENT_3D('',#1140,#1141,#1142);
#1140 = CARTESIAN_POINT('',(111.25554865687,-40.60284972928,0.));
#1141 = DIRECTION('',(0.,0.,-1.));
#1142 = DIRECTION('',(-0.504512505685,0.863404384751,0.));
#1143 = ORIENTED_EDGE('',*,*,#1144,.F.);
#1144 = EDGE_CURVE('',#1145,#1136,#1147,.T.);
#1145 = VERTEX_POINT('',#1146);
#1146 = CARTESIAN_POINT('',(110.300515,-39.522562,0.));
#1147 = CIRCLE('',#1148,0.499999422661);
#1148 = AXIS2_PLACEMENT_3D('',#1149,#1150,#1151);
#1149 = CARTESIAN_POINT('',(110.75102970448,-39.7394396699,0.));
#1150 = DIRECTION('',(0.,0.,1.));
#1151 = DIRECTION('',(-0.901030449374,0.433755840654,0.));
#1152 = ORIENTED_EDGE('',*,*,#1153,.F.);
#1153 = EDGE_CURVE('',#1154,#1145,#1156,.T.);
#1154 = VERTEX_POINT('',#1155);
#1155 = CARTESIAN_POINT('',(110.35,-39.305684,0.));
#1156 = CIRCLE('',#1157,0.499989885034);
#1157 = AXIS2_PLACEMENT_3D('',#1158,#1159,#1160);
#1158 = CARTESIAN_POINT('',(109.85001011497,-39.30568592086,0.));
#1159 = DIRECTION('',(0.,0.,-1.));
#1160 = DIRECTION('',(0.999999999993,3.841811591055E-06,0.));
#1161 = ORIENTED_EDGE('',*,*,#1162,.F.);
#1162 = EDGE_CURVE('',#1163,#1154,#1165,.T.);
#1163 = VERTEX_POINT('',#1164);
#1164 = CARTESIAN_POINT('',(110.35,-37.9,0.));
#1165 = LINE('',#1166,#1167);
#1166 = CARTESIAN_POINT('',(110.35,-37.9,0.));
#1167 = VECTOR('',#1168,1.);
#1168 = DIRECTION('',(0.,-1.,0.));
#1169 = ORIENTED_EDGE('',*,*,#1170,.F.);
#1170 = EDGE_CURVE('',#1040,#1163,#1171,.T.);
#1171 = CIRCLE('',#1172,0.499989885034);
#1172 = AXIS2_PLACEMENT_3D('',#1173,#1174,#1175);
#1173 = CARTESIAN_POINT('',(109.85001011497,-37.89999807913,0.));
#1174 = DIRECTION('',(0.,0.,-1.));
#1175 = DIRECTION('',(0.901027997796,0.43376093322,0.));
#1176 = PLANE('',#1177);
#1177 = AXIS2_PLACEMENT_3D('',#1178,#1179,#1180);
#1178 = CARTESIAN_POINT('',(0.,0.,0.));
#1179 = DIRECTION('',(0.,0.,1.));
#1180 = DIRECTION('',(1.,0.,-0.));
#1181 = ADVANCED_FACE('',(#1182,#1193,#1204,#1215,#1226,#1237,#1248,
    #1259,#1270,#1281,#1292,#1303,#1314,#1325,#1336,#1347,#1358,#1369,
    #1380,#1391,#1402,#1413,#1424,#1435,#1446,#1457,#1493,#1504,#1515,
    #1526,#1537,#1548,#1559,#1570,#1581,#1592,#1603,#1614,#1625,#1636,
    #1647,#1658,#1669,#1680,#1691,#1702,#1713,#1724,#1735,#1746,#1757,
    #1768,#1804,#1815,#1826,#1837,#1848,#1859,#1870,#1881,#1892,#1903,
    #2045,#2056,#2067,#2078),#2220,.T.);
#1182 = FACE_BOUND('',#1183,.T.);
#1183 = EDGE_LOOP('',(#1184,#1185,#1186,#1192));
#1184 = ORIENTED_EDGE('',*,*,#49,.F.);
#1185 = ORIENTED_EDGE('',*,*,#89,.F.);
#1186 = ORIENTED_EDGE('',*,*,#1187,.F.);
#1187 = EDGE_CURVE('',#112,#82,#1188,.T.);
#1188 = LINE('',#1189,#1190);
#1189 = CARTESIAN_POINT('',(55.5,-34.5,1.51));
#1190 = VECTOR('',#1191,1.);
#1191 = DIRECTION('',(1.,0.,0.));
#1192 = ORIENTED_EDGE('',*,*,#111,.F.);
#1193 = FACE_BOUND('',#1194,.T.);
#1194 = EDGE_LOOP('',(#1195));
#1195 = ORIENTED_EDGE('',*,*,#1196,.T.);
#1196 = EDGE_CURVE('',#1197,#1197,#1199,.T.);
#1197 = VERTEX_POINT('',#1198);
#1198 = CARTESIAN_POINT('',(62.38,-78.93,1.51));
#1199 = CIRCLE('',#1200,0.85);
#1200 = AXIS2_PLACEMENT_3D('',#1201,#1202,#1203);
#1201 = CARTESIAN_POINT('',(62.38,-78.08,1.51));
#1202 = DIRECTION('',(-0.,0.,-1.));
#1203 = DIRECTION('',(8.35932630306E-15,-1.,-0.));
#1204 = FACE_BOUND('',#1205,.T.);
#1205 = EDGE_LOOP('',(#1206));
#1206 = ORIENTED_EDGE('',*,*,#1207,.T.);
#1207 = EDGE_CURVE('',#1208,#1208,#1210,.T.);
#1208 = VERTEX_POINT('',#1209);
#1209 = CARTESIAN_POINT('',(63.65,-76.29,1.51));
#1210 = CIRCLE('',#1211,0.75);
#1211 = AXIS2_PLACEMENT_3D('',#1212,#1213,#1214);
#1212 = CARTESIAN_POINT('',(63.65,-75.54,1.51));
#1213 = DIRECTION('',(-0.,0.,-1.));
#1214 = DIRECTION('',(-9.473903143468E-15,-1.,0.));
#1215 = FACE_BOUND('',#1216,.T.);
#1216 = EDGE_LOOP('',(#1217));
#1217 = ORIENTED_EDGE('',*,*,#1218,.T.);
#1218 = EDGE_CURVE('',#1219,#1219,#1221,.T.);
#1219 = VERTEX_POINT('',#1220);
#1220 = CARTESIAN_POINT('',(67.46,-80.08,1.51));
#1221 = CIRCLE('',#1222,2.);
#1222 = AXIS2_PLACEMENT_3D('',#1223,#1224,#1225);
#1223 = CARTESIAN_POINT('',(67.46,-78.08,1.51));
#1224 = DIRECTION('',(-0.,0.,-1.));
#1225 = DIRECTION('',(-0.,-1.,0.));
#1226 = FACE_BOUND('',#1227,.T.);
#1227 = EDGE_LOOP('',(#1228));
#1228 = ORIENTED_EDGE('',*,*,#1229,.T.);
#1229 = EDGE_CURVE('',#1230,#1230,#1232,.T.);
#1230 = VERTEX_POINT('',#1231);
#1231 = CARTESIAN_POINT('',(70.,-73.75,1.51));
#1232 = CIRCLE('',#1233,0.75);
#1233 = AXIS2_PLACEMENT_3D('',#1234,#1235,#1236);
#1234 = CARTESIAN_POINT('',(70.,-73.,1.51));
#1235 = DIRECTION('',(-0.,0.,-1.));
#1236 = DIRECTION('',(-0.,-1.,0.));
#1237 = FACE_BOUND('',#1238,.T.);
#1238 = EDGE_LOOP('',(#1239));
#1239 = ORIENTED_EDGE('',*,*,#1240,.T.);
#1240 = EDGE_CURVE('',#1241,#1241,#1243,.T.);
#1241 = VERTEX_POINT('',#1242);
#1242 = CARTESIAN_POINT('',(72.54,-78.93,1.51));
#1243 = CIRCLE('',#1244,0.85);
#1244 = AXIS2_PLACEMENT_3D('',#1245,#1246,#1247);
#1245 = CARTESIAN_POINT('',(72.54,-78.08,1.51));
#1246 = DIRECTION('',(-0.,0.,-1.));
#1247 = DIRECTION('',(1.671865260612E-14,-1.,-0.));
#1248 = FACE_BOUND('',#1249,.T.);
#1249 = EDGE_LOOP('',(#1250));
#1250 = ORIENTED_EDGE('',*,*,#1251,.T.);
#1251 = EDGE_CURVE('',#1252,#1252,#1254,.T.);
#1252 = VERTEX_POINT('',#1253);
#1253 = CARTESIAN_POINT('',(81.38,-78.93,1.51));
#1254 = CIRCLE('',#1255,0.85);
#1255 = AXIS2_PLACEMENT_3D('',#1256,#1257,#1258);
#1256 = CARTESIAN_POINT('',(81.38,-78.08,1.51));
#1257 = DIRECTION('',(-0.,0.,-1.));
#1258 = DIRECTION('',(-0.,-1.,0.));
#1259 = FACE_BOUND('',#1260,.T.);
#1260 = EDGE_LOOP('',(#1261));
#1261 = ORIENTED_EDGE('',*,*,#1262,.T.);
#1262 = EDGE_CURVE('',#1263,#1263,#1265,.T.);
#1263 = VERTEX_POINT('',#1264);
#1264 = CARTESIAN_POINT('',(82.65,-76.29,1.51));
#1265 = CIRCLE('',#1266,0.75);
#1266 = AXIS2_PLACEMENT_3D('',#1267,#1268,#1269);
#1267 = CARTESIAN_POINT('',(82.65,-75.54,1.51));
#1268 = DIRECTION('',(-0.,0.,-1.));
#1269 = DIRECTION('',(-0.,-1.,0.));
#1270 = FACE_BOUND('',#1271,.T.);
#1271 = EDGE_LOOP('',(#1272));
#1272 = ORIENTED_EDGE('',*,*,#1273,.T.);
#1273 = EDGE_CURVE('',#1274,#1274,#1276,.T.);
#1274 = VERTEX_POINT('',#1275);
#1275 = CARTESIAN_POINT('',(62.38,-59.93,1.51));
#1276 = CIRCLE('',#1277,0.85);
#1277 = AXIS2_PLACEMENT_3D('',#1278,#1279,#1280);
#1278 = CARTESIAN_POINT('',(62.38,-59.08,1.51));
#1279 = DIRECTION('',(-0.,0.,-1.));
#1280 = DIRECTION('',(8.35932630306E-15,-1.,-0.));
#1281 = FACE_BOUND('',#1282,.T.);
#1282 = EDGE_LOOP('',(#1283));
#1283 = ORIENTED_EDGE('',*,*,#1284,.T.);
#1284 = EDGE_CURVE('',#1285,#1285,#1287,.T.);
#1285 = VERTEX_POINT('',#1286);
#1286 = CARTESIAN_POINT('',(67.46,-61.08,1.51));
#1287 = CIRCLE('',#1288,2.);
#1288 = AXIS2_PLACEMENT_3D('',#1289,#1290,#1291);
#1289 = CARTESIAN_POINT('',(67.46,-59.08,1.51));
#1290 = DIRECTION('',(-0.,0.,-1.));
#1291 = DIRECTION('',(-0.,-1.,0.));
#1292 = FACE_BOUND('',#1293,.T.);
#1293 = EDGE_LOOP('',(#1294));
#1294 = ORIENTED_EDGE('',*,*,#1295,.T.);
#1295 = EDGE_CURVE('',#1296,#1296,#1298,.T.);
#1296 = VERTEX_POINT('',#1297);
#1297 = CARTESIAN_POINT('',(77.,-70.1,1.51));
#1298 = CIRCLE('',#1299,1.6);
#1299 = AXIS2_PLACEMENT_3D('',#1300,#1301,#1302);
#1300 = CARTESIAN_POINT('',(77.,-68.5,1.51));
#1301 = DIRECTION('',(-0.,0.,-1.));
#1302 = DIRECTION('',(-0.,-1.,0.));
#1303 = FACE_BOUND('',#1304,.T.);
#1304 = EDGE_LOOP('',(#1305));
#1305 = ORIENTED_EDGE('',*,*,#1306,.T.);
#1306 = EDGE_CURVE('',#1307,#1307,#1309,.T.);
#1307 = VERTEX_POINT('',#1308);
#1308 = CARTESIAN_POINT('',(72.54,-59.93,1.51));
#1309 = CIRCLE('',#1310,0.85);
#1310 = AXIS2_PLACEMENT_3D('',#1311,#1312,#1313);
#1311 = CARTESIAN_POINT('',(72.54,-59.08,1.51));
#1312 = DIRECTION('',(-0.,0.,-1.));
#1313 = DIRECTION('',(1.671865260612E-14,-1.,-0.));
#1314 = FACE_BOUND('',#1315,.T.);
#1315 = EDGE_LOOP('',(#1316));
#1316 = ORIENTED_EDGE('',*,*,#1317,.T.);
#1317 = EDGE_CURVE('',#1318,#1318,#1320,.T.);
#1318 = VERTEX_POINT('',#1319);
#1319 = CARTESIAN_POINT('',(81.38,-59.93,1.51));
#1320 = CIRCLE('',#1321,0.85);
#1321 = AXIS2_PLACEMENT_3D('',#1322,#1323,#1324);
#1322 = CARTESIAN_POINT('',(81.38,-59.08,1.51));
#1323 = DIRECTION('',(-0.,0.,-1.));
#1324 = DIRECTION('',(-0.,-1.,0.));
#1325 = FACE_BOUND('',#1326,.T.);
#1326 = EDGE_LOOP('',(#1327));
#1327 = ORIENTED_EDGE('',*,*,#1328,.T.);
#1328 = EDGE_CURVE('',#1329,#1329,#1331,.T.);
#1329 = VERTEX_POINT('',#1330);
#1330 = CARTESIAN_POINT('',(86.46,-80.08,1.51));
#1331 = CIRCLE('',#1332,2.);
#1332 = AXIS2_PLACEMENT_3D('',#1333,#1334,#1335);
#1333 = CARTESIAN_POINT('',(86.46,-78.08,1.51));
#1334 = DIRECTION('',(-0.,0.,-1.));
#1335 = DIRECTION('',(-0.,-1.,0.));
#1336 = FACE_BOUND('',#1337,.T.);
#1337 = EDGE_LOOP('',(#1338));
#1338 = ORIENTED_EDGE('',*,*,#1339,.T.);
#1339 = EDGE_CURVE('',#1340,#1340,#1342,.T.);
#1340 = VERTEX_POINT('',#1341);
#1341 = CARTESIAN_POINT('',(91.54,-78.93,1.51));
#1342 = CIRCLE('',#1343,0.85);
#1343 = AXIS2_PLACEMENT_3D('',#1344,#1345,#1346);
#1344 = CARTESIAN_POINT('',(91.54,-78.08,1.51));
#1345 = DIRECTION('',(-0.,0.,-1.));
#1346 = DIRECTION('',(1.671865260612E-14,-1.,-0.));
#1347 = FACE_BOUND('',#1348,.T.);
#1348 = EDGE_LOOP('',(#1349));
#1349 = ORIENTED_EDGE('',*,*,#1350,.T.);
#1350 = EDGE_CURVE('',#1351,#1351,#1353,.T.);
#1351 = VERTEX_POINT('',#1352);
#1352 = CARTESIAN_POINT('',(89.,-73.75,1.51));
#1353 = CIRCLE('',#1354,0.75);
#1354 = AXIS2_PLACEMENT_3D('',#1355,#1356,#1357);
#1355 = CARTESIAN_POINT('',(89.,-73.,1.51));
#1356 = DIRECTION('',(-0.,0.,-1.));
#1357 = DIRECTION('',(-0.,-1.,0.));
#1358 = FACE_BOUND('',#1359,.T.);
#1359 = EDGE_LOOP('',(#1360));
#1360 = ORIENTED_EDGE('',*,*,#1361,.T.);
#1361 = EDGE_CURVE('',#1362,#1362,#1364,.T.);
#1362 = VERTEX_POINT('',#1363);
#1363 = CARTESIAN_POINT('',(100.38,-78.93,1.51));
#1364 = CIRCLE('',#1365,0.85);
#1365 = AXIS2_PLACEMENT_3D('',#1366,#1367,#1368);
#1366 = CARTESIAN_POINT('',(100.38,-78.08,1.51));
#1367 = DIRECTION('',(-0.,0.,-1.));
#1368 = DIRECTION('',(-0.,-1.,0.));
#1369 = FACE_BOUND('',#1370,.T.);
#1370 = EDGE_LOOP('',(#1371));
#1371 = ORIENTED_EDGE('',*,*,#1372,.T.);
#1372 = EDGE_CURVE('',#1373,#1373,#1375,.T.);
#1373 = VERTEX_POINT('',#1374);
#1374 = CARTESIAN_POINT('',(105.46,-80.08,1.51));
#1375 = CIRCLE('',#1376,2.);
#1376 = AXIS2_PLACEMENT_3D('',#1377,#1378,#1379);
#1377 = CARTESIAN_POINT('',(105.46,-78.08,1.51));
#1378 = DIRECTION('',(-0.,0.,-1.));
#1379 = DIRECTION('',(-0.,-1.,0.));
#1380 = FACE_BOUND('',#1381,.T.);
#1381 = EDGE_LOOP('',(#1382));
#1382 = ORIENTED_EDGE('',*,*,#1383,.T.);
#1383 = EDGE_CURVE('',#1384,#1384,#1386,.T.);
#1384 = VERTEX_POINT('',#1385);
#1385 = CARTESIAN_POINT('',(101.65,-76.29,1.51));
#1386 = CIRCLE('',#1387,0.75);
#1387 = AXIS2_PLACEMENT_3D('',#1388,#1389,#1390);
#1388 = CARTESIAN_POINT('',(101.65,-75.54,1.51));
#1389 = DIRECTION('',(-0.,0.,-1.));
#1390 = DIRECTION('',(-0.,-1.,0.));
#1391 = FACE_BOUND('',#1392,.T.);
#1392 = EDGE_LOOP('',(#1393));
#1393 = ORIENTED_EDGE('',*,*,#1394,.T.);
#1394 = EDGE_CURVE('',#1395,#1395,#1397,.T.);
#1395 = VERTEX_POINT('',#1396);
#1396 = CARTESIAN_POINT('',(110.54,-78.93,1.51));
#1397 = CIRCLE('',#1398,0.85);
#1398 = AXIS2_PLACEMENT_3D('',#1399,#1400,#1401);
#1399 = CARTESIAN_POINT('',(110.54,-78.08,1.51));
#1400 = DIRECTION('',(-0.,0.,-1.));
#1401 = DIRECTION('',(1.671865260612E-14,-1.,-0.));
#1402 = FACE_BOUND('',#1403,.T.);
#1403 = EDGE_LOOP('',(#1404));
#1404 = ORIENTED_EDGE('',*,*,#1405,.T.);
#1405 = EDGE_CURVE('',#1406,#1406,#1408,.T.);
#1406 = VERTEX_POINT('',#1407);
#1407 = CARTESIAN_POINT('',(108.,-73.75,1.51));
#1408 = CIRCLE('',#1409,0.75);
#1409 = AXIS2_PLACEMENT_3D('',#1410,#1411,#1412);
#1410 = CARTESIAN_POINT('',(108.,-73.,1.51));
#1411 = DIRECTION('',(-0.,0.,-1.));
#1412 = DIRECTION('',(-0.,-1.,0.));
#1413 = FACE_BOUND('',#1414,.T.);
#1414 = EDGE_LOOP('',(#1415));
#1415 = ORIENTED_EDGE('',*,*,#1416,.T.);
#1416 = EDGE_CURVE('',#1417,#1417,#1419,.T.);
#1417 = VERTEX_POINT('',#1418);
#1418 = CARTESIAN_POINT('',(86.46,-61.08,1.51));
#1419 = CIRCLE('',#1420,2.);
#1420 = AXIS2_PLACEMENT_3D('',#1421,#1422,#1423);
#1421 = CARTESIAN_POINT('',(86.46,-59.08,1.51));
#1422 = DIRECTION('',(-0.,0.,-1.));
#1423 = DIRECTION('',(-0.,-1.,0.));
#1424 = FACE_BOUND('',#1425,.T.);
#1425 = EDGE_LOOP('',(#1426));
#1426 = ORIENTED_EDGE('',*,*,#1427,.T.);
#1427 = EDGE_CURVE('',#1428,#1428,#1430,.T.);
#1428 = VERTEX_POINT('',#1429);
#1429 = CARTESIAN_POINT('',(91.54,-59.93,1.51));
#1430 = CIRCLE('',#1431,0.85);
#1431 = AXIS2_PLACEMENT_3D('',#1432,#1433,#1434);
#1432 = CARTESIAN_POINT('',(91.54,-59.08,1.51));
#1433 = DIRECTION('',(-0.,0.,-1.));
#1434 = DIRECTION('',(1.671865260612E-14,-1.,-0.));
#1435 = FACE_BOUND('',#1436,.T.);
#1436 = EDGE_LOOP('',(#1437));
#1437 = ORIENTED_EDGE('',*,*,#1438,.T.);
#1438 = EDGE_CURVE('',#1439,#1439,#1441,.T.);
#1439 = VERTEX_POINT('',#1440);
#1440 = CARTESIAN_POINT('',(98.25,-62.,1.51));
#1441 = CIRCLE('',#1442,0.5);
#1442 = AXIS2_PLACEMENT_3D('',#1443,#1444,#1445);
#1443 = CARTESIAN_POINT('',(98.25,-61.5,1.51));
#1444 = DIRECTION('',(-0.,0.,-1.));
#1445 = DIRECTION('',(-0.,-1.,0.));
#1446 = FACE_BOUND('',#1447,.T.);
#1447 = EDGE_LOOP('',(#1448));
#1448 = ORIENTED_EDGE('',*,*,#1449,.T.);
#1449 = EDGE_CURVE('',#1450,#1450,#1452,.T.);
#1450 = VERTEX_POINT('',#1451);
#1451 = CARTESIAN_POINT('',(98.25,-59.5,1.51));
#1452 = CIRCLE('',#1453,0.5);
#1453 = AXIS2_PLACEMENT_3D('',#1454,#1455,#1456);
#1454 = CARTESIAN_POINT('',(98.25,-59.,1.51));
#1455 = DIRECTION('',(-0.,0.,-1.));
#1456 = DIRECTION('',(-0.,-1.,0.));
#1457 = FACE_BOUND('',#1458,.T.);
#1458 = EDGE_LOOP('',(#1459,#1470,#1478,#1487));
#1459 = ORIENTED_EDGE('',*,*,#1460,.T.);
#1460 = EDGE_CURVE('',#1461,#1463,#1465,.T.);
#1461 = VERTEX_POINT('',#1462);
#1462 = CARTESIAN_POINT('',(106.4,-63.85,1.51));
#1463 = VERTEX_POINT('',#1464);
#1464 = CARTESIAN_POINT('',(106.4,-65.35,1.51));
#1465 = CIRCLE('',#1466,0.75);
#1466 = AXIS2_PLACEMENT_3D('',#1467,#1468,#1469);
#1467 = CARTESIAN_POINT('',(106.4,-64.6,1.51));
#1468 = DIRECTION('',(-0.,0.,-1.));
#1469 = DIRECTION('',(-0.,-1.,0.));
#1470 = ORIENTED_EDGE('',*,*,#1471,.T.);
#1471 = EDGE_CURVE('',#1463,#1472,#1474,.T.);
#1472 = VERTEX_POINT('',#1473);
#1473 = CARTESIAN_POINT('',(105.1,-65.35,1.51));
#1474 = LINE('',#1475,#1476);
#1475 = CARTESIAN_POINT('',(52.55,-65.35,1.51));
#1476 = VECTOR('',#1477,1.);
#1477 = DIRECTION('',(-1.,0.,0.));
#1478 = ORIENTED_EDGE('',*,*,#1479,.T.);
#1479 = EDGE_CURVE('',#1472,#1480,#1482,.T.);
#1480 = VERTEX_POINT('',#1481);
#1481 = CARTESIAN_POINT('',(105.1,-63.85,1.51));
#1482 = CIRCLE('',#1483,0.75);
#1483 = AXIS2_PLACEMENT_3D('',#1484,#1485,#1486);
#1484 = CARTESIAN_POINT('',(105.1,-64.6,1.51));
#1485 = DIRECTION('',(-0.,0.,-1.));
#1486 = DIRECTION('',(0.,1.,0.));
#1487 = ORIENTED_EDGE('',*,*,#1488,.T.);
#1488 = EDGE_CURVE('',#1480,#1461,#1489,.T.);
#1489 = LINE('',#1490,#1491);
#1490 = CARTESIAN_POINT('',(53.2,-63.85,1.51));
#1491 = VECTOR('',#1492,1.);
#1492 = DIRECTION('',(1.,0.,-0.));
#1493 = FACE_BOUND('',#1494,.T.);
#1494 = EDGE_LOOP('',(#1495));
#1495 = ORIENTED_EDGE('',*,*,#1496,.T.);
#1496 = EDGE_CURVE('',#1497,#1497,#1499,.T.);
#1497 = VERTEX_POINT('',#1498);
#1498 = CARTESIAN_POINT('',(112.75,-62.,1.51));
#1499 = CIRCLE('',#1500,0.5);
#1500 = AXIS2_PLACEMENT_3D('',#1501,#1502,#1503);
#1501 = CARTESIAN_POINT('',(112.75,-61.5,1.51));
#1502 = DIRECTION('',(-0.,0.,-1.));
#1503 = DIRECTION('',(-0.,-1.,0.));
#1504 = FACE_BOUND('',#1505,.T.);
#1505 = EDGE_LOOP('',(#1506));
#1506 = ORIENTED_EDGE('',*,*,#1507,.T.);
#1507 = EDGE_CURVE('',#1508,#1508,#1510,.T.);
#1508 = VERTEX_POINT('',#1509);
#1509 = CARTESIAN_POINT('',(63.65,-57.29,1.51));
#1510 = CIRCLE('',#1511,0.75);
#1511 = AXIS2_PLACEMENT_3D('',#1512,#1513,#1514);
#1512 = CARTESIAN_POINT('',(63.65,-56.54,1.51));
#1513 = DIRECTION('',(-0.,0.,-1.));
#1514 = DIRECTION('',(-9.473903143468E-15,-1.,0.));
#1515 = FACE_BOUND('',#1516,.T.);
#1516 = EDGE_LOOP('',(#1517));
#1517 = ORIENTED_EDGE('',*,*,#1518,.T.);
#1518 = EDGE_CURVE('',#1519,#1519,#1521,.T.);
#1519 = VERTEX_POINT('',#1520);
#1520 = CARTESIAN_POINT('',(70.,-54.75,1.51));
#1521 = CIRCLE('',#1522,0.75);
#1522 = AXIS2_PLACEMENT_3D('',#1523,#1524,#1525);
#1523 = CARTESIAN_POINT('',(70.,-54.,1.51));
#1524 = DIRECTION('',(-0.,0.,-1.));
#1525 = DIRECTION('',(-0.,-1.,0.));
#1526 = FACE_BOUND('',#1527,.T.);
#1527 = EDGE_LOOP('',(#1528));
#1528 = ORIENTED_EDGE('',*,*,#1529,.T.);
#1529 = EDGE_CURVE('',#1530,#1530,#1532,.T.);
#1530 = VERTEX_POINT('',#1531);
#1531 = CARTESIAN_POINT('',(67.,-47.9,1.51));
#1532 = CIRCLE('',#1533,0.4);
#1533 = AXIS2_PLACEMENT_3D('',#1534,#1535,#1536);
#1534 = CARTESIAN_POINT('',(67.,-47.5,1.51));
#1535 = DIRECTION('',(-0.,0.,-1.));
#1536 = DIRECTION('',(-0.,-1.,0.));
#1537 = FACE_BOUND('',#1538,.T.);
#1538 = EDGE_LOOP('',(#1539));
#1539 = ORIENTED_EDGE('',*,*,#1540,.T.);
#1540 = EDGE_CURVE('',#1541,#1541,#1543,.T.);
#1541 = VERTEX_POINT('',#1542);
#1542 = CARTESIAN_POINT('',(69.5,-47.9,1.51));
#1543 = CIRCLE('',#1544,0.4);
#1544 = AXIS2_PLACEMENT_3D('',#1545,#1546,#1547);
#1545 = CARTESIAN_POINT('',(69.5,-47.5,1.51));
#1546 = DIRECTION('',(-0.,0.,-1.));
#1547 = DIRECTION('',(-0.,-1.,0.));
#1548 = FACE_BOUND('',#1549,.T.);
#1549 = EDGE_LOOP('',(#1550));
#1550 = ORIENTED_EDGE('',*,*,#1551,.T.);
#1551 = EDGE_CURVE('',#1552,#1552,#1554,.T.);
#1552 = VERTEX_POINT('',#1553);
#1553 = CARTESIAN_POINT('',(72.,-47.9,1.51));
#1554 = CIRCLE('',#1555,0.4);
#1555 = AXIS2_PLACEMENT_3D('',#1556,#1557,#1558);
#1556 = CARTESIAN_POINT('',(72.,-47.5,1.51));
#1557 = DIRECTION('',(-0.,0.,-1.));
#1558 = DIRECTION('',(-0.,-1.,0.));
#1559 = FACE_BOUND('',#1560,.T.);
#1560 = EDGE_LOOP('',(#1561));
#1561 = ORIENTED_EDGE('',*,*,#1562,.T.);
#1562 = EDGE_CURVE('',#1563,#1563,#1565,.T.);
#1563 = VERTEX_POINT('',#1564);
#1564 = CARTESIAN_POINT('',(82.65,-57.29,1.51));
#1565 = CIRCLE('',#1566,0.75);
#1566 = AXIS2_PLACEMENT_3D('',#1567,#1568,#1569);
#1567 = CARTESIAN_POINT('',(82.65,-56.54,1.51));
#1568 = DIRECTION('',(-0.,0.,-1.));
#1569 = DIRECTION('',(-0.,-1.,0.));
#1570 = FACE_BOUND('',#1571,.T.);
#1571 = EDGE_LOOP('',(#1572));
#1572 = ORIENTED_EDGE('',*,*,#1573,.T.);
#1573 = EDGE_CURVE('',#1574,#1574,#1576,.T.);
#1574 = VERTEX_POINT('',#1575);
#1575 = CARTESIAN_POINT('',(78.7645,-51.832015,1.51));
#1576 = CIRCLE('',#1577,0.5);
#1577 = AXIS2_PLACEMENT_3D('',#1578,#1579,#1580);
#1578 = CARTESIAN_POINT('',(78.7645,-51.332015,1.51));
#1579 = DIRECTION('',(-0.,0.,-1.));
#1580 = DIRECTION('',(-0.,-1.,0.));
#1581 = FACE_BOUND('',#1582,.T.);
#1582 = EDGE_LOOP('',(#1583));
#1583 = ORIENTED_EDGE('',*,*,#1584,.T.);
#1584 = EDGE_CURVE('',#1585,#1585,#1587,.T.);
#1585 = VERTEX_POINT('',#1586);
#1586 = CARTESIAN_POINT('',(78.7645,-49.292015,1.51));
#1587 = CIRCLE('',#1588,0.5);
#1588 = AXIS2_PLACEMENT_3D('',#1589,#1590,#1591);
#1589 = CARTESIAN_POINT('',(78.7645,-48.792015,1.51));
#1590 = DIRECTION('',(-0.,0.,-1.));
#1591 = DIRECTION('',(-0.,-1.,0.));
#1592 = FACE_BOUND('',#1593,.T.);
#1593 = EDGE_LOOP('',(#1594));
#1594 = ORIENTED_EDGE('',*,*,#1595,.T.);
#1595 = EDGE_CURVE('',#1596,#1596,#1598,.T.);
#1596 = VERTEX_POINT('',#1597);
#1597 = CARTESIAN_POINT('',(59.,-46.5,1.51));
#1598 = CIRCLE('',#1599,0.5);
#1599 = AXIS2_PLACEMENT_3D('',#1600,#1601,#1602);
#1600 = CARTESIAN_POINT('',(59.,-46.,1.51));
#1601 = DIRECTION('',(-0.,0.,-1.));
#1602 = DIRECTION('',(-0.,-1.,0.));
#1603 = FACE_BOUND('',#1604,.T.);
#1604 = EDGE_LOOP('',(#1605));
#1605 = ORIENTED_EDGE('',*,*,#1606,.T.);
#1606 = EDGE_CURVE('',#1607,#1607,#1609,.T.);
#1607 = VERTEX_POINT('',#1608);
#1608 = CARTESIAN_POINT('',(59.,-43.96,1.51));
#1609 = CIRCLE('',#1610,0.5);
#1610 = AXIS2_PLACEMENT_3D('',#1611,#1612,#1613);
#1611 = CARTESIAN_POINT('',(59.,-43.46,1.51));
#1612 = DIRECTION('',(-0.,0.,-1.));
#1613 = DIRECTION('',(-0.,-1.,0.));
#1614 = FACE_BOUND('',#1615,.T.);
#1615 = EDGE_LOOP('',(#1616));
#1616 = ORIENTED_EDGE('',*,*,#1617,.T.);
#1617 = EDGE_CURVE('',#1618,#1618,#1620,.T.);
#1618 = VERTEX_POINT('',#1619);
#1619 = CARTESIAN_POINT('',(59.,-41.42,1.51));
#1620 = CIRCLE('',#1621,0.5);
#1621 = AXIS2_PLACEMENT_3D('',#1622,#1623,#1624);
#1622 = CARTESIAN_POINT('',(59.,-40.92,1.51));
#1623 = DIRECTION('',(-0.,0.,-1.));
#1624 = DIRECTION('',(-0.,-1.,0.));
#1625 = FACE_BOUND('',#1626,.T.);
#1626 = EDGE_LOOP('',(#1627));
#1627 = ORIENTED_EDGE('',*,*,#1628,.T.);
#1628 = EDGE_CURVE('',#1629,#1629,#1631,.T.);
#1629 = VERTEX_POINT('',#1630);
#1630 = CARTESIAN_POINT('',(59.,-38.88,1.51));
#1631 = CIRCLE('',#1632,0.5);
#1632 = AXIS2_PLACEMENT_3D('',#1633,#1634,#1635);
#1633 = CARTESIAN_POINT('',(59.,-38.38,1.51));
#1634 = DIRECTION('',(-0.,0.,-1.));
#1635 = DIRECTION('',(-0.,-1.,0.));
#1636 = FACE_BOUND('',#1637,.T.);
#1637 = EDGE_LOOP('',(#1638));
#1638 = ORIENTED_EDGE('',*,*,#1639,.T.);
#1639 = EDGE_CURVE('',#1640,#1640,#1642,.T.);
#1640 = VERTEX_POINT('',#1641);
#1641 = CARTESIAN_POINT('',(67.,-40.28,1.51));
#1642 = CIRCLE('',#1643,0.4);
#1643 = AXIS2_PLACEMENT_3D('',#1644,#1645,#1646);
#1644 = CARTESIAN_POINT('',(67.,-39.88,1.51));
#1645 = DIRECTION('',(-0.,0.,-1.));
#1646 = DIRECTION('',(-0.,-1.,0.));
#1647 = FACE_BOUND('',#1648,.T.);
#1648 = EDGE_LOOP('',(#1649));
#1649 = ORIENTED_EDGE('',*,*,#1650,.T.);
#1650 = EDGE_CURVE('',#1651,#1651,#1653,.T.);
#1651 = VERTEX_POINT('',#1652);
#1652 = CARTESIAN_POINT('',(69.5,-40.28,1.51));
#1653 = CIRCLE('',#1654,0.4);
#1654 = AXIS2_PLACEMENT_3D('',#1655,#1656,#1657);
#1655 = CARTESIAN_POINT('',(69.5,-39.88,1.51));
#1656 = DIRECTION('',(-0.,0.,-1.));
#1657 = DIRECTION('',(-0.,-1.,0.));
#1658 = FACE_BOUND('',#1659,.T.);
#1659 = EDGE_LOOP('',(#1660));
#1660 = ORIENTED_EDGE('',*,*,#1661,.T.);
#1661 = EDGE_CURVE('',#1662,#1662,#1664,.T.);
#1662 = VERTEX_POINT('',#1663);
#1663 = CARTESIAN_POINT('',(72.,-40.28,1.51));
#1664 = CIRCLE('',#1665,0.4);
#1665 = AXIS2_PLACEMENT_3D('',#1666,#1667,#1668);
#1666 = CARTESIAN_POINT('',(72.,-39.88,1.51));
#1667 = DIRECTION('',(-0.,0.,-1.));
#1668 = DIRECTION('',(-0.,-1.,0.));
#1669 = FACE_BOUND('',#1670,.T.);
#1670 = EDGE_LOOP('',(#1671));
#1671 = ORIENTED_EDGE('',*,*,#1672,.T.);
#1672 = EDGE_CURVE('',#1673,#1673,#1675,.T.);
#1673 = VERTEX_POINT('',#1674);
#1674 = CARTESIAN_POINT('',(78.7645,-46.752015,1.51));
#1675 = CIRCLE('',#1676,0.5);
#1676 = AXIS2_PLACEMENT_3D('',#1677,#1678,#1679);
#1677 = CARTESIAN_POINT('',(78.7645,-46.252015,1.51));
#1678 = DIRECTION('',(-0.,0.,-1.));
#1679 = DIRECTION('',(-0.,-1.,0.));
#1680 = FACE_BOUND('',#1681,.T.);
#1681 = EDGE_LOOP('',(#1682));
#1682 = ORIENTED_EDGE('',*,*,#1683,.T.);
#1683 = EDGE_CURVE('',#1684,#1684,#1686,.T.);
#1684 = VERTEX_POINT('',#1685);
#1685 = CARTESIAN_POINT('',(78.7645,-44.212015,1.51));
#1686 = CIRCLE('',#1687,0.5);
#1687 = AXIS2_PLACEMENT_3D('',#1688,#1689,#1690);
#1688 = CARTESIAN_POINT('',(78.7645,-43.712015,1.51));
#1689 = DIRECTION('',(-0.,0.,-1.));
#1690 = DIRECTION('',(-0.,-1.,0.));
#1691 = FACE_BOUND('',#1692,.T.);
#1692 = EDGE_LOOP('',(#1693));
#1693 = ORIENTED_EDGE('',*,*,#1694,.T.);
#1694 = EDGE_CURVE('',#1695,#1695,#1697,.T.);
#1695 = VERTEX_POINT('',#1696);
#1696 = CARTESIAN_POINT('',(78.7645,-41.672015,1.51));
#1697 = CIRCLE('',#1698,0.5);
#1698 = AXIS2_PLACEMENT_3D('',#1699,#1700,#1701);
#1699 = CARTESIAN_POINT('',(78.7645,-41.172015,1.51));
#1700 = DIRECTION('',(-0.,0.,-1.));
#1701 = DIRECTION('',(-0.,-1.,0.));
#1702 = FACE_BOUND('',#1703,.T.);
#1703 = EDGE_LOOP('',(#1704));
#1704 = ORIENTED_EDGE('',*,*,#1705,.T.);
#1705 = EDGE_CURVE('',#1706,#1706,#1708,.T.);
#1706 = VERTEX_POINT('',#1707);
#1707 = CARTESIAN_POINT('',(78.7645,-39.132015,1.51));
#1708 = CIRCLE('',#1709,0.5);
#1709 = AXIS2_PLACEMENT_3D('',#1710,#1711,#1712);
#1710 = CARTESIAN_POINT('',(78.7645,-38.632015,1.51));
#1711 = DIRECTION('',(-0.,0.,-1.));
#1712 = DIRECTION('',(-0.,-1.,0.));
#1713 = FACE_BOUND('',#1714,.T.);
#1714 = EDGE_LOOP('',(#1715));
#1715 = ORIENTED_EDGE('',*,*,#1716,.T.);
#1716 = EDGE_CURVE('',#1717,#1717,#1719,.T.);
#1717 = VERTEX_POINT('',#1718);
#1718 = CARTESIAN_POINT('',(78.7645,-36.592015,1.51));
#1719 = CIRCLE('',#1720,0.5);
#1720 = AXIS2_PLACEMENT_3D('',#1721,#1722,#1723);
#1721 = CARTESIAN_POINT('',(78.7645,-36.092015,1.51));
#1722 = DIRECTION('',(-0.,0.,-1.));
#1723 = DIRECTION('',(-0.,-1.,0.));
#1724 = FACE_BOUND('',#1725,.T.);
#1725 = EDGE_LOOP('',(#1726));
#1726 = ORIENTED_EDGE('',*,*,#1727,.T.);
#1727 = EDGE_CURVE('',#1728,#1728,#1730,.T.);
#1728 = VERTEX_POINT('',#1729);
#1729 = CARTESIAN_POINT('',(89.,-54.75,1.51));
#1730 = CIRCLE('',#1731,0.75);
#1731 = AXIS2_PLACEMENT_3D('',#1732,#1733,#1734);
#1732 = CARTESIAN_POINT('',(89.,-54.,1.51));
#1733 = DIRECTION('',(-0.,0.,-1.));
#1734 = DIRECTION('',(-0.,-1.,0.));
#1735 = FACE_BOUND('',#1736,.T.);
#1736 = EDGE_LOOP('',(#1737));
#1737 = ORIENTED_EDGE('',*,*,#1738,.T.);
#1738 = EDGE_CURVE('',#1739,#1739,#1741,.T.);
#1739 = VERTEX_POINT('',#1740);
#1740 = CARTESIAN_POINT('',(98.25,-57.,1.51));
#1741 = CIRCLE('',#1742,0.5);
#1742 = AXIS2_PLACEMENT_3D('',#1743,#1744,#1745);
#1743 = CARTESIAN_POINT('',(98.25,-56.5,1.51));
#1744 = DIRECTION('',(-0.,0.,-1.));
#1745 = DIRECTION('',(-0.,-1.,0.));
#1746 = FACE_BOUND('',#1747,.T.);
#1747 = EDGE_LOOP('',(#1748));
#1748 = ORIENTED_EDGE('',*,*,#1749,.T.);
#1749 = EDGE_CURVE('',#1750,#1750,#1752,.T.);
#1750 = VERTEX_POINT('',#1751);
#1751 = CARTESIAN_POINT('',(94.0145,-51.832015,1.51));
#1752 = CIRCLE('',#1753,0.5);
#1753 = AXIS2_PLACEMENT_3D('',#1754,#1755,#1756);
#1754 = CARTESIAN_POINT('',(94.0145,-51.332015,1.51));
#1755 = DIRECTION('',(-0.,0.,-1.));
#1756 = DIRECTION('',(-0.,-1.,0.));
#1757 = FACE_BOUND('',#1758,.T.);
#1758 = EDGE_LOOP('',(#1759));
#1759 = ORIENTED_EDGE('',*,*,#1760,.T.);
#1760 = EDGE_CURVE('',#1761,#1761,#1763,.T.);
#1761 = VERTEX_POINT('',#1762);
#1762 = CARTESIAN_POINT('',(94.0145,-49.292015,1.51));
#1763 = CIRCLE('',#1764,0.5);
#1764 = AXIS2_PLACEMENT_3D('',#1765,#1766,#1767);
#1765 = CARTESIAN_POINT('',(94.0145,-48.792015,1.51));
#1766 = DIRECTION('',(-0.,0.,-1.));
#1767 = DIRECTION('',(-0.,-1.,0.));
#1768 = FACE_BOUND('',#1769,.T.);
#1769 = EDGE_LOOP('',(#1770,#1781,#1789,#1798));
#1770 = ORIENTED_EDGE('',*,*,#1771,.T.);
#1771 = EDGE_CURVE('',#1772,#1774,#1776,.T.);
#1772 = VERTEX_POINT('',#1773);
#1773 = CARTESIAN_POINT('',(106.4,-52.65,1.51));
#1774 = VERTEX_POINT('',#1775);
#1775 = CARTESIAN_POINT('',(106.4,-54.15,1.51));
#1776 = CIRCLE('',#1777,0.75);
#1777 = AXIS2_PLACEMENT_3D('',#1778,#1779,#1780);
#1778 = CARTESIAN_POINT('',(106.4,-53.4,1.51));
#1779 = DIRECTION('',(-0.,0.,-1.));
#1780 = DIRECTION('',(-0.,-1.,0.));
#1781 = ORIENTED_EDGE('',*,*,#1782,.T.);
#1782 = EDGE_CURVE('',#1774,#1783,#1785,.T.);
#1783 = VERTEX_POINT('',#1784);
#1784 = CARTESIAN_POINT('',(105.1,-54.15,1.51));
#1785 = LINE('',#1786,#1787);
#1786 = CARTESIAN_POINT('',(52.55,-54.15,1.51));
#1787 = VECTOR('',#1788,1.);
#1788 = DIRECTION('',(-1.,0.,0.));
#1789 = ORIENTED_EDGE('',*,*,#1790,.T.);
#1790 = EDGE_CURVE('',#1783,#1791,#1793,.T.);
#1791 = VERTEX_POINT('',#1792);
#1792 = CARTESIAN_POINT('',(105.1,-52.65,1.51));
#1793 = CIRCLE('',#1794,0.75);
#1794 = AXIS2_PLACEMENT_3D('',#1795,#1796,#1797);
#1795 = CARTESIAN_POINT('',(105.1,-53.4,1.51));
#1796 = DIRECTION('',(-0.,0.,-1.));
#1797 = DIRECTION('',(0.,1.,0.));
#1798 = ORIENTED_EDGE('',*,*,#1799,.T.);
#1799 = EDGE_CURVE('',#1791,#1772,#1800,.T.);
#1800 = LINE('',#1801,#1802);
#1801 = CARTESIAN_POINT('',(53.2,-52.65,1.51));
#1802 = VECTOR('',#1803,1.);
#1803 = DIRECTION('',(1.,0.,-0.));
#1804 = FACE_BOUND('',#1805,.T.);
#1805 = EDGE_LOOP('',(#1806));
#1806 = ORIENTED_EDGE('',*,*,#1807,.T.);
#1807 = EDGE_CURVE('',#1808,#1808,#1810,.T.);
#1808 = VERTEX_POINT('',#1809);
#1809 = CARTESIAN_POINT('',(112.75,-57.,1.51));
#1810 = CIRCLE('',#1811,0.5);
#1811 = AXIS2_PLACEMENT_3D('',#1812,#1813,#1814);
#1812 = CARTESIAN_POINT('',(112.75,-56.5,1.51));
#1813 = DIRECTION('',(-0.,0.,-1.));
#1814 = DIRECTION('',(-0.,-1.,0.));
#1815 = FACE_BOUND('',#1816,.T.);
#1816 = EDGE_LOOP('',(#1817));
#1817 = ORIENTED_EDGE('',*,*,#1818,.T.);
#1818 = EDGE_CURVE('',#1819,#1819,#1821,.T.);
#1819 = VERTEX_POINT('',#1820);
#1820 = CARTESIAN_POINT('',(101.,-47.52,1.51));
#1821 = CIRCLE('',#1822,0.4);
#1822 = AXIS2_PLACEMENT_3D('',#1823,#1824,#1825);
#1823 = CARTESIAN_POINT('',(101.,-47.12,1.51));
#1824 = DIRECTION('',(-0.,0.,-1.));
#1825 = DIRECTION('',(-0.,-1.,0.));
#1826 = FACE_BOUND('',#1827,.T.);
#1827 = EDGE_LOOP('',(#1828));
#1828 = ORIENTED_EDGE('',*,*,#1829,.T.);
#1829 = EDGE_CURVE('',#1830,#1830,#1832,.T.);
#1830 = VERTEX_POINT('',#1831);
#1831 = CARTESIAN_POINT('',(103.5,-47.52,1.51));
#1832 = CIRCLE('',#1833,0.4);
#1833 = AXIS2_PLACEMENT_3D('',#1834,#1835,#1836);
#1834 = CARTESIAN_POINT('',(103.5,-47.12,1.51));
#1835 = DIRECTION('',(-0.,0.,-1.));
#1836 = DIRECTION('',(-0.,-1.,0.));
#1837 = FACE_BOUND('',#1838,.T.);
#1838 = EDGE_LOOP('',(#1839));
#1839 = ORIENTED_EDGE('',*,*,#1840,.T.);
#1840 = EDGE_CURVE('',#1841,#1841,#1843,.T.);
#1841 = VERTEX_POINT('',#1842);
#1842 = CARTESIAN_POINT('',(106.,-47.52,1.51));
#1843 = CIRCLE('',#1844,0.4);
#1844 = AXIS2_PLACEMENT_3D('',#1845,#1846,#1847);
#1845 = CARTESIAN_POINT('',(106.,-47.12,1.51));
#1846 = DIRECTION('',(-0.,0.,-1.));
#1847 = DIRECTION('',(-0.,-1.,0.));
#1848 = FACE_BOUND('',#1849,.T.);
#1849 = EDGE_LOOP('',(#1850));
#1850 = ORIENTED_EDGE('',*,*,#1851,.T.);
#1851 = EDGE_CURVE('',#1852,#1852,#1854,.T.);
#1852 = VERTEX_POINT('',#1853);
#1853 = CARTESIAN_POINT('',(94.0145,-46.752015,1.51));
#1854 = CIRCLE('',#1855,0.5);
#1855 = AXIS2_PLACEMENT_3D('',#1856,#1857,#1858);
#1856 = CARTESIAN_POINT('',(94.0145,-46.252015,1.51));
#1857 = DIRECTION('',(-0.,0.,-1.));
#1858 = DIRECTION('',(-0.,-1.,0.));
#1859 = FACE_BOUND('',#1860,.T.);
#1860 = EDGE_LOOP('',(#1861));
#1861 = ORIENTED_EDGE('',*,*,#1862,.T.);
#1862 = EDGE_CURVE('',#1863,#1863,#1865,.T.);
#1863 = VERTEX_POINT('',#1864);
#1864 = CARTESIAN_POINT('',(94.0145,-44.212015,1.51));
#1865 = CIRCLE('',#1866,0.5);
#1866 = AXIS2_PLACEMENT_3D('',#1867,#1868,#1869);
#1867 = CARTESIAN_POINT('',(94.0145,-43.712015,1.51));
#1868 = DIRECTION('',(-0.,0.,-1.));
#1869 = DIRECTION('',(-0.,-1.,0.));
#1870 = FACE_BOUND('',#1871,.T.);
#1871 = EDGE_LOOP('',(#1872));
#1872 = ORIENTED_EDGE('',*,*,#1873,.T.);
#1873 = EDGE_CURVE('',#1874,#1874,#1876,.T.);
#1874 = VERTEX_POINT('',#1875);
#1875 = CARTESIAN_POINT('',(94.0145,-41.672015,1.51));
#1876 = CIRCLE('',#1877,0.5);
#1877 = AXIS2_PLACEMENT_3D('',#1878,#1879,#1880);
#1878 = CARTESIAN_POINT('',(94.0145,-41.172015,1.51));
#1879 = DIRECTION('',(-0.,0.,-1.));
#1880 = DIRECTION('',(-0.,-1.,0.));
#1881 = FACE_BOUND('',#1882,.T.);
#1882 = EDGE_LOOP('',(#1883));
#1883 = ORIENTED_EDGE('',*,*,#1884,.T.);
#1884 = EDGE_CURVE('',#1885,#1885,#1887,.T.);
#1885 = VERTEX_POINT('',#1886);
#1886 = CARTESIAN_POINT('',(94.0145,-39.132015,1.51));
#1887 = CIRCLE('',#1888,0.5);
#1888 = AXIS2_PLACEMENT_3D('',#1889,#1890,#1891);
#1889 = CARTESIAN_POINT('',(94.0145,-38.632015,1.51));
#1890 = DIRECTION('',(-0.,0.,-1.));
#1891 = DIRECTION('',(-0.,-1.,0.));
#1892 = FACE_BOUND('',#1893,.T.);
#1893 = EDGE_LOOP('',(#1894));
#1894 = ORIENTED_EDGE('',*,*,#1895,.T.);
#1895 = EDGE_CURVE('',#1896,#1896,#1898,.T.);
#1896 = VERTEX_POINT('',#1897);
#1897 = CARTESIAN_POINT('',(94.0145,-36.592015,1.51));
#1898 = CIRCLE('',#1899,0.5);
#1899 = AXIS2_PLACEMENT_3D('',#1900,#1901,#1902);
#1900 = CARTESIAN_POINT('',(94.0145,-36.092015,1.51));
#1901 = DIRECTION('',(-0.,0.,-1.));
#1902 = DIRECTION('',(-0.,-1.,0.));
#1903 = FACE_BOUND('',#1904,.T.);
#1904 = EDGE_LOOP('',(#1905,#1916,#1925,#1933,#1942,#1951,#1960,#1968,
    #1977,#1986,#1995,#2003,#2012,#2021,#2030,#2038));
#1905 = ORIENTED_EDGE('',*,*,#1906,.F.);
#1906 = EDGE_CURVE('',#1907,#1909,#1911,.T.);
#1907 = VERTEX_POINT('',#1908);
#1908 = CARTESIAN_POINT('',(113.749485,-44.327438,1.51));
#1909 = VERTEX_POINT('',#1910);
#1910 = CARTESIAN_POINT('',(113.046712,-43.67886,1.51));
#1911 = CIRCLE('',#1912,0.499999422661);
#1912 = AXIS2_PLACEMENT_3D('',#1913,#1914,#1915);
#1913 = CARTESIAN_POINT('',(113.29897029551,-44.11056033009,1.51));
#1914 = DIRECTION('',(0.,0.,1.));
#1915 = DIRECTION('',(0.901030449374,-0.433755840654,0.));
#1916 = ORIENTED_EDGE('',*,*,#1917,.F.);
#1917 = EDGE_CURVE('',#1918,#1907,#1920,.T.);
#1918 = VERTEX_POINT('',#1919);
#1919 = CARTESIAN_POINT('',(113.7,-44.544315,1.51));
#1920 = CIRCLE('',#1921,0.499989884978);
#1921 = AXIS2_PLACEMENT_3D('',#1922,#1923,#1924);
#1922 = CARTESIAN_POINT('',(114.19998988497,-44.54431407911,1.51));
#1923 = DIRECTION('',(0.,0.,-1.));
#1924 = DIRECTION('',(-0.999999999998,-1.841808596201E-06,-0.));
#1925 = ORIENTED_EDGE('',*,*,#1926,.F.);
#1926 = EDGE_CURVE('',#1927,#1918,#1929,.T.);
#1927 = VERTEX_POINT('',#1928);
#1928 = CARTESIAN_POINT('',(113.7,-45.95,1.51));
#1929 = LINE('',#1930,#1931);
#1930 = CARTESIAN_POINT('',(113.7,-45.95,1.51));
#1931 = VECTOR('',#1932,1.);
#1932 = DIRECTION('',(0.,1.,0.));
#1933 = ORIENTED_EDGE('',*,*,#1934,.F.);
#1934 = EDGE_CURVE('',#1935,#1927,#1937,.T.);
#1935 = VERTEX_POINT('',#1936);
#1936 = CARTESIAN_POINT('',(113.749485,-46.166878,1.51));
#1937 = CIRCLE('',#1938,0.499989885034);
#1938 = AXIS2_PLACEMENT_3D('',#1939,#1940,#1941);
#1939 = CARTESIAN_POINT('',(114.19998988503,-45.95000192086,1.51));
#1940 = DIRECTION('',(0.,0.,-1.));
#1941 = DIRECTION('',(-0.901027997796,-0.43376093322,-0.));
#1942 = ORIENTED_EDGE('',*,*,#1943,.F.);
#1943 = EDGE_CURVE('',#1944,#1935,#1946,.T.);
#1944 = VERTEX_POINT('',#1945);
#1945 = CARTESIAN_POINT('',(113.046712,-46.815457,1.51));
#1946 = CIRCLE('',#1947,0.499999448976);
#1947 = AXIS2_PLACEMENT_3D('',#1948,#1949,#1950);
#1948 = CARTESIAN_POINT('',(113.29897090428,-46.38375699515,1.51));
#1949 = DIRECTION('',(0.,0.,1.));
#1950 = DIRECTION('',(-0.504518364574,-0.863400961204,0.));
#1951 = ORIENTED_EDGE('',*,*,#1952,.F.);
#1952 = EDGE_CURVE('',#1953,#1944,#1955,.T.);
#1953 = VERTEX_POINT('',#1954);
#1954 = CARTESIAN_POINT('',(112.794453,-46.747158,1.51));
#1955 = CIRCLE('',#1956,0.500008729226);
#1956 = AXIS2_PLACEMENT_3D('',#1957,#1958,#1959);
#1957 = CARTESIAN_POINT('',(112.79445134314,-47.24716672922,1.51));
#1958 = DIRECTION('',(0.,0.,-1.));
#1959 = DIRECTION('',(3.31364934545E-06,0.999999999995,0.));
#1960 = ORIENTED_EDGE('',*,*,#1961,.F.);
#1961 = EDGE_CURVE('',#1962,#1953,#1964,.T.);
#1962 = VERTEX_POINT('',#1963);
#1963 = CARTESIAN_POINT('',(111.205549,-46.747158,1.51));
#1964 = LINE('',#1965,#1966);
#1965 = CARTESIAN_POINT('',(111.205549,-46.747158,1.51));
#1966 = VECTOR('',#1967,1.);
#1967 = DIRECTION('',(1.,0.,0.));
#1968 = ORIENTED_EDGE('',*,*,#1969,.F.);
#1969 = EDGE_CURVE('',#1970,#1962,#1972,.T.);
#1970 = VERTEX_POINT('',#1971);
#1971 = CARTESIAN_POINT('',(110.953291,-46.815457,1.51));
#1972 = CIRCLE('',#1973,0.500008729288);
#1973 = AXIS2_PLACEMENT_3D('',#1974,#1975,#1976);
#1974 = CARTESIAN_POINT('',(111.20555165687,-47.24716672928,1.51));
#1975 = DIRECTION('',(0.,0.,-1.));
#1976 = DIRECTION('',(-0.504512505685,0.863404384751,0.));
#1977 = ORIENTED_EDGE('',*,*,#1978,.F.);
#1978 = EDGE_CURVE('',#1979,#1970,#1981,.T.);
#1979 = VERTEX_POINT('',#1980);
#1980 = CARTESIAN_POINT('',(110.250517,-46.166878,1.51));
#1981 = CIRCLE('',#1982,0.500000669307);
#1982 = AXIS2_PLACEMENT_3D('',#1983,#1984,#1985);
#1983 = CARTESIAN_POINT('',(110.7010335355,-46.38375474043,1.51));
#1984 = DIRECTION('',(0.,0.,1.));
#1985 = DIRECTION('',(-0.901031864884,0.433752900236,0.));
#1986 = ORIENTED_EDGE('',*,*,#1987,.F.);
#1987 = EDGE_CURVE('',#1988,#1979,#1990,.T.);
#1988 = VERTEX_POINT('',#1989);
#1989 = CARTESIAN_POINT('',(110.300002,-45.95,1.51));
#1990 = CIRCLE('',#1991,0.499989885034);
#1991 = AXIS2_PLACEMENT_3D('',#1992,#1993,#1994);
#1992 = CARTESIAN_POINT('',(109.80001211496,-45.95000192086,1.51));
#1993 = DIRECTION('',(0.,0.,-1.));
#1994 = DIRECTION('',(0.999999999993,3.841811377886E-06,0.));
#1995 = ORIENTED_EDGE('',*,*,#1996,.F.);
#1996 = EDGE_CURVE('',#1997,#1988,#1999,.T.);
#1997 = VERTEX_POINT('',#1998);
#1998 = CARTESIAN_POINT('',(110.300002,-44.544316,1.51));
#1999 = LINE('',#2000,#2001);
#2000 = CARTESIAN_POINT('',(110.300002,-44.544316,1.51));
#2001 = VECTOR('',#2002,1.);
#2002 = DIRECTION('',(0.,-1.,0.));
#2003 = ORIENTED_EDGE('',*,*,#2004,.F.);
#2004 = EDGE_CURVE('',#2005,#1997,#2007,.T.);
#2005 = VERTEX_POINT('',#2006);
#2006 = CARTESIAN_POINT('',(110.250517,-44.327438,1.51));
#2007 = CIRCLE('',#2008,0.499989885034);
#2008 = AXIS2_PLACEMENT_3D('',#2009,#2010,#2011);
#2009 = CARTESIAN_POINT('',(109.80001211496,-44.54431407913,1.51));
#2010 = DIRECTION('',(0.,0.,-1.));
#2011 = DIRECTION('',(0.901027997796,0.43376093322,0.));
#2012 = ORIENTED_EDGE('',*,*,#2013,.F.);
#2013 = EDGE_CURVE('',#2014,#2005,#2016,.T.);
#2014 = VERTEX_POINT('',#2015);
#2015 = CARTESIAN_POINT('',(110.95329,-43.678859,1.51));
#2016 = CIRCLE('',#2017,0.499999729127);
#2017 = AXIS2_PLACEMENT_3D('',#2018,#2019,#2020);
#2018 = CARTESIAN_POINT('',(110.70103174567,-44.11055970911,1.51));
#2019 = DIRECTION('',(0.,0.,1.));
#2020 = DIRECTION('',(0.504516781969,0.863401885979,-0.));
#2021 = ORIENTED_EDGE('',*,*,#2022,.F.);
#2022 = EDGE_CURVE('',#2023,#2014,#2025,.T.);
#2023 = VERTEX_POINT('',#2024);
#2024 = CARTESIAN_POINT('',(111.205548,-43.747158,1.51));
#2025 = CIRCLE('',#2026,0.500008729288);
#2026 = AXIS2_PLACEMENT_3D('',#2027,#2028,#2029);
#2027 = CARTESIAN_POINT('',(111.20555065687,-43.24714927071,1.51));
#2028 = DIRECTION('',(0.,0.,-1.));
#2029 = DIRECTION('',(-5.31366273951E-06,-0.999999999986,-0.));
#2030 = ORIENTED_EDGE('',*,*,#2031,.F.);
#2031 = EDGE_CURVE('',#2032,#2023,#2034,.T.);
#2032 = VERTEX_POINT('',#2033);
#2033 = CARTESIAN_POINT('',(112.794454,-43.747159,1.51));
#2034 = LINE('',#2035,#2036);
#2035 = CARTESIAN_POINT('',(112.794454,-43.747159,1.51));
#2036 = VECTOR('',#2037,1.);
#2037 = DIRECTION('',(-1.,6.293638544889E-07,0.));
#2038 = ORIENTED_EDGE('',*,*,#2039,.F.);
#2039 = EDGE_CURVE('',#1909,#2032,#2040,.T.);
#2040 = CIRCLE('',#2041,0.500008729288);
#2041 = AXIS2_PLACEMENT_3D('',#2042,#2043,#2044);
#2042 = CARTESIAN_POINT('',(112.79445134312,-43.24715027071,1.51));
#2043 = DIRECTION('',(0.,0.,-1.));
#2044 = DIRECTION('',(0.504512505685,-0.863404384751,0.));
#2045 = FACE_BOUND('',#2046,.T.);
#2046 = EDGE_LOOP('',(#2047));
#2047 = ORIENTED_EDGE('',*,*,#2048,.T.);
#2048 = EDGE_CURVE('',#2049,#2049,#2051,.T.);
#2049 = VERTEX_POINT('',#2050);
#2050 = CARTESIAN_POINT('',(101.,-39.9,1.51));
#2051 = CIRCLE('',#2052,0.4);
#2052 = AXIS2_PLACEMENT_3D('',#2053,#2054,#2055);
#2053 = CARTESIAN_POINT('',(101.,-39.5,1.51));
#2054 = DIRECTION('',(-0.,0.,-1.));
#2055 = DIRECTION('',(-0.,-1.,0.));
#2056 = FACE_BOUND('',#2057,.T.);
#2057 = EDGE_LOOP('',(#2058));
#2058 = ORIENTED_EDGE('',*,*,#2059,.T.);
#2059 = EDGE_CURVE('',#2060,#2060,#2062,.T.);
#2060 = VERTEX_POINT('',#2061);
#2061 = CARTESIAN_POINT('',(103.5,-39.9,1.51));
#2062 = CIRCLE('',#2063,0.4);
#2063 = AXIS2_PLACEMENT_3D('',#2064,#2065,#2066);
#2064 = CARTESIAN_POINT('',(103.5,-39.5,1.51));
#2065 = DIRECTION('',(-0.,0.,-1.));
#2066 = DIRECTION('',(-0.,-1.,0.));
#2067 = FACE_BOUND('',#2068,.T.);
#2068 = EDGE_LOOP('',(#2069));
#2069 = ORIENTED_EDGE('',*,*,#2070,.T.);
#2070 = EDGE_CURVE('',#2071,#2071,#2073,.T.);
#2071 = VERTEX_POINT('',#2072);
#2072 = CARTESIAN_POINT('',(106.,-39.9,1.51));
#2073 = CIRCLE('',#2074,0.4);
#2074 = AXIS2_PLACEMENT_3D('',#2075,#2076,#2077);
#2075 = CARTESIAN_POINT('',(106.,-39.5,1.51));
#2076 = DIRECTION('',(-0.,0.,-1.));
#2077 = DIRECTION('',(-0.,-1.,0.));
#2078 = FACE_BOUND('',#2079,.T.);
#2079 = EDGE_LOOP('',(#2080,#2091,#2100,#2108,#2117,#2126,#2135,#2143,
    #2152,#2161,#2170,#2178,#2187,#2196,#2205,#2213));
#2080 = ORIENTED_EDGE('',*,*,#2081,.F.);
#2081 = EDGE_CURVE('',#2082,#2084,#2086,.T.);
#2082 = VERTEX_POINT('',#2083);
#2083 = CARTESIAN_POINT('',(111.003288,-37.034543,1.51));
#2084 = VERTEX_POINT('',#2085);
#2085 = CARTESIAN_POINT('',(110.300515,-37.683122,1.51));
#2086 = CIRCLE('',#2087,0.499999448976);
#2087 = AXIS2_PLACEMENT_3D('',#2088,#2089,#2090);
#2088 = CARTESIAN_POINT('',(110.75102909571,-37.46624300484,1.51));
#2089 = DIRECTION('',(0.,0.,1.));
#2090 = DIRECTION('',(0.504518364574,0.863400961204,-0.));
#2091 = ORIENTED_EDGE('',*,*,#2092,.F.);
#2092 = EDGE_CURVE('',#2093,#2082,#2095,.T.);
#2093 = VERTEX_POINT('',#2094);
#2094 = CARTESIAN_POINT('',(111.255547,-37.102842,1.51));
#2095 = CIRCLE('',#2096,0.500008729226);
#2096 = AXIS2_PLACEMENT_3D('',#2097,#2098,#2099);
#2097 = CARTESIAN_POINT('',(111.25554865685,-36.60283327077,1.51));
#2098 = DIRECTION('',(0.,0.,-1.));
#2099 = DIRECTION('',(-3.31364934545E-06,-0.999999999995,-0.));
#2100 = ORIENTED_EDGE('',*,*,#2101,.F.);
#2101 = EDGE_CURVE('',#2102,#2093,#2104,.T.);
#2102 = VERTEX_POINT('',#2103);
#2103 = CARTESIAN_POINT('',(112.844451,-37.102842,1.51));
#2104 = LINE('',#2105,#2106);
#2105 = CARTESIAN_POINT('',(112.844451,-37.102842,1.51));
#2106 = VECTOR('',#2107,1.);
#2107 = DIRECTION('',(-1.,0.,0.));
#2108 = ORIENTED_EDGE('',*,*,#2109,.F.);
#2109 = EDGE_CURVE('',#2110,#2102,#2112,.T.);
#2110 = VERTEX_POINT('',#2111);
#2111 = CARTESIAN_POINT('',(113.096709,-37.034543,1.51));
#2112 = CIRCLE('',#2113,0.500008729288);
#2113 = AXIS2_PLACEMENT_3D('',#2114,#2115,#2116);
#2114 = CARTESIAN_POINT('',(112.84444834312,-36.60283327071,1.51));
#2115 = DIRECTION('',(0.,0.,-1.));
#2116 = DIRECTION('',(0.504512505685,-0.863404384751,0.));
#2117 = ORIENTED_EDGE('',*,*,#2118,.F.);
#2118 = EDGE_CURVE('',#2119,#2110,#2121,.T.);
#2119 = VERTEX_POINT('',#2120);
#2120 = CARTESIAN_POINT('',(113.799483,-37.683122,1.51));
#2121 = CIRCLE('',#2122,0.500000669307);
#2122 = AXIS2_PLACEMENT_3D('',#2123,#2124,#2125);
#2123 = CARTESIAN_POINT('',(113.34896646449,-37.46624525956,1.51));
#2124 = DIRECTION('',(0.,0.,1.));
#2125 = DIRECTION('',(0.901031864884,-0.433752900236,0.));
#2126 = ORIENTED_EDGE('',*,*,#2127,.F.);
#2127 = EDGE_CURVE('',#2128,#2119,#2130,.T.);
#2128 = VERTEX_POINT('',#2129);
#2129 = CARTESIAN_POINT('',(113.749998,-37.899999,1.51));
#2130 = CIRCLE('',#2131,0.499989884977);
#2131 = AXIS2_PLACEMENT_3D('',#2132,#2133,#2134);
#2132 = CARTESIAN_POINT('',(114.24998788497,-37.89999807911,1.51));
#2133 = DIRECTION('',(0.,0.,-1.));
#2134 = DIRECTION('',(-0.999999999998,-1.841808809369E-06,-0.));
#2135 = ORIENTED_EDGE('',*,*,#2136,.F.);
#2136 = EDGE_CURVE('',#2137,#2128,#2139,.T.);
#2137 = VERTEX_POINT('',#2138);
#2138 = CARTESIAN_POINT('',(113.749998,-39.305684,1.51));
#2139 = LINE('',#2140,#2141);
#2140 = CARTESIAN_POINT('',(113.749998,-39.305684,1.51));
#2141 = VECTOR('',#2142,1.);
#2142 = DIRECTION('',(0.,1.,0.));
#2143 = ORIENTED_EDGE('',*,*,#2144,.F.);
#2144 = EDGE_CURVE('',#2145,#2137,#2147,.T.);
#2145 = VERTEX_POINT('',#2146);
#2146 = CARTESIAN_POINT('',(113.799483,-39.522562,1.51));
#2147 = CIRCLE('',#2148,0.499989885034);
#2148 = AXIS2_PLACEMENT_3D('',#2149,#2150,#2151);
#2149 = CARTESIAN_POINT('',(114.24998788503,-39.30568592086,1.51));
#2150 = DIRECTION('',(0.,0.,-1.));
#2151 = DIRECTION('',(-0.901027997796,-0.43376093322,-0.));
#2152 = ORIENTED_EDGE('',*,*,#2153,.F.);
#2153 = EDGE_CURVE('',#2154,#2145,#2156,.T.);
#2154 = VERTEX_POINT('',#2155);
#2155 = CARTESIAN_POINT('',(113.09671,-40.171141,1.51));
#2156 = CIRCLE('',#2157,0.499999729127);
#2157 = AXIS2_PLACEMENT_3D('',#2158,#2159,#2160);
#2158 = CARTESIAN_POINT('',(113.34896825432,-39.73944029088,1.51));
#2159 = DIRECTION('',(0.,0.,1.));
#2160 = DIRECTION('',(-0.504516781969,-0.863401885979,0.));
#2161 = ORIENTED_EDGE('',*,*,#2162,.F.);
#2162 = EDGE_CURVE('',#2163,#2154,#2165,.T.);
#2163 = VERTEX_POINT('',#2164);
#2164 = CARTESIAN_POINT('',(112.844452,-40.102842,1.51));
#2165 = CIRCLE('',#2166,0.500008729288);
#2166 = AXIS2_PLACEMENT_3D('',#2167,#2168,#2169);
#2167 = CARTESIAN_POINT('',(112.84444934312,-40.60285072928,1.51));
#2168 = DIRECTION('',(0.,0.,-1.));
#2169 = DIRECTION('',(5.31366276793E-06,0.999999999986,0.));
#2170 = ORIENTED_EDGE('',*,*,#2171,.F.);
#2171 = EDGE_CURVE('',#2172,#2163,#2174,.T.);
#2172 = VERTEX_POINT('',#2173);
#2173 = CARTESIAN_POINT('',(111.255546,-40.102841,1.51));
#2174 = LINE('',#2175,#2176);
#2175 = CARTESIAN_POINT('',(111.255546,-40.102841,1.51));
#2176 = VECTOR('',#2177,1.);
#2177 = DIRECTION('',(1.,-6.293638544889E-07,0.));
#2178 = ORIENTED_EDGE('',*,*,#2179,.F.);
#2179 = EDGE_CURVE('',#2180,#2172,#2182,.T.);
#2180 = VERTEX_POINT('',#2181);
#2181 = CARTESIAN_POINT('',(111.003288,-40.17114,1.51));
#2182 = CIRCLE('',#2183,0.500008729288);
#2183 = AXIS2_PLACEMENT_3D('',#2184,#2185,#2186);
#2184 = CARTESIAN_POINT('',(111.25554865687,-40.60284972928,1.51));
#2185 = DIRECTION('',(0.,0.,-1.));
#2186 = DIRECTION('',(-0.504512505685,0.863404384751,0.));
#2187 = ORIENTED_EDGE('',*,*,#2188,.F.);
#2188 = EDGE_CURVE('',#2189,#2180,#2191,.T.);
#2189 = VERTEX_POINT('',#2190);
#2190 = CARTESIAN_POINT('',(110.300515,-39.522562,1.51));
#2191 = CIRCLE('',#2192,0.499999422661);
#2192 = AXIS2_PLACEMENT_3D('',#2193,#2194,#2195);
#2193 = CARTESIAN_POINT('',(110.75102970448,-39.7394396699,1.51));
#2194 = DIRECTION('',(0.,0.,1.));
#2195 = DIRECTION('',(-0.901030449374,0.433755840654,0.));
#2196 = ORIENTED_EDGE('',*,*,#2197,.F.);
#2197 = EDGE_CURVE('',#2198,#2189,#2200,.T.);
#2198 = VERTEX_POINT('',#2199);
#2199 = CARTESIAN_POINT('',(110.35,-39.305684,1.51));
#2200 = CIRCLE('',#2201,0.499989885034);
#2201 = AXIS2_PLACEMENT_3D('',#2202,#2203,#2204);
#2202 = CARTESIAN_POINT('',(109.85001011497,-39.30568592086,1.51));
#2203 = DIRECTION('',(0.,0.,-1.));
#2204 = DIRECTION('',(0.999999999993,3.841811591055E-06,0.));
#2205 = ORIENTED_EDGE('',*,*,#2206,.F.);
#2206 = EDGE_CURVE('',#2207,#2198,#2209,.T.);
#2207 = VERTEX_POINT('',#2208);
#2208 = CARTESIAN_POINT('',(110.35,-37.9,1.51));
#2209 = LINE('',#2210,#2211);
#2210 = CARTESIAN_POINT('',(110.35,-37.9,1.51));
#2211 = VECTOR('',#2212,1.);
#2212 = DIRECTION('',(0.,-1.,0.));
#2213 = ORIENTED_EDGE('',*,*,#2214,.F.);
#2214 = EDGE_CURVE('',#2084,#2207,#2215,.T.);
#2215 = CIRCLE('',#2216,0.499989885034);
#2216 = AXIS2_PLACEMENT_3D('',#2217,#2218,#2219);
#2217 = CARTESIAN_POINT('',(109.85001011497,-37.89999807913,1.51));
#2218 = DIRECTION('',(0.,0.,-1.));
#2219 = DIRECTION('',(0.901027997796,0.43376093322,0.));
#2220 = PLANE('',#2221);
#2221 = AXIS2_PLACEMENT_3D('',#2222,#2223,#2224);
#2222 = CARTESIAN_POINT('',(0.,0.,1.51));
#2223 = DIRECTION('',(0.,0.,1.));
#2224 = DIRECTION('',(1.,0.,-0.));
#2225 = ADVANCED_FACE('',(#2226),#2232,.T.);
#2226 = FACE_BOUND('',#2227,.T.);
#2227 = EDGE_LOOP('',(#2228,#2229,#2230,#2231));
#2228 = ORIENTED_EDGE('',*,*,#119,.T.);
#2229 = ORIENTED_EDGE('',*,*,#1187,.T.);
#2230 = ORIENTED_EDGE('',*,*,#79,.F.);
#2231 = ORIENTED_EDGE('',*,*,#143,.F.);
#2232 = PLANE('',#2233);
#2233 = AXIS2_PLACEMENT_3D('',#2234,#2235,#2236);
#2234 = CARTESIAN_POINT('',(55.5,-34.5,0.));
#2235 = DIRECTION('',(0.,1.,0.));
#2236 = DIRECTION('',(1.,0.,0.));
#2237 = ADVANCED_FACE('',(#2238),#2249,.F.);
#2238 = FACE_BOUND('',#2239,.T.);
#2239 = EDGE_LOOP('',(#2240,#2241,#2247,#2248));
#2240 = ORIENTED_EDGE('',*,*,#152,.T.);
#2241 = ORIENTED_EDGE('',*,*,#2242,.T.);
#2242 = EDGE_CURVE('',#153,#1197,#2243,.T.);
#2243 = LINE('',#2244,#2245);
#2244 = CARTESIAN_POINT('',(62.38,-78.93,-4.6E-02));
#2245 = VECTOR('',#2246,1.);
#2246 = DIRECTION('',(0.,0.,1.));
#2247 = ORIENTED_EDGE('',*,*,#1196,.F.);
#2248 = ORIENTED_EDGE('',*,*,#2242,.F.);
#2249 = CYLINDRICAL_SURFACE('',#2250,0.85);
#2250 = AXIS2_PLACEMENT_3D('',#2251,#2252,#2253);
#2251 = CARTESIAN_POINT('',(62.38,-78.08,-4.6E-02));
#2252 = DIRECTION('',(-0.,0.,-1.));
#2253 = DIRECTION('',(8.35932630306E-15,-1.,-0.));
#2254 = ADVANCED_FACE('',(#2255),#2266,.F.);
#2255 = FACE_BOUND('',#2256,.T.);
#2256 = EDGE_LOOP('',(#2257,#2258,#2264,#2265));
#2257 = ORIENTED_EDGE('',*,*,#163,.T.);
#2258 = ORIENTED_EDGE('',*,*,#2259,.T.);
#2259 = EDGE_CURVE('',#164,#1208,#2260,.T.);
#2260 = LINE('',#2261,#2262);
#2261 = CARTESIAN_POINT('',(63.65,-76.29,-4.6E-02));
#2262 = VECTOR('',#2263,1.);
#2263 = DIRECTION('',(0.,0.,1.));
#2264 = ORIENTED_EDGE('',*,*,#1207,.F.);
#2265 = ORIENTED_EDGE('',*,*,#2259,.F.);
#2266 = CYLINDRICAL_SURFACE('',#2267,0.75);
#2267 = AXIS2_PLACEMENT_3D('',#2268,#2269,#2270);
#2268 = CARTESIAN_POINT('',(63.65,-75.54,-4.6E-02));
#2269 = DIRECTION('',(-0.,-0.,-1.));
#2270 = DIRECTION('',(-9.473903143468E-15,-1.,0.));
#2271 = ADVANCED_FACE('',(#2272),#2283,.F.);
#2272 = FACE_BOUND('',#2273,.T.);
#2273 = EDGE_LOOP('',(#2274,#2275,#2281,#2282));
#2274 = ORIENTED_EDGE('',*,*,#174,.T.);
#2275 = ORIENTED_EDGE('',*,*,#2276,.T.);
#2276 = EDGE_CURVE('',#175,#1219,#2277,.T.);
#2277 = LINE('',#2278,#2279);
#2278 = CARTESIAN_POINT('',(67.46,-80.08,-4.6E-02));
#2279 = VECTOR('',#2280,1.);
#2280 = DIRECTION('',(0.,0.,1.));
#2281 = ORIENTED_EDGE('',*,*,#1218,.F.);
#2282 = ORIENTED_EDGE('',*,*,#2276,.F.);
#2283 = CYLINDRICAL_SURFACE('',#2284,2.);
#2284 = AXIS2_PLACEMENT_3D('',#2285,#2286,#2287);
#2285 = CARTESIAN_POINT('',(67.46,-78.08,-4.6E-02));
#2286 = DIRECTION('',(-0.,-0.,-1.));
#2287 = DIRECTION('',(-0.,-1.,0.));
#2288 = ADVANCED_FACE('',(#2289),#2300,.F.);
#2289 = FACE_BOUND('',#2290,.T.);
#2290 = EDGE_LOOP('',(#2291,#2292,#2298,#2299));
#2291 = ORIENTED_EDGE('',*,*,#185,.T.);
#2292 = ORIENTED_EDGE('',*,*,#2293,.T.);
#2293 = EDGE_CURVE('',#186,#1230,#2294,.T.);
#2294 = LINE('',#2295,#2296);
#2295 = CARTESIAN_POINT('',(70.,-73.75,-4.6E-02));
#2296 = VECTOR('',#2297,1.);
#2297 = DIRECTION('',(0.,0.,1.));
#2298 = ORIENTED_EDGE('',*,*,#1229,.F.);
#2299 = ORIENTED_EDGE('',*,*,#2293,.F.);
#2300 = CYLINDRICAL_SURFACE('',#2301,0.75);
#2301 = AXIS2_PLACEMENT_3D('',#2302,#2303,#2304);
#2302 = CARTESIAN_POINT('',(70.,-73.,-4.6E-02));
#2303 = DIRECTION('',(-0.,-0.,-1.));
#2304 = DIRECTION('',(-0.,-1.,0.));
#2305 = ADVANCED_FACE('',(#2306),#2317,.F.);
#2306 = FACE_BOUND('',#2307,.T.);
#2307 = EDGE_LOOP('',(#2308,#2309,#2315,#2316));
#2308 = ORIENTED_EDGE('',*,*,#196,.T.);
#2309 = ORIENTED_EDGE('',*,*,#2310,.T.);
#2310 = EDGE_CURVE('',#197,#1241,#2311,.T.);
#2311 = LINE('',#2312,#2313);
#2312 = CARTESIAN_POINT('',(72.54,-78.93,-4.6E-02));
#2313 = VECTOR('',#2314,1.);
#2314 = DIRECTION('',(0.,0.,1.));
#2315 = ORIENTED_EDGE('',*,*,#1240,.F.);
#2316 = ORIENTED_EDGE('',*,*,#2310,.F.);
#2317 = CYLINDRICAL_SURFACE('',#2318,0.85);
#2318 = AXIS2_PLACEMENT_3D('',#2319,#2320,#2321);
#2319 = CARTESIAN_POINT('',(72.54,-78.08,-4.6E-02));
#2320 = DIRECTION('',(-0.,0.,-1.));
#2321 = DIRECTION('',(1.671865260612E-14,-1.,-0.));
#2322 = ADVANCED_FACE('',(#2323),#2334,.F.);
#2323 = FACE_BOUND('',#2324,.T.);
#2324 = EDGE_LOOP('',(#2325,#2326,#2332,#2333));
#2325 = ORIENTED_EDGE('',*,*,#207,.T.);
#2326 = ORIENTED_EDGE('',*,*,#2327,.T.);
#2327 = EDGE_CURVE('',#208,#1252,#2328,.T.);
#2328 = LINE('',#2329,#2330);
#2329 = CARTESIAN_POINT('',(81.38,-78.93,-4.6E-02));
#2330 = VECTOR('',#2331,1.);
#2331 = DIRECTION('',(0.,0.,1.));
#2332 = ORIENTED_EDGE('',*,*,#1251,.F.);
#2333 = ORIENTED_EDGE('',*,*,#2327,.F.);
#2334 = CYLINDRICAL_SURFACE('',#2335,0.85);
#2335 = AXIS2_PLACEMENT_3D('',#2336,#2337,#2338);
#2336 = CARTESIAN_POINT('',(81.38,-78.08,-4.6E-02));
#2337 = DIRECTION('',(-0.,-0.,-1.));
#2338 = DIRECTION('',(-0.,-1.,0.));
#2339 = ADVANCED_FACE('',(#2340),#2351,.F.);
#2340 = FACE_BOUND('',#2341,.T.);
#2341 = EDGE_LOOP('',(#2342,#2343,#2349,#2350));
#2342 = ORIENTED_EDGE('',*,*,#218,.T.);
#2343 = ORIENTED_EDGE('',*,*,#2344,.T.);
#2344 = EDGE_CURVE('',#219,#1263,#2345,.T.);
#2345 = LINE('',#2346,#2347);
#2346 = CARTESIAN_POINT('',(82.65,-76.29,-4.6E-02));
#2347 = VECTOR('',#2348,1.);
#2348 = DIRECTION('',(0.,0.,1.));
#2349 = ORIENTED_EDGE('',*,*,#1262,.F.);
#2350 = ORIENTED_EDGE('',*,*,#2344,.F.);
#2351 = CYLINDRICAL_SURFACE('',#2352,0.75);
#2352 = AXIS2_PLACEMENT_3D('',#2353,#2354,#2355);
#2353 = CARTESIAN_POINT('',(82.65,-75.54,-4.6E-02));
#2354 = DIRECTION('',(-0.,-0.,-1.));
#2355 = DIRECTION('',(-0.,-1.,0.));
#2356 = ADVANCED_FACE('',(#2357),#2368,.F.);
#2357 = FACE_BOUND('',#2358,.T.);
#2358 = EDGE_LOOP('',(#2359,#2360,#2366,#2367));
#2359 = ORIENTED_EDGE('',*,*,#229,.T.);
#2360 = ORIENTED_EDGE('',*,*,#2361,.T.);
#2361 = EDGE_CURVE('',#230,#1274,#2362,.T.);
#2362 = LINE('',#2363,#2364);
#2363 = CARTESIAN_POINT('',(62.38,-59.93,-4.6E-02));
#2364 = VECTOR('',#2365,1.);
#2365 = DIRECTION('',(0.,0.,1.));
#2366 = ORIENTED_EDGE('',*,*,#1273,.F.);
#2367 = ORIENTED_EDGE('',*,*,#2361,.F.);
#2368 = CYLINDRICAL_SURFACE('',#2369,0.85);
#2369 = AXIS2_PLACEMENT_3D('',#2370,#2371,#2372);
#2370 = CARTESIAN_POINT('',(62.38,-59.08,-4.6E-02));
#2371 = DIRECTION('',(-0.,0.,-1.));
#2372 = DIRECTION('',(8.35932630306E-15,-1.,-0.));
#2373 = ADVANCED_FACE('',(#2374),#2385,.F.);
#2374 = FACE_BOUND('',#2375,.T.);
#2375 = EDGE_LOOP('',(#2376,#2377,#2383,#2384));
#2376 = ORIENTED_EDGE('',*,*,#240,.T.);
#2377 = ORIENTED_EDGE('',*,*,#2378,.T.);
#2378 = EDGE_CURVE('',#241,#1285,#2379,.T.);
#2379 = LINE('',#2380,#2381);
#2380 = CARTESIAN_POINT('',(67.46,-61.08,-4.6E-02));
#2381 = VECTOR('',#2382,1.);
#2382 = DIRECTION('',(0.,0.,1.));
#2383 = ORIENTED_EDGE('',*,*,#1284,.F.);
#2384 = ORIENTED_EDGE('',*,*,#2378,.F.);
#2385 = CYLINDRICAL_SURFACE('',#2386,2.);
#2386 = AXIS2_PLACEMENT_3D('',#2387,#2388,#2389);
#2387 = CARTESIAN_POINT('',(67.46,-59.08,-4.6E-02));
#2388 = DIRECTION('',(-0.,-0.,-1.));
#2389 = DIRECTION('',(-0.,-1.,0.));
#2390 = ADVANCED_FACE('',(#2391),#2402,.F.);
#2391 = FACE_BOUND('',#2392,.T.);
#2392 = EDGE_LOOP('',(#2393,#2394,#2400,#2401));
#2393 = ORIENTED_EDGE('',*,*,#251,.T.);
#2394 = ORIENTED_EDGE('',*,*,#2395,.T.);
#2395 = EDGE_CURVE('',#252,#1296,#2396,.T.);
#2396 = LINE('',#2397,#2398);
#2397 = CARTESIAN_POINT('',(77.,-70.1,-4.6E-02));
#2398 = VECTOR('',#2399,1.);
#2399 = DIRECTION('',(0.,0.,1.));
#2400 = ORIENTED_EDGE('',*,*,#1295,.F.);
#2401 = ORIENTED_EDGE('',*,*,#2395,.F.);
#2402 = CYLINDRICAL_SURFACE('',#2403,1.6);
#2403 = AXIS2_PLACEMENT_3D('',#2404,#2405,#2406);
#2404 = CARTESIAN_POINT('',(77.,-68.5,-4.6E-02));
#2405 = DIRECTION('',(-0.,-0.,-1.));
#2406 = DIRECTION('',(-0.,-1.,0.));
#2407 = ADVANCED_FACE('',(#2408),#2419,.F.);
#2408 = FACE_BOUND('',#2409,.T.);
#2409 = EDGE_LOOP('',(#2410,#2411,#2417,#2418));
#2410 = ORIENTED_EDGE('',*,*,#262,.T.);
#2411 = ORIENTED_EDGE('',*,*,#2412,.T.);
#2412 = EDGE_CURVE('',#263,#1307,#2413,.T.);
#2413 = LINE('',#2414,#2415);
#2414 = CARTESIAN_POINT('',(72.54,-59.93,-4.6E-02));
#2415 = VECTOR('',#2416,1.);
#2416 = DIRECTION('',(0.,0.,1.));
#2417 = ORIENTED_EDGE('',*,*,#1306,.F.);
#2418 = ORIENTED_EDGE('',*,*,#2412,.F.);
#2419 = CYLINDRICAL_SURFACE('',#2420,0.85);
#2420 = AXIS2_PLACEMENT_3D('',#2421,#2422,#2423);
#2421 = CARTESIAN_POINT('',(72.54,-59.08,-4.6E-02));
#2422 = DIRECTION('',(-0.,0.,-1.));
#2423 = DIRECTION('',(1.671865260612E-14,-1.,-0.));
#2424 = ADVANCED_FACE('',(#2425),#2436,.F.);
#2425 = FACE_BOUND('',#2426,.T.);
#2426 = EDGE_LOOP('',(#2427,#2428,#2434,#2435));
#2427 = ORIENTED_EDGE('',*,*,#273,.T.);
#2428 = ORIENTED_EDGE('',*,*,#2429,.T.);
#2429 = EDGE_CURVE('',#274,#1318,#2430,.T.);
#2430 = LINE('',#2431,#2432);
#2431 = CARTESIAN_POINT('',(81.38,-59.93,-4.6E-02));
#2432 = VECTOR('',#2433,1.);
#2433 = DIRECTION('',(0.,0.,1.));
#2434 = ORIENTED_EDGE('',*,*,#1317,.F.);
#2435 = ORIENTED_EDGE('',*,*,#2429,.F.);
#2436 = CYLINDRICAL_SURFACE('',#2437,0.85);
#2437 = AXIS2_PLACEMENT_3D('',#2438,#2439,#2440);
#2438 = CARTESIAN_POINT('',(81.38,-59.08,-4.6E-02));
#2439 = DIRECTION('',(-0.,-0.,-1.));
#2440 = DIRECTION('',(-0.,-1.,0.));
#2441 = ADVANCED_FACE('',(#2442),#2453,.F.);
#2442 = FACE_BOUND('',#2443,.T.);
#2443 = EDGE_LOOP('',(#2444,#2445,#2451,#2452));
#2444 = ORIENTED_EDGE('',*,*,#284,.T.);
#2445 = ORIENTED_EDGE('',*,*,#2446,.T.);
#2446 = EDGE_CURVE('',#285,#1329,#2447,.T.);
#2447 = LINE('',#2448,#2449);
#2448 = CARTESIAN_POINT('',(86.46,-80.08,-4.6E-02));
#2449 = VECTOR('',#2450,1.);
#2450 = DIRECTION('',(0.,0.,1.));
#2451 = ORIENTED_EDGE('',*,*,#1328,.F.);
#2452 = ORIENTED_EDGE('',*,*,#2446,.F.);
#2453 = CYLINDRICAL_SURFACE('',#2454,2.);
#2454 = AXIS2_PLACEMENT_3D('',#2455,#2456,#2457);
#2455 = CARTESIAN_POINT('',(86.46,-78.08,-4.6E-02));
#2456 = DIRECTION('',(-0.,-0.,-1.));
#2457 = DIRECTION('',(-0.,-1.,0.));
#2458 = ADVANCED_FACE('',(#2459),#2470,.F.);
#2459 = FACE_BOUND('',#2460,.T.);
#2460 = EDGE_LOOP('',(#2461,#2462,#2468,#2469));
#2461 = ORIENTED_EDGE('',*,*,#295,.T.);
#2462 = ORIENTED_EDGE('',*,*,#2463,.T.);
#2463 = EDGE_CURVE('',#296,#1340,#2464,.T.);
#2464 = LINE('',#2465,#2466);
#2465 = CARTESIAN_POINT('',(91.54,-78.93,-4.6E-02));
#2466 = VECTOR('',#2467,1.);
#2467 = DIRECTION('',(0.,0.,1.));
#2468 = ORIENTED_EDGE('',*,*,#1339,.F.);
#2469 = ORIENTED_EDGE('',*,*,#2463,.F.);
#2470 = CYLINDRICAL_SURFACE('',#2471,0.85);
#2471 = AXIS2_PLACEMENT_3D('',#2472,#2473,#2474);
#2472 = CARTESIAN_POINT('',(91.54,-78.08,-4.6E-02));
#2473 = DIRECTION('',(-0.,0.,-1.));
#2474 = DIRECTION('',(1.671865260612E-14,-1.,-0.));
#2475 = ADVANCED_FACE('',(#2476),#2487,.F.);
#2476 = FACE_BOUND('',#2477,.T.);
#2477 = EDGE_LOOP('',(#2478,#2479,#2485,#2486));
#2478 = ORIENTED_EDGE('',*,*,#306,.T.);
#2479 = ORIENTED_EDGE('',*,*,#2480,.T.);
#2480 = EDGE_CURVE('',#307,#1351,#2481,.T.);
#2481 = LINE('',#2482,#2483);
#2482 = CARTESIAN_POINT('',(89.,-73.75,-4.6E-02));
#2483 = VECTOR('',#2484,1.);
#2484 = DIRECTION('',(0.,0.,1.));
#2485 = ORIENTED_EDGE('',*,*,#1350,.F.);
#2486 = ORIENTED_EDGE('',*,*,#2480,.F.);
#2487 = CYLINDRICAL_SURFACE('',#2488,0.75);
#2488 = AXIS2_PLACEMENT_3D('',#2489,#2490,#2491);
#2489 = CARTESIAN_POINT('',(89.,-73.,-4.6E-02));
#2490 = DIRECTION('',(-0.,-0.,-1.));
#2491 = DIRECTION('',(-0.,-1.,0.));
#2492 = ADVANCED_FACE('',(#2493),#2504,.F.);
#2493 = FACE_BOUND('',#2494,.T.);
#2494 = EDGE_LOOP('',(#2495,#2496,#2502,#2503));
#2495 = ORIENTED_EDGE('',*,*,#317,.T.);
#2496 = ORIENTED_EDGE('',*,*,#2497,.T.);
#2497 = EDGE_CURVE('',#318,#1362,#2498,.T.);
#2498 = LINE('',#2499,#2500);
#2499 = CARTESIAN_POINT('',(100.38,-78.93,-4.6E-02));
#2500 = VECTOR('',#2501,1.);
#2501 = DIRECTION('',(0.,0.,1.));
#2502 = ORIENTED_EDGE('',*,*,#1361,.F.);
#2503 = ORIENTED_EDGE('',*,*,#2497,.F.);
#2504 = CYLINDRICAL_SURFACE('',#2505,0.85);
#2505 = AXIS2_PLACEMENT_3D('',#2506,#2507,#2508);
#2506 = CARTESIAN_POINT('',(100.38,-78.08,-4.6E-02));
#2507 = DIRECTION('',(-0.,-0.,-1.));
#2508 = DIRECTION('',(-0.,-1.,0.));
#2509 = ADVANCED_FACE('',(#2510),#2521,.F.);
#2510 = FACE_BOUND('',#2511,.T.);
#2511 = EDGE_LOOP('',(#2512,#2513,#2519,#2520));
#2512 = ORIENTED_EDGE('',*,*,#328,.T.);
#2513 = ORIENTED_EDGE('',*,*,#2514,.T.);
#2514 = EDGE_CURVE('',#329,#1373,#2515,.T.);
#2515 = LINE('',#2516,#2517);
#2516 = CARTESIAN_POINT('',(105.46,-80.08,-4.6E-02));
#2517 = VECTOR('',#2518,1.);
#2518 = DIRECTION('',(0.,0.,1.));
#2519 = ORIENTED_EDGE('',*,*,#1372,.F.);
#2520 = ORIENTED_EDGE('',*,*,#2514,.F.);
#2521 = CYLINDRICAL_SURFACE('',#2522,2.);
#2522 = AXIS2_PLACEMENT_3D('',#2523,#2524,#2525);
#2523 = CARTESIAN_POINT('',(105.46,-78.08,-4.6E-02));
#2524 = DIRECTION('',(-0.,-0.,-1.));
#2525 = DIRECTION('',(-0.,-1.,0.));
#2526 = ADVANCED_FACE('',(#2527),#2538,.F.);
#2527 = FACE_BOUND('',#2528,.T.);
#2528 = EDGE_LOOP('',(#2529,#2530,#2536,#2537));
#2529 = ORIENTED_EDGE('',*,*,#339,.T.);
#2530 = ORIENTED_EDGE('',*,*,#2531,.T.);
#2531 = EDGE_CURVE('',#340,#1384,#2532,.T.);
#2532 = LINE('',#2533,#2534);
#2533 = CARTESIAN_POINT('',(101.65,-76.29,-4.6E-02));
#2534 = VECTOR('',#2535,1.);
#2535 = DIRECTION('',(0.,0.,1.));
#2536 = ORIENTED_EDGE('',*,*,#1383,.F.);
#2537 = ORIENTED_EDGE('',*,*,#2531,.F.);
#2538 = CYLINDRICAL_SURFACE('',#2539,0.75);
#2539 = AXIS2_PLACEMENT_3D('',#2540,#2541,#2542);
#2540 = CARTESIAN_POINT('',(101.65,-75.54,-4.6E-02));
#2541 = DIRECTION('',(-0.,-0.,-1.));
#2542 = DIRECTION('',(-0.,-1.,0.));
#2543 = ADVANCED_FACE('',(#2544),#2555,.F.);
#2544 = FACE_BOUND('',#2545,.T.);
#2545 = EDGE_LOOP('',(#2546,#2547,#2553,#2554));
#2546 = ORIENTED_EDGE('',*,*,#350,.T.);
#2547 = ORIENTED_EDGE('',*,*,#2548,.T.);
#2548 = EDGE_CURVE('',#351,#1395,#2549,.T.);
#2549 = LINE('',#2550,#2551);
#2550 = CARTESIAN_POINT('',(110.54,-78.93,-4.6E-02));
#2551 = VECTOR('',#2552,1.);
#2552 = DIRECTION('',(0.,0.,1.));
#2553 = ORIENTED_EDGE('',*,*,#1394,.F.);
#2554 = ORIENTED_EDGE('',*,*,#2548,.F.);
#2555 = CYLINDRICAL_SURFACE('',#2556,0.85);
#2556 = AXIS2_PLACEMENT_3D('',#2557,#2558,#2559);
#2557 = CARTESIAN_POINT('',(110.54,-78.08,-4.6E-02));
#2558 = DIRECTION('',(-0.,0.,-1.));
#2559 = DIRECTION('',(1.671865260612E-14,-1.,-0.));
#2560 = ADVANCED_FACE('',(#2561),#2572,.F.);
#2561 = FACE_BOUND('',#2562,.T.);
#2562 = EDGE_LOOP('',(#2563,#2564,#2570,#2571));
#2563 = ORIENTED_EDGE('',*,*,#361,.T.);
#2564 = ORIENTED_EDGE('',*,*,#2565,.T.);
#2565 = EDGE_CURVE('',#362,#1406,#2566,.T.);
#2566 = LINE('',#2567,#2568);
#2567 = CARTESIAN_POINT('',(108.,-73.75,-4.6E-02));
#2568 = VECTOR('',#2569,1.);
#2569 = DIRECTION('',(0.,0.,1.));
#2570 = ORIENTED_EDGE('',*,*,#1405,.F.);
#2571 = ORIENTED_EDGE('',*,*,#2565,.F.);
#2572 = CYLINDRICAL_SURFACE('',#2573,0.75);
#2573 = AXIS2_PLACEMENT_3D('',#2574,#2575,#2576);
#2574 = CARTESIAN_POINT('',(108.,-73.,-4.6E-02));
#2575 = DIRECTION('',(-0.,-0.,-1.));
#2576 = DIRECTION('',(-0.,-1.,0.));
#2577 = ADVANCED_FACE('',(#2578),#2589,.F.);
#2578 = FACE_BOUND('',#2579,.T.);
#2579 = EDGE_LOOP('',(#2580,#2581,#2587,#2588));
#2580 = ORIENTED_EDGE('',*,*,#372,.T.);
#2581 = ORIENTED_EDGE('',*,*,#2582,.T.);
#2582 = EDGE_CURVE('',#373,#1417,#2583,.T.);
#2583 = LINE('',#2584,#2585);
#2584 = CARTESIAN_POINT('',(86.46,-61.08,-4.6E-02));
#2585 = VECTOR('',#2586,1.);
#2586 = DIRECTION('',(0.,0.,1.));
#2587 = ORIENTED_EDGE('',*,*,#1416,.F.);
#2588 = ORIENTED_EDGE('',*,*,#2582,.F.);
#2589 = CYLINDRICAL_SURFACE('',#2590,2.);
#2590 = AXIS2_PLACEMENT_3D('',#2591,#2592,#2593);
#2591 = CARTESIAN_POINT('',(86.46,-59.08,-4.6E-02));
#2592 = DIRECTION('',(-0.,-0.,-1.));
#2593 = DIRECTION('',(-0.,-1.,0.));
#2594 = ADVANCED_FACE('',(#2595),#2606,.F.);
#2595 = FACE_BOUND('',#2596,.T.);
#2596 = EDGE_LOOP('',(#2597,#2598,#2604,#2605));
#2597 = ORIENTED_EDGE('',*,*,#383,.T.);
#2598 = ORIENTED_EDGE('',*,*,#2599,.T.);
#2599 = EDGE_CURVE('',#384,#1428,#2600,.T.);
#2600 = LINE('',#2601,#2602);
#2601 = CARTESIAN_POINT('',(91.54,-59.93,-4.6E-02));
#2602 = VECTOR('',#2603,1.);
#2603 = DIRECTION('',(0.,0.,1.));
#2604 = ORIENTED_EDGE('',*,*,#1427,.F.);
#2605 = ORIENTED_EDGE('',*,*,#2599,.F.);
#2606 = CYLINDRICAL_SURFACE('',#2607,0.85);
#2607 = AXIS2_PLACEMENT_3D('',#2608,#2609,#2610);
#2608 = CARTESIAN_POINT('',(91.54,-59.08,-4.6E-02));
#2609 = DIRECTION('',(-0.,0.,-1.));
#2610 = DIRECTION('',(1.671865260612E-14,-1.,-0.));
#2611 = ADVANCED_FACE('',(#2612),#2623,.F.);
#2612 = FACE_BOUND('',#2613,.T.);
#2613 = EDGE_LOOP('',(#2614,#2615,#2621,#2622));
#2614 = ORIENTED_EDGE('',*,*,#394,.T.);
#2615 = ORIENTED_EDGE('',*,*,#2616,.T.);
#2616 = EDGE_CURVE('',#395,#1439,#2617,.T.);
#2617 = LINE('',#2618,#2619);
#2618 = CARTESIAN_POINT('',(98.25,-62.,-4.6E-02));
#2619 = VECTOR('',#2620,1.);
#2620 = DIRECTION('',(0.,0.,1.));
#2621 = ORIENTED_EDGE('',*,*,#1438,.F.);
#2622 = ORIENTED_EDGE('',*,*,#2616,.F.);
#2623 = CYLINDRICAL_SURFACE('',#2624,0.5);
#2624 = AXIS2_PLACEMENT_3D('',#2625,#2626,#2627);
#2625 = CARTESIAN_POINT('',(98.25,-61.5,-4.6E-02));
#2626 = DIRECTION('',(-0.,-0.,-1.));
#2627 = DIRECTION('',(-0.,-1.,0.));
#2628 = ADVANCED_FACE('',(#2629),#2640,.F.);
#2629 = FACE_BOUND('',#2630,.T.);
#2630 = EDGE_LOOP('',(#2631,#2632,#2638,#2639));
#2631 = ORIENTED_EDGE('',*,*,#405,.T.);
#2632 = ORIENTED_EDGE('',*,*,#2633,.T.);
#2633 = EDGE_CURVE('',#406,#1450,#2634,.T.);
#2634 = LINE('',#2635,#2636);
#2635 = CARTESIAN_POINT('',(98.25,-59.5,-4.6E-02));
#2636 = VECTOR('',#2637,1.);
#2637 = DIRECTION('',(0.,0.,1.));
#2638 = ORIENTED_EDGE('',*,*,#1449,.F.);
#2639 = ORIENTED_EDGE('',*,*,#2633,.F.);
#2640 = CYLINDRICAL_SURFACE('',#2641,0.5);
#2641 = AXIS2_PLACEMENT_3D('',#2642,#2643,#2644);
#2642 = CARTESIAN_POINT('',(98.25,-59.,-4.6E-02));
#2643 = DIRECTION('',(-0.,-0.,-1.));
#2644 = DIRECTION('',(-0.,-1.,0.));
#2645 = ADVANCED_FACE('',(#2646),#2662,.F.);
#2646 = FACE_BOUND('',#2647,.T.);
#2647 = EDGE_LOOP('',(#2648,#2649,#2655,#2656));
#2648 = ORIENTED_EDGE('',*,*,#416,.T.);
#2649 = ORIENTED_EDGE('',*,*,#2650,.T.);
#2650 = EDGE_CURVE('',#419,#1463,#2651,.T.);
#2651 = LINE('',#2652,#2653);
#2652 = CARTESIAN_POINT('',(106.4,-65.35,-4.6E-02));
#2653 = VECTOR('',#2654,1.);
#2654 = DIRECTION('',(0.,0.,1.));
#2655 = ORIENTED_EDGE('',*,*,#1460,.F.);
#2656 = ORIENTED_EDGE('',*,*,#2657,.F.);
#2657 = EDGE_CURVE('',#417,#1461,#2658,.T.);
#2658 = LINE('',#2659,#2660);
#2659 = CARTESIAN_POINT('',(106.4,-63.85,-4.6E-02));
#2660 = VECTOR('',#2661,1.);
#2661 = DIRECTION('',(0.,0.,1.));
#2662 = CYLINDRICAL_SURFACE('',#2663,0.75);
#2663 = AXIS2_PLACEMENT_3D('',#2664,#2665,#2666);
#2664 = CARTESIAN_POINT('',(106.4,-64.6,-4.6E-02));
#2665 = DIRECTION('',(-0.,-0.,-1.));
#2666 = DIRECTION('',(-0.,-1.,0.));
#2667 = ADVANCED_FACE('',(#2668),#2679,.T.);
#2668 = FACE_BOUND('',#2669,.T.);
#2669 = EDGE_LOOP('',(#2670,#2671,#2672,#2673));
#2670 = ORIENTED_EDGE('',*,*,#444,.T.);
#2671 = ORIENTED_EDGE('',*,*,#2657,.T.);
#2672 = ORIENTED_EDGE('',*,*,#1488,.F.);
#2673 = ORIENTED_EDGE('',*,*,#2674,.F.);
#2674 = EDGE_CURVE('',#436,#1480,#2675,.T.);
#2675 = LINE('',#2676,#2677);
#2676 = CARTESIAN_POINT('',(105.1,-63.85,-4.6E-02));
#2677 = VECTOR('',#2678,1.);
#2678 = DIRECTION('',(0.,0.,1.));
#2679 = PLANE('',#2680);
#2680 = AXIS2_PLACEMENT_3D('',#2681,#2682,#2683);
#2681 = CARTESIAN_POINT('',(106.4,-63.85,-4.6E-02));
#2682 = DIRECTION('',(0.,-1.,0.));
#2683 = DIRECTION('',(-1.,0.,0.));
#2684 = ADVANCED_FACE('',(#2685),#2696,.F.);
#2685 = FACE_BOUND('',#2686,.T.);
#2686 = EDGE_LOOP('',(#2687,#2688,#2689,#2690));
#2687 = ORIENTED_EDGE('',*,*,#435,.T.);
#2688 = ORIENTED_EDGE('',*,*,#2674,.T.);
#2689 = ORIENTED_EDGE('',*,*,#1479,.F.);
#2690 = ORIENTED_EDGE('',*,*,#2691,.F.);
#2691 = EDGE_CURVE('',#428,#1472,#2692,.T.);
#2692 = LINE('',#2693,#2694);
#2693 = CARTESIAN_POINT('',(105.1,-65.35,-4.6E-02));
#2694 = VECTOR('',#2695,1.);
#2695 = DIRECTION('',(0.,0.,1.));
#2696 = CYLINDRICAL_SURFACE('',#2697,0.75);
#2697 = AXIS2_PLACEMENT_3D('',#2698,#2699,#2700);
#2698 = CARTESIAN_POINT('',(105.1,-64.6,-4.6E-02));
#2699 = DIRECTION('',(-0.,0.,-1.));
#2700 = DIRECTION('',(0.,1.,0.));
#2701 = ADVANCED_FACE('',(#2702),#2708,.T.);
#2702 = FACE_BOUND('',#2703,.T.);
#2703 = EDGE_LOOP('',(#2704,#2705,#2706,#2707));
#2704 = ORIENTED_EDGE('',*,*,#427,.T.);
#2705 = ORIENTED_EDGE('',*,*,#2691,.T.);
#2706 = ORIENTED_EDGE('',*,*,#1471,.F.);
#2707 = ORIENTED_EDGE('',*,*,#2650,.F.);
#2708 = PLANE('',#2709);
#2709 = AXIS2_PLACEMENT_3D('',#2710,#2711,#2712);
#2710 = CARTESIAN_POINT('',(105.1,-65.35,-4.6E-02));
#2711 = DIRECTION('',(0.,1.,0.));
#2712 = DIRECTION('',(1.,0.,0.));
#2713 = ADVANCED_FACE('',(#2714),#2725,.F.);
#2714 = FACE_BOUND('',#2715,.T.);
#2715 = EDGE_LOOP('',(#2716,#2717,#2723,#2724));
#2716 = ORIENTED_EDGE('',*,*,#452,.T.);
#2717 = ORIENTED_EDGE('',*,*,#2718,.T.);
#2718 = EDGE_CURVE('',#453,#1497,#2719,.T.);
#2719 = LINE('',#2720,#2721);
#2720 = CARTESIAN_POINT('',(112.75,-62.,-4.6E-02));
#2721 = VECTOR('',#2722,1.);
#2722 = DIRECTION('',(0.,0.,1.));
#2723 = ORIENTED_EDGE('',*,*,#1496,.F.);
#2724 = ORIENTED_EDGE('',*,*,#2718,.F.);
#2725 = CYLINDRICAL_SURFACE('',#2726,0.5);
#2726 = AXIS2_PLACEMENT_3D('',#2727,#2728,#2729);
#2727 = CARTESIAN_POINT('',(112.75,-61.5,-4.6E-02));
#2728 = DIRECTION('',(-0.,-0.,-1.));
#2729 = DIRECTION('',(-0.,-1.,0.));
#2730 = ADVANCED_FACE('',(#2731),#2742,.F.);
#2731 = FACE_BOUND('',#2732,.T.);
#2732 = EDGE_LOOP('',(#2733,#2734,#2740,#2741));
#2733 = ORIENTED_EDGE('',*,*,#463,.T.);
#2734 = ORIENTED_EDGE('',*,*,#2735,.T.);
#2735 = EDGE_CURVE('',#464,#1508,#2736,.T.);
#2736 = LINE('',#2737,#2738);
#2737 = CARTESIAN_POINT('',(63.65,-57.29,-4.6E-02));
#2738 = VECTOR('',#2739,1.);
#2739 = DIRECTION('',(0.,0.,1.));
#2740 = ORIENTED_EDGE('',*,*,#1507,.F.);
#2741 = ORIENTED_EDGE('',*,*,#2735,.F.);
#2742 = CYLINDRICAL_SURFACE('',#2743,0.75);
#2743 = AXIS2_PLACEMENT_3D('',#2744,#2745,#2746);
#2744 = CARTESIAN_POINT('',(63.65,-56.54,-4.6E-02));
#2745 = DIRECTION('',(-0.,-0.,-1.));
#2746 = DIRECTION('',(-9.473903143468E-15,-1.,0.));
#2747 = ADVANCED_FACE('',(#2748),#2759,.F.);
#2748 = FACE_BOUND('',#2749,.T.);
#2749 = EDGE_LOOP('',(#2750,#2751,#2757,#2758));
#2750 = ORIENTED_EDGE('',*,*,#474,.T.);
#2751 = ORIENTED_EDGE('',*,*,#2752,.T.);
#2752 = EDGE_CURVE('',#475,#1519,#2753,.T.);
#2753 = LINE('',#2754,#2755);
#2754 = CARTESIAN_POINT('',(70.,-54.75,-4.6E-02));
#2755 = VECTOR('',#2756,1.);
#2756 = DIRECTION('',(0.,0.,1.));
#2757 = ORIENTED_EDGE('',*,*,#1518,.F.);
#2758 = ORIENTED_EDGE('',*,*,#2752,.F.);
#2759 = CYLINDRICAL_SURFACE('',#2760,0.75);
#2760 = AXIS2_PLACEMENT_3D('',#2761,#2762,#2763);
#2761 = CARTESIAN_POINT('',(70.,-54.,-4.6E-02));
#2762 = DIRECTION('',(-0.,-0.,-1.));
#2763 = DIRECTION('',(-0.,-1.,0.));
#2764 = ADVANCED_FACE('',(#2765),#2776,.F.);
#2765 = FACE_BOUND('',#2766,.T.);
#2766 = EDGE_LOOP('',(#2767,#2768,#2774,#2775));
#2767 = ORIENTED_EDGE('',*,*,#485,.T.);
#2768 = ORIENTED_EDGE('',*,*,#2769,.T.);
#2769 = EDGE_CURVE('',#486,#1530,#2770,.T.);
#2770 = LINE('',#2771,#2772);
#2771 = CARTESIAN_POINT('',(67.,-47.9,-4.6E-02));
#2772 = VECTOR('',#2773,1.);
#2773 = DIRECTION('',(0.,0.,1.));
#2774 = ORIENTED_EDGE('',*,*,#1529,.F.);
#2775 = ORIENTED_EDGE('',*,*,#2769,.F.);
#2776 = CYLINDRICAL_SURFACE('',#2777,0.4);
#2777 = AXIS2_PLACEMENT_3D('',#2778,#2779,#2780);
#2778 = CARTESIAN_POINT('',(67.,-47.5,-4.6E-02));
#2779 = DIRECTION('',(-0.,-0.,-1.));
#2780 = DIRECTION('',(-0.,-1.,0.));
#2781 = ADVANCED_FACE('',(#2782),#2793,.F.);
#2782 = FACE_BOUND('',#2783,.T.);
#2783 = EDGE_LOOP('',(#2784,#2785,#2791,#2792));
#2784 = ORIENTED_EDGE('',*,*,#496,.T.);
#2785 = ORIENTED_EDGE('',*,*,#2786,.T.);
#2786 = EDGE_CURVE('',#497,#1541,#2787,.T.);
#2787 = LINE('',#2788,#2789);
#2788 = CARTESIAN_POINT('',(69.5,-47.9,-4.6E-02));
#2789 = VECTOR('',#2790,1.);
#2790 = DIRECTION('',(0.,0.,1.));
#2791 = ORIENTED_EDGE('',*,*,#1540,.F.);
#2792 = ORIENTED_EDGE('',*,*,#2786,.F.);
#2793 = CYLINDRICAL_SURFACE('',#2794,0.4);
#2794 = AXIS2_PLACEMENT_3D('',#2795,#2796,#2797);
#2795 = CARTESIAN_POINT('',(69.5,-47.5,-4.6E-02));
#2796 = DIRECTION('',(-0.,-0.,-1.));
#2797 = DIRECTION('',(-0.,-1.,0.));
#2798 = ADVANCED_FACE('',(#2799),#2810,.F.);
#2799 = FACE_BOUND('',#2800,.T.);
#2800 = EDGE_LOOP('',(#2801,#2802,#2808,#2809));
#2801 = ORIENTED_EDGE('',*,*,#507,.T.);
#2802 = ORIENTED_EDGE('',*,*,#2803,.T.);
#2803 = EDGE_CURVE('',#508,#1552,#2804,.T.);
#2804 = LINE('',#2805,#2806);
#2805 = CARTESIAN_POINT('',(72.,-47.9,-4.6E-02));
#2806 = VECTOR('',#2807,1.);
#2807 = DIRECTION('',(0.,0.,1.));
#2808 = ORIENTED_EDGE('',*,*,#1551,.F.);
#2809 = ORIENTED_EDGE('',*,*,#2803,.F.);
#2810 = CYLINDRICAL_SURFACE('',#2811,0.4);
#2811 = AXIS2_PLACEMENT_3D('',#2812,#2813,#2814);
#2812 = CARTESIAN_POINT('',(72.,-47.5,-4.6E-02));
#2813 = DIRECTION('',(-0.,-0.,-1.));
#2814 = DIRECTION('',(-0.,-1.,0.));
#2815 = ADVANCED_FACE('',(#2816),#2827,.F.);
#2816 = FACE_BOUND('',#2817,.T.);
#2817 = EDGE_LOOP('',(#2818,#2819,#2825,#2826));
#2818 = ORIENTED_EDGE('',*,*,#518,.T.);
#2819 = ORIENTED_EDGE('',*,*,#2820,.T.);
#2820 = EDGE_CURVE('',#519,#1563,#2821,.T.);
#2821 = LINE('',#2822,#2823);
#2822 = CARTESIAN_POINT('',(82.65,-57.29,-4.6E-02));
#2823 = VECTOR('',#2824,1.);
#2824 = DIRECTION('',(0.,0.,1.));
#2825 = ORIENTED_EDGE('',*,*,#1562,.F.);
#2826 = ORIENTED_EDGE('',*,*,#2820,.F.);
#2827 = CYLINDRICAL_SURFACE('',#2828,0.75);
#2828 = AXIS2_PLACEMENT_3D('',#2829,#2830,#2831);
#2829 = CARTESIAN_POINT('',(82.65,-56.54,-4.6E-02));
#2830 = DIRECTION('',(-0.,-0.,-1.));
#2831 = DIRECTION('',(-0.,-1.,0.));
#2832 = ADVANCED_FACE('',(#2833),#2844,.F.);
#2833 = FACE_BOUND('',#2834,.T.);
#2834 = EDGE_LOOP('',(#2835,#2836,#2842,#2843));
#2835 = ORIENTED_EDGE('',*,*,#529,.T.);
#2836 = ORIENTED_EDGE('',*,*,#2837,.T.);
#2837 = EDGE_CURVE('',#530,#1574,#2838,.T.);
#2838 = LINE('',#2839,#2840);
#2839 = CARTESIAN_POINT('',(78.7645,-51.832015,-4.6E-02));
#2840 = VECTOR('',#2841,1.);
#2841 = DIRECTION('',(0.,0.,1.));
#2842 = ORIENTED_EDGE('',*,*,#1573,.F.);
#2843 = ORIENTED_EDGE('',*,*,#2837,.F.);
#2844 = CYLINDRICAL_SURFACE('',#2845,0.5);
#2845 = AXIS2_PLACEMENT_3D('',#2846,#2847,#2848);
#2846 = CARTESIAN_POINT('',(78.7645,-51.332015,-4.6E-02));
#2847 = DIRECTION('',(-0.,-0.,-1.));
#2848 = DIRECTION('',(-0.,-1.,0.));
#2849 = ADVANCED_FACE('',(#2850),#2861,.F.);
#2850 = FACE_BOUND('',#2851,.T.);
#2851 = EDGE_LOOP('',(#2852,#2853,#2859,#2860));
#2852 = ORIENTED_EDGE('',*,*,#540,.T.);
#2853 = ORIENTED_EDGE('',*,*,#2854,.T.);
#2854 = EDGE_CURVE('',#541,#1585,#2855,.T.);
#2855 = LINE('',#2856,#2857);
#2856 = CARTESIAN_POINT('',(78.7645,-49.292015,-4.6E-02));
#2857 = VECTOR('',#2858,1.);
#2858 = DIRECTION('',(0.,0.,1.));
#2859 = ORIENTED_EDGE('',*,*,#1584,.F.);
#2860 = ORIENTED_EDGE('',*,*,#2854,.F.);
#2861 = CYLINDRICAL_SURFACE('',#2862,0.5);
#2862 = AXIS2_PLACEMENT_3D('',#2863,#2864,#2865);
#2863 = CARTESIAN_POINT('',(78.7645,-48.792015,-4.6E-02));
#2864 = DIRECTION('',(-0.,-0.,-1.));
#2865 = DIRECTION('',(-0.,-1.,0.));
#2866 = ADVANCED_FACE('',(#2867),#2878,.F.);
#2867 = FACE_BOUND('',#2868,.T.);
#2868 = EDGE_LOOP('',(#2869,#2870,#2876,#2877));
#2869 = ORIENTED_EDGE('',*,*,#551,.T.);
#2870 = ORIENTED_EDGE('',*,*,#2871,.T.);
#2871 = EDGE_CURVE('',#552,#1596,#2872,.T.);
#2872 = LINE('',#2873,#2874);
#2873 = CARTESIAN_POINT('',(59.,-46.5,-4.6E-02));
#2874 = VECTOR('',#2875,1.);
#2875 = DIRECTION('',(0.,0.,1.));
#2876 = ORIENTED_EDGE('',*,*,#1595,.F.);
#2877 = ORIENTED_EDGE('',*,*,#2871,.F.);
#2878 = CYLINDRICAL_SURFACE('',#2879,0.5);
#2879 = AXIS2_PLACEMENT_3D('',#2880,#2881,#2882);
#2880 = CARTESIAN_POINT('',(59.,-46.,-4.6E-02));
#2881 = DIRECTION('',(-0.,-0.,-1.));
#2882 = DIRECTION('',(-0.,-1.,0.));
#2883 = ADVANCED_FACE('',(#2884),#2895,.F.);
#2884 = FACE_BOUND('',#2885,.T.);
#2885 = EDGE_LOOP('',(#2886,#2887,#2893,#2894));
#2886 = ORIENTED_EDGE('',*,*,#562,.T.);
#2887 = ORIENTED_EDGE('',*,*,#2888,.T.);
#2888 = EDGE_CURVE('',#563,#1607,#2889,.T.);
#2889 = LINE('',#2890,#2891);
#2890 = CARTESIAN_POINT('',(59.,-43.96,-4.6E-02));
#2891 = VECTOR('',#2892,1.);
#2892 = DIRECTION('',(0.,0.,1.));
#2893 = ORIENTED_EDGE('',*,*,#1606,.F.);
#2894 = ORIENTED_EDGE('',*,*,#2888,.F.);
#2895 = CYLINDRICAL_SURFACE('',#2896,0.5);
#2896 = AXIS2_PLACEMENT_3D('',#2897,#2898,#2899);
#2897 = CARTESIAN_POINT('',(59.,-43.46,-4.6E-02));
#2898 = DIRECTION('',(-0.,-0.,-1.));
#2899 = DIRECTION('',(-0.,-1.,0.));
#2900 = ADVANCED_FACE('',(#2901),#2912,.F.);
#2901 = FACE_BOUND('',#2902,.T.);
#2902 = EDGE_LOOP('',(#2903,#2904,#2910,#2911));
#2903 = ORIENTED_EDGE('',*,*,#573,.T.);
#2904 = ORIENTED_EDGE('',*,*,#2905,.T.);
#2905 = EDGE_CURVE('',#574,#1618,#2906,.T.);
#2906 = LINE('',#2907,#2908);
#2907 = CARTESIAN_POINT('',(59.,-41.42,-4.6E-02));
#2908 = VECTOR('',#2909,1.);
#2909 = DIRECTION('',(0.,0.,1.));
#2910 = ORIENTED_EDGE('',*,*,#1617,.F.);
#2911 = ORIENTED_EDGE('',*,*,#2905,.F.);
#2912 = CYLINDRICAL_SURFACE('',#2913,0.5);
#2913 = AXIS2_PLACEMENT_3D('',#2914,#2915,#2916);
#2914 = CARTESIAN_POINT('',(59.,-40.92,-4.6E-02));
#2915 = DIRECTION('',(-0.,-0.,-1.));
#2916 = DIRECTION('',(-0.,-1.,0.));
#2917 = ADVANCED_FACE('',(#2918),#2929,.F.);
#2918 = FACE_BOUND('',#2919,.T.);
#2919 = EDGE_LOOP('',(#2920,#2921,#2927,#2928));
#2920 = ORIENTED_EDGE('',*,*,#584,.T.);
#2921 = ORIENTED_EDGE('',*,*,#2922,.T.);
#2922 = EDGE_CURVE('',#585,#1629,#2923,.T.);
#2923 = LINE('',#2924,#2925);
#2924 = CARTESIAN_POINT('',(59.,-38.88,-4.6E-02));
#2925 = VECTOR('',#2926,1.);
#2926 = DIRECTION('',(0.,0.,1.));
#2927 = ORIENTED_EDGE('',*,*,#1628,.F.);
#2928 = ORIENTED_EDGE('',*,*,#2922,.F.);
#2929 = CYLINDRICAL_SURFACE('',#2930,0.5);
#2930 = AXIS2_PLACEMENT_3D('',#2931,#2932,#2933);
#2931 = CARTESIAN_POINT('',(59.,-38.38,-4.6E-02));
#2932 = DIRECTION('',(-0.,-0.,-1.));
#2933 = DIRECTION('',(-0.,-1.,0.));
#2934 = ADVANCED_FACE('',(#2935),#2946,.F.);
#2935 = FACE_BOUND('',#2936,.T.);
#2936 = EDGE_LOOP('',(#2937,#2938,#2944,#2945));
#2937 = ORIENTED_EDGE('',*,*,#595,.T.);
#2938 = ORIENTED_EDGE('',*,*,#2939,.T.);
#2939 = EDGE_CURVE('',#596,#1640,#2940,.T.);
#2940 = LINE('',#2941,#2942);
#2941 = CARTESIAN_POINT('',(67.,-40.28,-4.6E-02));
#2942 = VECTOR('',#2943,1.);
#2943 = DIRECTION('',(0.,0.,1.));
#2944 = ORIENTED_EDGE('',*,*,#1639,.F.);
#2945 = ORIENTED_EDGE('',*,*,#2939,.F.);
#2946 = CYLINDRICAL_SURFACE('',#2947,0.4);
#2947 = AXIS2_PLACEMENT_3D('',#2948,#2949,#2950);
#2948 = CARTESIAN_POINT('',(67.,-39.88,-4.6E-02));
#2949 = DIRECTION('',(-0.,-0.,-1.));
#2950 = DIRECTION('',(-0.,-1.,0.));
#2951 = ADVANCED_FACE('',(#2952),#2963,.F.);
#2952 = FACE_BOUND('',#2953,.T.);
#2953 = EDGE_LOOP('',(#2954,#2955,#2961,#2962));
#2954 = ORIENTED_EDGE('',*,*,#606,.T.);
#2955 = ORIENTED_EDGE('',*,*,#2956,.T.);
#2956 = EDGE_CURVE('',#607,#1651,#2957,.T.);
#2957 = LINE('',#2958,#2959);
#2958 = CARTESIAN_POINT('',(69.5,-40.28,-4.6E-02));
#2959 = VECTOR('',#2960,1.);
#2960 = DIRECTION('',(0.,0.,1.));
#2961 = ORIENTED_EDGE('',*,*,#1650,.F.);
#2962 = ORIENTED_EDGE('',*,*,#2956,.F.);
#2963 = CYLINDRICAL_SURFACE('',#2964,0.4);
#2964 = AXIS2_PLACEMENT_3D('',#2965,#2966,#2967);
#2965 = CARTESIAN_POINT('',(69.5,-39.88,-4.6E-02));
#2966 = DIRECTION('',(-0.,-0.,-1.));
#2967 = DIRECTION('',(-0.,-1.,0.));
#2968 = ADVANCED_FACE('',(#2969),#2980,.F.);
#2969 = FACE_BOUND('',#2970,.T.);
#2970 = EDGE_LOOP('',(#2971,#2972,#2978,#2979));
#2971 = ORIENTED_EDGE('',*,*,#617,.T.);
#2972 = ORIENTED_EDGE('',*,*,#2973,.T.);
#2973 = EDGE_CURVE('',#618,#1662,#2974,.T.);
#2974 = LINE('',#2975,#2976);
#2975 = CARTESIAN_POINT('',(72.,-40.28,-4.6E-02));
#2976 = VECTOR('',#2977,1.);
#2977 = DIRECTION('',(0.,0.,1.));
#2978 = ORIENTED_EDGE('',*,*,#1661,.F.);
#2979 = ORIENTED_EDGE('',*,*,#2973,.F.);
#2980 = CYLINDRICAL_SURFACE('',#2981,0.4);
#2981 = AXIS2_PLACEMENT_3D('',#2982,#2983,#2984);
#2982 = CARTESIAN_POINT('',(72.,-39.88,-4.6E-02));
#2983 = DIRECTION('',(-0.,-0.,-1.));
#2984 = DIRECTION('',(-0.,-1.,0.));
#2985 = ADVANCED_FACE('',(#2986),#2997,.F.);
#2986 = FACE_BOUND('',#2987,.T.);
#2987 = EDGE_LOOP('',(#2988,#2989,#2995,#2996));
#2988 = ORIENTED_EDGE('',*,*,#628,.T.);
#2989 = ORIENTED_EDGE('',*,*,#2990,.T.);
#2990 = EDGE_CURVE('',#629,#1673,#2991,.T.);
#2991 = LINE('',#2992,#2993);
#2992 = CARTESIAN_POINT('',(78.7645,-46.752015,-4.6E-02));
#2993 = VECTOR('',#2994,1.);
#2994 = DIRECTION('',(0.,0.,1.));
#2995 = ORIENTED_EDGE('',*,*,#1672,.F.);
#2996 = ORIENTED_EDGE('',*,*,#2990,.F.);
#2997 = CYLINDRICAL_SURFACE('',#2998,0.5);
#2998 = AXIS2_PLACEMENT_3D('',#2999,#3000,#3001);
#2999 = CARTESIAN_POINT('',(78.7645,-46.252015,-4.6E-02));
#3000 = DIRECTION('',(-0.,-0.,-1.));
#3001 = DIRECTION('',(-0.,-1.,0.));
#3002 = ADVANCED_FACE('',(#3003),#3014,.F.);
#3003 = FACE_BOUND('',#3004,.T.);
#3004 = EDGE_LOOP('',(#3005,#3006,#3012,#3013));
#3005 = ORIENTED_EDGE('',*,*,#639,.T.);
#3006 = ORIENTED_EDGE('',*,*,#3007,.T.);
#3007 = EDGE_CURVE('',#640,#1684,#3008,.T.);
#3008 = LINE('',#3009,#3010);
#3009 = CARTESIAN_POINT('',(78.7645,-44.212015,-4.6E-02));
#3010 = VECTOR('',#3011,1.);
#3011 = DIRECTION('',(0.,0.,1.));
#3012 = ORIENTED_EDGE('',*,*,#1683,.F.);
#3013 = ORIENTED_EDGE('',*,*,#3007,.F.);
#3014 = CYLINDRICAL_SURFACE('',#3015,0.5);
#3015 = AXIS2_PLACEMENT_3D('',#3016,#3017,#3018);
#3016 = CARTESIAN_POINT('',(78.7645,-43.712015,-4.6E-02));
#3017 = DIRECTION('',(-0.,-0.,-1.));
#3018 = DIRECTION('',(-0.,-1.,0.));
#3019 = ADVANCED_FACE('',(#3020),#3031,.F.);
#3020 = FACE_BOUND('',#3021,.T.);
#3021 = EDGE_LOOP('',(#3022,#3023,#3029,#3030));
#3022 = ORIENTED_EDGE('',*,*,#650,.T.);
#3023 = ORIENTED_EDGE('',*,*,#3024,.T.);
#3024 = EDGE_CURVE('',#651,#1695,#3025,.T.);
#3025 = LINE('',#3026,#3027);
#3026 = CARTESIAN_POINT('',(78.7645,-41.672015,-4.6E-02));
#3027 = VECTOR('',#3028,1.);
#3028 = DIRECTION('',(0.,0.,1.));
#3029 = ORIENTED_EDGE('',*,*,#1694,.F.);
#3030 = ORIENTED_EDGE('',*,*,#3024,.F.);
#3031 = CYLINDRICAL_SURFACE('',#3032,0.5);
#3032 = AXIS2_PLACEMENT_3D('',#3033,#3034,#3035);
#3033 = CARTESIAN_POINT('',(78.7645,-41.172015,-4.6E-02));
#3034 = DIRECTION('',(-0.,-0.,-1.));
#3035 = DIRECTION('',(-0.,-1.,0.));
#3036 = ADVANCED_FACE('',(#3037),#3048,.F.);
#3037 = FACE_BOUND('',#3038,.T.);
#3038 = EDGE_LOOP('',(#3039,#3040,#3046,#3047));
#3039 = ORIENTED_EDGE('',*,*,#661,.T.);
#3040 = ORIENTED_EDGE('',*,*,#3041,.T.);
#3041 = EDGE_CURVE('',#662,#1706,#3042,.T.);
#3042 = LINE('',#3043,#3044);
#3043 = CARTESIAN_POINT('',(78.7645,-39.132015,-4.6E-02));
#3044 = VECTOR('',#3045,1.);
#3045 = DIRECTION('',(0.,0.,1.));
#3046 = ORIENTED_EDGE('',*,*,#1705,.F.);
#3047 = ORIENTED_EDGE('',*,*,#3041,.F.);
#3048 = CYLINDRICAL_SURFACE('',#3049,0.5);
#3049 = AXIS2_PLACEMENT_3D('',#3050,#3051,#3052);
#3050 = CARTESIAN_POINT('',(78.7645,-38.632015,-4.6E-02));
#3051 = DIRECTION('',(-0.,-0.,-1.));
#3052 = DIRECTION('',(-0.,-1.,0.));
#3053 = ADVANCED_FACE('',(#3054),#3065,.F.);
#3054 = FACE_BOUND('',#3055,.T.);
#3055 = EDGE_LOOP('',(#3056,#3057,#3063,#3064));
#3056 = ORIENTED_EDGE('',*,*,#672,.T.);
#3057 = ORIENTED_EDGE('',*,*,#3058,.T.);
#3058 = EDGE_CURVE('',#673,#1717,#3059,.T.);
#3059 = LINE('',#3060,#3061);
#3060 = CARTESIAN_POINT('',(78.7645,-36.592015,-4.6E-02));
#3061 = VECTOR('',#3062,1.);
#3062 = DIRECTION('',(0.,0.,1.));
#3063 = ORIENTED_EDGE('',*,*,#1716,.F.);
#3064 = ORIENTED_EDGE('',*,*,#3058,.F.);
#3065 = CYLINDRICAL_SURFACE('',#3066,0.5);
#3066 = AXIS2_PLACEMENT_3D('',#3067,#3068,#3069);
#3067 = CARTESIAN_POINT('',(78.7645,-36.092015,-4.6E-02));
#3068 = DIRECTION('',(-0.,-0.,-1.));
#3069 = DIRECTION('',(-0.,-1.,0.));
#3070 = ADVANCED_FACE('',(#3071),#3082,.F.);
#3071 = FACE_BOUND('',#3072,.T.);
#3072 = EDGE_LOOP('',(#3073,#3074,#3080,#3081));
#3073 = ORIENTED_EDGE('',*,*,#683,.T.);
#3074 = ORIENTED_EDGE('',*,*,#3075,.T.);
#3075 = EDGE_CURVE('',#684,#1728,#3076,.T.);
#3076 = LINE('',#3077,#3078);
#3077 = CARTESIAN_POINT('',(89.,-54.75,-4.6E-02));
#3078 = VECTOR('',#3079,1.);
#3079 = DIRECTION('',(0.,0.,1.));
#3080 = ORIENTED_EDGE('',*,*,#1727,.F.);
#3081 = ORIENTED_EDGE('',*,*,#3075,.F.);
#3082 = CYLINDRICAL_SURFACE('',#3083,0.75);
#3083 = AXIS2_PLACEMENT_3D('',#3084,#3085,#3086);
#3084 = CARTESIAN_POINT('',(89.,-54.,-4.6E-02));
#3085 = DIRECTION('',(-0.,-0.,-1.));
#3086 = DIRECTION('',(-0.,-1.,0.));
#3087 = ADVANCED_FACE('',(#3088),#3099,.F.);
#3088 = FACE_BOUND('',#3089,.T.);
#3089 = EDGE_LOOP('',(#3090,#3091,#3097,#3098));
#3090 = ORIENTED_EDGE('',*,*,#694,.T.);
#3091 = ORIENTED_EDGE('',*,*,#3092,.T.);
#3092 = EDGE_CURVE('',#695,#1739,#3093,.T.);
#3093 = LINE('',#3094,#3095);
#3094 = CARTESIAN_POINT('',(98.25,-57.,-4.6E-02));
#3095 = VECTOR('',#3096,1.);
#3096 = DIRECTION('',(0.,0.,1.));
#3097 = ORIENTED_EDGE('',*,*,#1738,.F.);
#3098 = ORIENTED_EDGE('',*,*,#3092,.F.);
#3099 = CYLINDRICAL_SURFACE('',#3100,0.5);
#3100 = AXIS2_PLACEMENT_3D('',#3101,#3102,#3103);
#3101 = CARTESIAN_POINT('',(98.25,-56.5,-4.6E-02));
#3102 = DIRECTION('',(-0.,-0.,-1.));
#3103 = DIRECTION('',(-0.,-1.,0.));
#3104 = ADVANCED_FACE('',(#3105),#3116,.F.);
#3105 = FACE_BOUND('',#3106,.T.);
#3106 = EDGE_LOOP('',(#3107,#3108,#3114,#3115));
#3107 = ORIENTED_EDGE('',*,*,#705,.T.);
#3108 = ORIENTED_EDGE('',*,*,#3109,.T.);
#3109 = EDGE_CURVE('',#706,#1750,#3110,.T.);
#3110 = LINE('',#3111,#3112);
#3111 = CARTESIAN_POINT('',(94.0145,-51.832015,-4.6E-02));
#3112 = VECTOR('',#3113,1.);
#3113 = DIRECTION('',(0.,0.,1.));
#3114 = ORIENTED_EDGE('',*,*,#1749,.F.);
#3115 = ORIENTED_EDGE('',*,*,#3109,.F.);
#3116 = CYLINDRICAL_SURFACE('',#3117,0.5);
#3117 = AXIS2_PLACEMENT_3D('',#3118,#3119,#3120);
#3118 = CARTESIAN_POINT('',(94.0145,-51.332015,-4.6E-02));
#3119 = DIRECTION('',(-0.,-0.,-1.));
#3120 = DIRECTION('',(-0.,-1.,0.));
#3121 = ADVANCED_FACE('',(#3122),#3133,.F.);
#3122 = FACE_BOUND('',#3123,.T.);
#3123 = EDGE_LOOP('',(#3124,#3125,#3131,#3132));
#3124 = ORIENTED_EDGE('',*,*,#716,.T.);
#3125 = ORIENTED_EDGE('',*,*,#3126,.T.);
#3126 = EDGE_CURVE('',#717,#1761,#3127,.T.);
#3127 = LINE('',#3128,#3129);
#3128 = CARTESIAN_POINT('',(94.0145,-49.292015,-4.6E-02));
#3129 = VECTOR('',#3130,1.);
#3130 = DIRECTION('',(0.,0.,1.));
#3131 = ORIENTED_EDGE('',*,*,#1760,.F.);
#3132 = ORIENTED_EDGE('',*,*,#3126,.F.);
#3133 = CYLINDRICAL_SURFACE('',#3134,0.5);
#3134 = AXIS2_PLACEMENT_3D('',#3135,#3136,#3137);
#3135 = CARTESIAN_POINT('',(94.0145,-48.792015,-4.6E-02));
#3136 = DIRECTION('',(-0.,-0.,-1.));
#3137 = DIRECTION('',(-0.,-1.,0.));
#3138 = ADVANCED_FACE('',(#3139),#3155,.F.);
#3139 = FACE_BOUND('',#3140,.T.);
#3140 = EDGE_LOOP('',(#3141,#3142,#3148,#3149));
#3141 = ORIENTED_EDGE('',*,*,#727,.T.);
#3142 = ORIENTED_EDGE('',*,*,#3143,.T.);
#3143 = EDGE_CURVE('',#730,#1774,#3144,.T.);
#3144 = LINE('',#3145,#3146);
#3145 = CARTESIAN_POINT('',(106.4,-54.15,-4.6E-02));
#3146 = VECTOR('',#3147,1.);
#3147 = DIRECTION('',(0.,0.,1.));
#3148 = ORIENTED_EDGE('',*,*,#1771,.F.);
#3149 = ORIENTED_EDGE('',*,*,#3150,.F.);
#3150 = EDGE_CURVE('',#728,#1772,#3151,.T.);
#3151 = LINE('',#3152,#3153);
#3152 = CARTESIAN_POINT('',(106.4,-52.65,-4.6E-02));
#3153 = VECTOR('',#3154,1.);
#3154 = DIRECTION('',(0.,0.,1.));
#3155 = CYLINDRICAL_SURFACE('',#3156,0.75);
#3156 = AXIS2_PLACEMENT_3D('',#3157,#3158,#3159);
#3157 = CARTESIAN_POINT('',(106.4,-53.4,-4.6E-02));
#3158 = DIRECTION('',(-0.,-0.,-1.));
#3159 = DIRECTION('',(-0.,-1.,0.));
#3160 = ADVANCED_FACE('',(#3161),#3172,.T.);
#3161 = FACE_BOUND('',#3162,.T.);
#3162 = EDGE_LOOP('',(#3163,#3164,#3165,#3166));
#3163 = ORIENTED_EDGE('',*,*,#755,.T.);
#3164 = ORIENTED_EDGE('',*,*,#3150,.T.);
#3165 = ORIENTED_EDGE('',*,*,#1799,.F.);
#3166 = ORIENTED_EDGE('',*,*,#3167,.F.);
#3167 = EDGE_CURVE('',#747,#1791,#3168,.T.);
#3168 = LINE('',#3169,#3170);
#3169 = CARTESIAN_POINT('',(105.1,-52.65,-4.6E-02));
#3170 = VECTOR('',#3171,1.);
#3171 = DIRECTION('',(0.,0.,1.));
#3172 = PLANE('',#3173);
#3173 = AXIS2_PLACEMENT_3D('',#3174,#3175,#3176);
#3174 = CARTESIAN_POINT('',(106.4,-52.65,-4.6E-02));
#3175 = DIRECTION('',(0.,-1.,0.));
#3176 = DIRECTION('',(-1.,0.,0.));
#3177 = ADVANCED_FACE('',(#3178),#3189,.F.);
#3178 = FACE_BOUND('',#3179,.T.);
#3179 = EDGE_LOOP('',(#3180,#3181,#3182,#3183));
#3180 = ORIENTED_EDGE('',*,*,#746,.T.);
#3181 = ORIENTED_EDGE('',*,*,#3167,.T.);
#3182 = ORIENTED_EDGE('',*,*,#1790,.F.);
#3183 = ORIENTED_EDGE('',*,*,#3184,.F.);
#3184 = EDGE_CURVE('',#739,#1783,#3185,.T.);
#3185 = LINE('',#3186,#3187);
#3186 = CARTESIAN_POINT('',(105.1,-54.15,-4.6E-02));
#3187 = VECTOR('',#3188,1.);
#3188 = DIRECTION('',(0.,0.,1.));
#3189 = CYLINDRICAL_SURFACE('',#3190,0.75);
#3190 = AXIS2_PLACEMENT_3D('',#3191,#3192,#3193);
#3191 = CARTESIAN_POINT('',(105.1,-53.4,-4.6E-02));
#3192 = DIRECTION('',(-0.,0.,-1.));
#3193 = DIRECTION('',(0.,1.,0.));
#3194 = ADVANCED_FACE('',(#3195),#3201,.T.);
#3195 = FACE_BOUND('',#3196,.T.);
#3196 = EDGE_LOOP('',(#3197,#3198,#3199,#3200));
#3197 = ORIENTED_EDGE('',*,*,#738,.T.);
#3198 = ORIENTED_EDGE('',*,*,#3184,.T.);
#3199 = ORIENTED_EDGE('',*,*,#1782,.F.);
#3200 = ORIENTED_EDGE('',*,*,#3143,.F.);
#3201 = PLANE('',#3202);
#3202 = AXIS2_PLACEMENT_3D('',#3203,#3204,#3205);
#3203 = CARTESIAN_POINT('',(105.1,-54.15,-4.6E-02));
#3204 = DIRECTION('',(0.,1.,0.));
#3205 = DIRECTION('',(1.,0.,0.));
#3206 = ADVANCED_FACE('',(#3207),#3218,.F.);
#3207 = FACE_BOUND('',#3208,.T.);
#3208 = EDGE_LOOP('',(#3209,#3210,#3216,#3217));
#3209 = ORIENTED_EDGE('',*,*,#763,.T.);
#3210 = ORIENTED_EDGE('',*,*,#3211,.T.);
#3211 = EDGE_CURVE('',#764,#1808,#3212,.T.);
#3212 = LINE('',#3213,#3214);
#3213 = CARTESIAN_POINT('',(112.75,-57.,-4.6E-02));
#3214 = VECTOR('',#3215,1.);
#3215 = DIRECTION('',(0.,0.,1.));
#3216 = ORIENTED_EDGE('',*,*,#1807,.F.);
#3217 = ORIENTED_EDGE('',*,*,#3211,.F.);
#3218 = CYLINDRICAL_SURFACE('',#3219,0.5);
#3219 = AXIS2_PLACEMENT_3D('',#3220,#3221,#3222);
#3220 = CARTESIAN_POINT('',(112.75,-56.5,-4.6E-02));
#3221 = DIRECTION('',(-0.,-0.,-1.));
#3222 = DIRECTION('',(-0.,-1.,0.));
#3223 = ADVANCED_FACE('',(#3224),#3235,.F.);
#3224 = FACE_BOUND('',#3225,.T.);
#3225 = EDGE_LOOP('',(#3226,#3227,#3233,#3234));
#3226 = ORIENTED_EDGE('',*,*,#774,.T.);
#3227 = ORIENTED_EDGE('',*,*,#3228,.T.);
#3228 = EDGE_CURVE('',#775,#1819,#3229,.T.);
#3229 = LINE('',#3230,#3231);
#3230 = CARTESIAN_POINT('',(101.,-47.52,-4.6E-02));
#3231 = VECTOR('',#3232,1.);
#3232 = DIRECTION('',(0.,0.,1.));
#3233 = ORIENTED_EDGE('',*,*,#1818,.F.);
#3234 = ORIENTED_EDGE('',*,*,#3228,.F.);
#3235 = CYLINDRICAL_SURFACE('',#3236,0.4);
#3236 = AXIS2_PLACEMENT_3D('',#3237,#3238,#3239);
#3237 = CARTESIAN_POINT('',(101.,-47.12,-4.6E-02));
#3238 = DIRECTION('',(-0.,-0.,-1.));
#3239 = DIRECTION('',(-0.,-1.,0.));
#3240 = ADVANCED_FACE('',(#3241),#3252,.F.);
#3241 = FACE_BOUND('',#3242,.T.);
#3242 = EDGE_LOOP('',(#3243,#3244,#3250,#3251));
#3243 = ORIENTED_EDGE('',*,*,#785,.T.);
#3244 = ORIENTED_EDGE('',*,*,#3245,.T.);
#3245 = EDGE_CURVE('',#786,#1830,#3246,.T.);
#3246 = LINE('',#3247,#3248);
#3247 = CARTESIAN_POINT('',(103.5,-47.52,-4.6E-02));
#3248 = VECTOR('',#3249,1.);
#3249 = DIRECTION('',(0.,0.,1.));
#3250 = ORIENTED_EDGE('',*,*,#1829,.F.);
#3251 = ORIENTED_EDGE('',*,*,#3245,.F.);
#3252 = CYLINDRICAL_SURFACE('',#3253,0.4);
#3253 = AXIS2_PLACEMENT_3D('',#3254,#3255,#3256);
#3254 = CARTESIAN_POINT('',(103.5,-47.12,-4.6E-02));
#3255 = DIRECTION('',(-0.,-0.,-1.));
#3256 = DIRECTION('',(-0.,-1.,0.));
#3257 = ADVANCED_FACE('',(#3258),#3269,.F.);
#3258 = FACE_BOUND('',#3259,.T.);
#3259 = EDGE_LOOP('',(#3260,#3261,#3267,#3268));
#3260 = ORIENTED_EDGE('',*,*,#796,.T.);
#3261 = ORIENTED_EDGE('',*,*,#3262,.T.);
#3262 = EDGE_CURVE('',#797,#1841,#3263,.T.);
#3263 = LINE('',#3264,#3265);
#3264 = CARTESIAN_POINT('',(106.,-47.52,-4.6E-02));
#3265 = VECTOR('',#3266,1.);
#3266 = DIRECTION('',(0.,0.,1.));
#3267 = ORIENTED_EDGE('',*,*,#1840,.F.);
#3268 = ORIENTED_EDGE('',*,*,#3262,.F.);
#3269 = CYLINDRICAL_SURFACE('',#3270,0.4);
#3270 = AXIS2_PLACEMENT_3D('',#3271,#3272,#3273);
#3271 = CARTESIAN_POINT('',(106.,-47.12,-4.6E-02));
#3272 = DIRECTION('',(-0.,-0.,-1.));
#3273 = DIRECTION('',(-0.,-1.,0.));
#3274 = ADVANCED_FACE('',(#3275),#3286,.F.);
#3275 = FACE_BOUND('',#3276,.T.);
#3276 = EDGE_LOOP('',(#3277,#3278,#3284,#3285));
#3277 = ORIENTED_EDGE('',*,*,#807,.T.);
#3278 = ORIENTED_EDGE('',*,*,#3279,.T.);
#3279 = EDGE_CURVE('',#808,#1852,#3280,.T.);
#3280 = LINE('',#3281,#3282);
#3281 = CARTESIAN_POINT('',(94.0145,-46.752015,-4.6E-02));
#3282 = VECTOR('',#3283,1.);
#3283 = DIRECTION('',(0.,0.,1.));
#3284 = ORIENTED_EDGE('',*,*,#1851,.F.);
#3285 = ORIENTED_EDGE('',*,*,#3279,.F.);
#3286 = CYLINDRICAL_SURFACE('',#3287,0.5);
#3287 = AXIS2_PLACEMENT_3D('',#3288,#3289,#3290);
#3288 = CARTESIAN_POINT('',(94.0145,-46.252015,-4.6E-02));
#3289 = DIRECTION('',(-0.,-0.,-1.));
#3290 = DIRECTION('',(-0.,-1.,0.));
#3291 = ADVANCED_FACE('',(#3292),#3303,.F.);
#3292 = FACE_BOUND('',#3293,.T.);
#3293 = EDGE_LOOP('',(#3294,#3295,#3301,#3302));
#3294 = ORIENTED_EDGE('',*,*,#818,.T.);
#3295 = ORIENTED_EDGE('',*,*,#3296,.T.);
#3296 = EDGE_CURVE('',#819,#1863,#3297,.T.);
#3297 = LINE('',#3298,#3299);
#3298 = CARTESIAN_POINT('',(94.0145,-44.212015,-4.6E-02));
#3299 = VECTOR('',#3300,1.);
#3300 = DIRECTION('',(0.,0.,1.));
#3301 = ORIENTED_EDGE('',*,*,#1862,.F.);
#3302 = ORIENTED_EDGE('',*,*,#3296,.F.);
#3303 = CYLINDRICAL_SURFACE('',#3304,0.5);
#3304 = AXIS2_PLACEMENT_3D('',#3305,#3306,#3307);
#3305 = CARTESIAN_POINT('',(94.0145,-43.712015,-4.6E-02));
#3306 = DIRECTION('',(-0.,-0.,-1.));
#3307 = DIRECTION('',(-0.,-1.,0.));
#3308 = ADVANCED_FACE('',(#3309),#3320,.F.);
#3309 = FACE_BOUND('',#3310,.T.);
#3310 = EDGE_LOOP('',(#3311,#3312,#3318,#3319));
#3311 = ORIENTED_EDGE('',*,*,#829,.T.);
#3312 = ORIENTED_EDGE('',*,*,#3313,.T.);
#3313 = EDGE_CURVE('',#830,#1874,#3314,.T.);
#3314 = LINE('',#3315,#3316);
#3315 = CARTESIAN_POINT('',(94.0145,-41.672015,-4.6E-02));
#3316 = VECTOR('',#3317,1.);
#3317 = DIRECTION('',(0.,0.,1.));
#3318 = ORIENTED_EDGE('',*,*,#1873,.F.);
#3319 = ORIENTED_EDGE('',*,*,#3313,.F.);
#3320 = CYLINDRICAL_SURFACE('',#3321,0.5);
#3321 = AXIS2_PLACEMENT_3D('',#3322,#3323,#3324);
#3322 = CARTESIAN_POINT('',(94.0145,-41.172015,-4.6E-02));
#3323 = DIRECTION('',(-0.,-0.,-1.));
#3324 = DIRECTION('',(-0.,-1.,0.));
#3325 = ADVANCED_FACE('',(#3326),#3337,.F.);
#3326 = FACE_BOUND('',#3327,.T.);
#3327 = EDGE_LOOP('',(#3328,#3329,#3335,#3336));
#3328 = ORIENTED_EDGE('',*,*,#840,.T.);
#3329 = ORIENTED_EDGE('',*,*,#3330,.T.);
#3330 = EDGE_CURVE('',#841,#1885,#3331,.T.);
#3331 = LINE('',#3332,#3333);
#3332 = CARTESIAN_POINT('',(94.0145,-39.132015,-4.6E-02));
#3333 = VECTOR('',#3334,1.);
#3334 = DIRECTION('',(0.,0.,1.));
#3335 = ORIENTED_EDGE('',*,*,#1884,.F.);
#3336 = ORIENTED_EDGE('',*,*,#3330,.F.);
#3337 = CYLINDRICAL_SURFACE('',#3338,0.5);
#3338 = AXIS2_PLACEMENT_3D('',#3339,#3340,#3341);
#3339 = CARTESIAN_POINT('',(94.0145,-38.632015,-4.6E-02));
#3340 = DIRECTION('',(-0.,-0.,-1.));
#3341 = DIRECTION('',(-0.,-1.,0.));
#3342 = ADVANCED_FACE('',(#3343),#3354,.F.);
#3343 = FACE_BOUND('',#3344,.T.);
#3344 = EDGE_LOOP('',(#3345,#3346,#3352,#3353));
#3345 = ORIENTED_EDGE('',*,*,#851,.T.);
#3346 = ORIENTED_EDGE('',*,*,#3347,.T.);
#3347 = EDGE_CURVE('',#852,#1896,#3348,.T.);
#3348 = LINE('',#3349,#3350);
#3349 = CARTESIAN_POINT('',(94.0145,-36.592015,-4.6E-02));
#3350 = VECTOR('',#3351,1.);
#3351 = DIRECTION('',(0.,0.,1.));
#3352 = ORIENTED_EDGE('',*,*,#1895,.F.);
#3353 = ORIENTED_EDGE('',*,*,#3347,.F.);
#3354 = CYLINDRICAL_SURFACE('',#3355,0.5);
#3355 = AXIS2_PLACEMENT_3D('',#3356,#3357,#3358);
#3356 = CARTESIAN_POINT('',(94.0145,-36.092015,-4.6E-02));
#3357 = DIRECTION('',(-0.,-0.,-1.));
#3358 = DIRECTION('',(-0.,-1.,0.));
#3359 = ADVANCED_FACE('',(#3360),#3376,.F.);
#3360 = FACE_BOUND('',#3361,.T.);
#3361 = EDGE_LOOP('',(#3362,#3368,#3369,#3375));
#3362 = ORIENTED_EDGE('',*,*,#3363,.T.);
#3363 = EDGE_CURVE('',#863,#1907,#3364,.T.);
#3364 = LINE('',#3365,#3366);
#3365 = CARTESIAN_POINT('',(113.749485,-44.327438,0.));
#3366 = VECTOR('',#3367,1.);
#3367 = DIRECTION('',(0.,0.,1.));
#3368 = ORIENTED_EDGE('',*,*,#1906,.T.);
#3369 = ORIENTED_EDGE('',*,*,#3370,.F.);
#3370 = EDGE_CURVE('',#865,#1909,#3371,.T.);
#3371 = LINE('',#3372,#3373);
#3372 = CARTESIAN_POINT('',(113.046712,-43.67886,0.));
#3373 = VECTOR('',#3374,1.);
#3374 = DIRECTION('',(0.,0.,1.));
#3375 = ORIENTED_EDGE('',*,*,#862,.F.);
#3376 = CYLINDRICAL_SURFACE('',#3377,0.499999422661);
#3377 = AXIS2_PLACEMENT_3D('',#3378,#3379,#3380);
#3378 = CARTESIAN_POINT('',(113.29897029551,-44.11056033009,0.));
#3379 = DIRECTION('',(-0.,-0.,-1.));
#3380 = DIRECTION('',(0.901030449374,-0.433755840654,0.));
#3381 = ADVANCED_FACE('',(#3382),#3393,.T.);
#3382 = FACE_BOUND('',#3383,.T.);
#3383 = EDGE_LOOP('',(#3384,#3390,#3391,#3392));
#3384 = ORIENTED_EDGE('',*,*,#3385,.T.);
#3385 = EDGE_CURVE('',#874,#1918,#3386,.T.);
#3386 = LINE('',#3387,#3388);
#3387 = CARTESIAN_POINT('',(113.7,-44.544315,0.));
#3388 = VECTOR('',#3389,1.);
#3389 = DIRECTION('',(0.,0.,1.));
#3390 = ORIENTED_EDGE('',*,*,#1917,.T.);
#3391 = ORIENTED_EDGE('',*,*,#3363,.F.);
#3392 = ORIENTED_EDGE('',*,*,#873,.F.);
#3393 = CYLINDRICAL_SURFACE('',#3394,0.499989884978);
#3394 = AXIS2_PLACEMENT_3D('',#3395,#3396,#3397);
#3395 = CARTESIAN_POINT('',(114.19998988497,-44.54431407911,0.));
#3396 = DIRECTION('',(0.,0.,-1.));
#3397 = DIRECTION('',(-0.999999999998,-1.841808596201E-06,-0.));
#3398 = ADVANCED_FACE('',(#3399),#3410,.T.);
#3399 = FACE_BOUND('',#3400,.T.);
#3400 = EDGE_LOOP('',(#3401,#3402,#3403,#3409));
#3401 = ORIENTED_EDGE('',*,*,#3370,.T.);
#3402 = ORIENTED_EDGE('',*,*,#2039,.T.);
#3403 = ORIENTED_EDGE('',*,*,#3404,.F.);
#3404 = EDGE_CURVE('',#988,#2032,#3405,.T.);
#3405 = LINE('',#3406,#3407);
#3406 = CARTESIAN_POINT('',(112.794454,-43.747159,0.));
#3407 = VECTOR('',#3408,1.);
#3408 = DIRECTION('',(0.,0.,1.));
#3409 = ORIENTED_EDGE('',*,*,#995,.F.);
#3410 = CYLINDRICAL_SURFACE('',#3411,0.500008729288);
#3411 = AXIS2_PLACEMENT_3D('',#3412,#3413,#3414);
#3412 = CARTESIAN_POINT('',(112.79445134312,-43.24715027071,0.));
#3413 = DIRECTION('',(0.,0.,-1.));
#3414 = DIRECTION('',(0.504512505685,-0.863404384751,0.));
#3415 = ADVANCED_FACE('',(#3416),#3427,.T.);
#3416 = FACE_BOUND('',#3417,.T.);
#3417 = EDGE_LOOP('',(#3418,#3424,#3425,#3426));
#3418 = ORIENTED_EDGE('',*,*,#3419,.T.);
#3419 = EDGE_CURVE('',#883,#1927,#3420,.T.);
#3420 = LINE('',#3421,#3422);
#3421 = CARTESIAN_POINT('',(113.7,-45.95,0.));
#3422 = VECTOR('',#3423,1.);
#3423 = DIRECTION('',(0.,0.,1.));
#3424 = ORIENTED_EDGE('',*,*,#1926,.T.);
#3425 = ORIENTED_EDGE('',*,*,#3385,.F.);
#3426 = ORIENTED_EDGE('',*,*,#882,.F.);
#3427 = PLANE('',#3428);
#3428 = AXIS2_PLACEMENT_3D('',#3429,#3430,#3431);
#3429 = CARTESIAN_POINT('',(113.7,-45.95,0.));
#3430 = DIRECTION('',(-1.,0.,0.));
#3431 = DIRECTION('',(0.,1.,0.));
#3432 = ADVANCED_FACE('',(#3433),#3444,.T.);
#3433 = FACE_BOUND('',#3434,.T.);
#3434 = EDGE_LOOP('',(#3435,#3436,#3437,#3443));
#3435 = ORIENTED_EDGE('',*,*,#3404,.T.);
#3436 = ORIENTED_EDGE('',*,*,#2031,.T.);
#3437 = ORIENTED_EDGE('',*,*,#3438,.F.);
#3438 = EDGE_CURVE('',#979,#2023,#3439,.T.);
#3439 = LINE('',#3440,#3441);
#3440 = CARTESIAN_POINT('',(111.205548,-43.747158,0.));
#3441 = VECTOR('',#3442,1.);
#3442 = DIRECTION('',(0.,0.,1.));
#3443 = ORIENTED_EDGE('',*,*,#987,.F.);
#3444 = PLANE('',#3445);
#3445 = AXIS2_PLACEMENT_3D('',#3446,#3447,#3448);
#3446 = CARTESIAN_POINT('',(112.794454,-43.747159,0.));
#3447 = DIRECTION('',(-6.293638544889E-07,-1.,0.));
#3448 = DIRECTION('',(-1.,6.293638544889E-07,0.));
#3449 = ADVANCED_FACE('',(#3450),#3461,.T.);
#3450 = FACE_BOUND('',#3451,.T.);
#3451 = EDGE_LOOP('',(#3452,#3458,#3459,#3460));
#3452 = ORIENTED_EDGE('',*,*,#3453,.T.);
#3453 = EDGE_CURVE('',#891,#1935,#3454,.T.);
#3454 = LINE('',#3455,#3456);
#3455 = CARTESIAN_POINT('',(113.749485,-46.166878,0.));
#3456 = VECTOR('',#3457,1.);
#3457 = DIRECTION('',(0.,0.,1.));
#3458 = ORIENTED_EDGE('',*,*,#1934,.T.);
#3459 = ORIENTED_EDGE('',*,*,#3419,.F.);
#3460 = ORIENTED_EDGE('',*,*,#890,.F.);
#3461 = CYLINDRICAL_SURFACE('',#3462,0.499989885034);
#3462 = AXIS2_PLACEMENT_3D('',#3463,#3464,#3465);
#3463 = CARTESIAN_POINT('',(114.19998988503,-45.95000192086,0.));
#3464 = DIRECTION('',(0.,0.,-1.));
#3465 = DIRECTION('',(-0.901027997796,-0.43376093322,-0.));
#3466 = ADVANCED_FACE('',(#3467),#3478,.T.);
#3467 = FACE_BOUND('',#3468,.T.);
#3468 = EDGE_LOOP('',(#3469,#3470,#3471,#3477));
#3469 = ORIENTED_EDGE('',*,*,#3438,.T.);
#3470 = ORIENTED_EDGE('',*,*,#2022,.T.);
#3471 = ORIENTED_EDGE('',*,*,#3472,.F.);
#3472 = EDGE_CURVE('',#970,#2014,#3473,.T.);
#3473 = LINE('',#3474,#3475);
#3474 = CARTESIAN_POINT('',(110.95329,-43.678859,0.));
#3475 = VECTOR('',#3476,1.);
#3476 = DIRECTION('',(0.,0.,1.));
#3477 = ORIENTED_EDGE('',*,*,#978,.F.);
#3478 = CYLINDRICAL_SURFACE('',#3479,0.500008729288);
#3479 = AXIS2_PLACEMENT_3D('',#3480,#3481,#3482);
#3480 = CARTESIAN_POINT('',(111.20555065687,-43.24714927071,0.));
#3481 = DIRECTION('',(0.,0.,-1.));
#3482 = DIRECTION('',(-5.31366273951E-06,-0.999999999986,-0.));
#3483 = ADVANCED_FACE('',(#3484),#3495,.F.);
#3484 = FACE_BOUND('',#3485,.T.);
#3485 = EDGE_LOOP('',(#3486,#3492,#3493,#3494));
#3486 = ORIENTED_EDGE('',*,*,#3487,.T.);
#3487 = EDGE_CURVE('',#900,#1944,#3488,.T.);
#3488 = LINE('',#3489,#3490);
#3489 = CARTESIAN_POINT('',(113.046712,-46.815457,0.));
#3490 = VECTOR('',#3491,1.);
#3491 = DIRECTION('',(0.,0.,1.));
#3492 = ORIENTED_EDGE('',*,*,#1943,.T.);
#3493 = ORIENTED_EDGE('',*,*,#3453,.F.);
#3494 = ORIENTED_EDGE('',*,*,#899,.F.);
#3495 = CYLINDRICAL_SURFACE('',#3496,0.499999448976);
#3496 = AXIS2_PLACEMENT_3D('',#3497,#3498,#3499);
#3497 = CARTESIAN_POINT('',(113.29897090428,-46.38375699515,0.));
#3498 = DIRECTION('',(-0.,-0.,-1.));
#3499 = DIRECTION('',(-0.504518364574,-0.863400961204,0.));
#3500 = ADVANCED_FACE('',(#3501),#3512,.F.);
#3501 = FACE_BOUND('',#3502,.T.);
#3502 = EDGE_LOOP('',(#3503,#3504,#3505,#3511));
#3503 = ORIENTED_EDGE('',*,*,#3472,.T.);
#3504 = ORIENTED_EDGE('',*,*,#2013,.T.);
#3505 = ORIENTED_EDGE('',*,*,#3506,.F.);
#3506 = EDGE_CURVE('',#961,#2005,#3507,.T.);
#3507 = LINE('',#3508,#3509);
#3508 = CARTESIAN_POINT('',(110.250517,-44.327438,0.));
#3509 = VECTOR('',#3510,1.);
#3510 = DIRECTION('',(0.,0.,1.));
#3511 = ORIENTED_EDGE('',*,*,#969,.F.);
#3512 = CYLINDRICAL_SURFACE('',#3513,0.499999729127);
#3513 = AXIS2_PLACEMENT_3D('',#3514,#3515,#3516);
#3514 = CARTESIAN_POINT('',(110.70103174567,-44.11055970911,0.));
#3515 = DIRECTION('',(-0.,-0.,-1.));
#3516 = DIRECTION('',(0.504516781969,0.863401885979,-0.));
#3517 = ADVANCED_FACE('',(#3518),#3529,.T.);
#3518 = FACE_BOUND('',#3519,.T.);
#3519 = EDGE_LOOP('',(#3520,#3526,#3527,#3528));
#3520 = ORIENTED_EDGE('',*,*,#3521,.T.);
#3521 = EDGE_CURVE('',#909,#1953,#3522,.T.);
#3522 = LINE('',#3523,#3524);
#3523 = CARTESIAN_POINT('',(112.794453,-46.747158,0.));
#3524 = VECTOR('',#3525,1.);
#3525 = DIRECTION('',(0.,0.,1.));
#3526 = ORIENTED_EDGE('',*,*,#1952,.T.);
#3527 = ORIENTED_EDGE('',*,*,#3487,.F.);
#3528 = ORIENTED_EDGE('',*,*,#908,.F.);
#3529 = CYLINDRICAL_SURFACE('',#3530,0.500008729226);
#3530 = AXIS2_PLACEMENT_3D('',#3531,#3532,#3533);
#3531 = CARTESIAN_POINT('',(112.79445134314,-47.24716672922,0.));
#3532 = DIRECTION('',(0.,0.,-1.));
#3533 = DIRECTION('',(3.31364934545E-06,0.999999999995,0.));
#3534 = ADVANCED_FACE('',(#3535),#3546,.T.);
#3535 = FACE_BOUND('',#3536,.T.);
#3536 = EDGE_LOOP('',(#3537,#3538,#3539,#3545));
#3537 = ORIENTED_EDGE('',*,*,#3506,.T.);
#3538 = ORIENTED_EDGE('',*,*,#2004,.T.);
#3539 = ORIENTED_EDGE('',*,*,#3540,.F.);
#3540 = EDGE_CURVE('',#953,#1997,#3541,.T.);
#3541 = LINE('',#3542,#3543);
#3542 = CARTESIAN_POINT('',(110.300002,-44.544316,0.));
#3543 = VECTOR('',#3544,1.);
#3544 = DIRECTION('',(0.,0.,1.));
#3545 = ORIENTED_EDGE('',*,*,#960,.F.);
#3546 = CYLINDRICAL_SURFACE('',#3547,0.499989885034);
#3547 = AXIS2_PLACEMENT_3D('',#3548,#3549,#3550);
#3548 = CARTESIAN_POINT('',(109.80001211496,-44.54431407913,0.));
#3549 = DIRECTION('',(0.,0.,-1.));
#3550 = DIRECTION('',(0.901027997796,0.43376093322,0.));
#3551 = ADVANCED_FACE('',(#3552),#3563,.T.);
#3552 = FACE_BOUND('',#3553,.T.);
#3553 = EDGE_LOOP('',(#3554,#3560,#3561,#3562));
#3554 = ORIENTED_EDGE('',*,*,#3555,.T.);
#3555 = EDGE_CURVE('',#918,#1962,#3556,.T.);
#3556 = LINE('',#3557,#3558);
#3557 = CARTESIAN_POINT('',(111.205549,-46.747158,0.));
#3558 = VECTOR('',#3559,1.);
#3559 = DIRECTION('',(0.,0.,1.));
#3560 = ORIENTED_EDGE('',*,*,#1961,.T.);
#3561 = ORIENTED_EDGE('',*,*,#3521,.F.);
#3562 = ORIENTED_EDGE('',*,*,#917,.F.);
#3563 = PLANE('',#3564);
#3564 = AXIS2_PLACEMENT_3D('',#3565,#3566,#3567);
#3565 = CARTESIAN_POINT('',(111.205549,-46.747158,0.));
#3566 = DIRECTION('',(0.,1.,0.));
#3567 = DIRECTION('',(1.,0.,0.));
#3568 = ADVANCED_FACE('',(#3569),#3580,.T.);
#3569 = FACE_BOUND('',#3570,.T.);
#3570 = EDGE_LOOP('',(#3571,#3572,#3573,#3579));
#3571 = ORIENTED_EDGE('',*,*,#3540,.T.);
#3572 = ORIENTED_EDGE('',*,*,#1996,.T.);
#3573 = ORIENTED_EDGE('',*,*,#3574,.F.);
#3574 = EDGE_CURVE('',#944,#1988,#3575,.T.);
#3575 = LINE('',#3576,#3577);
#3576 = CARTESIAN_POINT('',(110.300002,-45.95,0.));
#3577 = VECTOR('',#3578,1.);
#3578 = DIRECTION('',(0.,0.,1.));
#3579 = ORIENTED_EDGE('',*,*,#952,.F.);
#3580 = PLANE('',#3581);
#3581 = AXIS2_PLACEMENT_3D('',#3582,#3583,#3584);
#3582 = CARTESIAN_POINT('',(110.300002,-44.544316,0.));
#3583 = DIRECTION('',(1.,0.,-0.));
#3584 = DIRECTION('',(0.,-1.,0.));
#3585 = ADVANCED_FACE('',(#3586),#3597,.T.);
#3586 = FACE_BOUND('',#3587,.T.);
#3587 = EDGE_LOOP('',(#3588,#3594,#3595,#3596));
#3588 = ORIENTED_EDGE('',*,*,#3589,.T.);
#3589 = EDGE_CURVE('',#926,#1970,#3590,.T.);
#3590 = LINE('',#3591,#3592);
#3591 = CARTESIAN_POINT('',(110.953291,-46.815457,0.));
#3592 = VECTOR('',#3593,1.);
#3593 = DIRECTION('',(0.,0.,1.));
#3594 = ORIENTED_EDGE('',*,*,#1969,.T.);
#3595 = ORIENTED_EDGE('',*,*,#3555,.F.);
#3596 = ORIENTED_EDGE('',*,*,#925,.F.);
#3597 = CYLINDRICAL_SURFACE('',#3598,0.500008729288);
#3598 = AXIS2_PLACEMENT_3D('',#3599,#3600,#3601);
#3599 = CARTESIAN_POINT('',(111.20555165687,-47.24716672928,0.));
#3600 = DIRECTION('',(0.,0.,-1.));
#3601 = DIRECTION('',(-0.504512505685,0.863404384751,0.));
#3602 = ADVANCED_FACE('',(#3603),#3614,.T.);
#3603 = FACE_BOUND('',#3604,.T.);
#3604 = EDGE_LOOP('',(#3605,#3606,#3607,#3613));
#3605 = ORIENTED_EDGE('',*,*,#3574,.T.);
#3606 = ORIENTED_EDGE('',*,*,#1987,.T.);
#3607 = ORIENTED_EDGE('',*,*,#3608,.F.);
#3608 = EDGE_CURVE('',#935,#1979,#3609,.T.);
#3609 = LINE('',#3610,#3611);
#3610 = CARTESIAN_POINT('',(110.250517,-46.166878,0.));
#3611 = VECTOR('',#3612,1.);
#3612 = DIRECTION('',(0.,0.,1.));
#3613 = ORIENTED_EDGE('',*,*,#943,.F.);
#3614 = CYLINDRICAL_SURFACE('',#3615,0.499989885034);
#3615 = AXIS2_PLACEMENT_3D('',#3616,#3617,#3618);
#3616 = CARTESIAN_POINT('',(109.80001211496,-45.95000192086,0.));
#3617 = DIRECTION('',(0.,0.,-1.));
#3618 = DIRECTION('',(0.999999999993,3.841811377886E-06,0.));
#3619 = ADVANCED_FACE('',(#3620),#3626,.F.);
#3620 = FACE_BOUND('',#3621,.T.);
#3621 = EDGE_LOOP('',(#3622,#3623,#3624,#3625));
#3622 = ORIENTED_EDGE('',*,*,#3608,.T.);
#3623 = ORIENTED_EDGE('',*,*,#1978,.T.);
#3624 = ORIENTED_EDGE('',*,*,#3589,.F.);
#3625 = ORIENTED_EDGE('',*,*,#934,.F.);
#3626 = CYLINDRICAL_SURFACE('',#3627,0.500000669307);
#3627 = AXIS2_PLACEMENT_3D('',#3628,#3629,#3630);
#3628 = CARTESIAN_POINT('',(110.7010335355,-46.38375474043,0.));
#3629 = DIRECTION('',(-0.,-0.,-1.));
#3630 = DIRECTION('',(-0.901031864884,0.433752900236,0.));
#3631 = ADVANCED_FACE('',(#3632),#3643,.F.);
#3632 = FACE_BOUND('',#3633,.T.);
#3633 = EDGE_LOOP('',(#3634,#3635,#3641,#3642));
#3634 = ORIENTED_EDGE('',*,*,#1004,.T.);
#3635 = ORIENTED_EDGE('',*,*,#3636,.T.);
#3636 = EDGE_CURVE('',#1005,#2049,#3637,.T.);
#3637 = LINE('',#3638,#3639);
#3638 = CARTESIAN_POINT('',(101.,-39.9,-4.6E-02));
#3639 = VECTOR('',#3640,1.);
#3640 = DIRECTION('',(0.,0.,1.));
#3641 = ORIENTED_EDGE('',*,*,#2048,.F.);
#3642 = ORIENTED_EDGE('',*,*,#3636,.F.);
#3643 = CYLINDRICAL_SURFACE('',#3644,0.4);
#3644 = AXIS2_PLACEMENT_3D('',#3645,#3646,#3647);
#3645 = CARTESIAN_POINT('',(101.,-39.5,-4.6E-02));
#3646 = DIRECTION('',(-0.,-0.,-1.));
#3647 = DIRECTION('',(-0.,-1.,0.));
#3648 = ADVANCED_FACE('',(#3649),#3660,.F.);
#3649 = FACE_BOUND('',#3650,.T.);
#3650 = EDGE_LOOP('',(#3651,#3652,#3658,#3659));
#3651 = ORIENTED_EDGE('',*,*,#1015,.T.);
#3652 = ORIENTED_EDGE('',*,*,#3653,.T.);
#3653 = EDGE_CURVE('',#1016,#2060,#3654,.T.);
#3654 = LINE('',#3655,#3656);
#3655 = CARTESIAN_POINT('',(103.5,-39.9,-4.6E-02));
#3656 = VECTOR('',#3657,1.);
#3657 = DIRECTION('',(0.,0.,1.));
#3658 = ORIENTED_EDGE('',*,*,#2059,.F.);
#3659 = ORIENTED_EDGE('',*,*,#3653,.F.);
#3660 = CYLINDRICAL_SURFACE('',#3661,0.4);
#3661 = AXIS2_PLACEMENT_3D('',#3662,#3663,#3664);
#3662 = CARTESIAN_POINT('',(103.5,-39.5,-4.6E-02));
#3663 = DIRECTION('',(-0.,-0.,-1.));
#3664 = DIRECTION('',(-0.,-1.,0.));
#3665 = ADVANCED_FACE('',(#3666),#3677,.F.);
#3666 = FACE_BOUND('',#3667,.T.);
#3667 = EDGE_LOOP('',(#3668,#3669,#3675,#3676));
#3668 = ORIENTED_EDGE('',*,*,#1026,.T.);
#3669 = ORIENTED_EDGE('',*,*,#3670,.T.);
#3670 = EDGE_CURVE('',#1027,#2071,#3671,.T.);
#3671 = LINE('',#3672,#3673);
#3672 = CARTESIAN_POINT('',(106.,-39.9,-4.6E-02));
#3673 = VECTOR('',#3674,1.);
#3674 = DIRECTION('',(0.,0.,1.));
#3675 = ORIENTED_EDGE('',*,*,#2070,.F.);
#3676 = ORIENTED_EDGE('',*,*,#3670,.F.);
#3677 = CYLINDRICAL_SURFACE('',#3678,0.4);
#3678 = AXIS2_PLACEMENT_3D('',#3679,#3680,#3681);
#3679 = CARTESIAN_POINT('',(106.,-39.5,-4.6E-02));
#3680 = DIRECTION('',(-0.,-0.,-1.));
#3681 = DIRECTION('',(-0.,-1.,0.));
#3682 = ADVANCED_FACE('',(#3683),#3699,.F.);
#3683 = FACE_BOUND('',#3684,.T.);
#3684 = EDGE_LOOP('',(#3685,#3691,#3692,#3698));
#3685 = ORIENTED_EDGE('',*,*,#3686,.T.);
#3686 = EDGE_CURVE('',#1038,#2082,#3687,.T.);
#3687 = LINE('',#3688,#3689);
#3688 = CARTESIAN_POINT('',(111.003288,-37.034543,0.));
#3689 = VECTOR('',#3690,1.);
#3690 = DIRECTION('',(0.,0.,1.));
#3691 = ORIENTED_EDGE('',*,*,#2081,.T.);
#3692 = ORIENTED_EDGE('',*,*,#3693,.F.);
#3693 = EDGE_CURVE('',#1040,#2084,#3694,.T.);
#3694 = LINE('',#3695,#3696);
#3695 = CARTESIAN_POINT('',(110.300515,-37.683122,0.));
#3696 = VECTOR('',#3697,1.);
#3697 = DIRECTION('',(0.,0.,1.));
#3698 = ORIENTED_EDGE('',*,*,#1037,.F.);
#3699 = CYLINDRICAL_SURFACE('',#3700,0.499999448976);
#3700 = AXIS2_PLACEMENT_3D('',#3701,#3702,#3703);
#3701 = CARTESIAN_POINT('',(110.75102909571,-37.46624300484,0.));
#3702 = DIRECTION('',(-0.,-0.,-1.));
#3703 = DIRECTION('',(0.504518364574,0.863400961204,-0.));
#3704 = ADVANCED_FACE('',(#3705),#3716,.T.);
#3705 = FACE_BOUND('',#3706,.T.);
#3706 = EDGE_LOOP('',(#3707,#3713,#3714,#3715));
#3707 = ORIENTED_EDGE('',*,*,#3708,.T.);
#3708 = EDGE_CURVE('',#1049,#2093,#3709,.T.);
#3709 = LINE('',#3710,#3711);
#3710 = CARTESIAN_POINT('',(111.255547,-37.102842,0.));
#3711 = VECTOR('',#3712,1.);
#3712 = DIRECTION('',(0.,0.,1.));
#3713 = ORIENTED_EDGE('',*,*,#2092,.T.);
#3714 = ORIENTED_EDGE('',*,*,#3686,.F.);
#3715 = ORIENTED_EDGE('',*,*,#1048,.F.);
#3716 = CYLINDRICAL_SURFACE('',#3717,0.500008729226);
#3717 = AXIS2_PLACEMENT_3D('',#3718,#3719,#3720);
#3718 = CARTESIAN_POINT('',(111.25554865685,-36.60283327077,0.));
#3719 = DIRECTION('',(0.,0.,-1.));
#3720 = DIRECTION('',(-3.31364934545E-06,-0.999999999995,-0.));
#3721 = ADVANCED_FACE('',(#3722),#3733,.T.);
#3722 = FACE_BOUND('',#3723,.T.);
#3723 = EDGE_LOOP('',(#3724,#3725,#3726,#3732));
#3724 = ORIENTED_EDGE('',*,*,#3693,.T.);
#3725 = ORIENTED_EDGE('',*,*,#2214,.T.);
#3726 = ORIENTED_EDGE('',*,*,#3727,.F.);
#3727 = EDGE_CURVE('',#1163,#2207,#3728,.T.);
#3728 = LINE('',#3729,#3730);
#3729 = CARTESIAN_POINT('',(110.35,-37.9,0.));
#3730 = VECTOR('',#3731,1.);
#3731 = DIRECTION('',(0.,0.,1.));
#3732 = ORIENTED_EDGE('',*,*,#1170,.F.);
#3733 = CYLINDRICAL_SURFACE('',#3734,0.499989885034);
#3734 = AXIS2_PLACEMENT_3D('',#3735,#3736,#3737);
#3735 = CARTESIAN_POINT('',(109.85001011497,-37.89999807913,0.));
#3736 = DIRECTION('',(0.,0.,-1.));
#3737 = DIRECTION('',(0.901027997796,0.43376093322,0.));
#3738 = ADVANCED_FACE('',(#3739),#3750,.T.);
#3739 = FACE_BOUND('',#3740,.T.);
#3740 = EDGE_LOOP('',(#3741,#3747,#3748,#3749));
#3741 = ORIENTED_EDGE('',*,*,#3742,.T.);
#3742 = EDGE_CURVE('',#1058,#2102,#3743,.T.);
#3743 = LINE('',#3744,#3745);
#3744 = CARTESIAN_POINT('',(112.844451,-37.102842,0.));
#3745 = VECTOR('',#3746,1.);
#3746 = DIRECTION('',(0.,0.,1.));
#3747 = ORIENTED_EDGE('',*,*,#2101,.T.);
#3748 = ORIENTED_EDGE('',*,*,#3708,.F.);
#3749 = ORIENTED_EDGE('',*,*,#1057,.F.);
#3750 = PLANE('',#3751);
#3751 = AXIS2_PLACEMENT_3D('',#3752,#3753,#3754);
#3752 = CARTESIAN_POINT('',(112.844451,-37.102842,0.));
#3753 = DIRECTION('',(0.,-1.,0.));
#3754 = DIRECTION('',(-1.,0.,0.));
#3755 = ADVANCED_FACE('',(#3756),#3767,.T.);
#3756 = FACE_BOUND('',#3757,.T.);
#3757 = EDGE_LOOP('',(#3758,#3759,#3760,#3766));
#3758 = ORIENTED_EDGE('',*,*,#3727,.T.);
#3759 = ORIENTED_EDGE('',*,*,#2206,.T.);
#3760 = ORIENTED_EDGE('',*,*,#3761,.F.);
#3761 = EDGE_CURVE('',#1154,#2198,#3762,.T.);
#3762 = LINE('',#3763,#3764);
#3763 = CARTESIAN_POINT('',(110.35,-39.305684,0.));
#3764 = VECTOR('',#3765,1.);
#3765 = DIRECTION('',(0.,0.,1.));
#3766 = ORIENTED_EDGE('',*,*,#1162,.F.);
#3767 = PLANE('',#3768);
#3768 = AXIS2_PLACEMENT_3D('',#3769,#3770,#3771);
#3769 = CARTESIAN_POINT('',(110.35,-37.9,0.));
#3770 = DIRECTION('',(1.,0.,-0.));
#3771 = DIRECTION('',(0.,-1.,0.));
#3772 = ADVANCED_FACE('',(#3773),#3784,.T.);
#3773 = FACE_BOUND('',#3774,.T.);
#3774 = EDGE_LOOP('',(#3775,#3781,#3782,#3783));
#3775 = ORIENTED_EDGE('',*,*,#3776,.T.);
#3776 = EDGE_CURVE('',#1066,#2110,#3777,.T.);
#3777 = LINE('',#3778,#3779);
#3778 = CARTESIAN_POINT('',(113.096709,-37.034543,0.));
#3779 = VECTOR('',#3780,1.);
#3780 = DIRECTION('',(0.,0.,1.));
#3781 = ORIENTED_EDGE('',*,*,#2109,.T.);
#3782 = ORIENTED_EDGE('',*,*,#3742,.F.);
#3783 = ORIENTED_EDGE('',*,*,#1065,.F.);
#3784 = CYLINDRICAL_SURFACE('',#3785,0.500008729288);
#3785 = AXIS2_PLACEMENT_3D('',#3786,#3787,#3788);
#3786 = CARTESIAN_POINT('',(112.84444834312,-36.60283327071,0.));
#3787 = DIRECTION('',(0.,0.,-1.));
#3788 = DIRECTION('',(0.504512505685,-0.863404384751,0.));
#3789 = ADVANCED_FACE('',(#3790),#3801,.T.);
#3790 = FACE_BOUND('',#3791,.T.);
#3791 = EDGE_LOOP('',(#3792,#3793,#3794,#3800));
#3792 = ORIENTED_EDGE('',*,*,#3761,.T.);
#3793 = ORIENTED_EDGE('',*,*,#2197,.T.);
#3794 = ORIENTED_EDGE('',*,*,#3795,.F.);
#3795 = EDGE_CURVE('',#1145,#2189,#3796,.T.);
#3796 = LINE('',#3797,#3798);
#3797 = CARTESIAN_POINT('',(110.300515,-39.522562,0.));
#3798 = VECTOR('',#3799,1.);
#3799 = DIRECTION('',(0.,0.,1.));
#3800 = ORIENTED_EDGE('',*,*,#1153,.F.);
#3801 = CYLINDRICAL_SURFACE('',#3802,0.499989885034);
#3802 = AXIS2_PLACEMENT_3D('',#3803,#3804,#3805);
#3803 = CARTESIAN_POINT('',(109.85001011497,-39.30568592086,0.));
#3804 = DIRECTION('',(0.,0.,-1.));
#3805 = DIRECTION('',(0.999999999993,3.841811591055E-06,0.));
#3806 = ADVANCED_FACE('',(#3807),#3818,.F.);
#3807 = FACE_BOUND('',#3808,.T.);
#3808 = EDGE_LOOP('',(#3809,#3815,#3816,#3817));
#3809 = ORIENTED_EDGE('',*,*,#3810,.T.);
#3810 = EDGE_CURVE('',#1075,#2119,#3811,.T.);
#3811 = LINE('',#3812,#3813);
#3812 = CARTESIAN_POINT('',(113.799483,-37.683122,0.));
#3813 = VECTOR('',#3814,1.);
#3814 = DIRECTION('',(0.,0.,1.));
#3815 = ORIENTED_EDGE('',*,*,#2118,.T.);
#3816 = ORIENTED_EDGE('',*,*,#3776,.F.);
#3817 = ORIENTED_EDGE('',*,*,#1074,.F.);
#3818 = CYLINDRICAL_SURFACE('',#3819,0.500000669307);
#3819 = AXIS2_PLACEMENT_3D('',#3820,#3821,#3822);
#3820 = CARTESIAN_POINT('',(113.34896646449,-37.46624525956,0.));
#3821 = DIRECTION('',(-0.,-0.,-1.));
#3822 = DIRECTION('',(0.901031864884,-0.433752900236,0.));
#3823 = ADVANCED_FACE('',(#3824),#3835,.F.);
#3824 = FACE_BOUND('',#3825,.T.);
#3825 = EDGE_LOOP('',(#3826,#3827,#3828,#3834));
#3826 = ORIENTED_EDGE('',*,*,#3795,.T.);
#3827 = ORIENTED_EDGE('',*,*,#2188,.T.);
#3828 = ORIENTED_EDGE('',*,*,#3829,.F.);
#3829 = EDGE_CURVE('',#1136,#2180,#3830,.T.);
#3830 = LINE('',#3831,#3832);
#3831 = CARTESIAN_POINT('',(111.003288,-40.17114,0.));
#3832 = VECTOR('',#3833,1.);
#3833 = DIRECTION('',(0.,0.,1.));
#3834 = ORIENTED_EDGE('',*,*,#1144,.F.);
#3835 = CYLINDRICAL_SURFACE('',#3836,0.499999422661);
#3836 = AXIS2_PLACEMENT_3D('',#3837,#3838,#3839);
#3837 = CARTESIAN_POINT('',(110.75102970448,-39.7394396699,0.));
#3838 = DIRECTION('',(-0.,-0.,-1.));
#3839 = DIRECTION('',(-0.901030449374,0.433755840654,0.));
#3840 = ADVANCED_FACE('',(#3841),#3852,.T.);
#3841 = FACE_BOUND('',#3842,.T.);
#3842 = EDGE_LOOP('',(#3843,#3849,#3850,#3851));
#3843 = ORIENTED_EDGE('',*,*,#3844,.T.);
#3844 = EDGE_CURVE('',#1084,#2128,#3845,.T.);
#3845 = LINE('',#3846,#3847);
#3846 = CARTESIAN_POINT('',(113.749998,-37.899999,0.));
#3847 = VECTOR('',#3848,1.);
#3848 = DIRECTION('',(0.,0.,1.));
#3849 = ORIENTED_EDGE('',*,*,#2127,.T.);
#3850 = ORIENTED_EDGE('',*,*,#3810,.F.);
#3851 = ORIENTED_EDGE('',*,*,#1083,.F.);
#3852 = CYLINDRICAL_SURFACE('',#3853,0.499989884977);
#3853 = AXIS2_PLACEMENT_3D('',#3854,#3855,#3856);
#3854 = CARTESIAN_POINT('',(114.24998788497,-37.89999807911,0.));
#3855 = DIRECTION('',(0.,0.,-1.));
#3856 = DIRECTION('',(-0.999999999998,-1.841808809369E-06,-0.));
#3857 = ADVANCED_FACE('',(#3858),#3869,.T.);
#3858 = FACE_BOUND('',#3859,.T.);
#3859 = EDGE_LOOP('',(#3860,#3861,#3862,#3868));
#3860 = ORIENTED_EDGE('',*,*,#3829,.T.);
#3861 = ORIENTED_EDGE('',*,*,#2179,.T.);
#3862 = ORIENTED_EDGE('',*,*,#3863,.F.);
#3863 = EDGE_CURVE('',#1128,#2172,#3864,.T.);
#3864 = LINE('',#3865,#3866);
#3865 = CARTESIAN_POINT('',(111.255546,-40.102841,0.));
#3866 = VECTOR('',#3867,1.);
#3867 = DIRECTION('',(0.,0.,1.));
#3868 = ORIENTED_EDGE('',*,*,#1135,.F.);
#3869 = CYLINDRICAL_SURFACE('',#3870,0.500008729288);
#3870 = AXIS2_PLACEMENT_3D('',#3871,#3872,#3873);
#3871 = CARTESIAN_POINT('',(111.25554865687,-40.60284972928,0.));
#3872 = DIRECTION('',(0.,0.,-1.));
#3873 = DIRECTION('',(-0.504512505685,0.863404384751,0.));
#3874 = ADVANCED_FACE('',(#3875),#3886,.T.);
#3875 = FACE_BOUND('',#3876,.T.);
#3876 = EDGE_LOOP('',(#3877,#3883,#3884,#3885));
#3877 = ORIENTED_EDGE('',*,*,#3878,.T.);
#3878 = EDGE_CURVE('',#1093,#2137,#3879,.T.);
#3879 = LINE('',#3880,#3881);
#3880 = CARTESIAN_POINT('',(113.749998,-39.305684,0.));
#3881 = VECTOR('',#3882,1.);
#3882 = DIRECTION('',(0.,0.,1.));
#3883 = ORIENTED_EDGE('',*,*,#2136,.T.);
#3884 = ORIENTED_EDGE('',*,*,#3844,.F.);
#3885 = ORIENTED_EDGE('',*,*,#1092,.F.);
#3886 = PLANE('',#3887);
#3887 = AXIS2_PLACEMENT_3D('',#3888,#3889,#3890);
#3888 = CARTESIAN_POINT('',(113.749998,-39.305684,0.));
#3889 = DIRECTION('',(-1.,0.,0.));
#3890 = DIRECTION('',(0.,1.,0.));
#3891 = ADVANCED_FACE('',(#3892),#3903,.T.);
#3892 = FACE_BOUND('',#3893,.T.);
#3893 = EDGE_LOOP('',(#3894,#3895,#3896,#3902));
#3894 = ORIENTED_EDGE('',*,*,#3863,.T.);
#3895 = ORIENTED_EDGE('',*,*,#2171,.T.);
#3896 = ORIENTED_EDGE('',*,*,#3897,.F.);
#3897 = EDGE_CURVE('',#1119,#2163,#3898,.T.);
#3898 = LINE('',#3899,#3900);
#3899 = CARTESIAN_POINT('',(112.844452,-40.102842,0.));
#3900 = VECTOR('',#3901,1.);
#3901 = DIRECTION('',(0.,0.,1.));
#3902 = ORIENTED_EDGE('',*,*,#1127,.F.);
#3903 = PLANE('',#3904);
#3904 = AXIS2_PLACEMENT_3D('',#3905,#3906,#3907);
#3905 = CARTESIAN_POINT('',(111.255546,-40.102841,0.));
#3906 = DIRECTION('',(6.293638544889E-07,1.,-0.));
#3907 = DIRECTION('',(1.,-6.293638544889E-07,0.));
#3908 = ADVANCED_FACE('',(#3909),#3920,.T.);
#3909 = FACE_BOUND('',#3910,.T.);
#3910 = EDGE_LOOP('',(#3911,#3917,#3918,#3919));
#3911 = ORIENTED_EDGE('',*,*,#3912,.T.);
#3912 = EDGE_CURVE('',#1101,#2145,#3913,.T.);
#3913 = LINE('',#3914,#3915);
#3914 = CARTESIAN_POINT('',(113.799483,-39.522562,0.));
#3915 = VECTOR('',#3916,1.);
#3916 = DIRECTION('',(0.,0.,1.));
#3917 = ORIENTED_EDGE('',*,*,#2144,.T.);
#3918 = ORIENTED_EDGE('',*,*,#3878,.F.);
#3919 = ORIENTED_EDGE('',*,*,#1100,.F.);
#3920 = CYLINDRICAL_SURFACE('',#3921,0.499989885034);
#3921 = AXIS2_PLACEMENT_3D('',#3922,#3923,#3924);
#3922 = CARTESIAN_POINT('',(114.24998788503,-39.30568592086,0.));
#3923 = DIRECTION('',(0.,0.,-1.));
#3924 = DIRECTION('',(-0.901027997796,-0.43376093322,-0.));
#3925 = ADVANCED_FACE('',(#3926),#3937,.T.);
#3926 = FACE_BOUND('',#3927,.T.);
#3927 = EDGE_LOOP('',(#3928,#3929,#3930,#3936));
#3928 = ORIENTED_EDGE('',*,*,#3897,.T.);
#3929 = ORIENTED_EDGE('',*,*,#2162,.T.);
#3930 = ORIENTED_EDGE('',*,*,#3931,.F.);
#3931 = EDGE_CURVE('',#1110,#2154,#3932,.T.);
#3932 = LINE('',#3933,#3934);
#3933 = CARTESIAN_POINT('',(113.09671,-40.171141,0.));
#3934 = VECTOR('',#3935,1.);
#3935 = DIRECTION('',(0.,0.,1.));
#3936 = ORIENTED_EDGE('',*,*,#1118,.F.);
#3937 = CYLINDRICAL_SURFACE('',#3938,0.500008729288);
#3938 = AXIS2_PLACEMENT_3D('',#3939,#3940,#3941);
#3939 = CARTESIAN_POINT('',(112.84444934312,-40.60285072928,0.));
#3940 = DIRECTION('',(0.,0.,-1.));
#3941 = DIRECTION('',(5.31366276793E-06,0.999999999986,0.));
#3942 = ADVANCED_FACE('',(#3943),#3949,.F.);
#3943 = FACE_BOUND('',#3944,.T.);
#3944 = EDGE_LOOP('',(#3945,#3946,#3947,#3948));
#3945 = ORIENTED_EDGE('',*,*,#3931,.T.);
#3946 = ORIENTED_EDGE('',*,*,#2153,.T.);
#3947 = ORIENTED_EDGE('',*,*,#3912,.F.);
#3948 = ORIENTED_EDGE('',*,*,#1109,.F.);
#3949 = CYLINDRICAL_SURFACE('',#3950,0.499999729127);
#3950 = AXIS2_PLACEMENT_3D('',#3951,#3952,#3953);
#3951 = CARTESIAN_POINT('',(113.34896825432,-39.73944029088,0.));
#3952 = DIRECTION('',(-0.,-0.,-1.));
#3953 = DIRECTION('',(-0.504516781969,-0.863401885979,0.));
#3954 = ( GEOMETRIC_REPRESENTATION_CONTEXT(3) 
GLOBAL_UNCERTAINTY_ASSIGNED_CONTEXT((#3958)) 
GLOBAL_UNIT_ASSIGNED_CONTEXT((#3955,#3956,#3957)) REPRESENTATION_CONTEXT
('Context #1','3D Context with UNIT and UNCERTAINTY') );
#3955 = ( LENGTH_UNIT() NAMED_UNIT(*) SI_UNIT(.MILLI.,.METRE.) );
#3956 = ( NAMED_UNIT(*) PLANE_ANGLE_UNIT() SI_UNIT($,.RADIAN.) );
#3957 = ( NAMED_UNIT(*) SI_UNIT($,.STERADIAN.) SOLID_ANGLE_UNIT() );
#3958 = UNCERTAINTY_MEASURE_WITH_UNIT(LENGTH_MEASURE(1.E-07),#3955,
  'distance_accuracy_value','confusion accuracy');
#3959 = CONTEXT_DEPENDENT_SHAPE_REPRESENTATION(#3960,#3962);
#3960 = ( REPRESENTATION_RELATIONSHIP('','',#32,#10) 
REPRESENTATION_RELATIONSHIP_WITH_TRANSFORMATION(#3961) 
SHAPE_REPRESENTATION_RELATIONSHIP() );
#3961 = ITEM_DEFINED_TRANSFORMATION('','',#11,#15);
#3962 = PRODUCT_DEFINITION_SHAPE('Placement','Placement of an item',
  #3963);
#3963 = NEXT_ASSEMBLY_USAGE_OCCURRENCE('1','=>[0:1:1:2]','',#5,#27,$);
#3964 = PRODUCT_RELATED_PRODUCT_CATEGORY('part',$,(#29));
#3965 = MECHANICAL_DESIGN_GEOMETRIC_PRESENTATION_REPRESENTATION('',(
    #3966),#3954);
#3966 = STYLED_ITEM('color',(#3967),#33);
#3967 = PRESENTATION_STYLE_ASSIGNMENT((#3968));
#3968 = SURFACE_STYLE_USAGE(.BOTH.,#3969);
#3969 = SURFACE_SIDE_STYLE('',(#3970));
#3970 = SURFACE_STYLE_FILL_AREA(#3971);
#3971 = FILL_AREA_STYLE('',(#3972));
#3972 = FILL_AREA_STYLE_COLOUR('',#3973);
#3973 = COLOUR_RGB('',0.313304153717,0.484529207832,0.410020903123);
ENDSEC;
END-ISO-10303-21;
