ISO-10303-21;
HEADER;
/* Generated by software containing ST-Developer
 * from STEP Tools, Inc. (www.steptools.com) 
 */

FILE_DESCRIPTION(
/* description */ (''),
/* implementation_level */ '2;1');

FILE_NAME(
/* name */ '32x1 male header pins.step',
/* time_stamp */ '2026-05-12T17:14:21+05:30',
/* author */ (''),
/* organization */ (''),
/* preprocessor_version */ 'ST-DEVELOPER v20.1',
/* originating_system */ 'Autodesk Translation Framework v15.8.0.0',
/* authorisation */ '');

FILE_SCHEMA (('AUTOMOTIVE_DESIGN { 1 0 10303 214 3 1 1 }'));
ENDSEC;

DATA;
#10=MECHANICAL_DESIGN_GEOMETRIC_PRESENTATION_REPRESENTATION('',(#77,#78,
#79,#80,#81,#82,#83,#84,#85,#86,#87,#88,#89,#90,#91,#92,#93,#94,#95,#96,
#97,#98,#99,#100,#101,#102,#103,#104,#105,#106,#107,#108,#109),#18709);
#11=SHAPE_REPRESENTATION_RELATIONSHIP('SRR','None',#18716,#12);
#12=ADVANCED_BREP_SHAPE_REPRESENTATION('',(#110,#111,#112,#113,#114,#115,
#116,#117,#118,#119,#120,#121,#122,#123,#124,#125,#126,#127,#128,#129,#130,
#131,#132,#133,#134,#135,#136,#137,#138,#139,#140,#141,#142),#18708);
#13=FACE_BOUND('',#1110,.T.);
#14=FACE_BOUND('',#1111,.T.);
#15=FACE_BOUND('',#1112,.T.);
#16=FACE_BOUND('',#1113,.T.);
#17=FACE_BOUND('',#1114,.T.);
#18=FACE_BOUND('',#1115,.T.);
#19=FACE_BOUND('',#1116,.T.);
#20=FACE_BOUND('',#1117,.T.);
#21=FACE_BOUND('',#1118,.T.);
#22=FACE_BOUND('',#1119,.T.);
#23=FACE_BOUND('',#1120,.T.);
#24=FACE_BOUND('',#1121,.T.);
#25=FACE_BOUND('',#1122,.T.);
#26=FACE_BOUND('',#1123,.T.);
#27=FACE_BOUND('',#1124,.T.);
#28=FACE_BOUND('',#1125,.T.);
#29=FACE_BOUND('',#1126,.T.);
#30=FACE_BOUND('',#1127,.T.);
#31=FACE_BOUND('',#1128,.T.);
#32=FACE_BOUND('',#1129,.T.);
#33=FACE_BOUND('',#1130,.T.);
#34=FACE_BOUND('',#1131,.T.);
#35=FACE_BOUND('',#1132,.T.);
#36=FACE_BOUND('',#1133,.T.);
#37=FACE_BOUND('',#1134,.T.);
#38=FACE_BOUND('',#1135,.T.);
#39=FACE_BOUND('',#1136,.T.);
#40=FACE_BOUND('',#1137,.T.);
#41=FACE_BOUND('',#1138,.T.);
#42=FACE_BOUND('',#1139,.T.);
#43=FACE_BOUND('',#1140,.T.);
#44=FACE_BOUND('',#1141,.T.);
#45=FACE_BOUND('',#1153,.T.);
#46=FACE_BOUND('',#1154,.T.);
#47=FACE_BOUND('',#1155,.T.);
#48=FACE_BOUND('',#1156,.T.);
#49=FACE_BOUND('',#1157,.T.);
#50=FACE_BOUND('',#1158,.T.);
#51=FACE_BOUND('',#1159,.T.);
#52=FACE_BOUND('',#1160,.T.);
#53=FACE_BOUND('',#1161,.T.);
#54=FACE_BOUND('',#1162,.T.);
#55=FACE_BOUND('',#1163,.T.);
#56=FACE_BOUND('',#1164,.T.);
#57=FACE_BOUND('',#1165,.T.);
#58=FACE_BOUND('',#1166,.T.);
#59=FACE_BOUND('',#1167,.T.);
#60=FACE_BOUND('',#1168,.T.);
#61=FACE_BOUND('',#1169,.T.);
#62=FACE_BOUND('',#1170,.T.);
#63=FACE_BOUND('',#1171,.T.);
#64=FACE_BOUND('',#1172,.T.);
#65=FACE_BOUND('',#1173,.T.);
#66=FACE_BOUND('',#1174,.T.);
#67=FACE_BOUND('',#1175,.T.);
#68=FACE_BOUND('',#1176,.T.);
#69=FACE_BOUND('',#1177,.T.);
#70=FACE_BOUND('',#1178,.T.);
#71=FACE_BOUND('',#1179,.T.);
#72=FACE_BOUND('',#1180,.T.);
#73=FACE_BOUND('',#1181,.T.);
#74=FACE_BOUND('',#1182,.T.);
#75=FACE_BOUND('',#1183,.T.);
#76=FACE_BOUND('',#1184,.T.);
#77=STYLED_ITEM('',(#18726),#110);
#78=STYLED_ITEM('',(#18727),#111);
#79=STYLED_ITEM('',(#18726),#112);
#80=STYLED_ITEM('',(#18726),#113);
#81=STYLED_ITEM('',(#18726),#114);
#82=STYLED_ITEM('',(#18726),#115);
#83=STYLED_ITEM('',(#18726),#116);
#84=STYLED_ITEM('',(#18726),#117);
#85=STYLED_ITEM('',(#18726),#118);
#86=STYLED_ITEM('',(#18726),#119);
#87=STYLED_ITEM('',(#18726),#120);
#88=STYLED_ITEM('',(#18726),#121);
#89=STYLED_ITEM('',(#18726),#122);
#90=STYLED_ITEM('',(#18726),#123);
#91=STYLED_ITEM('',(#18726),#124);
#92=STYLED_ITEM('',(#18726),#125);
#93=STYLED_ITEM('',(#18726),#126);
#94=STYLED_ITEM('',(#18726),#127);
#95=STYLED_ITEM('',(#18726),#128);
#96=STYLED_ITEM('',(#18726),#129);
#97=STYLED_ITEM('',(#18726),#130);
#98=STYLED_ITEM('',(#18726),#131);
#99=STYLED_ITEM('',(#18726),#132);
#100=STYLED_ITEM('',(#18726),#133);
#101=STYLED_ITEM('',(#18726),#134);
#102=STYLED_ITEM('',(#18726),#135);
#103=STYLED_ITEM('',(#18726),#136);
#104=STYLED_ITEM('',(#18726),#137);
#105=STYLED_ITEM('',(#18726),#138);
#106=STYLED_ITEM('',(#18726),#139);
#107=STYLED_ITEM('',(#18726),#140);
#108=STYLED_ITEM('',(#18726),#141);
#109=STYLED_ITEM('',(#18726),#142);
#110=MANIFOLD_SOLID_BREP('Body1',#11841);
#111=MANIFOLD_SOLID_BREP('Body2',#11842);
#112=MANIFOLD_SOLID_BREP('Body3',#11843);
#113=MANIFOLD_SOLID_BREP('Body4',#11844);
#114=MANIFOLD_SOLID_BREP('Body5',#11845);
#115=MANIFOLD_SOLID_BREP('Body6',#11846);
#116=MANIFOLD_SOLID_BREP('Body7',#11847);
#117=MANIFOLD_SOLID_BREP('Body8',#11848);
#118=MANIFOLD_SOLID_BREP('Body9',#11849);
#119=MANIFOLD_SOLID_BREP('Body10',#11850);
#120=MANIFOLD_SOLID_BREP('Body11',#11851);
#121=MANIFOLD_SOLID_BREP('Body12',#11852);
#122=MANIFOLD_SOLID_BREP('Body13',#11853);
#123=MANIFOLD_SOLID_BREP('Body14',#11854);
#124=MANIFOLD_SOLID_BREP('Body15',#11855);
#125=MANIFOLD_SOLID_BREP('Body16',#11856);
#126=MANIFOLD_SOLID_BREP('Body17',#11857);
#127=MANIFOLD_SOLID_BREP('Body18',#11858);
#128=MANIFOLD_SOLID_BREP('Body19',#11859);
#129=MANIFOLD_SOLID_BREP('Body20',#11860);
#130=MANIFOLD_SOLID_BREP('Body21',#11861);
#131=MANIFOLD_SOLID_BREP('Body22',#11862);
#132=MANIFOLD_SOLID_BREP('Body23',#11863);
#133=MANIFOLD_SOLID_BREP('Body24',#11864);
#134=MANIFOLD_SOLID_BREP('Body25',#11865);
#135=MANIFOLD_SOLID_BREP('Body26',#11866);
#136=MANIFOLD_SOLID_BREP('Body27',#11867);
#137=MANIFOLD_SOLID_BREP('Body28',#11868);
#138=MANIFOLD_SOLID_BREP('Body29',#11869);
#139=MANIFOLD_SOLID_BREP('Body30',#11870);
#140=MANIFOLD_SOLID_BREP('Body31',#11871);
#141=MANIFOLD_SOLID_BREP('Body32',#11872);
#142=MANIFOLD_SOLID_BREP('Body33',#11873);
#143=FACE_OUTER_BOUND('',#787,.T.);
#144=FACE_OUTER_BOUND('',#788,.T.);
#145=FACE_OUTER_BOUND('',#789,.T.);
#146=FACE_OUTER_BOUND('',#790,.T.);
#147=FACE_OUTER_BOUND('',#791,.T.);
#148=FACE_OUTER_BOUND('',#792,.T.);
#149=FACE_OUTER_BOUND('',#793,.T.);
#150=FACE_OUTER_BOUND('',#794,.T.);
#151=FACE_OUTER_BOUND('',#795,.T.);
#152=FACE_OUTER_BOUND('',#796,.T.);
#153=FACE_OUTER_BOUND('',#797,.T.);
#154=FACE_OUTER_BOUND('',#798,.T.);
#155=FACE_OUTER_BOUND('',#799,.T.);
#156=FACE_OUTER_BOUND('',#800,.T.);
#157=FACE_OUTER_BOUND('',#801,.T.);
#158=FACE_OUTER_BOUND('',#802,.T.);
#159=FACE_OUTER_BOUND('',#803,.T.);
#160=FACE_OUTER_BOUND('',#804,.T.);
#161=FACE_OUTER_BOUND('',#805,.T.);
#162=FACE_OUTER_BOUND('',#806,.T.);
#163=FACE_OUTER_BOUND('',#807,.T.);
#164=FACE_OUTER_BOUND('',#808,.T.);
#165=FACE_OUTER_BOUND('',#809,.T.);
#166=FACE_OUTER_BOUND('',#810,.T.);
#167=FACE_OUTER_BOUND('',#811,.T.);
#168=FACE_OUTER_BOUND('',#812,.T.);
#169=FACE_OUTER_BOUND('',#813,.T.);
#170=FACE_OUTER_BOUND('',#814,.T.);
#171=FACE_OUTER_BOUND('',#815,.T.);
#172=FACE_OUTER_BOUND('',#816,.T.);
#173=FACE_OUTER_BOUND('',#817,.T.);
#174=FACE_OUTER_BOUND('',#818,.T.);
#175=FACE_OUTER_BOUND('',#819,.T.);
#176=FACE_OUTER_BOUND('',#820,.T.);
#177=FACE_OUTER_BOUND('',#821,.T.);
#178=FACE_OUTER_BOUND('',#822,.T.);
#179=FACE_OUTER_BOUND('',#823,.T.);
#180=FACE_OUTER_BOUND('',#824,.T.);
#181=FACE_OUTER_BOUND('',#825,.T.);
#182=FACE_OUTER_BOUND('',#826,.T.);
#183=FACE_OUTER_BOUND('',#827,.T.);
#184=FACE_OUTER_BOUND('',#828,.T.);
#185=FACE_OUTER_BOUND('',#829,.T.);
#186=FACE_OUTER_BOUND('',#830,.T.);
#187=FACE_OUTER_BOUND('',#831,.T.);
#188=FACE_OUTER_BOUND('',#832,.T.);
#189=FACE_OUTER_BOUND('',#833,.T.);
#190=FACE_OUTER_BOUND('',#834,.T.);
#191=FACE_OUTER_BOUND('',#835,.T.);
#192=FACE_OUTER_BOUND('',#836,.T.);
#193=FACE_OUTER_BOUND('',#837,.T.);
#194=FACE_OUTER_BOUND('',#838,.T.);
#195=FACE_OUTER_BOUND('',#839,.T.);
#196=FACE_OUTER_BOUND('',#840,.T.);
#197=FACE_OUTER_BOUND('',#841,.T.);
#198=FACE_OUTER_BOUND('',#842,.T.);
#199=FACE_OUTER_BOUND('',#843,.T.);
#200=FACE_OUTER_BOUND('',#844,.T.);
#201=FACE_OUTER_BOUND('',#845,.T.);
#202=FACE_OUTER_BOUND('',#846,.T.);
#203=FACE_OUTER_BOUND('',#847,.T.);
#204=FACE_OUTER_BOUND('',#848,.T.);
#205=FACE_OUTER_BOUND('',#849,.T.);
#206=FACE_OUTER_BOUND('',#850,.T.);
#207=FACE_OUTER_BOUND('',#851,.T.);
#208=FACE_OUTER_BOUND('',#852,.T.);
#209=FACE_OUTER_BOUND('',#853,.T.);
#210=FACE_OUTER_BOUND('',#854,.T.);
#211=FACE_OUTER_BOUND('',#855,.T.);
#212=FACE_OUTER_BOUND('',#856,.T.);
#213=FACE_OUTER_BOUND('',#857,.T.);
#214=FACE_OUTER_BOUND('',#858,.T.);
#215=FACE_OUTER_BOUND('',#859,.T.);
#216=FACE_OUTER_BOUND('',#860,.T.);
#217=FACE_OUTER_BOUND('',#861,.T.);
#218=FACE_OUTER_BOUND('',#862,.T.);
#219=FACE_OUTER_BOUND('',#863,.T.);
#220=FACE_OUTER_BOUND('',#864,.T.);
#221=FACE_OUTER_BOUND('',#865,.T.);
#222=FACE_OUTER_BOUND('',#866,.T.);
#223=FACE_OUTER_BOUND('',#867,.T.);
#224=FACE_OUTER_BOUND('',#868,.T.);
#225=FACE_OUTER_BOUND('',#869,.T.);
#226=FACE_OUTER_BOUND('',#870,.T.);
#227=FACE_OUTER_BOUND('',#871,.T.);
#228=FACE_OUTER_BOUND('',#872,.T.);
#229=FACE_OUTER_BOUND('',#873,.T.);
#230=FACE_OUTER_BOUND('',#874,.T.);
#231=FACE_OUTER_BOUND('',#875,.T.);
#232=FACE_OUTER_BOUND('',#876,.T.);
#233=FACE_OUTER_BOUND('',#877,.T.);
#234=FACE_OUTER_BOUND('',#878,.T.);
#235=FACE_OUTER_BOUND('',#879,.T.);
#236=FACE_OUTER_BOUND('',#880,.T.);
#237=FACE_OUTER_BOUND('',#881,.T.);
#238=FACE_OUTER_BOUND('',#882,.T.);
#239=FACE_OUTER_BOUND('',#883,.T.);
#240=FACE_OUTER_BOUND('',#884,.T.);
#241=FACE_OUTER_BOUND('',#885,.T.);
#242=FACE_OUTER_BOUND('',#886,.T.);
#243=FACE_OUTER_BOUND('',#887,.T.);
#244=FACE_OUTER_BOUND('',#888,.T.);
#245=FACE_OUTER_BOUND('',#889,.T.);
#246=FACE_OUTER_BOUND('',#890,.T.);
#247=FACE_OUTER_BOUND('',#891,.T.);
#248=FACE_OUTER_BOUND('',#892,.T.);
#249=FACE_OUTER_BOUND('',#893,.T.);
#250=FACE_OUTER_BOUND('',#894,.T.);
#251=FACE_OUTER_BOUND('',#895,.T.);
#252=FACE_OUTER_BOUND('',#896,.T.);
#253=FACE_OUTER_BOUND('',#897,.T.);
#254=FACE_OUTER_BOUND('',#898,.T.);
#255=FACE_OUTER_BOUND('',#899,.T.);
#256=FACE_OUTER_BOUND('',#900,.T.);
#257=FACE_OUTER_BOUND('',#901,.T.);
#258=FACE_OUTER_BOUND('',#902,.T.);
#259=FACE_OUTER_BOUND('',#903,.T.);
#260=FACE_OUTER_BOUND('',#904,.T.);
#261=FACE_OUTER_BOUND('',#905,.T.);
#262=FACE_OUTER_BOUND('',#906,.T.);
#263=FACE_OUTER_BOUND('',#907,.T.);
#264=FACE_OUTER_BOUND('',#908,.T.);
#265=FACE_OUTER_BOUND('',#909,.T.);
#266=FACE_OUTER_BOUND('',#910,.T.);
#267=FACE_OUTER_BOUND('',#911,.T.);
#268=FACE_OUTER_BOUND('',#912,.T.);
#269=FACE_OUTER_BOUND('',#913,.T.);
#270=FACE_OUTER_BOUND('',#914,.T.);
#271=FACE_OUTER_BOUND('',#915,.T.);
#272=FACE_OUTER_BOUND('',#916,.T.);
#273=FACE_OUTER_BOUND('',#917,.T.);
#274=FACE_OUTER_BOUND('',#918,.T.);
#275=FACE_OUTER_BOUND('',#919,.T.);
#276=FACE_OUTER_BOUND('',#920,.T.);
#277=FACE_OUTER_BOUND('',#921,.T.);
#278=FACE_OUTER_BOUND('',#922,.T.);
#279=FACE_OUTER_BOUND('',#923,.T.);
#280=FACE_OUTER_BOUND('',#924,.T.);
#281=FACE_OUTER_BOUND('',#925,.T.);
#282=FACE_OUTER_BOUND('',#926,.T.);
#283=FACE_OUTER_BOUND('',#927,.T.);
#284=FACE_OUTER_BOUND('',#928,.T.);
#285=FACE_OUTER_BOUND('',#929,.T.);
#286=FACE_OUTER_BOUND('',#930,.T.);
#287=FACE_OUTER_BOUND('',#931,.T.);
#288=FACE_OUTER_BOUND('',#932,.T.);
#289=FACE_OUTER_BOUND('',#933,.T.);
#290=FACE_OUTER_BOUND('',#934,.T.);
#291=FACE_OUTER_BOUND('',#935,.T.);
#292=FACE_OUTER_BOUND('',#936,.T.);
#293=FACE_OUTER_BOUND('',#937,.T.);
#294=FACE_OUTER_BOUND('',#938,.T.);
#295=FACE_OUTER_BOUND('',#939,.T.);
#296=FACE_OUTER_BOUND('',#940,.T.);
#297=FACE_OUTER_BOUND('',#941,.T.);
#298=FACE_OUTER_BOUND('',#942,.T.);
#299=FACE_OUTER_BOUND('',#943,.T.);
#300=FACE_OUTER_BOUND('',#944,.T.);
#301=FACE_OUTER_BOUND('',#945,.T.);
#302=FACE_OUTER_BOUND('',#946,.T.);
#303=FACE_OUTER_BOUND('',#947,.T.);
#304=FACE_OUTER_BOUND('',#948,.T.);
#305=FACE_OUTER_BOUND('',#949,.T.);
#306=FACE_OUTER_BOUND('',#950,.T.);
#307=FACE_OUTER_BOUND('',#951,.T.);
#308=FACE_OUTER_BOUND('',#952,.T.);
#309=FACE_OUTER_BOUND('',#953,.T.);
#310=FACE_OUTER_BOUND('',#954,.T.);
#311=FACE_OUTER_BOUND('',#955,.T.);
#312=FACE_OUTER_BOUND('',#956,.T.);
#313=FACE_OUTER_BOUND('',#957,.T.);
#314=FACE_OUTER_BOUND('',#958,.T.);
#315=FACE_OUTER_BOUND('',#959,.T.);
#316=FACE_OUTER_BOUND('',#960,.T.);
#317=FACE_OUTER_BOUND('',#961,.T.);
#318=FACE_OUTER_BOUND('',#962,.T.);
#319=FACE_OUTER_BOUND('',#963,.T.);
#320=FACE_OUTER_BOUND('',#964,.T.);
#321=FACE_OUTER_BOUND('',#965,.T.);
#322=FACE_OUTER_BOUND('',#966,.T.);
#323=FACE_OUTER_BOUND('',#967,.T.);
#324=FACE_OUTER_BOUND('',#968,.T.);
#325=FACE_OUTER_BOUND('',#969,.T.);
#326=FACE_OUTER_BOUND('',#970,.T.);
#327=FACE_OUTER_BOUND('',#971,.T.);
#328=FACE_OUTER_BOUND('',#972,.T.);
#329=FACE_OUTER_BOUND('',#973,.T.);
#330=FACE_OUTER_BOUND('',#974,.T.);
#331=FACE_OUTER_BOUND('',#975,.T.);
#332=FACE_OUTER_BOUND('',#976,.T.);
#333=FACE_OUTER_BOUND('',#977,.T.);
#334=FACE_OUTER_BOUND('',#978,.T.);
#335=FACE_OUTER_BOUND('',#979,.T.);
#336=FACE_OUTER_BOUND('',#980,.T.);
#337=FACE_OUTER_BOUND('',#981,.T.);
#338=FACE_OUTER_BOUND('',#982,.T.);
#339=FACE_OUTER_BOUND('',#983,.T.);
#340=FACE_OUTER_BOUND('',#984,.T.);
#341=FACE_OUTER_BOUND('',#985,.T.);
#342=FACE_OUTER_BOUND('',#986,.T.);
#343=FACE_OUTER_BOUND('',#987,.T.);
#344=FACE_OUTER_BOUND('',#988,.T.);
#345=FACE_OUTER_BOUND('',#989,.T.);
#346=FACE_OUTER_BOUND('',#990,.T.);
#347=FACE_OUTER_BOUND('',#991,.T.);
#348=FACE_OUTER_BOUND('',#992,.T.);
#349=FACE_OUTER_BOUND('',#993,.T.);
#350=FACE_OUTER_BOUND('',#994,.T.);
#351=FACE_OUTER_BOUND('',#995,.T.);
#352=FACE_OUTER_BOUND('',#996,.T.);
#353=FACE_OUTER_BOUND('',#997,.T.);
#354=FACE_OUTER_BOUND('',#998,.T.);
#355=FACE_OUTER_BOUND('',#999,.T.);
#356=FACE_OUTER_BOUND('',#1000,.T.);
#357=FACE_OUTER_BOUND('',#1001,.T.);
#358=FACE_OUTER_BOUND('',#1002,.T.);
#359=FACE_OUTER_BOUND('',#1003,.T.);
#360=FACE_OUTER_BOUND('',#1004,.T.);
#361=FACE_OUTER_BOUND('',#1005,.T.);
#362=FACE_OUTER_BOUND('',#1006,.T.);
#363=FACE_OUTER_BOUND('',#1007,.T.);
#364=FACE_OUTER_BOUND('',#1008,.T.);
#365=FACE_OUTER_BOUND('',#1009,.T.);
#366=FACE_OUTER_BOUND('',#1010,.T.);
#367=FACE_OUTER_BOUND('',#1011,.T.);
#368=FACE_OUTER_BOUND('',#1012,.T.);
#369=FACE_OUTER_BOUND('',#1013,.T.);
#370=FACE_OUTER_BOUND('',#1014,.T.);
#371=FACE_OUTER_BOUND('',#1015,.T.);
#372=FACE_OUTER_BOUND('',#1016,.T.);
#373=FACE_OUTER_BOUND('',#1017,.T.);
#374=FACE_OUTER_BOUND('',#1018,.T.);
#375=FACE_OUTER_BOUND('',#1019,.T.);
#376=FACE_OUTER_BOUND('',#1020,.T.);
#377=FACE_OUTER_BOUND('',#1021,.T.);
#378=FACE_OUTER_BOUND('',#1022,.T.);
#379=FACE_OUTER_BOUND('',#1023,.T.);
#380=FACE_OUTER_BOUND('',#1024,.T.);
#381=FACE_OUTER_BOUND('',#1025,.T.);
#382=FACE_OUTER_BOUND('',#1026,.T.);
#383=FACE_OUTER_BOUND('',#1027,.T.);
#384=FACE_OUTER_BOUND('',#1028,.T.);
#385=FACE_OUTER_BOUND('',#1029,.T.);
#386=FACE_OUTER_BOUND('',#1030,.T.);
#387=FACE_OUTER_BOUND('',#1031,.T.);
#388=FACE_OUTER_BOUND('',#1032,.T.);
#389=FACE_OUTER_BOUND('',#1033,.T.);
#390=FACE_OUTER_BOUND('',#1034,.T.);
#391=FACE_OUTER_BOUND('',#1035,.T.);
#392=FACE_OUTER_BOUND('',#1036,.T.);
#393=FACE_OUTER_BOUND('',#1037,.T.);
#394=FACE_OUTER_BOUND('',#1038,.T.);
#395=FACE_OUTER_BOUND('',#1039,.T.);
#396=FACE_OUTER_BOUND('',#1040,.T.);
#397=FACE_OUTER_BOUND('',#1041,.T.);
#398=FACE_OUTER_BOUND('',#1042,.T.);
#399=FACE_OUTER_BOUND('',#1043,.T.);
#400=FACE_OUTER_BOUND('',#1044,.T.);
#401=FACE_OUTER_BOUND('',#1045,.T.);
#402=FACE_OUTER_BOUND('',#1046,.T.);
#403=FACE_OUTER_BOUND('',#1047,.T.);
#404=FACE_OUTER_BOUND('',#1048,.T.);
#405=FACE_OUTER_BOUND('',#1049,.T.);
#406=FACE_OUTER_BOUND('',#1050,.T.);
#407=FACE_OUTER_BOUND('',#1051,.T.);
#408=FACE_OUTER_BOUND('',#1052,.T.);
#409=FACE_OUTER_BOUND('',#1053,.T.);
#410=FACE_OUTER_BOUND('',#1054,.T.);
#411=FACE_OUTER_BOUND('',#1055,.T.);
#412=FACE_OUTER_BOUND('',#1056,.T.);
#413=FACE_OUTER_BOUND('',#1057,.T.);
#414=FACE_OUTER_BOUND('',#1058,.T.);
#415=FACE_OUTER_BOUND('',#1059,.T.);
#416=FACE_OUTER_BOUND('',#1060,.T.);
#417=FACE_OUTER_BOUND('',#1061,.T.);
#418=FACE_OUTER_BOUND('',#1062,.T.);
#419=FACE_OUTER_BOUND('',#1063,.T.);
#420=FACE_OUTER_BOUND('',#1064,.T.);
#421=FACE_OUTER_BOUND('',#1065,.T.);
#422=FACE_OUTER_BOUND('',#1066,.T.);
#423=FACE_OUTER_BOUND('',#1067,.T.);
#424=FACE_OUTER_BOUND('',#1068,.T.);
#425=FACE_OUTER_BOUND('',#1069,.T.);
#426=FACE_OUTER_BOUND('',#1070,.T.);
#427=FACE_OUTER_BOUND('',#1071,.T.);
#428=FACE_OUTER_BOUND('',#1072,.T.);
#429=FACE_OUTER_BOUND('',#1073,.T.);
#430=FACE_OUTER_BOUND('',#1074,.T.);
#431=FACE_OUTER_BOUND('',#1075,.T.);
#432=FACE_OUTER_BOUND('',#1076,.T.);
#433=FACE_OUTER_BOUND('',#1077,.T.);
#434=FACE_OUTER_BOUND('',#1078,.T.);
#435=FACE_OUTER_BOUND('',#1079,.T.);
#436=FACE_OUTER_BOUND('',#1080,.T.);
#437=FACE_OUTER_BOUND('',#1081,.T.);
#438=FACE_OUTER_BOUND('',#1082,.T.);
#439=FACE_OUTER_BOUND('',#1083,.T.);
#440=FACE_OUTER_BOUND('',#1084,.T.);
#441=FACE_OUTER_BOUND('',#1085,.T.);
#442=FACE_OUTER_BOUND('',#1086,.T.);
#443=FACE_OUTER_BOUND('',#1087,.T.);
#444=FACE_OUTER_BOUND('',#1088,.T.);
#445=FACE_OUTER_BOUND('',#1089,.T.);
#446=FACE_OUTER_BOUND('',#1090,.T.);
#447=FACE_OUTER_BOUND('',#1091,.T.);
#448=FACE_OUTER_BOUND('',#1092,.T.);
#449=FACE_OUTER_BOUND('',#1093,.T.);
#450=FACE_OUTER_BOUND('',#1094,.T.);
#451=FACE_OUTER_BOUND('',#1095,.T.);
#452=FACE_OUTER_BOUND('',#1096,.T.);
#453=FACE_OUTER_BOUND('',#1097,.T.);
#454=FACE_OUTER_BOUND('',#1098,.T.);
#455=FACE_OUTER_BOUND('',#1099,.T.);
#456=FACE_OUTER_BOUND('',#1100,.T.);
#457=FACE_OUTER_BOUND('',#1101,.T.);
#458=FACE_OUTER_BOUND('',#1102,.T.);
#459=FACE_OUTER_BOUND('',#1103,.T.);
#460=FACE_OUTER_BOUND('',#1104,.T.);
#461=FACE_OUTER_BOUND('',#1105,.T.);
#462=FACE_OUTER_BOUND('',#1106,.T.);
#463=FACE_OUTER_BOUND('',#1107,.T.);
#464=FACE_OUTER_BOUND('',#1108,.T.);
#465=FACE_OUTER_BOUND('',#1109,.T.);
#466=FACE_OUTER_BOUND('',#1142,.T.);
#467=FACE_OUTER_BOUND('',#1143,.T.);
#468=FACE_OUTER_BOUND('',#1144,.T.);
#469=FACE_OUTER_BOUND('',#1145,.T.);
#470=FACE_OUTER_BOUND('',#1146,.T.);
#471=FACE_OUTER_BOUND('',#1147,.T.);
#472=FACE_OUTER_BOUND('',#1148,.T.);
#473=FACE_OUTER_BOUND('',#1149,.T.);
#474=FACE_OUTER_BOUND('',#1150,.T.);
#475=FACE_OUTER_BOUND('',#1151,.T.);
#476=FACE_OUTER_BOUND('',#1152,.T.);
#477=FACE_OUTER_BOUND('',#1185,.T.);
#478=FACE_OUTER_BOUND('',#1186,.T.);
#479=FACE_OUTER_BOUND('',#1187,.T.);
#480=FACE_OUTER_BOUND('',#1188,.T.);
#481=FACE_OUTER_BOUND('',#1189,.T.);
#482=FACE_OUTER_BOUND('',#1190,.T.);
#483=FACE_OUTER_BOUND('',#1191,.T.);
#484=FACE_OUTER_BOUND('',#1192,.T.);
#485=FACE_OUTER_BOUND('',#1193,.T.);
#486=FACE_OUTER_BOUND('',#1194,.T.);
#487=FACE_OUTER_BOUND('',#1195,.T.);
#488=FACE_OUTER_BOUND('',#1196,.T.);
#489=FACE_OUTER_BOUND('',#1197,.T.);
#490=FACE_OUTER_BOUND('',#1198,.T.);
#491=FACE_OUTER_BOUND('',#1199,.T.);
#492=FACE_OUTER_BOUND('',#1200,.T.);
#493=FACE_OUTER_BOUND('',#1201,.T.);
#494=FACE_OUTER_BOUND('',#1202,.T.);
#495=FACE_OUTER_BOUND('',#1203,.T.);
#496=FACE_OUTER_BOUND('',#1204,.T.);
#497=FACE_OUTER_BOUND('',#1205,.T.);
#498=FACE_OUTER_BOUND('',#1206,.T.);
#499=FACE_OUTER_BOUND('',#1207,.T.);
#500=FACE_OUTER_BOUND('',#1208,.T.);
#501=FACE_OUTER_BOUND('',#1209,.T.);
#502=FACE_OUTER_BOUND('',#1210,.T.);
#503=FACE_OUTER_BOUND('',#1211,.T.);
#504=FACE_OUTER_BOUND('',#1212,.T.);
#505=FACE_OUTER_BOUND('',#1213,.T.);
#506=FACE_OUTER_BOUND('',#1214,.T.);
#507=FACE_OUTER_BOUND('',#1215,.T.);
#508=FACE_OUTER_BOUND('',#1216,.T.);
#509=FACE_OUTER_BOUND('',#1217,.T.);
#510=FACE_OUTER_BOUND('',#1218,.T.);
#511=FACE_OUTER_BOUND('',#1219,.T.);
#512=FACE_OUTER_BOUND('',#1220,.T.);
#513=FACE_OUTER_BOUND('',#1221,.T.);
#514=FACE_OUTER_BOUND('',#1222,.T.);
#515=FACE_OUTER_BOUND('',#1223,.T.);
#516=FACE_OUTER_BOUND('',#1224,.T.);
#517=FACE_OUTER_BOUND('',#1225,.T.);
#518=FACE_OUTER_BOUND('',#1226,.T.);
#519=FACE_OUTER_BOUND('',#1227,.T.);
#520=FACE_OUTER_BOUND('',#1228,.T.);
#521=FACE_OUTER_BOUND('',#1229,.T.);
#522=FACE_OUTER_BOUND('',#1230,.T.);
#523=FACE_OUTER_BOUND('',#1231,.T.);
#524=FACE_OUTER_BOUND('',#1232,.T.);
#525=FACE_OUTER_BOUND('',#1233,.T.);
#526=FACE_OUTER_BOUND('',#1234,.T.);
#527=FACE_OUTER_BOUND('',#1235,.T.);
#528=FACE_OUTER_BOUND('',#1236,.T.);
#529=FACE_OUTER_BOUND('',#1237,.T.);
#530=FACE_OUTER_BOUND('',#1238,.T.);
#531=FACE_OUTER_BOUND('',#1239,.T.);
#532=FACE_OUTER_BOUND('',#1240,.T.);
#533=FACE_OUTER_BOUND('',#1241,.T.);
#534=FACE_OUTER_BOUND('',#1242,.T.);
#535=FACE_OUTER_BOUND('',#1243,.T.);
#536=FACE_OUTER_BOUND('',#1244,.T.);
#537=FACE_OUTER_BOUND('',#1245,.T.);
#538=FACE_OUTER_BOUND('',#1246,.T.);
#539=FACE_OUTER_BOUND('',#1247,.T.);
#540=FACE_OUTER_BOUND('',#1248,.T.);
#541=FACE_OUTER_BOUND('',#1249,.T.);
#542=FACE_OUTER_BOUND('',#1250,.T.);
#543=FACE_OUTER_BOUND('',#1251,.T.);
#544=FACE_OUTER_BOUND('',#1252,.T.);
#545=FACE_OUTER_BOUND('',#1253,.T.);
#546=FACE_OUTER_BOUND('',#1254,.T.);
#547=FACE_OUTER_BOUND('',#1255,.T.);
#548=FACE_OUTER_BOUND('',#1256,.T.);
#549=FACE_OUTER_BOUND('',#1257,.T.);
#550=FACE_OUTER_BOUND('',#1258,.T.);
#551=FACE_OUTER_BOUND('',#1259,.T.);
#552=FACE_OUTER_BOUND('',#1260,.T.);
#553=FACE_OUTER_BOUND('',#1261,.T.);
#554=FACE_OUTER_BOUND('',#1262,.T.);
#555=FACE_OUTER_BOUND('',#1263,.T.);
#556=FACE_OUTER_BOUND('',#1264,.T.);
#557=FACE_OUTER_BOUND('',#1265,.T.);
#558=FACE_OUTER_BOUND('',#1266,.T.);
#559=FACE_OUTER_BOUND('',#1267,.T.);
#560=FACE_OUTER_BOUND('',#1268,.T.);
#561=FACE_OUTER_BOUND('',#1269,.T.);
#562=FACE_OUTER_BOUND('',#1270,.T.);
#563=FACE_OUTER_BOUND('',#1271,.T.);
#564=FACE_OUTER_BOUND('',#1272,.T.);
#565=FACE_OUTER_BOUND('',#1273,.T.);
#566=FACE_OUTER_BOUND('',#1274,.T.);
#567=FACE_OUTER_BOUND('',#1275,.T.);
#568=FACE_OUTER_BOUND('',#1276,.T.);
#569=FACE_OUTER_BOUND('',#1277,.T.);
#570=FACE_OUTER_BOUND('',#1278,.T.);
#571=FACE_OUTER_BOUND('',#1279,.T.);
#572=FACE_OUTER_BOUND('',#1280,.T.);
#573=FACE_OUTER_BOUND('',#1281,.T.);
#574=FACE_OUTER_BOUND('',#1282,.T.);
#575=FACE_OUTER_BOUND('',#1283,.T.);
#576=FACE_OUTER_BOUND('',#1284,.T.);
#577=FACE_OUTER_BOUND('',#1285,.T.);
#578=FACE_OUTER_BOUND('',#1286,.T.);
#579=FACE_OUTER_BOUND('',#1287,.T.);
#580=FACE_OUTER_BOUND('',#1288,.T.);
#581=FACE_OUTER_BOUND('',#1289,.T.);
#582=FACE_OUTER_BOUND('',#1290,.T.);
#583=FACE_OUTER_BOUND('',#1291,.T.);
#584=FACE_OUTER_BOUND('',#1292,.T.);
#585=FACE_OUTER_BOUND('',#1293,.T.);
#586=FACE_OUTER_BOUND('',#1294,.T.);
#587=FACE_OUTER_BOUND('',#1295,.T.);
#588=FACE_OUTER_BOUND('',#1296,.T.);
#589=FACE_OUTER_BOUND('',#1297,.T.);
#590=FACE_OUTER_BOUND('',#1298,.T.);
#591=FACE_OUTER_BOUND('',#1299,.T.);
#592=FACE_OUTER_BOUND('',#1300,.T.);
#593=FACE_OUTER_BOUND('',#1301,.T.);
#594=FACE_OUTER_BOUND('',#1302,.T.);
#595=FACE_OUTER_BOUND('',#1303,.T.);
#596=FACE_OUTER_BOUND('',#1304,.T.);
#597=FACE_OUTER_BOUND('',#1305,.T.);
#598=FACE_OUTER_BOUND('',#1306,.T.);
#599=FACE_OUTER_BOUND('',#1307,.T.);
#600=FACE_OUTER_BOUND('',#1308,.T.);
#601=FACE_OUTER_BOUND('',#1309,.T.);
#602=FACE_OUTER_BOUND('',#1310,.T.);
#603=FACE_OUTER_BOUND('',#1311,.T.);
#604=FACE_OUTER_BOUND('',#1312,.T.);
#605=FACE_OUTER_BOUND('',#1313,.T.);
#606=FACE_OUTER_BOUND('',#1314,.T.);
#607=FACE_OUTER_BOUND('',#1315,.T.);
#608=FACE_OUTER_BOUND('',#1316,.T.);
#609=FACE_OUTER_BOUND('',#1317,.T.);
#610=FACE_OUTER_BOUND('',#1318,.T.);
#611=FACE_OUTER_BOUND('',#1319,.T.);
#612=FACE_OUTER_BOUND('',#1320,.T.);
#613=FACE_OUTER_BOUND('',#1321,.T.);
#614=FACE_OUTER_BOUND('',#1322,.T.);
#615=FACE_OUTER_BOUND('',#1323,.T.);
#616=FACE_OUTER_BOUND('',#1324,.T.);
#617=FACE_OUTER_BOUND('',#1325,.T.);
#618=FACE_OUTER_BOUND('',#1326,.T.);
#619=FACE_OUTER_BOUND('',#1327,.T.);
#620=FACE_OUTER_BOUND('',#1328,.T.);
#621=FACE_OUTER_BOUND('',#1329,.T.);
#622=FACE_OUTER_BOUND('',#1330,.T.);
#623=FACE_OUTER_BOUND('',#1331,.T.);
#624=FACE_OUTER_BOUND('',#1332,.T.);
#625=FACE_OUTER_BOUND('',#1333,.T.);
#626=FACE_OUTER_BOUND('',#1334,.T.);
#627=FACE_OUTER_BOUND('',#1335,.T.);
#628=FACE_OUTER_BOUND('',#1336,.T.);
#629=FACE_OUTER_BOUND('',#1337,.T.);
#630=FACE_OUTER_BOUND('',#1338,.T.);
#631=FACE_OUTER_BOUND('',#1339,.T.);
#632=FACE_OUTER_BOUND('',#1340,.T.);
#633=FACE_OUTER_BOUND('',#1341,.T.);
#634=FACE_OUTER_BOUND('',#1342,.T.);
#635=FACE_OUTER_BOUND('',#1343,.T.);
#636=FACE_OUTER_BOUND('',#1344,.T.);
#637=FACE_OUTER_BOUND('',#1345,.T.);
#638=FACE_OUTER_BOUND('',#1346,.T.);
#639=FACE_OUTER_BOUND('',#1347,.T.);
#640=FACE_OUTER_BOUND('',#1348,.T.);
#641=FACE_OUTER_BOUND('',#1349,.T.);
#642=FACE_OUTER_BOUND('',#1350,.T.);
#643=FACE_OUTER_BOUND('',#1351,.T.);
#644=FACE_OUTER_BOUND('',#1352,.T.);
#645=FACE_OUTER_BOUND('',#1353,.T.);
#646=FACE_OUTER_BOUND('',#1354,.T.);
#647=FACE_OUTER_BOUND('',#1355,.T.);
#648=FACE_OUTER_BOUND('',#1356,.T.);
#649=FACE_OUTER_BOUND('',#1357,.T.);
#650=FACE_OUTER_BOUND('',#1358,.T.);
#651=FACE_OUTER_BOUND('',#1359,.T.);
#652=FACE_OUTER_BOUND('',#1360,.T.);
#653=FACE_OUTER_BOUND('',#1361,.T.);
#654=FACE_OUTER_BOUND('',#1362,.T.);
#655=FACE_OUTER_BOUND('',#1363,.T.);
#656=FACE_OUTER_BOUND('',#1364,.T.);
#657=FACE_OUTER_BOUND('',#1365,.T.);
#658=FACE_OUTER_BOUND('',#1366,.T.);
#659=FACE_OUTER_BOUND('',#1367,.T.);
#660=FACE_OUTER_BOUND('',#1368,.T.);
#661=FACE_OUTER_BOUND('',#1369,.T.);
#662=FACE_OUTER_BOUND('',#1370,.T.);
#663=FACE_OUTER_BOUND('',#1371,.T.);
#664=FACE_OUTER_BOUND('',#1372,.T.);
#665=FACE_OUTER_BOUND('',#1373,.T.);
#666=FACE_OUTER_BOUND('',#1374,.T.);
#667=FACE_OUTER_BOUND('',#1375,.T.);
#668=FACE_OUTER_BOUND('',#1376,.T.);
#669=FACE_OUTER_BOUND('',#1377,.T.);
#670=FACE_OUTER_BOUND('',#1378,.T.);
#671=FACE_OUTER_BOUND('',#1379,.T.);
#672=FACE_OUTER_BOUND('',#1380,.T.);
#673=FACE_OUTER_BOUND('',#1381,.T.);
#674=FACE_OUTER_BOUND('',#1382,.T.);
#675=FACE_OUTER_BOUND('',#1383,.T.);
#676=FACE_OUTER_BOUND('',#1384,.T.);
#677=FACE_OUTER_BOUND('',#1385,.T.);
#678=FACE_OUTER_BOUND('',#1386,.T.);
#679=FACE_OUTER_BOUND('',#1387,.T.);
#680=FACE_OUTER_BOUND('',#1388,.T.);
#681=FACE_OUTER_BOUND('',#1389,.T.);
#682=FACE_OUTER_BOUND('',#1390,.T.);
#683=FACE_OUTER_BOUND('',#1391,.T.);
#684=FACE_OUTER_BOUND('',#1392,.T.);
#685=FACE_OUTER_BOUND('',#1393,.T.);
#686=FACE_OUTER_BOUND('',#1394,.T.);
#687=FACE_OUTER_BOUND('',#1395,.T.);
#688=FACE_OUTER_BOUND('',#1396,.T.);
#689=FACE_OUTER_BOUND('',#1397,.T.);
#690=FACE_OUTER_BOUND('',#1398,.T.);
#691=FACE_OUTER_BOUND('',#1399,.T.);
#692=FACE_OUTER_BOUND('',#1400,.T.);
#693=FACE_OUTER_BOUND('',#1401,.T.);
#694=FACE_OUTER_BOUND('',#1402,.T.);
#695=FACE_OUTER_BOUND('',#1403,.T.);
#696=FACE_OUTER_BOUND('',#1404,.T.);
#697=FACE_OUTER_BOUND('',#1405,.T.);
#698=FACE_OUTER_BOUND('',#1406,.T.);
#699=FACE_OUTER_BOUND('',#1407,.T.);
#700=FACE_OUTER_BOUND('',#1408,.T.);
#701=FACE_OUTER_BOUND('',#1409,.T.);
#702=FACE_OUTER_BOUND('',#1410,.T.);
#703=FACE_OUTER_BOUND('',#1411,.T.);
#704=FACE_OUTER_BOUND('',#1412,.T.);
#705=FACE_OUTER_BOUND('',#1413,.T.);
#706=FACE_OUTER_BOUND('',#1414,.T.);
#707=FACE_OUTER_BOUND('',#1415,.T.);
#708=FACE_OUTER_BOUND('',#1416,.T.);
#709=FACE_OUTER_BOUND('',#1417,.T.);
#710=FACE_OUTER_BOUND('',#1418,.T.);
#711=FACE_OUTER_BOUND('',#1419,.T.);
#712=FACE_OUTER_BOUND('',#1420,.T.);
#713=FACE_OUTER_BOUND('',#1421,.T.);
#714=FACE_OUTER_BOUND('',#1422,.T.);
#715=FACE_OUTER_BOUND('',#1423,.T.);
#716=FACE_OUTER_BOUND('',#1424,.T.);
#717=FACE_OUTER_BOUND('',#1425,.T.);
#718=FACE_OUTER_BOUND('',#1426,.T.);
#719=FACE_OUTER_BOUND('',#1427,.T.);
#720=FACE_OUTER_BOUND('',#1428,.T.);
#721=FACE_OUTER_BOUND('',#1429,.T.);
#722=FACE_OUTER_BOUND('',#1430,.T.);
#723=FACE_OUTER_BOUND('',#1431,.T.);
#724=FACE_OUTER_BOUND('',#1432,.T.);
#725=FACE_OUTER_BOUND('',#1433,.T.);
#726=FACE_OUTER_BOUND('',#1434,.T.);
#727=FACE_OUTER_BOUND('',#1435,.T.);
#728=FACE_OUTER_BOUND('',#1436,.T.);
#729=FACE_OUTER_BOUND('',#1437,.T.);
#730=FACE_OUTER_BOUND('',#1438,.T.);
#731=FACE_OUTER_BOUND('',#1439,.T.);
#732=FACE_OUTER_BOUND('',#1440,.T.);
#733=FACE_OUTER_BOUND('',#1441,.T.);
#734=FACE_OUTER_BOUND('',#1442,.T.);
#735=FACE_OUTER_BOUND('',#1443,.T.);
#736=FACE_OUTER_BOUND('',#1444,.T.);
#737=FACE_OUTER_BOUND('',#1445,.T.);
#738=FACE_OUTER_BOUND('',#1446,.T.);
#739=FACE_OUTER_BOUND('',#1447,.T.);
#740=FACE_OUTER_BOUND('',#1448,.T.);
#741=FACE_OUTER_BOUND('',#1449,.T.);
#742=FACE_OUTER_BOUND('',#1450,.T.);
#743=FACE_OUTER_BOUND('',#1451,.T.);
#744=FACE_OUTER_BOUND('',#1452,.T.);
#745=FACE_OUTER_BOUND('',#1453,.T.);
#746=FACE_OUTER_BOUND('',#1454,.T.);
#747=FACE_OUTER_BOUND('',#1455,.T.);
#748=FACE_OUTER_BOUND('',#1456,.T.);
#749=FACE_OUTER_BOUND('',#1457,.T.);
#750=FACE_OUTER_BOUND('',#1458,.T.);
#751=FACE_OUTER_BOUND('',#1459,.T.);
#752=FACE_OUTER_BOUND('',#1460,.T.);
#753=FACE_OUTER_BOUND('',#1461,.T.);
#754=FACE_OUTER_BOUND('',#1462,.T.);
#755=FACE_OUTER_BOUND('',#1463,.T.);
#756=FACE_OUTER_BOUND('',#1464,.T.);
#757=FACE_OUTER_BOUND('',#1465,.T.);
#758=FACE_OUTER_BOUND('',#1466,.T.);
#759=FACE_OUTER_BOUND('',#1467,.T.);
#760=FACE_OUTER_BOUND('',#1468,.T.);
#761=FACE_OUTER_BOUND('',#1469,.T.);
#762=FACE_OUTER_BOUND('',#1470,.T.);
#763=FACE_OUTER_BOUND('',#1471,.T.);
#764=FACE_OUTER_BOUND('',#1472,.T.);
#765=FACE_OUTER_BOUND('',#1473,.T.);
#766=FACE_OUTER_BOUND('',#1474,.T.);
#767=FACE_OUTER_BOUND('',#1475,.T.);
#768=FACE_OUTER_BOUND('',#1476,.T.);
#769=FACE_OUTER_BOUND('',#1477,.T.);
#770=FACE_OUTER_BOUND('',#1478,.T.);
#771=FACE_OUTER_BOUND('',#1479,.T.);
#772=FACE_OUTER_BOUND('',#1480,.T.);
#773=FACE_OUTER_BOUND('',#1481,.T.);
#774=FACE_OUTER_BOUND('',#1482,.T.);
#775=FACE_OUTER_BOUND('',#1483,.T.);
#776=FACE_OUTER_BOUND('',#1484,.T.);
#777=FACE_OUTER_BOUND('',#1485,.T.);
#778=FACE_OUTER_BOUND('',#1486,.T.);
#779=FACE_OUTER_BOUND('',#1487,.T.);
#780=FACE_OUTER_BOUND('',#1488,.T.);
#781=FACE_OUTER_BOUND('',#1489,.T.);
#782=FACE_OUTER_BOUND('',#1490,.T.);
#783=FACE_OUTER_BOUND('',#1491,.T.);
#784=FACE_OUTER_BOUND('',#1492,.T.);
#785=FACE_OUTER_BOUND('',#1493,.T.);
#786=FACE_OUTER_BOUND('',#1494,.T.);
#787=EDGE_LOOP('',(#7341,#7342,#7343,#7344));
#788=EDGE_LOOP('',(#7345,#7346,#7347,#7348));
#789=EDGE_LOOP('',(#7349,#7350,#7351,#7352));
#790=EDGE_LOOP('',(#7353,#7354,#7355,#7356));
#791=EDGE_LOOP('',(#7357,#7358,#7359,#7360));
#792=EDGE_LOOP('',(#7361,#7362,#7363,#7364));
#793=EDGE_LOOP('',(#7365,#7366,#7367,#7368));
#794=EDGE_LOOP('',(#7369,#7370,#7371,#7372));
#795=EDGE_LOOP('',(#7373,#7374,#7375,#7376));
#796=EDGE_LOOP('',(#7377,#7378,#7379,#7380));
#797=EDGE_LOOP('',(#7381,#7382,#7383,#7384));
#798=EDGE_LOOP('',(#7385,#7386,#7387,#7388));
#799=EDGE_LOOP('',(#7389,#7390,#7391,#7392));
#800=EDGE_LOOP('',(#7393,#7394,#7395,#7396));
#801=EDGE_LOOP('',(#7397,#7398,#7399,#7400));
#802=EDGE_LOOP('',(#7401,#7402,#7403,#7404));
#803=EDGE_LOOP('',(#7405,#7406,#7407,#7408));
#804=EDGE_LOOP('',(#7409,#7410,#7411,#7412));
#805=EDGE_LOOP('',(#7413,#7414,#7415,#7416));
#806=EDGE_LOOP('',(#7417,#7418,#7419,#7420));
#807=EDGE_LOOP('',(#7421,#7422,#7423,#7424));
#808=EDGE_LOOP('',(#7425,#7426,#7427,#7428));
#809=EDGE_LOOP('',(#7429,#7430,#7431,#7432));
#810=EDGE_LOOP('',(#7433,#7434,#7435,#7436));
#811=EDGE_LOOP('',(#7437,#7438,#7439,#7440));
#812=EDGE_LOOP('',(#7441,#7442,#7443,#7444));
#813=EDGE_LOOP('',(#7445,#7446,#7447,#7448));
#814=EDGE_LOOP('',(#7449,#7450,#7451,#7452));
#815=EDGE_LOOP('',(#7453,#7454,#7455,#7456));
#816=EDGE_LOOP('',(#7457,#7458,#7459,#7460));
#817=EDGE_LOOP('',(#7461,#7462,#7463,#7464));
#818=EDGE_LOOP('',(#7465,#7466,#7467,#7468));
#819=EDGE_LOOP('',(#7469,#7470,#7471,#7472));
#820=EDGE_LOOP('',(#7473,#7474,#7475,#7476));
#821=EDGE_LOOP('',(#7477,#7478,#7479,#7480));
#822=EDGE_LOOP('',(#7481,#7482,#7483,#7484));
#823=EDGE_LOOP('',(#7485,#7486,#7487,#7488));
#824=EDGE_LOOP('',(#7489,#7490,#7491,#7492));
#825=EDGE_LOOP('',(#7493,#7494,#7495,#7496));
#826=EDGE_LOOP('',(#7497,#7498,#7499,#7500));
#827=EDGE_LOOP('',(#7501,#7502,#7503,#7504));
#828=EDGE_LOOP('',(#7505,#7506,#7507,#7508));
#829=EDGE_LOOP('',(#7509,#7510,#7511,#7512));
#830=EDGE_LOOP('',(#7513,#7514,#7515,#7516));
#831=EDGE_LOOP('',(#7517,#7518,#7519,#7520));
#832=EDGE_LOOP('',(#7521,#7522,#7523,#7524));
#833=EDGE_LOOP('',(#7525,#7526,#7527,#7528));
#834=EDGE_LOOP('',(#7529,#7530,#7531,#7532));
#835=EDGE_LOOP('',(#7533,#7534,#7535,#7536));
#836=EDGE_LOOP('',(#7537,#7538,#7539,#7540));
#837=EDGE_LOOP('',(#7541,#7542,#7543,#7544));
#838=EDGE_LOOP('',(#7545,#7546,#7547,#7548));
#839=EDGE_LOOP('',(#7549,#7550,#7551,#7552));
#840=EDGE_LOOP('',(#7553,#7554,#7555,#7556));
#841=EDGE_LOOP('',(#7557,#7558,#7559,#7560));
#842=EDGE_LOOP('',(#7561,#7562,#7563,#7564));
#843=EDGE_LOOP('',(#7565,#7566,#7567,#7568));
#844=EDGE_LOOP('',(#7569,#7570,#7571,#7572));
#845=EDGE_LOOP('',(#7573,#7574,#7575,#7576));
#846=EDGE_LOOP('',(#7577,#7578,#7579,#7580));
#847=EDGE_LOOP('',(#7581,#7582,#7583,#7584));
#848=EDGE_LOOP('',(#7585,#7586,#7587,#7588));
#849=EDGE_LOOP('',(#7589,#7590,#7591,#7592));
#850=EDGE_LOOP('',(#7593,#7594,#7595,#7596));
#851=EDGE_LOOP('',(#7597,#7598,#7599,#7600));
#852=EDGE_LOOP('',(#7601,#7602,#7603,#7604));
#853=EDGE_LOOP('',(#7605,#7606,#7607,#7608));
#854=EDGE_LOOP('',(#7609,#7610,#7611,#7612));
#855=EDGE_LOOP('',(#7613,#7614,#7615,#7616));
#856=EDGE_LOOP('',(#7617,#7618,#7619,#7620));
#857=EDGE_LOOP('',(#7621,#7622,#7623,#7624));
#858=EDGE_LOOP('',(#7625,#7626,#7627,#7628));
#859=EDGE_LOOP('',(#7629,#7630,#7631,#7632));
#860=EDGE_LOOP('',(#7633,#7634,#7635,#7636));
#861=EDGE_LOOP('',(#7637,#7638,#7639,#7640));
#862=EDGE_LOOP('',(#7641,#7642,#7643,#7644));
#863=EDGE_LOOP('',(#7645,#7646,#7647,#7648));
#864=EDGE_LOOP('',(#7649,#7650,#7651,#7652));
#865=EDGE_LOOP('',(#7653,#7654,#7655,#7656));
#866=EDGE_LOOP('',(#7657,#7658,#7659,#7660));
#867=EDGE_LOOP('',(#7661,#7662,#7663,#7664));
#868=EDGE_LOOP('',(#7665,#7666,#7667,#7668));
#869=EDGE_LOOP('',(#7669,#7670,#7671,#7672));
#870=EDGE_LOOP('',(#7673,#7674,#7675,#7676));
#871=EDGE_LOOP('',(#7677,#7678,#7679,#7680));
#872=EDGE_LOOP('',(#7681,#7682,#7683,#7684));
#873=EDGE_LOOP('',(#7685,#7686,#7687,#7688));
#874=EDGE_LOOP('',(#7689,#7690,#7691,#7692));
#875=EDGE_LOOP('',(#7693,#7694,#7695,#7696));
#876=EDGE_LOOP('',(#7697,#7698,#7699,#7700));
#877=EDGE_LOOP('',(#7701,#7702,#7703,#7704));
#878=EDGE_LOOP('',(#7705,#7706,#7707,#7708));
#879=EDGE_LOOP('',(#7709,#7710,#7711,#7712));
#880=EDGE_LOOP('',(#7713,#7714,#7715,#7716));
#881=EDGE_LOOP('',(#7717,#7718,#7719,#7720));
#882=EDGE_LOOP('',(#7721,#7722,#7723,#7724));
#883=EDGE_LOOP('',(#7725,#7726,#7727,#7728));
#884=EDGE_LOOP('',(#7729,#7730,#7731,#7732));
#885=EDGE_LOOP('',(#7733,#7734,#7735,#7736));
#886=EDGE_LOOP('',(#7737,#7738,#7739,#7740));
#887=EDGE_LOOP('',(#7741,#7742,#7743,#7744));
#888=EDGE_LOOP('',(#7745,#7746,#7747,#7748));
#889=EDGE_LOOP('',(#7749,#7750,#7751,#7752));
#890=EDGE_LOOP('',(#7753,#7754,#7755,#7756));
#891=EDGE_LOOP('',(#7757,#7758,#7759,#7760));
#892=EDGE_LOOP('',(#7761,#7762,#7763,#7764));
#893=EDGE_LOOP('',(#7765,#7766,#7767,#7768));
#894=EDGE_LOOP('',(#7769,#7770,#7771,#7772));
#895=EDGE_LOOP('',(#7773,#7774,#7775,#7776));
#896=EDGE_LOOP('',(#7777,#7778,#7779,#7780));
#897=EDGE_LOOP('',(#7781,#7782,#7783,#7784));
#898=EDGE_LOOP('',(#7785,#7786,#7787,#7788));
#899=EDGE_LOOP('',(#7789,#7790,#7791,#7792));
#900=EDGE_LOOP('',(#7793,#7794,#7795,#7796));
#901=EDGE_LOOP('',(#7797,#7798,#7799,#7800));
#902=EDGE_LOOP('',(#7801,#7802,#7803,#7804));
#903=EDGE_LOOP('',(#7805,#7806,#7807,#7808));
#904=EDGE_LOOP('',(#7809,#7810,#7811,#7812));
#905=EDGE_LOOP('',(#7813,#7814,#7815,#7816));
#906=EDGE_LOOP('',(#7817,#7818,#7819,#7820));
#907=EDGE_LOOP('',(#7821,#7822,#7823,#7824));
#908=EDGE_LOOP('',(#7825,#7826,#7827,#7828));
#909=EDGE_LOOP('',(#7829,#7830,#7831,#7832));
#910=EDGE_LOOP('',(#7833,#7834,#7835,#7836));
#911=EDGE_LOOP('',(#7837,#7838,#7839,#7840));
#912=EDGE_LOOP('',(#7841,#7842,#7843,#7844));
#913=EDGE_LOOP('',(#7845,#7846,#7847,#7848));
#914=EDGE_LOOP('',(#7849,#7850,#7851,#7852));
#915=EDGE_LOOP('',(#7853,#7854,#7855,#7856));
#916=EDGE_LOOP('',(#7857,#7858,#7859,#7860));
#917=EDGE_LOOP('',(#7861,#7862,#7863,#7864));
#918=EDGE_LOOP('',(#7865,#7866,#7867,#7868));
#919=EDGE_LOOP('',(#7869,#7870,#7871,#7872));
#920=EDGE_LOOP('',(#7873,#7874,#7875,#7876));
#921=EDGE_LOOP('',(#7877,#7878,#7879,#7880));
#922=EDGE_LOOP('',(#7881,#7882,#7883,#7884));
#923=EDGE_LOOP('',(#7885,#7886,#7887,#7888));
#924=EDGE_LOOP('',(#7889,#7890,#7891,#7892));
#925=EDGE_LOOP('',(#7893,#7894,#7895,#7896));
#926=EDGE_LOOP('',(#7897,#7898,#7899,#7900));
#927=EDGE_LOOP('',(#7901,#7902,#7903,#7904));
#928=EDGE_LOOP('',(#7905,#7906,#7907,#7908));
#929=EDGE_LOOP('',(#7909,#7910,#7911,#7912));
#930=EDGE_LOOP('',(#7913,#7914,#7915,#7916));
#931=EDGE_LOOP('',(#7917,#7918,#7919,#7920));
#932=EDGE_LOOP('',(#7921,#7922,#7923,#7924));
#933=EDGE_LOOP('',(#7925,#7926,#7927,#7928));
#934=EDGE_LOOP('',(#7929,#7930,#7931,#7932));
#935=EDGE_LOOP('',(#7933,#7934,#7935,#7936));
#936=EDGE_LOOP('',(#7937,#7938,#7939,#7940));
#937=EDGE_LOOP('',(#7941,#7942,#7943,#7944));
#938=EDGE_LOOP('',(#7945,#7946,#7947,#7948));
#939=EDGE_LOOP('',(#7949,#7950,#7951,#7952));
#940=EDGE_LOOP('',(#7953,#7954,#7955,#7956));
#941=EDGE_LOOP('',(#7957,#7958,#7959,#7960));
#942=EDGE_LOOP('',(#7961,#7962,#7963,#7964));
#943=EDGE_LOOP('',(#7965,#7966,#7967,#7968));
#944=EDGE_LOOP('',(#7969,#7970,#7971,#7972));
#945=EDGE_LOOP('',(#7973,#7974,#7975,#7976));
#946=EDGE_LOOP('',(#7977,#7978,#7979,#7980));
#947=EDGE_LOOP('',(#7981,#7982,#7983,#7984));
#948=EDGE_LOOP('',(#7985,#7986,#7987,#7988));
#949=EDGE_LOOP('',(#7989,#7990,#7991,#7992));
#950=EDGE_LOOP('',(#7993,#7994,#7995,#7996));
#951=EDGE_LOOP('',(#7997,#7998,#7999,#8000));
#952=EDGE_LOOP('',(#8001,#8002,#8003,#8004));
#953=EDGE_LOOP('',(#8005,#8006,#8007,#8008));
#954=EDGE_LOOP('',(#8009,#8010,#8011,#8012));
#955=EDGE_LOOP('',(#8013,#8014,#8015,#8016));
#956=EDGE_LOOP('',(#8017,#8018,#8019,#8020));
#957=EDGE_LOOP('',(#8021,#8022,#8023,#8024));
#958=EDGE_LOOP('',(#8025,#8026,#8027,#8028));
#959=EDGE_LOOP('',(#8029,#8030,#8031,#8032));
#960=EDGE_LOOP('',(#8033,#8034,#8035,#8036));
#961=EDGE_LOOP('',(#8037,#8038,#8039,#8040));
#962=EDGE_LOOP('',(#8041,#8042,#8043,#8044));
#963=EDGE_LOOP('',(#8045,#8046,#8047,#8048));
#964=EDGE_LOOP('',(#8049,#8050,#8051,#8052));
#965=EDGE_LOOP('',(#8053,#8054,#8055,#8056));
#966=EDGE_LOOP('',(#8057,#8058,#8059,#8060));
#967=EDGE_LOOP('',(#8061,#8062,#8063,#8064));
#968=EDGE_LOOP('',(#8065,#8066,#8067,#8068));
#969=EDGE_LOOP('',(#8069,#8070,#8071,#8072));
#970=EDGE_LOOP('',(#8073,#8074,#8075,#8076));
#971=EDGE_LOOP('',(#8077,#8078,#8079,#8080));
#972=EDGE_LOOP('',(#8081,#8082,#8083,#8084));
#973=EDGE_LOOP('',(#8085,#8086,#8087,#8088));
#974=EDGE_LOOP('',(#8089,#8090,#8091,#8092));
#975=EDGE_LOOP('',(#8093,#8094,#8095,#8096));
#976=EDGE_LOOP('',(#8097,#8098,#8099,#8100));
#977=EDGE_LOOP('',(#8101,#8102,#8103,#8104));
#978=EDGE_LOOP('',(#8105,#8106,#8107,#8108));
#979=EDGE_LOOP('',(#8109,#8110,#8111,#8112));
#980=EDGE_LOOP('',(#8113,#8114,#8115,#8116));
#981=EDGE_LOOP('',(#8117,#8118,#8119,#8120));
#982=EDGE_LOOP('',(#8121,#8122,#8123,#8124));
#983=EDGE_LOOP('',(#8125,#8126,#8127,#8128));
#984=EDGE_LOOP('',(#8129,#8130,#8131,#8132));
#985=EDGE_LOOP('',(#8133,#8134,#8135,#8136));
#986=EDGE_LOOP('',(#8137,#8138,#8139,#8140));
#987=EDGE_LOOP('',(#8141,#8142,#8143,#8144));
#988=EDGE_LOOP('',(#8145,#8146,#8147,#8148));
#989=EDGE_LOOP('',(#8149,#8150,#8151,#8152));
#990=EDGE_LOOP('',(#8153,#8154,#8155,#8156));
#991=EDGE_LOOP('',(#8157,#8158,#8159,#8160));
#992=EDGE_LOOP('',(#8161,#8162,#8163,#8164));
#993=EDGE_LOOP('',(#8165,#8166,#8167,#8168));
#994=EDGE_LOOP('',(#8169,#8170,#8171,#8172));
#995=EDGE_LOOP('',(#8173,#8174,#8175,#8176));
#996=EDGE_LOOP('',(#8177,#8178,#8179,#8180));
#997=EDGE_LOOP('',(#8181,#8182,#8183,#8184));
#998=EDGE_LOOP('',(#8185,#8186,#8187,#8188));
#999=EDGE_LOOP('',(#8189,#8190,#8191,#8192));
#1000=EDGE_LOOP('',(#8193,#8194,#8195,#8196));
#1001=EDGE_LOOP('',(#8197,#8198,#8199,#8200));
#1002=EDGE_LOOP('',(#8201,#8202,#8203,#8204));
#1003=EDGE_LOOP('',(#8205,#8206,#8207,#8208));
#1004=EDGE_LOOP('',(#8209,#8210,#8211,#8212));
#1005=EDGE_LOOP('',(#8213,#8214,#8215,#8216));
#1006=EDGE_LOOP('',(#8217,#8218,#8219,#8220));
#1007=EDGE_LOOP('',(#8221,#8222,#8223,#8224));
#1008=EDGE_LOOP('',(#8225,#8226,#8227,#8228));
#1009=EDGE_LOOP('',(#8229,#8230,#8231,#8232));
#1010=EDGE_LOOP('',(#8233,#8234,#8235,#8236));
#1011=EDGE_LOOP('',(#8237,#8238,#8239,#8240));
#1012=EDGE_LOOP('',(#8241,#8242,#8243,#8244));
#1013=EDGE_LOOP('',(#8245,#8246,#8247,#8248));
#1014=EDGE_LOOP('',(#8249,#8250,#8251,#8252));
#1015=EDGE_LOOP('',(#8253,#8254,#8255,#8256));
#1016=EDGE_LOOP('',(#8257,#8258,#8259,#8260));
#1017=EDGE_LOOP('',(#8261,#8262,#8263,#8264));
#1018=EDGE_LOOP('',(#8265,#8266,#8267,#8268));
#1019=EDGE_LOOP('',(#8269,#8270,#8271,#8272));
#1020=EDGE_LOOP('',(#8273,#8274,#8275,#8276));
#1021=EDGE_LOOP('',(#8277,#8278,#8279,#8280));
#1022=EDGE_LOOP('',(#8281,#8282,#8283,#8284));
#1023=EDGE_LOOP('',(#8285,#8286,#8287,#8288));
#1024=EDGE_LOOP('',(#8289,#8290,#8291,#8292));
#1025=EDGE_LOOP('',(#8293,#8294,#8295,#8296));
#1026=EDGE_LOOP('',(#8297,#8298,#8299,#8300));
#1027=EDGE_LOOP('',(#8301,#8302,#8303,#8304));
#1028=EDGE_LOOP('',(#8305,#8306,#8307,#8308));
#1029=EDGE_LOOP('',(#8309,#8310,#8311,#8312));
#1030=EDGE_LOOP('',(#8313,#8314,#8315,#8316));
#1031=EDGE_LOOP('',(#8317,#8318,#8319,#8320));
#1032=EDGE_LOOP('',(#8321,#8322,#8323,#8324));
#1033=EDGE_LOOP('',(#8325,#8326,#8327,#8328));
#1034=EDGE_LOOP('',(#8329,#8330,#8331,#8332));
#1035=EDGE_LOOP('',(#8333,#8334,#8335,#8336));
#1036=EDGE_LOOP('',(#8337,#8338,#8339,#8340));
#1037=EDGE_LOOP('',(#8341,#8342,#8343,#8344));
#1038=EDGE_LOOP('',(#8345,#8346,#8347,#8348));
#1039=EDGE_LOOP('',(#8349,#8350,#8351,#8352));
#1040=EDGE_LOOP('',(#8353,#8354,#8355,#8356));
#1041=EDGE_LOOP('',(#8357,#8358,#8359,#8360));
#1042=EDGE_LOOP('',(#8361,#8362,#8363,#8364));
#1043=EDGE_LOOP('',(#8365,#8366,#8367,#8368));
#1044=EDGE_LOOP('',(#8369,#8370,#8371,#8372));
#1045=EDGE_LOOP('',(#8373,#8374,#8375,#8376));
#1046=EDGE_LOOP('',(#8377,#8378,#8379,#8380));
#1047=EDGE_LOOP('',(#8381,#8382,#8383,#8384));
#1048=EDGE_LOOP('',(#8385,#8386,#8387,#8388));
#1049=EDGE_LOOP('',(#8389,#8390,#8391,#8392));
#1050=EDGE_LOOP('',(#8393,#8394,#8395,#8396));
#1051=EDGE_LOOP('',(#8397,#8398,#8399,#8400));
#1052=EDGE_LOOP('',(#8401,#8402,#8403,#8404));
#1053=EDGE_LOOP('',(#8405,#8406,#8407,#8408));
#1054=EDGE_LOOP('',(#8409,#8410,#8411,#8412));
#1055=EDGE_LOOP('',(#8413,#8414,#8415,#8416));
#1056=EDGE_LOOP('',(#8417,#8418,#8419,#8420));
#1057=EDGE_LOOP('',(#8421,#8422,#8423,#8424));
#1058=EDGE_LOOP('',(#8425,#8426,#8427,#8428));
#1059=EDGE_LOOP('',(#8429,#8430,#8431,#8432));
#1060=EDGE_LOOP('',(#8433,#8434,#8435,#8436));
#1061=EDGE_LOOP('',(#8437,#8438,#8439,#8440));
#1062=EDGE_LOOP('',(#8441,#8442,#8443,#8444));
#1063=EDGE_LOOP('',(#8445,#8446,#8447,#8448));
#1064=EDGE_LOOP('',(#8449,#8450,#8451,#8452));
#1065=EDGE_LOOP('',(#8453,#8454,#8455,#8456));
#1066=EDGE_LOOP('',(#8457,#8458,#8459,#8460));
#1067=EDGE_LOOP('',(#8461,#8462,#8463,#8464));
#1068=EDGE_LOOP('',(#8465,#8466,#8467,#8468));
#1069=EDGE_LOOP('',(#8469,#8470,#8471,#8472));
#1070=EDGE_LOOP('',(#8473,#8474,#8475,#8476));
#1071=EDGE_LOOP('',(#8477,#8478,#8479,#8480));
#1072=EDGE_LOOP('',(#8481,#8482,#8483,#8484));
#1073=EDGE_LOOP('',(#8485,#8486,#8487,#8488));
#1074=EDGE_LOOP('',(#8489,#8490,#8491,#8492));
#1075=EDGE_LOOP('',(#8493,#8494,#8495,#8496));
#1076=EDGE_LOOP('',(#8497,#8498,#8499,#8500));
#1077=EDGE_LOOP('',(#8501,#8502,#8503,#8504));
#1078=EDGE_LOOP('',(#8505,#8506,#8507,#8508));
#1079=EDGE_LOOP('',(#8509,#8510,#8511,#8512));
#1080=EDGE_LOOP('',(#8513,#8514,#8515,#8516));
#1081=EDGE_LOOP('',(#8517,#8518,#8519,#8520));
#1082=EDGE_LOOP('',(#8521,#8522,#8523,#8524));
#1083=EDGE_LOOP('',(#8525,#8526,#8527,#8528));
#1084=EDGE_LOOP('',(#8529,#8530,#8531,#8532));
#1085=EDGE_LOOP('',(#8533,#8534,#8535,#8536));
#1086=EDGE_LOOP('',(#8537,#8538,#8539,#8540));
#1087=EDGE_LOOP('',(#8541,#8542,#8543,#8544));
#1088=EDGE_LOOP('',(#8545,#8546,#8547,#8548));
#1089=EDGE_LOOP('',(#8549,#8550,#8551,#8552));
#1090=EDGE_LOOP('',(#8553,#8554,#8555,#8556));
#1091=EDGE_LOOP('',(#8557,#8558,#8559,#8560));
#1092=EDGE_LOOP('',(#8561,#8562,#8563,#8564));
#1093=EDGE_LOOP('',(#8565,#8566,#8567,#8568));
#1094=EDGE_LOOP('',(#8569,#8570,#8571,#8572));
#1095=EDGE_LOOP('',(#8573,#8574,#8575,#8576));
#1096=EDGE_LOOP('',(#8577,#8578,#8579,#8580));
#1097=EDGE_LOOP('',(#8581,#8582,#8583,#8584));
#1098=EDGE_LOOP('',(#8585,#8586,#8587,#8588));
#1099=EDGE_LOOP('',(#8589,#8590,#8591,#8592));
#1100=EDGE_LOOP('',(#8593,#8594,#8595,#8596));
#1101=EDGE_LOOP('',(#8597,#8598,#8599,#8600));
#1102=EDGE_LOOP('',(#8601,#8602,#8603,#8604));
#1103=EDGE_LOOP('',(#8605,#8606,#8607,#8608));
#1104=EDGE_LOOP('',(#8609,#8610,#8611,#8612));
#1105=EDGE_LOOP('',(#8613,#8614,#8615,#8616));
#1106=EDGE_LOOP('',(#8617,#8618,#8619,#8620));
#1107=EDGE_LOOP('',(#8621,#8622,#8623,#8624));
#1108=EDGE_LOOP('',(#8625,#8626,#8627,#8628));
#1109=EDGE_LOOP('',(#8629,#8630,#8631,#8632,#8633,#8634,#8635,#8636,#8637,
#8638,#8639,#8640,#8641,#8642,#8643,#8644,#8645,#8646,#8647,#8648,#8649,
#8650,#8651,#8652,#8653,#8654,#8655,#8656,#8657,#8658,#8659,#8660,#8661,
#8662,#8663,#8664,#8665,#8666,#8667,#8668,#8669,#8670,#8671,#8672,#8673,
#8674,#8675,#8676,#8677,#8678,#8679,#8680,#8681,#8682,#8683,#8684,#8685,
#8686,#8687,#8688,#8689,#8690,#8691,#8692,#8693,#8694,#8695,#8696,#8697,
#8698,#8699,#8700,#8701,#8702,#8703,#8704,#8705,#8706,#8707,#8708,#8709,
#8710,#8711,#8712,#8713,#8714,#8715,#8716,#8717,#8718,#8719,#8720,#8721,
#8722,#8723,#8724,#8725,#8726,#8727,#8728,#8729,#8730,#8731,#8732,#8733,
#8734,#8735,#8736,#8737,#8738,#8739,#8740,#8741,#8742,#8743,#8744,#8745,
#8746,#8747,#8748,#8749,#8750,#8751,#8752,#8753,#8754,#8755,#8756,#8757,
#8758,#8759,#8760,#8761,#8762,#8763,#8764,#8765,#8766,#8767,#8768,#8769,
#8770,#8771,#8772,#8773,#8774,#8775,#8776,#8777,#8778,#8779,#8780,#8781,
#8782,#8783,#8784,#8785,#8786,#8787,#8788,#8789,#8790,#8791,#8792,#8793,
#8794,#8795,#8796,#8797,#8798,#8799,#8800,#8801,#8802,#8803,#8804,#8805,
#8806,#8807,#8808,#8809,#8810,#8811,#8812,#8813,#8814,#8815,#8816,#8817,
#8818,#8819,#8820,#8821,#8822));
#1110=EDGE_LOOP('',(#8823,#8824,#8825,#8826));
#1111=EDGE_LOOP('',(#8827,#8828,#8829,#8830));
#1112=EDGE_LOOP('',(#8831,#8832,#8833,#8834));
#1113=EDGE_LOOP('',(#8835,#8836,#8837,#8838));
#1114=EDGE_LOOP('',(#8839,#8840,#8841,#8842));
#1115=EDGE_LOOP('',(#8843,#8844,#8845,#8846));
#1116=EDGE_LOOP('',(#8847,#8848,#8849,#8850));
#1117=EDGE_LOOP('',(#8851,#8852,#8853,#8854));
#1118=EDGE_LOOP('',(#8855,#8856,#8857,#8858));
#1119=EDGE_LOOP('',(#8859,#8860,#8861,#8862));
#1120=EDGE_LOOP('',(#8863,#8864,#8865,#8866));
#1121=EDGE_LOOP('',(#8867,#8868,#8869,#8870));
#1122=EDGE_LOOP('',(#8871,#8872,#8873,#8874));
#1123=EDGE_LOOP('',(#8875,#8876,#8877,#8878));
#1124=EDGE_LOOP('',(#8879,#8880,#8881,#8882));
#1125=EDGE_LOOP('',(#8883,#8884,#8885,#8886));
#1126=EDGE_LOOP('',(#8887,#8888,#8889,#8890));
#1127=EDGE_LOOP('',(#8891,#8892,#8893,#8894));
#1128=EDGE_LOOP('',(#8895,#8896,#8897,#8898));
#1129=EDGE_LOOP('',(#8899,#8900,#8901,#8902));
#1130=EDGE_LOOP('',(#8903,#8904,#8905,#8906));
#1131=EDGE_LOOP('',(#8907,#8908,#8909,#8910));
#1132=EDGE_LOOP('',(#8911,#8912,#8913,#8914));
#1133=EDGE_LOOP('',(#8915,#8916,#8917,#8918));
#1134=EDGE_LOOP('',(#8919,#8920,#8921,#8922));
#1135=EDGE_LOOP('',(#8923,#8924,#8925,#8926));
#1136=EDGE_LOOP('',(#8927,#8928,#8929,#8930));
#1137=EDGE_LOOP('',(#8931,#8932,#8933,#8934));
#1138=EDGE_LOOP('',(#8935,#8936,#8937,#8938));
#1139=EDGE_LOOP('',(#8939,#8940,#8941,#8942));
#1140=EDGE_LOOP('',(#8943,#8944,#8945,#8946));
#1141=EDGE_LOOP('',(#8947,#8948,#8949,#8950));
#1142=EDGE_LOOP('',(#8951,#8952,#8953,#8954));
#1143=EDGE_LOOP('',(#8955,#8956,#8957,#8958));
#1144=EDGE_LOOP('',(#8959,#8960,#8961,#8962));
#1145=EDGE_LOOP('',(#8963,#8964,#8965,#8966));
#1146=EDGE_LOOP('',(#8967,#8968,#8969,#8970));
#1147=EDGE_LOOP('',(#8971,#8972,#8973,#8974));
#1148=EDGE_LOOP('',(#8975,#8976,#8977,#8978));
#1149=EDGE_LOOP('',(#8979,#8980,#8981,#8982));
#1150=EDGE_LOOP('',(#8983,#8984,#8985,#8986));
#1151=EDGE_LOOP('',(#8987,#8988,#8989,#8990));
#1152=EDGE_LOOP('',(#8991,#8992,#8993,#8994,#8995,#8996,#8997,#8998,#8999,
#9000,#9001,#9002,#9003,#9004,#9005,#9006,#9007,#9008,#9009,#9010,#9011,
#9012,#9013,#9014,#9015,#9016,#9017,#9018,#9019,#9020,#9021,#9022,#9023,
#9024,#9025,#9026,#9027,#9028,#9029,#9030,#9031,#9032,#9033,#9034,#9035,
#9036,#9037,#9038,#9039,#9040,#9041,#9042,#9043,#9044,#9045,#9046,#9047,
#9048,#9049,#9050,#9051,#9052,#9053,#9054,#9055,#9056,#9057,#9058,#9059,
#9060,#9061,#9062,#9063,#9064,#9065,#9066,#9067,#9068,#9069,#9070,#9071,
#9072,#9073,#9074,#9075,#9076,#9077,#9078,#9079,#9080,#9081,#9082,#9083,
#9084,#9085,#9086,#9087,#9088,#9089,#9090,#9091,#9092,#9093,#9094,#9095,
#9096,#9097,#9098,#9099,#9100,#9101,#9102,#9103,#9104,#9105,#9106,#9107,
#9108,#9109,#9110,#9111,#9112,#9113,#9114,#9115,#9116,#9117,#9118,#9119,
#9120,#9121,#9122,#9123,#9124,#9125,#9126,#9127,#9128,#9129,#9130,#9131,
#9132,#9133,#9134,#9135,#9136,#9137,#9138,#9139,#9140,#9141,#9142,#9143,
#9144,#9145,#9146,#9147,#9148,#9149,#9150,#9151,#9152,#9153,#9154,#9155,
#9156,#9157,#9158,#9159,#9160,#9161,#9162,#9163,#9164,#9165,#9166,#9167,
#9168,#9169,#9170,#9171,#9172,#9173,#9174,#9175,#9176,#9177,#9178,#9179,
#9180,#9181,#9182,#9183,#9184));
#1153=EDGE_LOOP('',(#9185,#9186,#9187,#9188));
#1154=EDGE_LOOP('',(#9189,#9190,#9191,#9192));
#1155=EDGE_LOOP('',(#9193,#9194,#9195,#9196));
#1156=EDGE_LOOP('',(#9197,#9198,#9199,#9200));
#1157=EDGE_LOOP('',(#9201,#9202,#9203,#9204));
#1158=EDGE_LOOP('',(#9205,#9206,#9207,#9208));
#1159=EDGE_LOOP('',(#9209,#9210,#9211,#9212));
#1160=EDGE_LOOP('',(#9213,#9214,#9215,#9216));
#1161=EDGE_LOOP('',(#9217,#9218,#9219,#9220));
#1162=EDGE_LOOP('',(#9221,#9222,#9223,#9224));
#1163=EDGE_LOOP('',(#9225,#9226,#9227,#9228));
#1164=EDGE_LOOP('',(#9229,#9230,#9231,#9232));
#1165=EDGE_LOOP('',(#9233,#9234,#9235,#9236));
#1166=EDGE_LOOP('',(#9237,#9238,#9239,#9240));
#1167=EDGE_LOOP('',(#9241,#9242,#9243,#9244));
#1168=EDGE_LOOP('',(#9245,#9246,#9247,#9248));
#1169=EDGE_LOOP('',(#9249,#9250,#9251,#9252));
#1170=EDGE_LOOP('',(#9253,#9254,#9255,#9256));
#1171=EDGE_LOOP('',(#9257,#9258,#9259,#9260));
#1172=EDGE_LOOP('',(#9261,#9262,#9263,#9264));
#1173=EDGE_LOOP('',(#9265,#9266,#9267,#9268));
#1174=EDGE_LOOP('',(#9269,#9270,#9271,#9272));
#1175=EDGE_LOOP('',(#9273,#9274,#9275,#9276));
#1176=EDGE_LOOP('',(#9277,#9278,#9279,#9280));
#1177=EDGE_LOOP('',(#9281,#9282,#9283,#9284));
#1178=EDGE_LOOP('',(#9285,#9286,#9287,#9288));
#1179=EDGE_LOOP('',(#9289,#9290,#9291,#9292));
#1180=EDGE_LOOP('',(#9293,#9294,#9295,#9296));
#1181=EDGE_LOOP('',(#9297,#9298,#9299,#9300));
#1182=EDGE_LOOP('',(#9301,#9302,#9303,#9304));
#1183=EDGE_LOOP('',(#9305,#9306,#9307,#9308));
#1184=EDGE_LOOP('',(#9309,#9310,#9311,#9312));
#1185=EDGE_LOOP('',(#9313,#9314,#9315,#9316));
#1186=EDGE_LOOP('',(#9317,#9318,#9319,#9320));
#1187=EDGE_LOOP('',(#9321,#9322,#9323,#9324));
#1188=EDGE_LOOP('',(#9325,#9326,#9327,#9328));
#1189=EDGE_LOOP('',(#9329,#9330,#9331,#9332));
#1190=EDGE_LOOP('',(#9333,#9334,#9335,#9336));
#1191=EDGE_LOOP('',(#9337,#9338,#9339,#9340));
#1192=EDGE_LOOP('',(#9341,#9342,#9343,#9344));
#1193=EDGE_LOOP('',(#9345,#9346,#9347,#9348));
#1194=EDGE_LOOP('',(#9349,#9350,#9351,#9352));
#1195=EDGE_LOOP('',(#9353,#9354,#9355,#9356));
#1196=EDGE_LOOP('',(#9357,#9358,#9359,#9360));
#1197=EDGE_LOOP('',(#9361,#9362,#9363,#9364));
#1198=EDGE_LOOP('',(#9365,#9366,#9367,#9368));
#1199=EDGE_LOOP('',(#9369,#9370,#9371,#9372));
#1200=EDGE_LOOP('',(#9373,#9374,#9375,#9376));
#1201=EDGE_LOOP('',(#9377,#9378,#9379,#9380));
#1202=EDGE_LOOP('',(#9381,#9382,#9383,#9384));
#1203=EDGE_LOOP('',(#9385,#9386,#9387,#9388));
#1204=EDGE_LOOP('',(#9389,#9390,#9391,#9392));
#1205=EDGE_LOOP('',(#9393,#9394,#9395,#9396));
#1206=EDGE_LOOP('',(#9397,#9398,#9399,#9400));
#1207=EDGE_LOOP('',(#9401,#9402,#9403,#9404));
#1208=EDGE_LOOP('',(#9405,#9406,#9407,#9408));
#1209=EDGE_LOOP('',(#9409,#9410,#9411,#9412));
#1210=EDGE_LOOP('',(#9413,#9414,#9415,#9416));
#1211=EDGE_LOOP('',(#9417,#9418,#9419,#9420));
#1212=EDGE_LOOP('',(#9421,#9422,#9423,#9424));
#1213=EDGE_LOOP('',(#9425,#9426,#9427,#9428));
#1214=EDGE_LOOP('',(#9429,#9430,#9431,#9432));
#1215=EDGE_LOOP('',(#9433,#9434,#9435,#9436));
#1216=EDGE_LOOP('',(#9437,#9438,#9439,#9440));
#1217=EDGE_LOOP('',(#9441,#9442,#9443,#9444));
#1218=EDGE_LOOP('',(#9445,#9446,#9447,#9448));
#1219=EDGE_LOOP('',(#9449,#9450,#9451,#9452));
#1220=EDGE_LOOP('',(#9453,#9454,#9455,#9456));
#1221=EDGE_LOOP('',(#9457,#9458,#9459,#9460));
#1222=EDGE_LOOP('',(#9461,#9462,#9463,#9464));
#1223=EDGE_LOOP('',(#9465,#9466,#9467,#9468));
#1224=EDGE_LOOP('',(#9469,#9470,#9471,#9472));
#1225=EDGE_LOOP('',(#9473,#9474,#9475,#9476));
#1226=EDGE_LOOP('',(#9477,#9478,#9479,#9480));
#1227=EDGE_LOOP('',(#9481,#9482,#9483,#9484));
#1228=EDGE_LOOP('',(#9485,#9486,#9487,#9488));
#1229=EDGE_LOOP('',(#9489,#9490,#9491,#9492));
#1230=EDGE_LOOP('',(#9493,#9494,#9495,#9496));
#1231=EDGE_LOOP('',(#9497,#9498,#9499,#9500));
#1232=EDGE_LOOP('',(#9501,#9502,#9503,#9504));
#1233=EDGE_LOOP('',(#9505,#9506,#9507,#9508));
#1234=EDGE_LOOP('',(#9509,#9510,#9511,#9512));
#1235=EDGE_LOOP('',(#9513,#9514,#9515,#9516));
#1236=EDGE_LOOP('',(#9517,#9518,#9519,#9520));
#1237=EDGE_LOOP('',(#9521,#9522,#9523,#9524));
#1238=EDGE_LOOP('',(#9525,#9526,#9527,#9528));
#1239=EDGE_LOOP('',(#9529,#9530,#9531,#9532));
#1240=EDGE_LOOP('',(#9533,#9534,#9535,#9536));
#1241=EDGE_LOOP('',(#9537,#9538,#9539,#9540));
#1242=EDGE_LOOP('',(#9541,#9542,#9543,#9544));
#1243=EDGE_LOOP('',(#9545,#9546,#9547,#9548));
#1244=EDGE_LOOP('',(#9549,#9550,#9551,#9552));
#1245=EDGE_LOOP('',(#9553,#9554,#9555,#9556));
#1246=EDGE_LOOP('',(#9557,#9558,#9559,#9560));
#1247=EDGE_LOOP('',(#9561,#9562,#9563,#9564));
#1248=EDGE_LOOP('',(#9565,#9566,#9567,#9568));
#1249=EDGE_LOOP('',(#9569,#9570,#9571,#9572));
#1250=EDGE_LOOP('',(#9573,#9574,#9575,#9576));
#1251=EDGE_LOOP('',(#9577,#9578,#9579,#9580));
#1252=EDGE_LOOP('',(#9581,#9582,#9583,#9584));
#1253=EDGE_LOOP('',(#9585,#9586,#9587,#9588));
#1254=EDGE_LOOP('',(#9589,#9590,#9591,#9592));
#1255=EDGE_LOOP('',(#9593,#9594,#9595,#9596));
#1256=EDGE_LOOP('',(#9597,#9598,#9599,#9600));
#1257=EDGE_LOOP('',(#9601,#9602,#9603,#9604));
#1258=EDGE_LOOP('',(#9605,#9606,#9607,#9608));
#1259=EDGE_LOOP('',(#9609,#9610,#9611,#9612));
#1260=EDGE_LOOP('',(#9613,#9614,#9615,#9616));
#1261=EDGE_LOOP('',(#9617,#9618,#9619,#9620));
#1262=EDGE_LOOP('',(#9621,#9622,#9623,#9624));
#1263=EDGE_LOOP('',(#9625,#9626,#9627,#9628));
#1264=EDGE_LOOP('',(#9629,#9630,#9631,#9632));
#1265=EDGE_LOOP('',(#9633,#9634,#9635,#9636));
#1266=EDGE_LOOP('',(#9637,#9638,#9639,#9640));
#1267=EDGE_LOOP('',(#9641,#9642,#9643,#9644));
#1268=EDGE_LOOP('',(#9645,#9646,#9647,#9648));
#1269=EDGE_LOOP('',(#9649,#9650,#9651,#9652));
#1270=EDGE_LOOP('',(#9653,#9654,#9655,#9656));
#1271=EDGE_LOOP('',(#9657,#9658,#9659,#9660));
#1272=EDGE_LOOP('',(#9661,#9662,#9663,#9664));
#1273=EDGE_LOOP('',(#9665,#9666,#9667,#9668));
#1274=EDGE_LOOP('',(#9669,#9670,#9671,#9672));
#1275=EDGE_LOOP('',(#9673,#9674,#9675,#9676));
#1276=EDGE_LOOP('',(#9677,#9678,#9679,#9680));
#1277=EDGE_LOOP('',(#9681,#9682,#9683,#9684));
#1278=EDGE_LOOP('',(#9685,#9686,#9687,#9688));
#1279=EDGE_LOOP('',(#9689,#9690,#9691,#9692));
#1280=EDGE_LOOP('',(#9693,#9694,#9695,#9696));
#1281=EDGE_LOOP('',(#9697,#9698,#9699,#9700));
#1282=EDGE_LOOP('',(#9701,#9702,#9703,#9704));
#1283=EDGE_LOOP('',(#9705,#9706,#9707,#9708));
#1284=EDGE_LOOP('',(#9709,#9710,#9711,#9712));
#1285=EDGE_LOOP('',(#9713,#9714,#9715,#9716));
#1286=EDGE_LOOP('',(#9717,#9718,#9719,#9720));
#1287=EDGE_LOOP('',(#9721,#9722,#9723,#9724));
#1288=EDGE_LOOP('',(#9725,#9726,#9727,#9728));
#1289=EDGE_LOOP('',(#9729,#9730,#9731,#9732));
#1290=EDGE_LOOP('',(#9733,#9734,#9735,#9736));
#1291=EDGE_LOOP('',(#9737,#9738,#9739,#9740));
#1292=EDGE_LOOP('',(#9741,#9742,#9743,#9744));
#1293=EDGE_LOOP('',(#9745,#9746,#9747,#9748));
#1294=EDGE_LOOP('',(#9749,#9750,#9751,#9752));
#1295=EDGE_LOOP('',(#9753,#9754,#9755,#9756));
#1296=EDGE_LOOP('',(#9757,#9758,#9759,#9760));
#1297=EDGE_LOOP('',(#9761,#9762,#9763,#9764));
#1298=EDGE_LOOP('',(#9765,#9766,#9767,#9768));
#1299=EDGE_LOOP('',(#9769,#9770,#9771,#9772));
#1300=EDGE_LOOP('',(#9773,#9774,#9775,#9776));
#1301=EDGE_LOOP('',(#9777,#9778,#9779,#9780));
#1302=EDGE_LOOP('',(#9781,#9782,#9783,#9784));
#1303=EDGE_LOOP('',(#9785,#9786,#9787,#9788));
#1304=EDGE_LOOP('',(#9789,#9790,#9791,#9792));
#1305=EDGE_LOOP('',(#9793,#9794,#9795,#9796));
#1306=EDGE_LOOP('',(#9797,#9798,#9799,#9800));
#1307=EDGE_LOOP('',(#9801,#9802,#9803,#9804));
#1308=EDGE_LOOP('',(#9805,#9806,#9807,#9808));
#1309=EDGE_LOOP('',(#9809,#9810,#9811,#9812));
#1310=EDGE_LOOP('',(#9813,#9814,#9815,#9816));
#1311=EDGE_LOOP('',(#9817,#9818,#9819,#9820));
#1312=EDGE_LOOP('',(#9821,#9822,#9823,#9824));
#1313=EDGE_LOOP('',(#9825,#9826,#9827,#9828));
#1314=EDGE_LOOP('',(#9829,#9830,#9831,#9832));
#1315=EDGE_LOOP('',(#9833,#9834,#9835,#9836));
#1316=EDGE_LOOP('',(#9837,#9838,#9839,#9840));
#1317=EDGE_LOOP('',(#9841,#9842,#9843,#9844));
#1318=EDGE_LOOP('',(#9845,#9846,#9847,#9848));
#1319=EDGE_LOOP('',(#9849,#9850,#9851,#9852));
#1320=EDGE_LOOP('',(#9853,#9854,#9855,#9856));
#1321=EDGE_LOOP('',(#9857,#9858,#9859,#9860));
#1322=EDGE_LOOP('',(#9861,#9862,#9863,#9864));
#1323=EDGE_LOOP('',(#9865,#9866,#9867,#9868));
#1324=EDGE_LOOP('',(#9869,#9870,#9871,#9872));
#1325=EDGE_LOOP('',(#9873,#9874,#9875,#9876));
#1326=EDGE_LOOP('',(#9877,#9878,#9879,#9880));
#1327=EDGE_LOOP('',(#9881,#9882,#9883,#9884));
#1328=EDGE_LOOP('',(#9885,#9886,#9887,#9888));
#1329=EDGE_LOOP('',(#9889,#9890,#9891,#9892));
#1330=EDGE_LOOP('',(#9893,#9894,#9895,#9896));
#1331=EDGE_LOOP('',(#9897,#9898,#9899,#9900));
#1332=EDGE_LOOP('',(#9901,#9902,#9903,#9904));
#1333=EDGE_LOOP('',(#9905,#9906,#9907,#9908));
#1334=EDGE_LOOP('',(#9909,#9910,#9911,#9912));
#1335=EDGE_LOOP('',(#9913,#9914,#9915,#9916));
#1336=EDGE_LOOP('',(#9917,#9918,#9919,#9920));
#1337=EDGE_LOOP('',(#9921,#9922,#9923,#9924));
#1338=EDGE_LOOP('',(#9925,#9926,#9927,#9928));
#1339=EDGE_LOOP('',(#9929,#9930,#9931,#9932));
#1340=EDGE_LOOP('',(#9933,#9934,#9935,#9936));
#1341=EDGE_LOOP('',(#9937,#9938,#9939,#9940));
#1342=EDGE_LOOP('',(#9941,#9942,#9943,#9944));
#1343=EDGE_LOOP('',(#9945,#9946,#9947,#9948));
#1344=EDGE_LOOP('',(#9949,#9950,#9951,#9952));
#1345=EDGE_LOOP('',(#9953,#9954,#9955,#9956));
#1346=EDGE_LOOP('',(#9957,#9958,#9959,#9960));
#1347=EDGE_LOOP('',(#9961,#9962,#9963,#9964));
#1348=EDGE_LOOP('',(#9965,#9966,#9967,#9968));
#1349=EDGE_LOOP('',(#9969,#9970,#9971,#9972));
#1350=EDGE_LOOP('',(#9973,#9974,#9975,#9976));
#1351=EDGE_LOOP('',(#9977,#9978,#9979,#9980));
#1352=EDGE_LOOP('',(#9981,#9982,#9983,#9984));
#1353=EDGE_LOOP('',(#9985,#9986,#9987,#9988));
#1354=EDGE_LOOP('',(#9989,#9990,#9991,#9992));
#1355=EDGE_LOOP('',(#9993,#9994,#9995,#9996));
#1356=EDGE_LOOP('',(#9997,#9998,#9999,#10000));
#1357=EDGE_LOOP('',(#10001,#10002,#10003,#10004));
#1358=EDGE_LOOP('',(#10005,#10006,#10007,#10008));
#1359=EDGE_LOOP('',(#10009,#10010,#10011,#10012));
#1360=EDGE_LOOP('',(#10013,#10014,#10015,#10016));
#1361=EDGE_LOOP('',(#10017,#10018,#10019,#10020));
#1362=EDGE_LOOP('',(#10021,#10022,#10023,#10024));
#1363=EDGE_LOOP('',(#10025,#10026,#10027,#10028));
#1364=EDGE_LOOP('',(#10029,#10030,#10031,#10032));
#1365=EDGE_LOOP('',(#10033,#10034,#10035,#10036));
#1366=EDGE_LOOP('',(#10037,#10038,#10039,#10040));
#1367=EDGE_LOOP('',(#10041,#10042,#10043,#10044));
#1368=EDGE_LOOP('',(#10045,#10046,#10047,#10048));
#1369=EDGE_LOOP('',(#10049,#10050,#10051,#10052));
#1370=EDGE_LOOP('',(#10053,#10054,#10055,#10056));
#1371=EDGE_LOOP('',(#10057,#10058,#10059,#10060));
#1372=EDGE_LOOP('',(#10061,#10062,#10063,#10064));
#1373=EDGE_LOOP('',(#10065,#10066,#10067,#10068));
#1374=EDGE_LOOP('',(#10069,#10070,#10071,#10072));
#1375=EDGE_LOOP('',(#10073,#10074,#10075,#10076));
#1376=EDGE_LOOP('',(#10077,#10078,#10079,#10080));
#1377=EDGE_LOOP('',(#10081,#10082,#10083,#10084));
#1378=EDGE_LOOP('',(#10085,#10086,#10087,#10088));
#1379=EDGE_LOOP('',(#10089,#10090,#10091,#10092));
#1380=EDGE_LOOP('',(#10093,#10094,#10095,#10096));
#1381=EDGE_LOOP('',(#10097,#10098,#10099,#10100));
#1382=EDGE_LOOP('',(#10101,#10102,#10103,#10104));
#1383=EDGE_LOOP('',(#10105,#10106,#10107,#10108));
#1384=EDGE_LOOP('',(#10109,#10110,#10111,#10112));
#1385=EDGE_LOOP('',(#10113,#10114,#10115,#10116));
#1386=EDGE_LOOP('',(#10117,#10118,#10119,#10120));
#1387=EDGE_LOOP('',(#10121,#10122,#10123,#10124));
#1388=EDGE_LOOP('',(#10125,#10126,#10127,#10128));
#1389=EDGE_LOOP('',(#10129,#10130,#10131,#10132));
#1390=EDGE_LOOP('',(#10133,#10134,#10135,#10136));
#1391=EDGE_LOOP('',(#10137,#10138,#10139,#10140));
#1392=EDGE_LOOP('',(#10141,#10142,#10143,#10144));
#1393=EDGE_LOOP('',(#10145,#10146,#10147,#10148));
#1394=EDGE_LOOP('',(#10149,#10150,#10151,#10152));
#1395=EDGE_LOOP('',(#10153,#10154,#10155,#10156));
#1396=EDGE_LOOP('',(#10157,#10158,#10159,#10160));
#1397=EDGE_LOOP('',(#10161,#10162,#10163,#10164));
#1398=EDGE_LOOP('',(#10165,#10166,#10167,#10168));
#1399=EDGE_LOOP('',(#10169,#10170,#10171,#10172));
#1400=EDGE_LOOP('',(#10173,#10174,#10175,#10176));
#1401=EDGE_LOOP('',(#10177,#10178,#10179,#10180));
#1402=EDGE_LOOP('',(#10181,#10182,#10183,#10184));
#1403=EDGE_LOOP('',(#10185,#10186,#10187,#10188));
#1404=EDGE_LOOP('',(#10189,#10190,#10191,#10192));
#1405=EDGE_LOOP('',(#10193,#10194,#10195,#10196));
#1406=EDGE_LOOP('',(#10197,#10198,#10199,#10200));
#1407=EDGE_LOOP('',(#10201,#10202,#10203,#10204));
#1408=EDGE_LOOP('',(#10205,#10206,#10207,#10208));
#1409=EDGE_LOOP('',(#10209,#10210,#10211,#10212));
#1410=EDGE_LOOP('',(#10213,#10214,#10215,#10216));
#1411=EDGE_LOOP('',(#10217,#10218,#10219,#10220));
#1412=EDGE_LOOP('',(#10221,#10222,#10223,#10224));
#1413=EDGE_LOOP('',(#10225,#10226,#10227,#10228));
#1414=EDGE_LOOP('',(#10229,#10230,#10231,#10232));
#1415=EDGE_LOOP('',(#10233,#10234,#10235,#10236));
#1416=EDGE_LOOP('',(#10237,#10238,#10239,#10240));
#1417=EDGE_LOOP('',(#10241,#10242,#10243,#10244));
#1418=EDGE_LOOP('',(#10245,#10246,#10247,#10248));
#1419=EDGE_LOOP('',(#10249,#10250,#10251,#10252));
#1420=EDGE_LOOP('',(#10253,#10254,#10255,#10256));
#1421=EDGE_LOOP('',(#10257,#10258,#10259,#10260));
#1422=EDGE_LOOP('',(#10261,#10262,#10263,#10264));
#1423=EDGE_LOOP('',(#10265,#10266,#10267,#10268));
#1424=EDGE_LOOP('',(#10269,#10270,#10271,#10272));
#1425=EDGE_LOOP('',(#10273,#10274,#10275,#10276));
#1426=EDGE_LOOP('',(#10277,#10278,#10279,#10280));
#1427=EDGE_LOOP('',(#10281,#10282,#10283,#10284));
#1428=EDGE_LOOP('',(#10285,#10286,#10287,#10288));
#1429=EDGE_LOOP('',(#10289,#10290,#10291,#10292));
#1430=EDGE_LOOP('',(#10293,#10294,#10295,#10296));
#1431=EDGE_LOOP('',(#10297,#10298,#10299,#10300));
#1432=EDGE_LOOP('',(#10301,#10302,#10303,#10304));
#1433=EDGE_LOOP('',(#10305,#10306,#10307,#10308));
#1434=EDGE_LOOP('',(#10309,#10310,#10311,#10312));
#1435=EDGE_LOOP('',(#10313,#10314,#10315,#10316));
#1436=EDGE_LOOP('',(#10317,#10318,#10319,#10320));
#1437=EDGE_LOOP('',(#10321,#10322,#10323,#10324));
#1438=EDGE_LOOP('',(#10325,#10326,#10327,#10328));
#1439=EDGE_LOOP('',(#10329,#10330,#10331,#10332));
#1440=EDGE_LOOP('',(#10333,#10334,#10335,#10336));
#1441=EDGE_LOOP('',(#10337,#10338,#10339,#10340));
#1442=EDGE_LOOP('',(#10341,#10342,#10343,#10344));
#1443=EDGE_LOOP('',(#10345,#10346,#10347,#10348));
#1444=EDGE_LOOP('',(#10349,#10350,#10351,#10352));
#1445=EDGE_LOOP('',(#10353,#10354,#10355,#10356));
#1446=EDGE_LOOP('',(#10357,#10358,#10359,#10360));
#1447=EDGE_LOOP('',(#10361,#10362,#10363,#10364));
#1448=EDGE_LOOP('',(#10365,#10366,#10367,#10368));
#1449=EDGE_LOOP('',(#10369,#10370,#10371,#10372));
#1450=EDGE_LOOP('',(#10373,#10374,#10375,#10376));
#1451=EDGE_LOOP('',(#10377,#10378,#10379,#10380));
#1452=EDGE_LOOP('',(#10381,#10382,#10383,#10384));
#1453=EDGE_LOOP('',(#10385,#10386,#10387,#10388));
#1454=EDGE_LOOP('',(#10389,#10390,#10391,#10392));
#1455=EDGE_LOOP('',(#10393,#10394,#10395,#10396));
#1456=EDGE_LOOP('',(#10397,#10398,#10399,#10400));
#1457=EDGE_LOOP('',(#10401,#10402,#10403,#10404));
#1458=EDGE_LOOP('',(#10405,#10406,#10407,#10408));
#1459=EDGE_LOOP('',(#10409,#10410,#10411,#10412));
#1460=EDGE_LOOP('',(#10413,#10414,#10415,#10416));
#1461=EDGE_LOOP('',(#10417,#10418,#10419,#10420));
#1462=EDGE_LOOP('',(#10421,#10422,#10423,#10424));
#1463=EDGE_LOOP('',(#10425,#10426,#10427,#10428));
#1464=EDGE_LOOP('',(#10429,#10430,#10431,#10432));
#1465=EDGE_LOOP('',(#10433,#10434,#10435,#10436));
#1466=EDGE_LOOP('',(#10437,#10438,#10439,#10440));
#1467=EDGE_LOOP('',(#10441,#10442,#10443,#10444));
#1468=EDGE_LOOP('',(#10445,#10446,#10447,#10448));
#1469=EDGE_LOOP('',(#10449,#10450,#10451,#10452));
#1470=EDGE_LOOP('',(#10453,#10454,#10455,#10456));
#1471=EDGE_LOOP('',(#10457,#10458,#10459,#10460));
#1472=EDGE_LOOP('',(#10461,#10462,#10463,#10464));
#1473=EDGE_LOOP('',(#10465,#10466,#10467,#10468));
#1474=EDGE_LOOP('',(#10469,#10470,#10471,#10472));
#1475=EDGE_LOOP('',(#10473,#10474,#10475,#10476));
#1476=EDGE_LOOP('',(#10477,#10478,#10479,#10480));
#1477=EDGE_LOOP('',(#10481,#10482,#10483,#10484));
#1478=EDGE_LOOP('',(#10485,#10486,#10487,#10488));
#1479=EDGE_LOOP('',(#10489,#10490,#10491,#10492));
#1480=EDGE_LOOP('',(#10493,#10494,#10495,#10496));
#1481=EDGE_LOOP('',(#10497,#10498,#10499,#10500));
#1482=EDGE_LOOP('',(#10501,#10502,#10503,#10504));
#1483=EDGE_LOOP('',(#10505,#10506,#10507,#10508));
#1484=EDGE_LOOP('',(#10509,#10510,#10511,#10512));
#1485=EDGE_LOOP('',(#10513,#10514,#10515,#10516));
#1486=EDGE_LOOP('',(#10517,#10518,#10519,#10520));
#1487=EDGE_LOOP('',(#10521,#10522,#10523,#10524));
#1488=EDGE_LOOP('',(#10525,#10526,#10527,#10528));
#1489=EDGE_LOOP('',(#10529,#10530,#10531,#10532));
#1490=EDGE_LOOP('',(#10533,#10534,#10535,#10536));
#1491=EDGE_LOOP('',(#10537,#10538,#10539,#10540));
#1492=EDGE_LOOP('',(#10541,#10542,#10543,#10544));
#1493=EDGE_LOOP('',(#10545,#10546,#10547,#10548));
#1494=EDGE_LOOP('',(#10549,#10550,#10551,#10552));
#1495=LINE('',#15431,#3101);
#1496=LINE('',#15433,#3102);
#1497=LINE('',#15435,#3103);
#1498=LINE('',#15436,#3104);
#1499=LINE('',#15439,#3105);
#1500=LINE('',#15441,#3106);
#1501=LINE('',#15442,#3107);
#1502=LINE('',#15445,#3108);
#1503=LINE('',#15446,#3109);
#1504=LINE('',#15449,#3110);
#1505=LINE('',#15450,#3111);
#1506=LINE('',#15452,#3112);
#1507=LINE('',#15455,#3113);
#1508=LINE('',#15457,#3114);
#1509=LINE('',#15458,#3115);
#1510=LINE('',#15461,#3116);
#1511=LINE('',#15462,#3117);
#1512=LINE('',#15465,#3118);
#1513=LINE('',#15466,#3119);
#1514=LINE('',#15468,#3120);
#1515=LINE('',#15473,#3121);
#1516=LINE('',#15475,#3122);
#1517=LINE('',#15477,#3123);
#1518=LINE('',#15478,#3124);
#1519=LINE('',#15481,#3125);
#1520=LINE('',#15483,#3126);
#1521=LINE('',#15484,#3127);
#1522=LINE('',#15487,#3128);
#1523=LINE('',#15489,#3129);
#1524=LINE('',#15490,#3130);
#1525=LINE('',#15494,#3131);
#1526=LINE('',#15496,#3132);
#1527=LINE('',#15498,#3133);
#1528=LINE('',#15499,#3134);
#1529=LINE('',#15502,#3135);
#1530=LINE('',#15504,#3136);
#1531=LINE('',#15505,#3137);
#1532=LINE('',#15508,#3138);
#1533=LINE('',#15510,#3139);
#1534=LINE('',#15511,#3140);
#1535=LINE('',#15515,#3141);
#1536=LINE('',#15517,#3142);
#1537=LINE('',#15519,#3143);
#1538=LINE('',#15520,#3144);
#1539=LINE('',#15523,#3145);
#1540=LINE('',#15525,#3146);
#1541=LINE('',#15526,#3147);
#1542=LINE('',#15529,#3148);
#1543=LINE('',#15531,#3149);
#1544=LINE('',#15532,#3150);
#1545=LINE('',#15534,#3151);
#1546=LINE('',#15535,#3152);
#1547=LINE('',#15538,#3153);
#1548=LINE('',#15540,#3154);
#1549=LINE('',#15541,#3155);
#1550=LINE('',#15544,#3156);
#1551=LINE('',#15546,#3157);
#1552=LINE('',#15547,#3158);
#1553=LINE('',#15550,#3159);
#1554=LINE('',#15552,#3160);
#1555=LINE('',#15553,#3161);
#1556=LINE('',#15556,#3162);
#1557=LINE('',#15558,#3163);
#1558=LINE('',#15559,#3164);
#1559=LINE('',#15562,#3165);
#1560=LINE('',#15564,#3166);
#1561=LINE('',#15565,#3167);
#1562=LINE('',#15568,#3168);
#1563=LINE('',#15570,#3169);
#1564=LINE('',#15571,#3170);
#1565=LINE('',#15575,#3171);
#1566=LINE('',#15577,#3172);
#1567=LINE('',#15579,#3173);
#1568=LINE('',#15580,#3174);
#1569=LINE('',#15583,#3175);
#1570=LINE('',#15585,#3176);
#1571=LINE('',#15586,#3177);
#1572=LINE('',#15589,#3178);
#1573=LINE('',#15591,#3179);
#1574=LINE('',#15592,#3180);
#1575=LINE('',#15594,#3181);
#1576=LINE('',#15595,#3182);
#1577=LINE('',#15599,#3183);
#1578=LINE('',#15601,#3184);
#1579=LINE('',#15603,#3185);
#1580=LINE('',#15604,#3186);
#1581=LINE('',#15607,#3187);
#1582=LINE('',#15609,#3188);
#1583=LINE('',#15610,#3189);
#1584=LINE('',#15612,#3190);
#1585=LINE('',#15613,#3191);
#1586=LINE('',#15617,#3192);
#1587=LINE('',#15619,#3193);
#1588=LINE('',#15621,#3194);
#1589=LINE('',#15622,#3195);
#1590=LINE('',#15625,#3196);
#1591=LINE('',#15627,#3197);
#1592=LINE('',#15628,#3198);
#1593=LINE('',#15630,#3199);
#1594=LINE('',#15631,#3200);
#1595=LINE('',#15635,#3201);
#1596=LINE('',#15637,#3202);
#1597=LINE('',#15639,#3203);
#1598=LINE('',#15640,#3204);
#1599=LINE('',#15643,#3205);
#1600=LINE('',#15645,#3206);
#1601=LINE('',#15646,#3207);
#1602=LINE('',#15649,#3208);
#1603=LINE('',#15651,#3209);
#1604=LINE('',#15652,#3210);
#1605=LINE('',#15654,#3211);
#1606=LINE('',#15655,#3212);
#1607=LINE('',#15658,#3213);
#1608=LINE('',#15660,#3214);
#1609=LINE('',#15661,#3215);
#1610=LINE('',#15664,#3216);
#1611=LINE('',#15666,#3217);
#1612=LINE('',#15667,#3218);
#1613=LINE('',#15670,#3219);
#1614=LINE('',#15672,#3220);
#1615=LINE('',#15673,#3221);
#1616=LINE('',#15676,#3222);
#1617=LINE('',#15678,#3223);
#1618=LINE('',#15679,#3224);
#1619=LINE('',#15682,#3225);
#1620=LINE('',#15684,#3226);
#1621=LINE('',#15685,#3227);
#1622=LINE('',#15688,#3228);
#1623=LINE('',#15690,#3229);
#1624=LINE('',#15691,#3230);
#1625=LINE('',#15695,#3231);
#1626=LINE('',#15697,#3232);
#1627=LINE('',#15699,#3233);
#1628=LINE('',#15700,#3234);
#1629=LINE('',#15703,#3235);
#1630=LINE('',#15705,#3236);
#1631=LINE('',#15706,#3237);
#1632=LINE('',#15709,#3238);
#1633=LINE('',#15711,#3239);
#1634=LINE('',#15712,#3240);
#1635=LINE('',#15714,#3241);
#1636=LINE('',#15715,#3242);
#1637=LINE('',#15719,#3243);
#1638=LINE('',#15721,#3244);
#1639=LINE('',#15723,#3245);
#1640=LINE('',#15724,#3246);
#1641=LINE('',#15727,#3247);
#1642=LINE('',#15729,#3248);
#1643=LINE('',#15730,#3249);
#1644=LINE('',#15733,#3250);
#1645=LINE('',#15735,#3251);
#1646=LINE('',#15736,#3252);
#1647=LINE('',#15740,#3253);
#1648=LINE('',#15742,#3254);
#1649=LINE('',#15744,#3255);
#1650=LINE('',#15745,#3256);
#1651=LINE('',#15748,#3257);
#1652=LINE('',#15750,#3258);
#1653=LINE('',#15751,#3259);
#1654=LINE('',#15754,#3260);
#1655=LINE('',#15756,#3261);
#1656=LINE('',#15757,#3262);
#1657=LINE('',#15761,#3263);
#1658=LINE('',#15763,#3264);
#1659=LINE('',#15765,#3265);
#1660=LINE('',#15766,#3266);
#1661=LINE('',#15769,#3267);
#1662=LINE('',#15771,#3268);
#1663=LINE('',#15772,#3269);
#1664=LINE('',#15775,#3270);
#1665=LINE('',#15777,#3271);
#1666=LINE('',#15778,#3272);
#1667=LINE('',#15780,#3273);
#1668=LINE('',#15781,#3274);
#1669=LINE('',#15784,#3275);
#1670=LINE('',#15786,#3276);
#1671=LINE('',#15787,#3277);
#1672=LINE('',#15790,#3278);
#1673=LINE('',#15792,#3279);
#1674=LINE('',#15793,#3280);
#1675=LINE('',#15795,#3281);
#1676=LINE('',#15796,#3282);
#1677=LINE('',#15799,#3283);
#1678=LINE('',#15801,#3284);
#1679=LINE('',#15802,#3285);
#1680=LINE('',#15805,#3286);
#1681=LINE('',#15807,#3287);
#1682=LINE('',#15808,#3288);
#1683=LINE('',#15810,#3289);
#1684=LINE('',#15811,#3290);
#1685=LINE('',#15815,#3291);
#1686=LINE('',#15817,#3292);
#1687=LINE('',#15819,#3293);
#1688=LINE('',#15820,#3294);
#1689=LINE('',#15823,#3295);
#1690=LINE('',#15825,#3296);
#1691=LINE('',#15826,#3297);
#1692=LINE('',#15829,#3298);
#1693=LINE('',#15831,#3299);
#1694=LINE('',#15832,#3300);
#1695=LINE('',#15834,#3301);
#1696=LINE('',#15835,#3302);
#1697=LINE('',#15839,#3303);
#1698=LINE('',#15841,#3304);
#1699=LINE('',#15843,#3305);
#1700=LINE('',#15844,#3306);
#1701=LINE('',#15847,#3307);
#1702=LINE('',#15849,#3308);
#1703=LINE('',#15850,#3309);
#1704=LINE('',#15852,#3310);
#1705=LINE('',#15853,#3311);
#1706=LINE('',#15857,#3312);
#1707=LINE('',#15859,#3313);
#1708=LINE('',#15861,#3314);
#1709=LINE('',#15862,#3315);
#1710=LINE('',#15865,#3316);
#1711=LINE('',#15867,#3317);
#1712=LINE('',#15868,#3318);
#1713=LINE('',#15870,#3319);
#1714=LINE('',#15871,#3320);
#1715=LINE('',#15875,#3321);
#1716=LINE('',#15877,#3322);
#1717=LINE('',#15879,#3323);
#1718=LINE('',#15880,#3324);
#1719=LINE('',#15883,#3325);
#1720=LINE('',#15885,#3326);
#1721=LINE('',#15886,#3327);
#1722=LINE('',#15889,#3328);
#1723=LINE('',#15891,#3329);
#1724=LINE('',#15892,#3330);
#1725=LINE('',#15894,#3331);
#1726=LINE('',#15895,#3332);
#1727=LINE('',#15898,#3333);
#1728=LINE('',#15900,#3334);
#1729=LINE('',#15901,#3335);
#1730=LINE('',#15904,#3336);
#1731=LINE('',#15906,#3337);
#1732=LINE('',#15907,#3338);
#1733=LINE('',#15910,#3339);
#1734=LINE('',#15912,#3340);
#1735=LINE('',#15913,#3341);
#1736=LINE('',#15916,#3342);
#1737=LINE('',#15918,#3343);
#1738=LINE('',#15919,#3344);
#1739=LINE('',#15922,#3345);
#1740=LINE('',#15924,#3346);
#1741=LINE('',#15925,#3347);
#1742=LINE('',#15928,#3348);
#1743=LINE('',#15930,#3349);
#1744=LINE('',#15931,#3350);
#1745=LINE('',#15935,#3351);
#1746=LINE('',#15937,#3352);
#1747=LINE('',#15939,#3353);
#1748=LINE('',#15940,#3354);
#1749=LINE('',#15943,#3355);
#1750=LINE('',#15945,#3356);
#1751=LINE('',#15946,#3357);
#1752=LINE('',#15949,#3358);
#1753=LINE('',#15951,#3359);
#1754=LINE('',#15952,#3360);
#1755=LINE('',#15954,#3361);
#1756=LINE('',#15955,#3362);
#1757=LINE('',#15959,#3363);
#1758=LINE('',#15961,#3364);
#1759=LINE('',#15963,#3365);
#1760=LINE('',#15964,#3366);
#1761=LINE('',#15967,#3367);
#1762=LINE('',#15969,#3368);
#1763=LINE('',#15970,#3369);
#1764=LINE('',#15973,#3370);
#1765=LINE('',#15975,#3371);
#1766=LINE('',#15976,#3372);
#1767=LINE('',#15980,#3373);
#1768=LINE('',#15982,#3374);
#1769=LINE('',#15984,#3375);
#1770=LINE('',#15985,#3376);
#1771=LINE('',#15988,#3377);
#1772=LINE('',#15990,#3378);
#1773=LINE('',#15991,#3379);
#1774=LINE('',#15994,#3380);
#1775=LINE('',#15996,#3381);
#1776=LINE('',#15997,#3382);
#1777=LINE('',#16001,#3383);
#1778=LINE('',#16003,#3384);
#1779=LINE('',#16005,#3385);
#1780=LINE('',#16006,#3386);
#1781=LINE('',#16009,#3387);
#1782=LINE('',#16011,#3388);
#1783=LINE('',#16012,#3389);
#1784=LINE('',#16015,#3390);
#1785=LINE('',#16017,#3391);
#1786=LINE('',#16018,#3392);
#1787=LINE('',#16020,#3393);
#1788=LINE('',#16021,#3394);
#1789=LINE('',#16024,#3395);
#1790=LINE('',#16026,#3396);
#1791=LINE('',#16027,#3397);
#1792=LINE('',#16030,#3398);
#1793=LINE('',#16032,#3399);
#1794=LINE('',#16033,#3400);
#1795=LINE('',#16036,#3401);
#1796=LINE('',#16038,#3402);
#1797=LINE('',#16039,#3403);
#1798=LINE('',#16042,#3404);
#1799=LINE('',#16044,#3405);
#1800=LINE('',#16045,#3406);
#1801=LINE('',#16048,#3407);
#1802=LINE('',#16050,#3408);
#1803=LINE('',#16051,#3409);
#1804=LINE('',#16054,#3410);
#1805=LINE('',#16056,#3411);
#1806=LINE('',#16057,#3412);
#1807=LINE('',#16061,#3413);
#1808=LINE('',#16063,#3414);
#1809=LINE('',#16065,#3415);
#1810=LINE('',#16066,#3416);
#1811=LINE('',#16069,#3417);
#1812=LINE('',#16071,#3418);
#1813=LINE('',#16072,#3419);
#1814=LINE('',#16075,#3420);
#1815=LINE('',#16077,#3421);
#1816=LINE('',#16078,#3422);
#1817=LINE('',#16080,#3423);
#1818=LINE('',#16081,#3424);
#1819=LINE('',#16085,#3425);
#1820=LINE('',#16087,#3426);
#1821=LINE('',#16089,#3427);
#1822=LINE('',#16090,#3428);
#1823=LINE('',#16093,#3429);
#1824=LINE('',#16095,#3430);
#1825=LINE('',#16096,#3431);
#1826=LINE('',#16098,#3432);
#1827=LINE('',#16099,#3433);
#1828=LINE('',#16103,#3434);
#1829=LINE('',#16105,#3435);
#1830=LINE('',#16107,#3436);
#1831=LINE('',#16108,#3437);
#1832=LINE('',#16111,#3438);
#1833=LINE('',#16113,#3439);
#1834=LINE('',#16114,#3440);
#1835=LINE('',#16116,#3441);
#1836=LINE('',#16117,#3442);
#1837=LINE('',#16121,#3443);
#1838=LINE('',#16123,#3444);
#1839=LINE('',#16125,#3445);
#1840=LINE('',#16126,#3446);
#1841=LINE('',#16129,#3447);
#1842=LINE('',#16131,#3448);
#1843=LINE('',#16132,#3449);
#1844=LINE('',#16135,#3450);
#1845=LINE('',#16137,#3451);
#1846=LINE('',#16138,#3452);
#1847=LINE('',#16140,#3453);
#1848=LINE('',#16141,#3454);
#1849=LINE('',#16144,#3455);
#1850=LINE('',#16146,#3456);
#1851=LINE('',#16147,#3457);
#1852=LINE('',#16150,#3458);
#1853=LINE('',#16152,#3459);
#1854=LINE('',#16153,#3460);
#1855=LINE('',#16155,#3461);
#1856=LINE('',#16156,#3462);
#1857=LINE('',#16159,#3463);
#1858=LINE('',#16161,#3464);
#1859=LINE('',#16162,#3465);
#1860=LINE('',#16165,#3466);
#1861=LINE('',#16167,#3467);
#1862=LINE('',#16168,#3468);
#1863=LINE('',#16170,#3469);
#1864=LINE('',#16171,#3470);
#1865=LINE('',#16175,#3471);
#1866=LINE('',#16177,#3472);
#1867=LINE('',#16179,#3473);
#1868=LINE('',#16180,#3474);
#1869=LINE('',#16183,#3475);
#1870=LINE('',#16185,#3476);
#1871=LINE('',#16186,#3477);
#1872=LINE('',#16189,#3478);
#1873=LINE('',#16191,#3479);
#1874=LINE('',#16192,#3480);
#1875=LINE('',#16194,#3481);
#1876=LINE('',#16195,#3482);
#1877=LINE('',#16199,#3483);
#1878=LINE('',#16201,#3484);
#1879=LINE('',#16203,#3485);
#1880=LINE('',#16204,#3486);
#1881=LINE('',#16207,#3487);
#1882=LINE('',#16209,#3488);
#1883=LINE('',#16210,#3489);
#1884=LINE('',#16213,#3490);
#1885=LINE('',#16215,#3491);
#1886=LINE('',#16216,#3492);
#1887=LINE('',#16220,#3493);
#1888=LINE('',#16222,#3494);
#1889=LINE('',#16224,#3495);
#1890=LINE('',#16225,#3496);
#1891=LINE('',#16228,#3497);
#1892=LINE('',#16230,#3498);
#1893=LINE('',#16231,#3499);
#1894=LINE('',#16234,#3500);
#1895=LINE('',#16236,#3501);
#1896=LINE('',#16237,#3502);
#1897=LINE('',#16241,#3503);
#1898=LINE('',#16243,#3504);
#1899=LINE('',#16245,#3505);
#1900=LINE('',#16246,#3506);
#1901=LINE('',#16249,#3507);
#1902=LINE('',#16251,#3508);
#1903=LINE('',#16252,#3509);
#1904=LINE('',#16255,#3510);
#1905=LINE('',#16257,#3511);
#1906=LINE('',#16258,#3512);
#1907=LINE('',#16260,#3513);
#1908=LINE('',#16261,#3514);
#1909=LINE('',#16264,#3515);
#1910=LINE('',#16266,#3516);
#1911=LINE('',#16267,#3517);
#1912=LINE('',#16270,#3518);
#1913=LINE('',#16272,#3519);
#1914=LINE('',#16273,#3520);
#1915=LINE('',#16275,#3521);
#1916=LINE('',#16276,#3522);
#1917=LINE('',#16279,#3523);
#1918=LINE('',#16281,#3524);
#1919=LINE('',#16282,#3525);
#1920=LINE('',#16285,#3526);
#1921=LINE('',#16287,#3527);
#1922=LINE('',#16288,#3528);
#1923=LINE('',#16290,#3529);
#1924=LINE('',#16291,#3530);
#1925=LINE('',#16295,#3531);
#1926=LINE('',#16297,#3532);
#1927=LINE('',#16299,#3533);
#1928=LINE('',#16300,#3534);
#1929=LINE('',#16303,#3535);
#1930=LINE('',#16305,#3536);
#1931=LINE('',#16306,#3537);
#1932=LINE('',#16309,#3538);
#1933=LINE('',#16311,#3539);
#1934=LINE('',#16312,#3540);
#1935=LINE('',#16314,#3541);
#1936=LINE('',#16315,#3542);
#1937=LINE('',#16319,#3543);
#1938=LINE('',#16321,#3544);
#1939=LINE('',#16323,#3545);
#1940=LINE('',#16324,#3546);
#1941=LINE('',#16327,#3547);
#1942=LINE('',#16329,#3548);
#1943=LINE('',#16330,#3549);
#1944=LINE('',#16332,#3550);
#1945=LINE('',#16333,#3551);
#1946=LINE('',#16337,#3552);
#1947=LINE('',#16339,#3553);
#1948=LINE('',#16341,#3554);
#1949=LINE('',#16342,#3555);
#1950=LINE('',#16345,#3556);
#1951=LINE('',#16347,#3557);
#1952=LINE('',#16348,#3558);
#1953=LINE('',#16350,#3559);
#1954=LINE('',#16351,#3560);
#1955=LINE('',#16355,#3561);
#1956=LINE('',#16357,#3562);
#1957=LINE('',#16359,#3563);
#1958=LINE('',#16360,#3564);
#1959=LINE('',#16363,#3565);
#1960=LINE('',#16365,#3566);
#1961=LINE('',#16366,#3567);
#1962=LINE('',#16369,#3568);
#1963=LINE('',#16371,#3569);
#1964=LINE('',#16372,#3570);
#1965=LINE('',#16374,#3571);
#1966=LINE('',#16375,#3572);
#1967=LINE('',#16378,#3573);
#1968=LINE('',#16380,#3574);
#1969=LINE('',#16381,#3575);
#1970=LINE('',#16384,#3576);
#1971=LINE('',#16386,#3577);
#1972=LINE('',#16387,#3578);
#1973=LINE('',#16390,#3579);
#1974=LINE('',#16392,#3580);
#1975=LINE('',#16393,#3581);
#1976=LINE('',#16396,#3582);
#1977=LINE('',#16398,#3583);
#1978=LINE('',#16399,#3584);
#1979=LINE('',#16402,#3585);
#1980=LINE('',#16404,#3586);
#1981=LINE('',#16405,#3587);
#1982=LINE('',#16408,#3588);
#1983=LINE('',#16410,#3589);
#1984=LINE('',#16411,#3590);
#1985=LINE('',#16415,#3591);
#1986=LINE('',#16417,#3592);
#1987=LINE('',#16419,#3593);
#1988=LINE('',#16420,#3594);
#1989=LINE('',#16423,#3595);
#1990=LINE('',#16425,#3596);
#1991=LINE('',#16426,#3597);
#1992=LINE('',#16429,#3598);
#1993=LINE('',#16431,#3599);
#1994=LINE('',#16432,#3600);
#1995=LINE('',#16434,#3601);
#1996=LINE('',#16435,#3602);
#1997=LINE('',#16437,#3603);
#1998=LINE('',#16438,#3604);
#1999=LINE('',#16442,#3605);
#2000=LINE('',#16444,#3606);
#2001=LINE('',#16446,#3607);
#2002=LINE('',#16447,#3608);
#2003=LINE('',#16450,#3609);
#2004=LINE('',#16452,#3610);
#2005=LINE('',#16453,#3611);
#2006=LINE('',#16456,#3612);
#2007=LINE('',#16458,#3613);
#2008=LINE('',#16459,#3614);
#2009=LINE('',#16463,#3615);
#2010=LINE('',#16465,#3616);
#2011=LINE('',#16467,#3617);
#2012=LINE('',#16468,#3618);
#2013=LINE('',#16471,#3619);
#2014=LINE('',#16473,#3620);
#2015=LINE('',#16474,#3621);
#2016=LINE('',#16477,#3622);
#2017=LINE('',#16479,#3623);
#2018=LINE('',#16480,#3624);
#2019=LINE('',#16484,#3625);
#2020=LINE('',#16486,#3626);
#2021=LINE('',#16488,#3627);
#2022=LINE('',#16489,#3628);
#2023=LINE('',#16492,#3629);
#2024=LINE('',#16494,#3630);
#2025=LINE('',#16495,#3631);
#2026=LINE('',#16498,#3632);
#2027=LINE('',#16500,#3633);
#2028=LINE('',#16501,#3634);
#2029=LINE('',#16503,#3635);
#2030=LINE('',#16504,#3636);
#2031=LINE('',#16507,#3637);
#2032=LINE('',#16509,#3638);
#2033=LINE('',#16510,#3639);
#2034=LINE('',#16513,#3640);
#2035=LINE('',#16515,#3641);
#2036=LINE('',#16516,#3642);
#2037=LINE('',#16519,#3643);
#2038=LINE('',#16521,#3644);
#2039=LINE('',#16522,#3645);
#2040=LINE('',#16525,#3646);
#2041=LINE('',#16527,#3647);
#2042=LINE('',#16528,#3648);
#2043=LINE('',#16531,#3649);
#2044=LINE('',#16533,#3650);
#2045=LINE('',#16534,#3651);
#2046=LINE('',#16537,#3652);
#2047=LINE('',#16539,#3653);
#2048=LINE('',#16540,#3654);
#2049=LINE('',#16544,#3655);
#2050=LINE('',#16546,#3656);
#2051=LINE('',#16548,#3657);
#2052=LINE('',#16549,#3658);
#2053=LINE('',#16552,#3659);
#2054=LINE('',#16554,#3660);
#2055=LINE('',#16555,#3661);
#2056=LINE('',#16558,#3662);
#2057=LINE('',#16560,#3663);
#2058=LINE('',#16561,#3664);
#2059=LINE('',#16563,#3665);
#2060=LINE('',#16564,#3666);
#2061=LINE('',#16568,#3667);
#2062=LINE('',#16570,#3668);
#2063=LINE('',#16572,#3669);
#2064=LINE('',#16573,#3670);
#2065=LINE('',#16576,#3671);
#2066=LINE('',#16578,#3672);
#2067=LINE('',#16579,#3673);
#2068=LINE('',#16581,#3674);
#2069=LINE('',#16582,#3675);
#2070=LINE('',#16586,#3676);
#2071=LINE('',#16588,#3677);
#2072=LINE('',#16590,#3678);
#2073=LINE('',#16591,#3679);
#2074=LINE('',#16594,#3680);
#2075=LINE('',#16596,#3681);
#2076=LINE('',#16597,#3682);
#2077=LINE('',#16599,#3683);
#2078=LINE('',#16600,#3684);
#2079=LINE('',#16604,#3685);
#2080=LINE('',#16606,#3686);
#2081=LINE('',#16608,#3687);
#2082=LINE('',#16609,#3688);
#2083=LINE('',#16612,#3689);
#2084=LINE('',#16614,#3690);
#2085=LINE('',#16615,#3691);
#2086=LINE('',#16618,#3692);
#2087=LINE('',#16620,#3693);
#2088=LINE('',#16621,#3694);
#2089=LINE('',#16623,#3695);
#2090=LINE('',#16624,#3696);
#2091=LINE('',#16627,#3697);
#2092=LINE('',#16629,#3698);
#2093=LINE('',#16630,#3699);
#2094=LINE('',#16633,#3700);
#2095=LINE('',#16635,#3701);
#2096=LINE('',#16636,#3702);
#2097=LINE('',#16639,#3703);
#2098=LINE('',#16641,#3704);
#2099=LINE('',#16642,#3705);
#2100=LINE('',#16645,#3706);
#2101=LINE('',#16647,#3707);
#2102=LINE('',#16648,#3708);
#2103=LINE('',#16651,#3709);
#2104=LINE('',#16653,#3710);
#2105=LINE('',#16654,#3711);
#2106=LINE('',#16657,#3712);
#2107=LINE('',#16659,#3713);
#2108=LINE('',#16660,#3714);
#2109=LINE('',#16664,#3715);
#2110=LINE('',#16666,#3716);
#2111=LINE('',#16668,#3717);
#2112=LINE('',#16669,#3718);
#2113=LINE('',#16672,#3719);
#2114=LINE('',#16674,#3720);
#2115=LINE('',#16675,#3721);
#2116=LINE('',#16678,#3722);
#2117=LINE('',#16680,#3723);
#2118=LINE('',#16681,#3724);
#2119=LINE('',#16683,#3725);
#2120=LINE('',#16684,#3726);
#2121=LINE('',#16688,#3727);
#2122=LINE('',#16690,#3728);
#2123=LINE('',#16692,#3729);
#2124=LINE('',#16693,#3730);
#2125=LINE('',#16696,#3731);
#2126=LINE('',#16698,#3732);
#2127=LINE('',#16699,#3733);
#2128=LINE('',#16702,#3734);
#2129=LINE('',#16704,#3735);
#2130=LINE('',#16705,#3736);
#2131=LINE('',#16709,#3737);
#2132=LINE('',#16711,#3738);
#2133=LINE('',#16713,#3739);
#2134=LINE('',#16714,#3740);
#2135=LINE('',#16717,#3741);
#2136=LINE('',#16719,#3742);
#2137=LINE('',#16720,#3743);
#2138=LINE('',#16723,#3744);
#2139=LINE('',#16725,#3745);
#2140=LINE('',#16726,#3746);
#2141=LINE('',#16730,#3747);
#2142=LINE('',#16732,#3748);
#2143=LINE('',#16734,#3749);
#2144=LINE('',#16735,#3750);
#2145=LINE('',#16738,#3751);
#2146=LINE('',#16740,#3752);
#2147=LINE('',#16741,#3753);
#2148=LINE('',#16744,#3754);
#2149=LINE('',#16746,#3755);
#2150=LINE('',#16747,#3756);
#2151=LINE('',#16749,#3757);
#2152=LINE('',#16750,#3758);
#2153=LINE('',#16753,#3759);
#2154=LINE('',#16755,#3760);
#2155=LINE('',#16756,#3761);
#2156=LINE('',#16759,#3762);
#2157=LINE('',#16761,#3763);
#2158=LINE('',#16762,#3764);
#2159=LINE('',#16764,#3765);
#2160=LINE('',#16765,#3766);
#2161=LINE('',#16768,#3767);
#2162=LINE('',#16770,#3768);
#2163=LINE('',#16771,#3769);
#2164=LINE('',#16774,#3770);
#2165=LINE('',#16776,#3771);
#2166=LINE('',#16777,#3772);
#2167=LINE('',#16779,#3773);
#2168=LINE('',#16780,#3774);
#2169=LINE('',#16784,#3775);
#2170=LINE('',#16786,#3776);
#2171=LINE('',#16788,#3777);
#2172=LINE('',#16789,#3778);
#2173=LINE('',#16792,#3779);
#2174=LINE('',#16794,#3780);
#2175=LINE('',#16795,#3781);
#2176=LINE('',#16798,#3782);
#2177=LINE('',#16800,#3783);
#2178=LINE('',#16801,#3784);
#2179=LINE('',#16803,#3785);
#2180=LINE('',#16804,#3786);
#2181=LINE('',#16808,#3787);
#2182=LINE('',#16810,#3788);
#2183=LINE('',#16812,#3789);
#2184=LINE('',#16813,#3790);
#2185=LINE('',#16816,#3791);
#2186=LINE('',#16818,#3792);
#2187=LINE('',#16819,#3793);
#2188=LINE('',#16821,#3794);
#2189=LINE('',#16822,#3795);
#2190=LINE('',#16826,#3796);
#2191=LINE('',#16828,#3797);
#2192=LINE('',#16830,#3798);
#2193=LINE('',#16831,#3799);
#2194=LINE('',#16834,#3800);
#2195=LINE('',#16836,#3801);
#2196=LINE('',#16837,#3802);
#2197=LINE('',#16839,#3803);
#2198=LINE('',#16840,#3804);
#2199=LINE('',#16844,#3805);
#2200=LINE('',#16846,#3806);
#2201=LINE('',#16848,#3807);
#2202=LINE('',#16849,#3808);
#2203=LINE('',#16852,#3809);
#2204=LINE('',#16854,#3810);
#2205=LINE('',#16855,#3811);
#2206=LINE('',#16858,#3812);
#2207=LINE('',#16860,#3813);
#2208=LINE('',#16861,#3814);
#2209=LINE('',#16863,#3815);
#2210=LINE('',#16864,#3816);
#2211=LINE('',#16867,#3817);
#2212=LINE('',#16869,#3818);
#2213=LINE('',#16870,#3819);
#2214=LINE('',#16873,#3820);
#2215=LINE('',#16875,#3821);
#2216=LINE('',#16876,#3822);
#2217=LINE('',#16878,#3823);
#2218=LINE('',#16879,#3824);
#2219=LINE('',#16882,#3825);
#2220=LINE('',#16884,#3826);
#2221=LINE('',#16885,#3827);
#2222=LINE('',#16888,#3828);
#2223=LINE('',#16890,#3829);
#2224=LINE('',#16891,#3830);
#2225=LINE('',#16893,#3831);
#2226=LINE('',#16894,#3832);
#2227=LINE('',#16898,#3833);
#2228=LINE('',#16900,#3834);
#2229=LINE('',#16902,#3835);
#2230=LINE('',#16903,#3836);
#2231=LINE('',#16906,#3837);
#2232=LINE('',#16908,#3838);
#2233=LINE('',#16909,#3839);
#2234=LINE('',#16912,#3840);
#2235=LINE('',#16914,#3841);
#2236=LINE('',#16915,#3842);
#2237=LINE('',#16917,#3843);
#2238=LINE('',#16918,#3844);
#2239=LINE('',#16922,#3845);
#2240=LINE('',#16924,#3846);
#2241=LINE('',#16926,#3847);
#2242=LINE('',#16927,#3848);
#2243=LINE('',#16930,#3849);
#2244=LINE('',#16932,#3850);
#2245=LINE('',#16933,#3851);
#2246=LINE('',#16936,#3852);
#2247=LINE('',#16938,#3853);
#2248=LINE('',#16939,#3854);
#2249=LINE('',#16943,#3855);
#2250=LINE('',#16945,#3856);
#2251=LINE('',#16947,#3857);
#2252=LINE('',#16948,#3858);
#2253=LINE('',#16951,#3859);
#2254=LINE('',#16953,#3860);
#2255=LINE('',#16954,#3861);
#2256=LINE('',#16957,#3862);
#2257=LINE('',#16959,#3863);
#2258=LINE('',#16960,#3864);
#2259=LINE('',#16964,#3865);
#2260=LINE('',#16966,#3866);
#2261=LINE('',#16968,#3867);
#2262=LINE('',#16969,#3868);
#2263=LINE('',#16972,#3869);
#2264=LINE('',#16974,#3870);
#2265=LINE('',#16975,#3871);
#2266=LINE('',#16978,#3872);
#2267=LINE('',#16980,#3873);
#2268=LINE('',#16981,#3874);
#2269=LINE('',#16983,#3875);
#2270=LINE('',#16984,#3876);
#2271=LINE('',#16987,#3877);
#2272=LINE('',#16989,#3878);
#2273=LINE('',#16990,#3879);
#2274=LINE('',#16993,#3880);
#2275=LINE('',#16995,#3881);
#2276=LINE('',#16996,#3882);
#2277=LINE('',#16999,#3883);
#2278=LINE('',#17001,#3884);
#2279=LINE('',#17002,#3885);
#2280=LINE('',#17005,#3886);
#2281=LINE('',#17007,#3887);
#2282=LINE('',#17008,#3888);
#2283=LINE('',#17011,#3889);
#2284=LINE('',#17013,#3890);
#2285=LINE('',#17014,#3891);
#2286=LINE('',#17017,#3892);
#2287=LINE('',#17019,#3893);
#2288=LINE('',#17020,#3894);
#2289=LINE('',#17024,#3895);
#2290=LINE('',#17026,#3896);
#2291=LINE('',#17028,#3897);
#2292=LINE('',#17029,#3898);
#2293=LINE('',#17032,#3899);
#2294=LINE('',#17034,#3900);
#2295=LINE('',#17035,#3901);
#2296=LINE('',#17038,#3902);
#2297=LINE('',#17040,#3903);
#2298=LINE('',#17041,#3904);
#2299=LINE('',#17043,#3905);
#2300=LINE('',#17044,#3906);
#2301=LINE('',#17048,#3907);
#2302=LINE('',#17050,#3908);
#2303=LINE('',#17052,#3909);
#2304=LINE('',#17053,#3910);
#2305=LINE('',#17056,#3911);
#2306=LINE('',#17058,#3912);
#2307=LINE('',#17059,#3913);
#2308=LINE('',#17061,#3914);
#2309=LINE('',#17062,#3915);
#2310=LINE('',#17066,#3916);
#2311=LINE('',#17068,#3917);
#2312=LINE('',#17070,#3918);
#2313=LINE('',#17071,#3919);
#2314=LINE('',#17074,#3920);
#2315=LINE('',#17076,#3921);
#2316=LINE('',#17077,#3922);
#2317=LINE('',#17079,#3923);
#2318=LINE('',#17080,#3924);
#2319=LINE('',#17084,#3925);
#2320=LINE('',#17086,#3926);
#2321=LINE('',#17088,#3927);
#2322=LINE('',#17089,#3928);
#2323=LINE('',#17092,#3929);
#2324=LINE('',#17094,#3930);
#2325=LINE('',#17095,#3931);
#2326=LINE('',#17098,#3932);
#2327=LINE('',#17100,#3933);
#2328=LINE('',#17101,#3934);
#2329=LINE('',#17103,#3935);
#2330=LINE('',#17104,#3936);
#2331=LINE('',#17107,#3937);
#2332=LINE('',#17109,#3938);
#2333=LINE('',#17110,#3939);
#2334=LINE('',#17113,#3940);
#2335=LINE('',#17115,#3941);
#2336=LINE('',#17116,#3942);
#2337=LINE('',#17118,#3943);
#2338=LINE('',#17119,#3944);
#2339=LINE('',#17122,#3945);
#2340=LINE('',#17124,#3946);
#2341=LINE('',#17125,#3947);
#2342=LINE('',#17128,#3948);
#2343=LINE('',#17130,#3949);
#2344=LINE('',#17131,#3950);
#2345=LINE('',#17133,#3951);
#2346=LINE('',#17134,#3952);
#2347=LINE('',#17138,#3953);
#2348=LINE('',#17140,#3954);
#2349=LINE('',#17142,#3955);
#2350=LINE('',#17143,#3956);
#2351=LINE('',#17146,#3957);
#2352=LINE('',#17148,#3958);
#2353=LINE('',#17149,#3959);
#2354=LINE('',#17152,#3960);
#2355=LINE('',#17154,#3961);
#2356=LINE('',#17155,#3962);
#2357=LINE('',#17157,#3963);
#2358=LINE('',#17158,#3964);
#2359=LINE('',#17162,#3965);
#2360=LINE('',#17164,#3966);
#2361=LINE('',#17166,#3967);
#2362=LINE('',#17167,#3968);
#2363=LINE('',#17170,#3969);
#2364=LINE('',#17172,#3970);
#2365=LINE('',#17173,#3971);
#2366=LINE('',#17176,#3972);
#2367=LINE('',#17178,#3973);
#2368=LINE('',#17179,#3974);
#2369=LINE('',#17183,#3975);
#2370=LINE('',#17185,#3976);
#2371=LINE('',#17187,#3977);
#2372=LINE('',#17188,#3978);
#2373=LINE('',#17191,#3979);
#2374=LINE('',#17193,#3980);
#2375=LINE('',#17194,#3981);
#2376=LINE('',#17197,#3982);
#2377=LINE('',#17199,#3983);
#2378=LINE('',#17200,#3984);
#2379=LINE('',#17204,#3985);
#2380=LINE('',#17206,#3986);
#2381=LINE('',#17208,#3987);
#2382=LINE('',#17209,#3988);
#2383=LINE('',#17212,#3989);
#2384=LINE('',#17214,#3990);
#2385=LINE('',#17215,#3991);
#2386=LINE('',#17218,#3992);
#2387=LINE('',#17220,#3993);
#2388=LINE('',#17221,#3994);
#2389=LINE('',#17223,#3995);
#2390=LINE('',#17224,#3996);
#2391=LINE('',#17227,#3997);
#2392=LINE('',#17229,#3998);
#2393=LINE('',#17230,#3999);
#2394=LINE('',#17233,#4000);
#2395=LINE('',#17235,#4001);
#2396=LINE('',#17236,#4002);
#2397=LINE('',#17238,#4003);
#2398=LINE('',#17239,#4004);
#2399=LINE('',#17242,#4005);
#2400=LINE('',#17244,#4006);
#2401=LINE('',#17245,#4007);
#2402=LINE('',#17248,#4008);
#2403=LINE('',#17250,#4009);
#2404=LINE('',#17251,#4010);
#2405=LINE('',#17253,#4011);
#2406=LINE('',#17254,#4012);
#2407=LINE('',#17258,#4013);
#2408=LINE('',#17260,#4014);
#2409=LINE('',#17262,#4015);
#2410=LINE('',#17263,#4016);
#2411=LINE('',#17266,#4017);
#2412=LINE('',#17268,#4018);
#2413=LINE('',#17269,#4019);
#2414=LINE('',#17272,#4020);
#2415=LINE('',#17274,#4021);
#2416=LINE('',#17275,#4022);
#2417=LINE('',#17277,#4023);
#2418=LINE('',#17278,#4024);
#2419=LINE('',#17282,#4025);
#2420=LINE('',#17284,#4026);
#2421=LINE('',#17286,#4027);
#2422=LINE('',#17287,#4028);
#2423=LINE('',#17290,#4029);
#2424=LINE('',#17292,#4030);
#2425=LINE('',#17293,#4031);
#2426=LINE('',#17295,#4032);
#2427=LINE('',#17296,#4033);
#2428=LINE('',#17300,#4034);
#2429=LINE('',#17302,#4035);
#2430=LINE('',#17304,#4036);
#2431=LINE('',#17305,#4037);
#2432=LINE('',#17308,#4038);
#2433=LINE('',#17310,#4039);
#2434=LINE('',#17311,#4040);
#2435=LINE('',#17313,#4041);
#2436=LINE('',#17314,#4042);
#2437=LINE('',#17318,#4043);
#2438=LINE('',#17320,#4044);
#2439=LINE('',#17322,#4045);
#2440=LINE('',#17323,#4046);
#2441=LINE('',#17326,#4047);
#2442=LINE('',#17328,#4048);
#2443=LINE('',#17329,#4049);
#2444=LINE('',#17332,#4050);
#2445=LINE('',#17334,#4051);
#2446=LINE('',#17335,#4052);
#2447=LINE('',#17337,#4053);
#2448=LINE('',#17338,#4054);
#2449=LINE('',#17341,#4055);
#2450=LINE('',#17343,#4056);
#2451=LINE('',#17344,#4057);
#2452=LINE('',#17347,#4058);
#2453=LINE('',#17349,#4059);
#2454=LINE('',#17351,#4060);
#2455=LINE('',#17353,#4061);
#2456=LINE('',#17355,#4062);
#2457=LINE('',#17356,#4063);
#2458=LINE('',#17359,#4064);
#2459=LINE('',#17361,#4065);
#2460=LINE('',#17363,#4066);
#2461=LINE('',#17364,#4067);
#2462=LINE('',#17367,#4068);
#2463=LINE('',#17368,#4069);
#2464=LINE('',#17371,#4070);
#2465=LINE('',#17372,#4071);
#2466=LINE('',#17375,#4072);
#2467=LINE('',#17376,#4073);
#2468=LINE('',#17379,#4074);
#2469=LINE('',#17380,#4075);
#2470=LINE('',#17383,#4076);
#2471=LINE('',#17384,#4077);
#2472=LINE('',#17387,#4078);
#2473=LINE('',#17389,#4079);
#2474=LINE('',#17390,#4080);
#2475=LINE('',#17393,#4081);
#2476=LINE('',#17394,#4082);
#2477=LINE('',#17397,#4083);
#2478=LINE('',#17398,#4084);
#2479=LINE('',#17400,#4085);
#2480=LINE('',#17402,#4086);
#2481=LINE('',#17407,#4087);
#2482=LINE('',#17409,#4088);
#2483=LINE('',#17411,#4089);
#2484=LINE('',#17412,#4090);
#2485=LINE('',#17415,#4091);
#2486=LINE('',#17417,#4092);
#2487=LINE('',#17418,#4093);
#2488=LINE('',#17421,#4094);
#2489=LINE('',#17422,#4095);
#2490=LINE('',#17425,#4096);
#2491=LINE('',#17426,#4097);
#2492=LINE('',#17428,#4098);
#2493=LINE('',#17431,#4099);
#2494=LINE('',#17433,#4100);
#2495=LINE('',#17434,#4101);
#2496=LINE('',#17437,#4102);
#2497=LINE('',#17438,#4103);
#2498=LINE('',#17441,#4104);
#2499=LINE('',#17442,#4105);
#2500=LINE('',#17444,#4106);
#2501=LINE('',#17449,#4107);
#2502=LINE('',#17451,#4108);
#2503=LINE('',#17453,#4109);
#2504=LINE('',#17454,#4110);
#2505=LINE('',#17457,#4111);
#2506=LINE('',#17459,#4112);
#2507=LINE('',#17460,#4113);
#2508=LINE('',#17463,#4114);
#2509=LINE('',#17464,#4115);
#2510=LINE('',#17467,#4116);
#2511=LINE('',#17468,#4117);
#2512=LINE('',#17470,#4118);
#2513=LINE('',#17473,#4119);
#2514=LINE('',#17475,#4120);
#2515=LINE('',#17476,#4121);
#2516=LINE('',#17479,#4122);
#2517=LINE('',#17480,#4123);
#2518=LINE('',#17483,#4124);
#2519=LINE('',#17484,#4125);
#2520=LINE('',#17486,#4126);
#2521=LINE('',#17491,#4127);
#2522=LINE('',#17493,#4128);
#2523=LINE('',#17495,#4129);
#2524=LINE('',#17496,#4130);
#2525=LINE('',#17499,#4131);
#2526=LINE('',#17501,#4132);
#2527=LINE('',#17502,#4133);
#2528=LINE('',#17505,#4134);
#2529=LINE('',#17506,#4135);
#2530=LINE('',#17509,#4136);
#2531=LINE('',#17510,#4137);
#2532=LINE('',#17512,#4138);
#2533=LINE('',#17515,#4139);
#2534=LINE('',#17517,#4140);
#2535=LINE('',#17518,#4141);
#2536=LINE('',#17521,#4142);
#2537=LINE('',#17522,#4143);
#2538=LINE('',#17525,#4144);
#2539=LINE('',#17526,#4145);
#2540=LINE('',#17528,#4146);
#2541=LINE('',#17533,#4147);
#2542=LINE('',#17535,#4148);
#2543=LINE('',#17537,#4149);
#2544=LINE('',#17538,#4150);
#2545=LINE('',#17541,#4151);
#2546=LINE('',#17543,#4152);
#2547=LINE('',#17544,#4153);
#2548=LINE('',#17547,#4154);
#2549=LINE('',#17548,#4155);
#2550=LINE('',#17551,#4156);
#2551=LINE('',#17552,#4157);
#2552=LINE('',#17554,#4158);
#2553=LINE('',#17557,#4159);
#2554=LINE('',#17559,#4160);
#2555=LINE('',#17560,#4161);
#2556=LINE('',#17563,#4162);
#2557=LINE('',#17564,#4163);
#2558=LINE('',#17567,#4164);
#2559=LINE('',#17568,#4165);
#2560=LINE('',#17570,#4166);
#2561=LINE('',#17575,#4167);
#2562=LINE('',#17577,#4168);
#2563=LINE('',#17579,#4169);
#2564=LINE('',#17580,#4170);
#2565=LINE('',#17583,#4171);
#2566=LINE('',#17585,#4172);
#2567=LINE('',#17586,#4173);
#2568=LINE('',#17589,#4174);
#2569=LINE('',#17590,#4175);
#2570=LINE('',#17593,#4176);
#2571=LINE('',#17594,#4177);
#2572=LINE('',#17596,#4178);
#2573=LINE('',#17599,#4179);
#2574=LINE('',#17601,#4180);
#2575=LINE('',#17602,#4181);
#2576=LINE('',#17605,#4182);
#2577=LINE('',#17606,#4183);
#2578=LINE('',#17609,#4184);
#2579=LINE('',#17610,#4185);
#2580=LINE('',#17612,#4186);
#2581=LINE('',#17617,#4187);
#2582=LINE('',#17619,#4188);
#2583=LINE('',#17621,#4189);
#2584=LINE('',#17622,#4190);
#2585=LINE('',#17625,#4191);
#2586=LINE('',#17627,#4192);
#2587=LINE('',#17628,#4193);
#2588=LINE('',#17631,#4194);
#2589=LINE('',#17632,#4195);
#2590=LINE('',#17635,#4196);
#2591=LINE('',#17636,#4197);
#2592=LINE('',#17638,#4198);
#2593=LINE('',#17641,#4199);
#2594=LINE('',#17643,#4200);
#2595=LINE('',#17644,#4201);
#2596=LINE('',#17647,#4202);
#2597=LINE('',#17648,#4203);
#2598=LINE('',#17651,#4204);
#2599=LINE('',#17652,#4205);
#2600=LINE('',#17654,#4206);
#2601=LINE('',#17659,#4207);
#2602=LINE('',#17661,#4208);
#2603=LINE('',#17663,#4209);
#2604=LINE('',#17664,#4210);
#2605=LINE('',#17667,#4211);
#2606=LINE('',#17669,#4212);
#2607=LINE('',#17670,#4213);
#2608=LINE('',#17673,#4214);
#2609=LINE('',#17674,#4215);
#2610=LINE('',#17677,#4216);
#2611=LINE('',#17678,#4217);
#2612=LINE('',#17680,#4218);
#2613=LINE('',#17683,#4219);
#2614=LINE('',#17685,#4220);
#2615=LINE('',#17686,#4221);
#2616=LINE('',#17689,#4222);
#2617=LINE('',#17690,#4223);
#2618=LINE('',#17693,#4224);
#2619=LINE('',#17694,#4225);
#2620=LINE('',#17696,#4226);
#2621=LINE('',#17701,#4227);
#2622=LINE('',#17703,#4228);
#2623=LINE('',#17705,#4229);
#2624=LINE('',#17706,#4230);
#2625=LINE('',#17709,#4231);
#2626=LINE('',#17711,#4232);
#2627=LINE('',#17712,#4233);
#2628=LINE('',#17715,#4234);
#2629=LINE('',#17716,#4235);
#2630=LINE('',#17719,#4236);
#2631=LINE('',#17720,#4237);
#2632=LINE('',#17722,#4238);
#2633=LINE('',#17725,#4239);
#2634=LINE('',#17727,#4240);
#2635=LINE('',#17728,#4241);
#2636=LINE('',#17731,#4242);
#2637=LINE('',#17732,#4243);
#2638=LINE('',#17735,#4244);
#2639=LINE('',#17736,#4245);
#2640=LINE('',#17738,#4246);
#2641=LINE('',#17743,#4247);
#2642=LINE('',#17745,#4248);
#2643=LINE('',#17747,#4249);
#2644=LINE('',#17748,#4250);
#2645=LINE('',#17751,#4251);
#2646=LINE('',#17753,#4252);
#2647=LINE('',#17754,#4253);
#2648=LINE('',#17757,#4254);
#2649=LINE('',#17758,#4255);
#2650=LINE('',#17761,#4256);
#2651=LINE('',#17762,#4257);
#2652=LINE('',#17764,#4258);
#2653=LINE('',#17767,#4259);
#2654=LINE('',#17769,#4260);
#2655=LINE('',#17770,#4261);
#2656=LINE('',#17773,#4262);
#2657=LINE('',#17774,#4263);
#2658=LINE('',#17777,#4264);
#2659=LINE('',#17778,#4265);
#2660=LINE('',#17780,#4266);
#2661=LINE('',#17785,#4267);
#2662=LINE('',#17787,#4268);
#2663=LINE('',#17789,#4269);
#2664=LINE('',#17790,#4270);
#2665=LINE('',#17793,#4271);
#2666=LINE('',#17795,#4272);
#2667=LINE('',#17796,#4273);
#2668=LINE('',#17799,#4274);
#2669=LINE('',#17800,#4275);
#2670=LINE('',#17803,#4276);
#2671=LINE('',#17804,#4277);
#2672=LINE('',#17806,#4278);
#2673=LINE('',#17809,#4279);
#2674=LINE('',#17811,#4280);
#2675=LINE('',#17812,#4281);
#2676=LINE('',#17815,#4282);
#2677=LINE('',#17816,#4283);
#2678=LINE('',#17819,#4284);
#2679=LINE('',#17820,#4285);
#2680=LINE('',#17822,#4286);
#2681=LINE('',#17827,#4287);
#2682=LINE('',#17829,#4288);
#2683=LINE('',#17831,#4289);
#2684=LINE('',#17832,#4290);
#2685=LINE('',#17835,#4291);
#2686=LINE('',#17837,#4292);
#2687=LINE('',#17838,#4293);
#2688=LINE('',#17841,#4294);
#2689=LINE('',#17842,#4295);
#2690=LINE('',#17845,#4296);
#2691=LINE('',#17846,#4297);
#2692=LINE('',#17848,#4298);
#2693=LINE('',#17851,#4299);
#2694=LINE('',#17853,#4300);
#2695=LINE('',#17854,#4301);
#2696=LINE('',#17857,#4302);
#2697=LINE('',#17858,#4303);
#2698=LINE('',#17861,#4304);
#2699=LINE('',#17862,#4305);
#2700=LINE('',#17864,#4306);
#2701=LINE('',#17869,#4307);
#2702=LINE('',#17871,#4308);
#2703=LINE('',#17873,#4309);
#2704=LINE('',#17874,#4310);
#2705=LINE('',#17877,#4311);
#2706=LINE('',#17879,#4312);
#2707=LINE('',#17880,#4313);
#2708=LINE('',#17883,#4314);
#2709=LINE('',#17884,#4315);
#2710=LINE('',#17887,#4316);
#2711=LINE('',#17888,#4317);
#2712=LINE('',#17890,#4318);
#2713=LINE('',#17893,#4319);
#2714=LINE('',#17895,#4320);
#2715=LINE('',#17896,#4321);
#2716=LINE('',#17899,#4322);
#2717=LINE('',#17900,#4323);
#2718=LINE('',#17903,#4324);
#2719=LINE('',#17904,#4325);
#2720=LINE('',#17906,#4326);
#2721=LINE('',#17911,#4327);
#2722=LINE('',#17913,#4328);
#2723=LINE('',#17915,#4329);
#2724=LINE('',#17916,#4330);
#2725=LINE('',#17919,#4331);
#2726=LINE('',#17921,#4332);
#2727=LINE('',#17922,#4333);
#2728=LINE('',#17925,#4334);
#2729=LINE('',#17926,#4335);
#2730=LINE('',#17929,#4336);
#2731=LINE('',#17930,#4337);
#2732=LINE('',#17932,#4338);
#2733=LINE('',#17935,#4339);
#2734=LINE('',#17937,#4340);
#2735=LINE('',#17938,#4341);
#2736=LINE('',#17941,#4342);
#2737=LINE('',#17942,#4343);
#2738=LINE('',#17945,#4344);
#2739=LINE('',#17946,#4345);
#2740=LINE('',#17948,#4346);
#2741=LINE('',#17953,#4347);
#2742=LINE('',#17955,#4348);
#2743=LINE('',#17957,#4349);
#2744=LINE('',#17958,#4350);
#2745=LINE('',#17961,#4351);
#2746=LINE('',#17963,#4352);
#2747=LINE('',#17964,#4353);
#2748=LINE('',#17967,#4354);
#2749=LINE('',#17968,#4355);
#2750=LINE('',#17971,#4356);
#2751=LINE('',#17972,#4357);
#2752=LINE('',#17974,#4358);
#2753=LINE('',#17977,#4359);
#2754=LINE('',#17979,#4360);
#2755=LINE('',#17980,#4361);
#2756=LINE('',#17983,#4362);
#2757=LINE('',#17984,#4363);
#2758=LINE('',#17987,#4364);
#2759=LINE('',#17988,#4365);
#2760=LINE('',#17990,#4366);
#2761=LINE('',#17995,#4367);
#2762=LINE('',#17997,#4368);
#2763=LINE('',#17999,#4369);
#2764=LINE('',#18000,#4370);
#2765=LINE('',#18003,#4371);
#2766=LINE('',#18005,#4372);
#2767=LINE('',#18006,#4373);
#2768=LINE('',#18009,#4374);
#2769=LINE('',#18010,#4375);
#2770=LINE('',#18013,#4376);
#2771=LINE('',#18014,#4377);
#2772=LINE('',#18016,#4378);
#2773=LINE('',#18019,#4379);
#2774=LINE('',#18021,#4380);
#2775=LINE('',#18022,#4381);
#2776=LINE('',#18025,#4382);
#2777=LINE('',#18026,#4383);
#2778=LINE('',#18029,#4384);
#2779=LINE('',#18030,#4385);
#2780=LINE('',#18032,#4386);
#2781=LINE('',#18037,#4387);
#2782=LINE('',#18039,#4388);
#2783=LINE('',#18041,#4389);
#2784=LINE('',#18042,#4390);
#2785=LINE('',#18045,#4391);
#2786=LINE('',#18047,#4392);
#2787=LINE('',#18048,#4393);
#2788=LINE('',#18051,#4394);
#2789=LINE('',#18052,#4395);
#2790=LINE('',#18055,#4396);
#2791=LINE('',#18056,#4397);
#2792=LINE('',#18058,#4398);
#2793=LINE('',#18061,#4399);
#2794=LINE('',#18063,#4400);
#2795=LINE('',#18064,#4401);
#2796=LINE('',#18067,#4402);
#2797=LINE('',#18068,#4403);
#2798=LINE('',#18071,#4404);
#2799=LINE('',#18072,#4405);
#2800=LINE('',#18074,#4406);
#2801=LINE('',#18079,#4407);
#2802=LINE('',#18081,#4408);
#2803=LINE('',#18083,#4409);
#2804=LINE('',#18084,#4410);
#2805=LINE('',#18087,#4411);
#2806=LINE('',#18089,#4412);
#2807=LINE('',#18090,#4413);
#2808=LINE('',#18093,#4414);
#2809=LINE('',#18094,#4415);
#2810=LINE('',#18097,#4416);
#2811=LINE('',#18098,#4417);
#2812=LINE('',#18100,#4418);
#2813=LINE('',#18103,#4419);
#2814=LINE('',#18105,#4420);
#2815=LINE('',#18106,#4421);
#2816=LINE('',#18109,#4422);
#2817=LINE('',#18110,#4423);
#2818=LINE('',#18113,#4424);
#2819=LINE('',#18114,#4425);
#2820=LINE('',#18116,#4426);
#2821=LINE('',#18121,#4427);
#2822=LINE('',#18123,#4428);
#2823=LINE('',#18125,#4429);
#2824=LINE('',#18126,#4430);
#2825=LINE('',#18129,#4431);
#2826=LINE('',#18131,#4432);
#2827=LINE('',#18132,#4433);
#2828=LINE('',#18135,#4434);
#2829=LINE('',#18136,#4435);
#2830=LINE('',#18139,#4436);
#2831=LINE('',#18140,#4437);
#2832=LINE('',#18142,#4438);
#2833=LINE('',#18145,#4439);
#2834=LINE('',#18147,#4440);
#2835=LINE('',#18148,#4441);
#2836=LINE('',#18151,#4442);
#2837=LINE('',#18152,#4443);
#2838=LINE('',#18155,#4444);
#2839=LINE('',#18156,#4445);
#2840=LINE('',#18158,#4446);
#2841=LINE('',#18163,#4447);
#2842=LINE('',#18165,#4448);
#2843=LINE('',#18167,#4449);
#2844=LINE('',#18168,#4450);
#2845=LINE('',#18171,#4451);
#2846=LINE('',#18173,#4452);
#2847=LINE('',#18174,#4453);
#2848=LINE('',#18177,#4454);
#2849=LINE('',#18178,#4455);
#2850=LINE('',#18181,#4456);
#2851=LINE('',#18182,#4457);
#2852=LINE('',#18184,#4458);
#2853=LINE('',#18187,#4459);
#2854=LINE('',#18189,#4460);
#2855=LINE('',#18190,#4461);
#2856=LINE('',#18193,#4462);
#2857=LINE('',#18194,#4463);
#2858=LINE('',#18197,#4464);
#2859=LINE('',#18198,#4465);
#2860=LINE('',#18200,#4466);
#2861=LINE('',#18205,#4467);
#2862=LINE('',#18207,#4468);
#2863=LINE('',#18209,#4469);
#2864=LINE('',#18210,#4470);
#2865=LINE('',#18213,#4471);
#2866=LINE('',#18215,#4472);
#2867=LINE('',#18216,#4473);
#2868=LINE('',#18219,#4474);
#2869=LINE('',#18220,#4475);
#2870=LINE('',#18223,#4476);
#2871=LINE('',#18224,#4477);
#2872=LINE('',#18226,#4478);
#2873=LINE('',#18229,#4479);
#2874=LINE('',#18231,#4480);
#2875=LINE('',#18232,#4481);
#2876=LINE('',#18235,#4482);
#2877=LINE('',#18236,#4483);
#2878=LINE('',#18239,#4484);
#2879=LINE('',#18240,#4485);
#2880=LINE('',#18242,#4486);
#2881=LINE('',#18247,#4487);
#2882=LINE('',#18249,#4488);
#2883=LINE('',#18251,#4489);
#2884=LINE('',#18252,#4490);
#2885=LINE('',#18255,#4491);
#2886=LINE('',#18257,#4492);
#2887=LINE('',#18258,#4493);
#2888=LINE('',#18261,#4494);
#2889=LINE('',#18262,#4495);
#2890=LINE('',#18265,#4496);
#2891=LINE('',#18266,#4497);
#2892=LINE('',#18268,#4498);
#2893=LINE('',#18271,#4499);
#2894=LINE('',#18273,#4500);
#2895=LINE('',#18274,#4501);
#2896=LINE('',#18277,#4502);
#2897=LINE('',#18278,#4503);
#2898=LINE('',#18281,#4504);
#2899=LINE('',#18282,#4505);
#2900=LINE('',#18284,#4506);
#2901=LINE('',#18289,#4507);
#2902=LINE('',#18291,#4508);
#2903=LINE('',#18293,#4509);
#2904=LINE('',#18294,#4510);
#2905=LINE('',#18297,#4511);
#2906=LINE('',#18299,#4512);
#2907=LINE('',#18300,#4513);
#2908=LINE('',#18303,#4514);
#2909=LINE('',#18304,#4515);
#2910=LINE('',#18307,#4516);
#2911=LINE('',#18308,#4517);
#2912=LINE('',#18310,#4518);
#2913=LINE('',#18313,#4519);
#2914=LINE('',#18315,#4520);
#2915=LINE('',#18316,#4521);
#2916=LINE('',#18319,#4522);
#2917=LINE('',#18320,#4523);
#2918=LINE('',#18323,#4524);
#2919=LINE('',#18324,#4525);
#2920=LINE('',#18326,#4526);
#2921=LINE('',#18331,#4527);
#2922=LINE('',#18333,#4528);
#2923=LINE('',#18335,#4529);
#2924=LINE('',#18336,#4530);
#2925=LINE('',#18339,#4531);
#2926=LINE('',#18341,#4532);
#2927=LINE('',#18342,#4533);
#2928=LINE('',#18345,#4534);
#2929=LINE('',#18346,#4535);
#2930=LINE('',#18349,#4536);
#2931=LINE('',#18350,#4537);
#2932=LINE('',#18352,#4538);
#2933=LINE('',#18355,#4539);
#2934=LINE('',#18357,#4540);
#2935=LINE('',#18358,#4541);
#2936=LINE('',#18361,#4542);
#2937=LINE('',#18362,#4543);
#2938=LINE('',#18365,#4544);
#2939=LINE('',#18366,#4545);
#2940=LINE('',#18368,#4546);
#2941=LINE('',#18373,#4547);
#2942=LINE('',#18375,#4548);
#2943=LINE('',#18377,#4549);
#2944=LINE('',#18378,#4550);
#2945=LINE('',#18381,#4551);
#2946=LINE('',#18383,#4552);
#2947=LINE('',#18384,#4553);
#2948=LINE('',#18387,#4554);
#2949=LINE('',#18388,#4555);
#2950=LINE('',#18391,#4556);
#2951=LINE('',#18392,#4557);
#2952=LINE('',#18394,#4558);
#2953=LINE('',#18397,#4559);
#2954=LINE('',#18399,#4560);
#2955=LINE('',#18400,#4561);
#2956=LINE('',#18403,#4562);
#2957=LINE('',#18404,#4563);
#2958=LINE('',#18407,#4564);
#2959=LINE('',#18408,#4565);
#2960=LINE('',#18410,#4566);
#2961=LINE('',#18415,#4567);
#2962=LINE('',#18417,#4568);
#2963=LINE('',#18419,#4569);
#2964=LINE('',#18420,#4570);
#2965=LINE('',#18423,#4571);
#2966=LINE('',#18425,#4572);
#2967=LINE('',#18426,#4573);
#2968=LINE('',#18429,#4574);
#2969=LINE('',#18430,#4575);
#2970=LINE('',#18433,#4576);
#2971=LINE('',#18434,#4577);
#2972=LINE('',#18436,#4578);
#2973=LINE('',#18439,#4579);
#2974=LINE('',#18441,#4580);
#2975=LINE('',#18442,#4581);
#2976=LINE('',#18445,#4582);
#2977=LINE('',#18446,#4583);
#2978=LINE('',#18449,#4584);
#2979=LINE('',#18450,#4585);
#2980=LINE('',#18452,#4586);
#2981=LINE('',#18457,#4587);
#2982=LINE('',#18459,#4588);
#2983=LINE('',#18461,#4589);
#2984=LINE('',#18462,#4590);
#2985=LINE('',#18465,#4591);
#2986=LINE('',#18467,#4592);
#2987=LINE('',#18468,#4593);
#2988=LINE('',#18471,#4594);
#2989=LINE('',#18472,#4595);
#2990=LINE('',#18475,#4596);
#2991=LINE('',#18476,#4597);
#2992=LINE('',#18478,#4598);
#2993=LINE('',#18481,#4599);
#2994=LINE('',#18483,#4600);
#2995=LINE('',#18484,#4601);
#2996=LINE('',#18487,#4602);
#2997=LINE('',#18488,#4603);
#2998=LINE('',#18491,#4604);
#2999=LINE('',#18492,#4605);
#3000=LINE('',#18494,#4606);
#3001=LINE('',#18499,#4607);
#3002=LINE('',#18501,#4608);
#3003=LINE('',#18503,#4609);
#3004=LINE('',#18504,#4610);
#3005=LINE('',#18507,#4611);
#3006=LINE('',#18509,#4612);
#3007=LINE('',#18510,#4613);
#3008=LINE('',#18513,#4614);
#3009=LINE('',#18514,#4615);
#3010=LINE('',#18517,#4616);
#3011=LINE('',#18518,#4617);
#3012=LINE('',#18520,#4618);
#3013=LINE('',#18523,#4619);
#3014=LINE('',#18525,#4620);
#3015=LINE('',#18526,#4621);
#3016=LINE('',#18529,#4622);
#3017=LINE('',#18530,#4623);
#3018=LINE('',#18533,#4624);
#3019=LINE('',#18534,#4625);
#3020=LINE('',#18536,#4626);
#3021=LINE('',#18541,#4627);
#3022=LINE('',#18543,#4628);
#3023=LINE('',#18545,#4629);
#3024=LINE('',#18546,#4630);
#3025=LINE('',#18549,#4631);
#3026=LINE('',#18551,#4632);
#3027=LINE('',#18552,#4633);
#3028=LINE('',#18555,#4634);
#3029=LINE('',#18556,#4635);
#3030=LINE('',#18559,#4636);
#3031=LINE('',#18560,#4637);
#3032=LINE('',#18562,#4638);
#3033=LINE('',#18565,#4639);
#3034=LINE('',#18567,#4640);
#3035=LINE('',#18568,#4641);
#3036=LINE('',#18571,#4642);
#3037=LINE('',#18572,#4643);
#3038=LINE('',#18575,#4644);
#3039=LINE('',#18576,#4645);
#3040=LINE('',#18578,#4646);
#3041=LINE('',#18583,#4647);
#3042=LINE('',#18585,#4648);
#3043=LINE('',#18587,#4649);
#3044=LINE('',#18588,#4650);
#3045=LINE('',#18591,#4651);
#3046=LINE('',#18593,#4652);
#3047=LINE('',#18594,#4653);
#3048=LINE('',#18597,#4654);
#3049=LINE('',#18598,#4655);
#3050=LINE('',#18601,#4656);
#3051=LINE('',#18602,#4657);
#3052=LINE('',#18604,#4658);
#3053=LINE('',#18607,#4659);
#3054=LINE('',#18609,#4660);
#3055=LINE('',#18610,#4661);
#3056=LINE('',#18613,#4662);
#3057=LINE('',#18614,#4663);
#3058=LINE('',#18617,#4664);
#3059=LINE('',#18618,#4665);
#3060=LINE('',#18620,#4666);
#3061=LINE('',#18625,#4667);
#3062=LINE('',#18627,#4668);
#3063=LINE('',#18629,#4669);
#3064=LINE('',#18630,#4670);
#3065=LINE('',#18633,#4671);
#3066=LINE('',#18635,#4672);
#3067=LINE('',#18636,#4673);
#3068=LINE('',#18639,#4674);
#3069=LINE('',#18640,#4675);
#3070=LINE('',#18643,#4676);
#3071=LINE('',#18644,#4677);
#3072=LINE('',#18646,#4678);
#3073=LINE('',#18649,#4679);
#3074=LINE('',#18651,#4680);
#3075=LINE('',#18652,#4681);
#3076=LINE('',#18655,#4682);
#3077=LINE('',#18656,#4683);
#3078=LINE('',#18659,#4684);
#3079=LINE('',#18660,#4685);
#3080=LINE('',#18662,#4686);
#3081=LINE('',#18667,#4687);
#3082=LINE('',#18669,#4688);
#3083=LINE('',#18671,#4689);
#3084=LINE('',#18672,#4690);
#3085=LINE('',#18675,#4691);
#3086=LINE('',#18677,#4692);
#3087=LINE('',#18678,#4693);
#3088=LINE('',#18681,#4694);
#3089=LINE('',#18682,#4695);
#3090=LINE('',#18685,#4696);
#3091=LINE('',#18686,#4697);
#3092=LINE('',#18688,#4698);
#3093=LINE('',#18691,#4699);
#3094=LINE('',#18693,#4700);
#3095=LINE('',#18694,#4701);
#3096=LINE('',#18697,#4702);
#3097=LINE('',#18698,#4703);
#3098=LINE('',#18701,#4704);
#3099=LINE('',#18702,#4705);
#3100=LINE('',#18704,#4706);
#3101=VECTOR('',#12535,10.);
#3102=VECTOR('',#12536,10.);
#3103=VECTOR('',#12537,10.);
#3104=VECTOR('',#12538,10.);
#3105=VECTOR('',#12541,10.);
#3106=VECTOR('',#12542,10.);
#3107=VECTOR('',#12543,10.);
#3108=VECTOR('',#12546,10.);
#3109=VECTOR('',#12547,10.);
#3110=VECTOR('',#12550,10.);
#3111=VECTOR('',#12551,10.);
#3112=VECTOR('',#12554,10.);
#3113=VECTOR('',#12557,10.);
#3114=VECTOR('',#12558,10.);
#3115=VECTOR('',#12559,10.);
#3116=VECTOR('',#12562,10.);
#3117=VECTOR('',#12563,10.);
#3118=VECTOR('',#12566,10.);
#3119=VECTOR('',#12567,10.);
#3120=VECTOR('',#12570,10.);
#3121=VECTOR('',#12575,10.);
#3122=VECTOR('',#12576,10.);
#3123=VECTOR('',#12577,10.);
#3124=VECTOR('',#12578,10.);
#3125=VECTOR('',#12581,10.);
#3126=VECTOR('',#12582,10.);
#3127=VECTOR('',#12583,10.);
#3128=VECTOR('',#12586,10.);
#3129=VECTOR('',#12587,10.);
#3130=VECTOR('',#12588,10.);
#3131=VECTOR('',#12591,10.);
#3132=VECTOR('',#12592,10.);
#3133=VECTOR('',#12593,10.);
#3134=VECTOR('',#12594,10.);
#3135=VECTOR('',#12597,10.);
#3136=VECTOR('',#12598,10.);
#3137=VECTOR('',#12599,10.);
#3138=VECTOR('',#12602,10.);
#3139=VECTOR('',#12603,10.);
#3140=VECTOR('',#12604,10.);
#3141=VECTOR('',#12607,10.);
#3142=VECTOR('',#12608,10.);
#3143=VECTOR('',#12609,10.);
#3144=VECTOR('',#12610,10.);
#3145=VECTOR('',#12613,10.);
#3146=VECTOR('',#12614,10.);
#3147=VECTOR('',#12615,10.);
#3148=VECTOR('',#12618,10.);
#3149=VECTOR('',#12619,10.);
#3150=VECTOR('',#12620,10.);
#3151=VECTOR('',#12623,10.);
#3152=VECTOR('',#12624,10.);
#3153=VECTOR('',#12627,10.);
#3154=VECTOR('',#12628,10.);
#3155=VECTOR('',#12629,10.);
#3156=VECTOR('',#12632,10.);
#3157=VECTOR('',#12633,10.);
#3158=VECTOR('',#12634,10.);
#3159=VECTOR('',#12637,10.);
#3160=VECTOR('',#12638,10.);
#3161=VECTOR('',#12639,10.);
#3162=VECTOR('',#12642,10.);
#3163=VECTOR('',#12643,10.);
#3164=VECTOR('',#12644,10.);
#3165=VECTOR('',#12647,10.);
#3166=VECTOR('',#12648,10.);
#3167=VECTOR('',#12649,10.);
#3168=VECTOR('',#12652,10.);
#3169=VECTOR('',#12653,10.);
#3170=VECTOR('',#12654,10.);
#3171=VECTOR('',#12657,10.);
#3172=VECTOR('',#12658,10.);
#3173=VECTOR('',#12659,10.);
#3174=VECTOR('',#12660,10.);
#3175=VECTOR('',#12663,10.);
#3176=VECTOR('',#12664,10.);
#3177=VECTOR('',#12665,10.);
#3178=VECTOR('',#12668,10.);
#3179=VECTOR('',#12669,10.);
#3180=VECTOR('',#12670,10.);
#3181=VECTOR('',#12673,10.);
#3182=VECTOR('',#12674,10.);
#3183=VECTOR('',#12677,10.);
#3184=VECTOR('',#12678,10.);
#3185=VECTOR('',#12679,10.);
#3186=VECTOR('',#12680,10.);
#3187=VECTOR('',#12683,10.);
#3188=VECTOR('',#12684,10.);
#3189=VECTOR('',#12685,10.);
#3190=VECTOR('',#12688,10.);
#3191=VECTOR('',#12689,10.);
#3192=VECTOR('',#12692,10.);
#3193=VECTOR('',#12693,10.);
#3194=VECTOR('',#12694,10.);
#3195=VECTOR('',#12695,10.);
#3196=VECTOR('',#12698,10.);
#3197=VECTOR('',#12699,10.);
#3198=VECTOR('',#12700,10.);
#3199=VECTOR('',#12703,10.);
#3200=VECTOR('',#12704,10.);
#3201=VECTOR('',#12707,10.);
#3202=VECTOR('',#12708,10.);
#3203=VECTOR('',#12709,10.);
#3204=VECTOR('',#12710,10.);
#3205=VECTOR('',#12713,10.);
#3206=VECTOR('',#12714,10.);
#3207=VECTOR('',#12715,10.);
#3208=VECTOR('',#12718,10.);
#3209=VECTOR('',#12719,10.);
#3210=VECTOR('',#12720,10.);
#3211=VECTOR('',#12723,10.);
#3212=VECTOR('',#12724,10.);
#3213=VECTOR('',#12727,10.);
#3214=VECTOR('',#12728,10.);
#3215=VECTOR('',#12729,10.);
#3216=VECTOR('',#12732,10.);
#3217=VECTOR('',#12733,10.);
#3218=VECTOR('',#12734,10.);
#3219=VECTOR('',#12737,10.);
#3220=VECTOR('',#12738,10.);
#3221=VECTOR('',#12739,10.);
#3222=VECTOR('',#12742,10.);
#3223=VECTOR('',#12743,10.);
#3224=VECTOR('',#12744,10.);
#3225=VECTOR('',#12747,10.);
#3226=VECTOR('',#12748,10.);
#3227=VECTOR('',#12749,10.);
#3228=VECTOR('',#12752,10.);
#3229=VECTOR('',#12753,10.);
#3230=VECTOR('',#12754,10.);
#3231=VECTOR('',#12757,10.);
#3232=VECTOR('',#12758,10.);
#3233=VECTOR('',#12759,10.);
#3234=VECTOR('',#12760,10.);
#3235=VECTOR('',#12763,10.);
#3236=VECTOR('',#12764,10.);
#3237=VECTOR('',#12765,10.);
#3238=VECTOR('',#12768,10.);
#3239=VECTOR('',#12769,10.);
#3240=VECTOR('',#12770,10.);
#3241=VECTOR('',#12773,10.);
#3242=VECTOR('',#12774,10.);
#3243=VECTOR('',#12777,10.);
#3244=VECTOR('',#12778,10.);
#3245=VECTOR('',#12779,10.);
#3246=VECTOR('',#12780,10.);
#3247=VECTOR('',#12783,10.);
#3248=VECTOR('',#12784,10.);
#3249=VECTOR('',#12785,10.);
#3250=VECTOR('',#12788,10.);
#3251=VECTOR('',#12789,10.);
#3252=VECTOR('',#12790,10.);
#3253=VECTOR('',#12793,10.);
#3254=VECTOR('',#12794,10.);
#3255=VECTOR('',#12795,10.);
#3256=VECTOR('',#12796,10.);
#3257=VECTOR('',#12799,10.);
#3258=VECTOR('',#12800,10.);
#3259=VECTOR('',#12801,10.);
#3260=VECTOR('',#12804,10.);
#3261=VECTOR('',#12805,10.);
#3262=VECTOR('',#12806,10.);
#3263=VECTOR('',#12809,10.);
#3264=VECTOR('',#12810,10.);
#3265=VECTOR('',#12811,10.);
#3266=VECTOR('',#12812,10.);
#3267=VECTOR('',#12815,10.);
#3268=VECTOR('',#12816,10.);
#3269=VECTOR('',#12817,10.);
#3270=VECTOR('',#12820,10.);
#3271=VECTOR('',#12821,10.);
#3272=VECTOR('',#12822,10.);
#3273=VECTOR('',#12825,10.);
#3274=VECTOR('',#12826,10.);
#3275=VECTOR('',#12829,10.);
#3276=VECTOR('',#12830,10.);
#3277=VECTOR('',#12831,10.);
#3278=VECTOR('',#12834,10.);
#3279=VECTOR('',#12835,10.);
#3280=VECTOR('',#12836,10.);
#3281=VECTOR('',#12839,10.);
#3282=VECTOR('',#12840,10.);
#3283=VECTOR('',#12843,10.);
#3284=VECTOR('',#12844,10.);
#3285=VECTOR('',#12845,10.);
#3286=VECTOR('',#12848,10.);
#3287=VECTOR('',#12849,10.);
#3288=VECTOR('',#12850,10.);
#3289=VECTOR('',#12853,10.);
#3290=VECTOR('',#12854,10.);
#3291=VECTOR('',#12857,10.);
#3292=VECTOR('',#12858,10.);
#3293=VECTOR('',#12859,10.);
#3294=VECTOR('',#12860,10.);
#3295=VECTOR('',#12863,10.);
#3296=VECTOR('',#12864,10.);
#3297=VECTOR('',#12865,10.);
#3298=VECTOR('',#12868,10.);
#3299=VECTOR('',#12869,10.);
#3300=VECTOR('',#12870,10.);
#3301=VECTOR('',#12873,10.);
#3302=VECTOR('',#12874,10.);
#3303=VECTOR('',#12877,10.);
#3304=VECTOR('',#12878,10.);
#3305=VECTOR('',#12879,10.);
#3306=VECTOR('',#12880,10.);
#3307=VECTOR('',#12883,10.);
#3308=VECTOR('',#12884,10.);
#3309=VECTOR('',#12885,10.);
#3310=VECTOR('',#12888,10.);
#3311=VECTOR('',#12889,10.);
#3312=VECTOR('',#12892,10.);
#3313=VECTOR('',#12893,10.);
#3314=VECTOR('',#12894,10.);
#3315=VECTOR('',#12895,10.);
#3316=VECTOR('',#12898,10.);
#3317=VECTOR('',#12899,10.);
#3318=VECTOR('',#12900,10.);
#3319=VECTOR('',#12903,10.);
#3320=VECTOR('',#12904,10.);
#3321=VECTOR('',#12907,10.);
#3322=VECTOR('',#12908,10.);
#3323=VECTOR('',#12909,10.);
#3324=VECTOR('',#12910,10.);
#3325=VECTOR('',#12913,10.);
#3326=VECTOR('',#12914,10.);
#3327=VECTOR('',#12915,10.);
#3328=VECTOR('',#12918,10.);
#3329=VECTOR('',#12919,10.);
#3330=VECTOR('',#12920,10.);
#3331=VECTOR('',#12923,10.);
#3332=VECTOR('',#12924,10.);
#3333=VECTOR('',#12927,10.);
#3334=VECTOR('',#12928,10.);
#3335=VECTOR('',#12929,10.);
#3336=VECTOR('',#12932,10.);
#3337=VECTOR('',#12933,10.);
#3338=VECTOR('',#12934,10.);
#3339=VECTOR('',#12937,10.);
#3340=VECTOR('',#12938,10.);
#3341=VECTOR('',#12939,10.);
#3342=VECTOR('',#12942,10.);
#3343=VECTOR('',#12943,10.);
#3344=VECTOR('',#12944,10.);
#3345=VECTOR('',#12947,10.);
#3346=VECTOR('',#12948,10.);
#3347=VECTOR('',#12949,10.);
#3348=VECTOR('',#12952,10.);
#3349=VECTOR('',#12953,10.);
#3350=VECTOR('',#12954,10.);
#3351=VECTOR('',#12957,10.);
#3352=VECTOR('',#12958,10.);
#3353=VECTOR('',#12959,10.);
#3354=VECTOR('',#12960,10.);
#3355=VECTOR('',#12963,10.);
#3356=VECTOR('',#12964,10.);
#3357=VECTOR('',#12965,10.);
#3358=VECTOR('',#12968,10.);
#3359=VECTOR('',#12969,10.);
#3360=VECTOR('',#12970,10.);
#3361=VECTOR('',#12973,10.);
#3362=VECTOR('',#12974,10.);
#3363=VECTOR('',#12977,10.);
#3364=VECTOR('',#12978,10.);
#3365=VECTOR('',#12979,10.);
#3366=VECTOR('',#12980,10.);
#3367=VECTOR('',#12983,10.);
#3368=VECTOR('',#12984,10.);
#3369=VECTOR('',#12985,10.);
#3370=VECTOR('',#12988,10.);
#3371=VECTOR('',#12989,10.);
#3372=VECTOR('',#12990,10.);
#3373=VECTOR('',#12993,10.);
#3374=VECTOR('',#12994,10.);
#3375=VECTOR('',#12995,10.);
#3376=VECTOR('',#12996,10.);
#3377=VECTOR('',#12999,10.);
#3378=VECTOR('',#13000,10.);
#3379=VECTOR('',#13001,10.);
#3380=VECTOR('',#13004,10.);
#3381=VECTOR('',#13005,10.);
#3382=VECTOR('',#13006,10.);
#3383=VECTOR('',#13009,10.);
#3384=VECTOR('',#13010,10.);
#3385=VECTOR('',#13011,10.);
#3386=VECTOR('',#13012,10.);
#3387=VECTOR('',#13015,10.);
#3388=VECTOR('',#13016,10.);
#3389=VECTOR('',#13017,10.);
#3390=VECTOR('',#13020,10.);
#3391=VECTOR('',#13021,10.);
#3392=VECTOR('',#13022,10.);
#3393=VECTOR('',#13025,10.);
#3394=VECTOR('',#13026,10.);
#3395=VECTOR('',#13029,10.);
#3396=VECTOR('',#13030,10.);
#3397=VECTOR('',#13031,10.);
#3398=VECTOR('',#13034,10.);
#3399=VECTOR('',#13035,10.);
#3400=VECTOR('',#13036,10.);
#3401=VECTOR('',#13039,10.);
#3402=VECTOR('',#13040,10.);
#3403=VECTOR('',#13041,10.);
#3404=VECTOR('',#13044,10.);
#3405=VECTOR('',#13045,10.);
#3406=VECTOR('',#13046,10.);
#3407=VECTOR('',#13049,10.);
#3408=VECTOR('',#13050,10.);
#3409=VECTOR('',#13051,10.);
#3410=VECTOR('',#13054,10.);
#3411=VECTOR('',#13055,10.);
#3412=VECTOR('',#13056,10.);
#3413=VECTOR('',#13059,10.);
#3414=VECTOR('',#13060,10.);
#3415=VECTOR('',#13061,10.);
#3416=VECTOR('',#13062,10.);
#3417=VECTOR('',#13065,10.);
#3418=VECTOR('',#13066,10.);
#3419=VECTOR('',#13067,10.);
#3420=VECTOR('',#13070,10.);
#3421=VECTOR('',#13071,10.);
#3422=VECTOR('',#13072,10.);
#3423=VECTOR('',#13075,10.);
#3424=VECTOR('',#13076,10.);
#3425=VECTOR('',#13079,10.);
#3426=VECTOR('',#13080,10.);
#3427=VECTOR('',#13081,10.);
#3428=VECTOR('',#13082,10.);
#3429=VECTOR('',#13085,10.);
#3430=VECTOR('',#13086,10.);
#3431=VECTOR('',#13087,10.);
#3432=VECTOR('',#13090,10.);
#3433=VECTOR('',#13091,10.);
#3434=VECTOR('',#13094,10.);
#3435=VECTOR('',#13095,10.);
#3436=VECTOR('',#13096,10.);
#3437=VECTOR('',#13097,10.);
#3438=VECTOR('',#13100,10.);
#3439=VECTOR('',#13101,10.);
#3440=VECTOR('',#13102,10.);
#3441=VECTOR('',#13105,10.);
#3442=VECTOR('',#13106,10.);
#3443=VECTOR('',#13109,10.);
#3444=VECTOR('',#13110,10.);
#3445=VECTOR('',#13111,10.);
#3446=VECTOR('',#13112,10.);
#3447=VECTOR('',#13115,10.);
#3448=VECTOR('',#13116,10.);
#3449=VECTOR('',#13117,10.);
#3450=VECTOR('',#13120,10.);
#3451=VECTOR('',#13121,10.);
#3452=VECTOR('',#13122,10.);
#3453=VECTOR('',#13125,10.);
#3454=VECTOR('',#13126,10.);
#3455=VECTOR('',#13129,10.);
#3456=VECTOR('',#13130,10.);
#3457=VECTOR('',#13131,10.);
#3458=VECTOR('',#13134,10.);
#3459=VECTOR('',#13135,10.);
#3460=VECTOR('',#13136,10.);
#3461=VECTOR('',#13139,10.);
#3462=VECTOR('',#13140,10.);
#3463=VECTOR('',#13143,10.);
#3464=VECTOR('',#13144,10.);
#3465=VECTOR('',#13145,10.);
#3466=VECTOR('',#13148,10.);
#3467=VECTOR('',#13149,10.);
#3468=VECTOR('',#13150,10.);
#3469=VECTOR('',#13153,10.);
#3470=VECTOR('',#13154,10.);
#3471=VECTOR('',#13157,10.);
#3472=VECTOR('',#13158,10.);
#3473=VECTOR('',#13159,10.);
#3474=VECTOR('',#13160,10.);
#3475=VECTOR('',#13163,10.);
#3476=VECTOR('',#13164,10.);
#3477=VECTOR('',#13165,10.);
#3478=VECTOR('',#13168,10.);
#3479=VECTOR('',#13169,10.);
#3480=VECTOR('',#13170,10.);
#3481=VECTOR('',#13173,10.);
#3482=VECTOR('',#13174,10.);
#3483=VECTOR('',#13177,10.);
#3484=VECTOR('',#13178,10.);
#3485=VECTOR('',#13179,10.);
#3486=VECTOR('',#13180,10.);
#3487=VECTOR('',#13183,10.);
#3488=VECTOR('',#13184,10.);
#3489=VECTOR('',#13185,10.);
#3490=VECTOR('',#13188,10.);
#3491=VECTOR('',#13189,10.);
#3492=VECTOR('',#13190,10.);
#3493=VECTOR('',#13193,10.);
#3494=VECTOR('',#13194,10.);
#3495=VECTOR('',#13195,10.);
#3496=VECTOR('',#13196,10.);
#3497=VECTOR('',#13199,10.);
#3498=VECTOR('',#13200,10.);
#3499=VECTOR('',#13201,10.);
#3500=VECTOR('',#13204,10.);
#3501=VECTOR('',#13205,10.);
#3502=VECTOR('',#13206,10.);
#3503=VECTOR('',#13209,10.);
#3504=VECTOR('',#13210,10.);
#3505=VECTOR('',#13211,10.);
#3506=VECTOR('',#13212,10.);
#3507=VECTOR('',#13215,10.);
#3508=VECTOR('',#13216,10.);
#3509=VECTOR('',#13217,10.);
#3510=VECTOR('',#13220,10.);
#3511=VECTOR('',#13221,10.);
#3512=VECTOR('',#13222,10.);
#3513=VECTOR('',#13225,10.);
#3514=VECTOR('',#13226,10.);
#3515=VECTOR('',#13229,10.);
#3516=VECTOR('',#13230,10.);
#3517=VECTOR('',#13231,10.);
#3518=VECTOR('',#13234,10.);
#3519=VECTOR('',#13235,10.);
#3520=VECTOR('',#13236,10.);
#3521=VECTOR('',#13239,10.);
#3522=VECTOR('',#13240,10.);
#3523=VECTOR('',#13243,10.);
#3524=VECTOR('',#13244,10.);
#3525=VECTOR('',#13245,10.);
#3526=VECTOR('',#13248,10.);
#3527=VECTOR('',#13249,10.);
#3528=VECTOR('',#13250,10.);
#3529=VECTOR('',#13253,10.);
#3530=VECTOR('',#13254,10.);
#3531=VECTOR('',#13257,10.);
#3532=VECTOR('',#13258,10.);
#3533=VECTOR('',#13259,10.);
#3534=VECTOR('',#13260,10.);
#3535=VECTOR('',#13263,10.);
#3536=VECTOR('',#13264,10.);
#3537=VECTOR('',#13265,10.);
#3538=VECTOR('',#13268,10.);
#3539=VECTOR('',#13269,10.);
#3540=VECTOR('',#13270,10.);
#3541=VECTOR('',#13273,10.);
#3542=VECTOR('',#13274,10.);
#3543=VECTOR('',#13277,10.);
#3544=VECTOR('',#13278,10.);
#3545=VECTOR('',#13279,10.);
#3546=VECTOR('',#13280,10.);
#3547=VECTOR('',#13283,10.);
#3548=VECTOR('',#13284,10.);
#3549=VECTOR('',#13285,10.);
#3550=VECTOR('',#13288,10.);
#3551=VECTOR('',#13289,10.);
#3552=VECTOR('',#13292,10.);
#3553=VECTOR('',#13293,10.);
#3554=VECTOR('',#13294,10.);
#3555=VECTOR('',#13295,10.);
#3556=VECTOR('',#13298,10.);
#3557=VECTOR('',#13299,10.);
#3558=VECTOR('',#13300,10.);
#3559=VECTOR('',#13303,10.);
#3560=VECTOR('',#13304,10.);
#3561=VECTOR('',#13307,10.);
#3562=VECTOR('',#13308,10.);
#3563=VECTOR('',#13309,10.);
#3564=VECTOR('',#13310,10.);
#3565=VECTOR('',#13313,10.);
#3566=VECTOR('',#13314,10.);
#3567=VECTOR('',#13315,10.);
#3568=VECTOR('',#13318,10.);
#3569=VECTOR('',#13319,10.);
#3570=VECTOR('',#13320,10.);
#3571=VECTOR('',#13323,10.);
#3572=VECTOR('',#13324,10.);
#3573=VECTOR('',#13327,10.);
#3574=VECTOR('',#13328,10.);
#3575=VECTOR('',#13329,10.);
#3576=VECTOR('',#13332,10.);
#3577=VECTOR('',#13333,10.);
#3578=VECTOR('',#13334,10.);
#3579=VECTOR('',#13337,10.);
#3580=VECTOR('',#13338,10.);
#3581=VECTOR('',#13339,10.);
#3582=VECTOR('',#13342,10.);
#3583=VECTOR('',#13343,10.);
#3584=VECTOR('',#13344,10.);
#3585=VECTOR('',#13347,10.);
#3586=VECTOR('',#13348,10.);
#3587=VECTOR('',#13349,10.);
#3588=VECTOR('',#13352,10.);
#3589=VECTOR('',#13353,10.);
#3590=VECTOR('',#13354,10.);
#3591=VECTOR('',#13357,10.);
#3592=VECTOR('',#13358,10.);
#3593=VECTOR('',#13359,10.);
#3594=VECTOR('',#13360,10.);
#3595=VECTOR('',#13363,10.);
#3596=VECTOR('',#13364,10.);
#3597=VECTOR('',#13365,10.);
#3598=VECTOR('',#13368,10.);
#3599=VECTOR('',#13369,10.);
#3600=VECTOR('',#13370,10.);
#3601=VECTOR('',#13373,10.);
#3602=VECTOR('',#13374,10.);
#3603=VECTOR('',#13377,10.);
#3604=VECTOR('',#13378,10.);
#3605=VECTOR('',#13381,10.);
#3606=VECTOR('',#13382,10.);
#3607=VECTOR('',#13383,10.);
#3608=VECTOR('',#13384,10.);
#3609=VECTOR('',#13387,10.);
#3610=VECTOR('',#13388,10.);
#3611=VECTOR('',#13389,10.);
#3612=VECTOR('',#13392,10.);
#3613=VECTOR('',#13393,10.);
#3614=VECTOR('',#13394,10.);
#3615=VECTOR('',#13397,10.);
#3616=VECTOR('',#13398,10.);
#3617=VECTOR('',#13399,10.);
#3618=VECTOR('',#13400,10.);
#3619=VECTOR('',#13403,10.);
#3620=VECTOR('',#13404,10.);
#3621=VECTOR('',#13405,10.);
#3622=VECTOR('',#13408,10.);
#3623=VECTOR('',#13409,10.);
#3624=VECTOR('',#13410,10.);
#3625=VECTOR('',#13413,10.);
#3626=VECTOR('',#13414,10.);
#3627=VECTOR('',#13415,10.);
#3628=VECTOR('',#13416,10.);
#3629=VECTOR('',#13419,10.);
#3630=VECTOR('',#13420,10.);
#3631=VECTOR('',#13421,10.);
#3632=VECTOR('',#13424,10.);
#3633=VECTOR('',#13425,10.);
#3634=VECTOR('',#13426,10.);
#3635=VECTOR('',#13429,10.);
#3636=VECTOR('',#13430,10.);
#3637=VECTOR('',#13433,10.);
#3638=VECTOR('',#13434,10.);
#3639=VECTOR('',#13435,10.);
#3640=VECTOR('',#13438,10.);
#3641=VECTOR('',#13439,10.);
#3642=VECTOR('',#13440,10.);
#3643=VECTOR('',#13443,10.);
#3644=VECTOR('',#13444,10.);
#3645=VECTOR('',#13445,10.);
#3646=VECTOR('',#13448,10.);
#3647=VECTOR('',#13449,10.);
#3648=VECTOR('',#13450,10.);
#3649=VECTOR('',#13453,10.);
#3650=VECTOR('',#13454,10.);
#3651=VECTOR('',#13455,10.);
#3652=VECTOR('',#13458,10.);
#3653=VECTOR('',#13459,10.);
#3654=VECTOR('',#13460,10.);
#3655=VECTOR('',#13463,10.);
#3656=VECTOR('',#13464,10.);
#3657=VECTOR('',#13465,10.);
#3658=VECTOR('',#13466,10.);
#3659=VECTOR('',#13469,10.);
#3660=VECTOR('',#13470,10.);
#3661=VECTOR('',#13471,10.);
#3662=VECTOR('',#13474,10.);
#3663=VECTOR('',#13475,10.);
#3664=VECTOR('',#13476,10.);
#3665=VECTOR('',#13479,10.);
#3666=VECTOR('',#13480,10.);
#3667=VECTOR('',#13483,10.);
#3668=VECTOR('',#13484,10.);
#3669=VECTOR('',#13485,10.);
#3670=VECTOR('',#13486,10.);
#3671=VECTOR('',#13489,10.);
#3672=VECTOR('',#13490,10.);
#3673=VECTOR('',#13491,10.);
#3674=VECTOR('',#13494,10.);
#3675=VECTOR('',#13495,10.);
#3676=VECTOR('',#13498,10.);
#3677=VECTOR('',#13499,10.);
#3678=VECTOR('',#13500,10.);
#3679=VECTOR('',#13501,10.);
#3680=VECTOR('',#13504,10.);
#3681=VECTOR('',#13505,10.);
#3682=VECTOR('',#13506,10.);
#3683=VECTOR('',#13509,10.);
#3684=VECTOR('',#13510,10.);
#3685=VECTOR('',#13513,10.);
#3686=VECTOR('',#13514,10.);
#3687=VECTOR('',#13515,10.);
#3688=VECTOR('',#13516,10.);
#3689=VECTOR('',#13519,10.);
#3690=VECTOR('',#13520,10.);
#3691=VECTOR('',#13521,10.);
#3692=VECTOR('',#13524,10.);
#3693=VECTOR('',#13525,10.);
#3694=VECTOR('',#13526,10.);
#3695=VECTOR('',#13529,10.);
#3696=VECTOR('',#13530,10.);
#3697=VECTOR('',#13533,10.);
#3698=VECTOR('',#13534,10.);
#3699=VECTOR('',#13535,10.);
#3700=VECTOR('',#13538,10.);
#3701=VECTOR('',#13539,10.);
#3702=VECTOR('',#13540,10.);
#3703=VECTOR('',#13543,10.);
#3704=VECTOR('',#13544,10.);
#3705=VECTOR('',#13545,10.);
#3706=VECTOR('',#13548,10.);
#3707=VECTOR('',#13549,10.);
#3708=VECTOR('',#13550,10.);
#3709=VECTOR('',#13553,10.);
#3710=VECTOR('',#13554,10.);
#3711=VECTOR('',#13555,10.);
#3712=VECTOR('',#13558,10.);
#3713=VECTOR('',#13559,10.);
#3714=VECTOR('',#13560,10.);
#3715=VECTOR('',#13563,10.);
#3716=VECTOR('',#13564,10.);
#3717=VECTOR('',#13565,10.);
#3718=VECTOR('',#13566,10.);
#3719=VECTOR('',#13569,10.);
#3720=VECTOR('',#13570,10.);
#3721=VECTOR('',#13571,10.);
#3722=VECTOR('',#13574,10.);
#3723=VECTOR('',#13575,10.);
#3724=VECTOR('',#13576,10.);
#3725=VECTOR('',#13579,10.);
#3726=VECTOR('',#13580,10.);
#3727=VECTOR('',#13583,10.);
#3728=VECTOR('',#13584,10.);
#3729=VECTOR('',#13585,10.);
#3730=VECTOR('',#13586,10.);
#3731=VECTOR('',#13589,10.);
#3732=VECTOR('',#13590,10.);
#3733=VECTOR('',#13591,10.);
#3734=VECTOR('',#13594,10.);
#3735=VECTOR('',#13595,10.);
#3736=VECTOR('',#13596,10.);
#3737=VECTOR('',#13599,10.);
#3738=VECTOR('',#13600,10.);
#3739=VECTOR('',#13601,10.);
#3740=VECTOR('',#13602,10.);
#3741=VECTOR('',#13605,10.);
#3742=VECTOR('',#13606,10.);
#3743=VECTOR('',#13607,10.);
#3744=VECTOR('',#13610,10.);
#3745=VECTOR('',#13611,10.);
#3746=VECTOR('',#13612,10.);
#3747=VECTOR('',#13615,10.);
#3748=VECTOR('',#13616,10.);
#3749=VECTOR('',#13617,10.);
#3750=VECTOR('',#13618,10.);
#3751=VECTOR('',#13621,10.);
#3752=VECTOR('',#13622,10.);
#3753=VECTOR('',#13623,10.);
#3754=VECTOR('',#13626,10.);
#3755=VECTOR('',#13627,10.);
#3756=VECTOR('',#13628,10.);
#3757=VECTOR('',#13631,10.);
#3758=VECTOR('',#13632,10.);
#3759=VECTOR('',#13635,10.);
#3760=VECTOR('',#13636,10.);
#3761=VECTOR('',#13637,10.);
#3762=VECTOR('',#13640,10.);
#3763=VECTOR('',#13641,10.);
#3764=VECTOR('',#13642,10.);
#3765=VECTOR('',#13645,10.);
#3766=VECTOR('',#13646,10.);
#3767=VECTOR('',#13649,10.);
#3768=VECTOR('',#13650,10.);
#3769=VECTOR('',#13651,10.);
#3770=VECTOR('',#13654,10.);
#3771=VECTOR('',#13655,10.);
#3772=VECTOR('',#13656,10.);
#3773=VECTOR('',#13659,10.);
#3774=VECTOR('',#13660,10.);
#3775=VECTOR('',#13663,10.);
#3776=VECTOR('',#13664,10.);
#3777=VECTOR('',#13665,10.);
#3778=VECTOR('',#13666,10.);
#3779=VECTOR('',#13669,10.);
#3780=VECTOR('',#13670,10.);
#3781=VECTOR('',#13671,10.);
#3782=VECTOR('',#13674,10.);
#3783=VECTOR('',#13675,10.);
#3784=VECTOR('',#13676,10.);
#3785=VECTOR('',#13679,10.);
#3786=VECTOR('',#13680,10.);
#3787=VECTOR('',#13683,10.);
#3788=VECTOR('',#13684,10.);
#3789=VECTOR('',#13685,10.);
#3790=VECTOR('',#13686,10.);
#3791=VECTOR('',#13689,10.);
#3792=VECTOR('',#13690,10.);
#3793=VECTOR('',#13691,10.);
#3794=VECTOR('',#13694,10.);
#3795=VECTOR('',#13695,10.);
#3796=VECTOR('',#13698,10.);
#3797=VECTOR('',#13699,10.);
#3798=VECTOR('',#13700,10.);
#3799=VECTOR('',#13701,10.);
#3800=VECTOR('',#13704,10.);
#3801=VECTOR('',#13705,10.);
#3802=VECTOR('',#13706,10.);
#3803=VECTOR('',#13709,10.);
#3804=VECTOR('',#13710,10.);
#3805=VECTOR('',#13713,10.);
#3806=VECTOR('',#13714,10.);
#3807=VECTOR('',#13715,10.);
#3808=VECTOR('',#13716,10.);
#3809=VECTOR('',#13719,10.);
#3810=VECTOR('',#13720,10.);
#3811=VECTOR('',#13721,10.);
#3812=VECTOR('',#13724,10.);
#3813=VECTOR('',#13725,10.);
#3814=VECTOR('',#13726,10.);
#3815=VECTOR('',#13729,10.);
#3816=VECTOR('',#13730,10.);
#3817=VECTOR('',#13733,10.);
#3818=VECTOR('',#13734,10.);
#3819=VECTOR('',#13735,10.);
#3820=VECTOR('',#13738,10.);
#3821=VECTOR('',#13739,10.);
#3822=VECTOR('',#13740,10.);
#3823=VECTOR('',#13743,10.);
#3824=VECTOR('',#13744,10.);
#3825=VECTOR('',#13747,10.);
#3826=VECTOR('',#13748,10.);
#3827=VECTOR('',#13749,10.);
#3828=VECTOR('',#13752,10.);
#3829=VECTOR('',#13753,10.);
#3830=VECTOR('',#13754,10.);
#3831=VECTOR('',#13757,10.);
#3832=VECTOR('',#13758,10.);
#3833=VECTOR('',#13761,10.);
#3834=VECTOR('',#13762,10.);
#3835=VECTOR('',#13763,10.);
#3836=VECTOR('',#13764,10.);
#3837=VECTOR('',#13767,10.);
#3838=VECTOR('',#13768,10.);
#3839=VECTOR('',#13769,10.);
#3840=VECTOR('',#13772,10.);
#3841=VECTOR('',#13773,10.);
#3842=VECTOR('',#13774,10.);
#3843=VECTOR('',#13777,10.);
#3844=VECTOR('',#13778,10.);
#3845=VECTOR('',#13781,10.);
#3846=VECTOR('',#13782,10.);
#3847=VECTOR('',#13783,10.);
#3848=VECTOR('',#13784,10.);
#3849=VECTOR('',#13787,10.);
#3850=VECTOR('',#13788,10.);
#3851=VECTOR('',#13789,10.);
#3852=VECTOR('',#13792,10.);
#3853=VECTOR('',#13793,10.);
#3854=VECTOR('',#13794,10.);
#3855=VECTOR('',#13797,10.);
#3856=VECTOR('',#13798,10.);
#3857=VECTOR('',#13799,10.);
#3858=VECTOR('',#13800,10.);
#3859=VECTOR('',#13803,10.);
#3860=VECTOR('',#13804,10.);
#3861=VECTOR('',#13805,10.);
#3862=VECTOR('',#13808,10.);
#3863=VECTOR('',#13809,10.);
#3864=VECTOR('',#13810,10.);
#3865=VECTOR('',#13813,10.);
#3866=VECTOR('',#13814,10.);
#3867=VECTOR('',#13815,10.);
#3868=VECTOR('',#13816,10.);
#3869=VECTOR('',#13819,10.);
#3870=VECTOR('',#13820,10.);
#3871=VECTOR('',#13821,10.);
#3872=VECTOR('',#13824,10.);
#3873=VECTOR('',#13825,10.);
#3874=VECTOR('',#13826,10.);
#3875=VECTOR('',#13829,10.);
#3876=VECTOR('',#13830,10.);
#3877=VECTOR('',#13833,10.);
#3878=VECTOR('',#13834,10.);
#3879=VECTOR('',#13835,10.);
#3880=VECTOR('',#13838,10.);
#3881=VECTOR('',#13839,10.);
#3882=VECTOR('',#13840,10.);
#3883=VECTOR('',#13843,10.);
#3884=VECTOR('',#13844,10.);
#3885=VECTOR('',#13845,10.);
#3886=VECTOR('',#13848,10.);
#3887=VECTOR('',#13849,10.);
#3888=VECTOR('',#13850,10.);
#3889=VECTOR('',#13853,10.);
#3890=VECTOR('',#13854,10.);
#3891=VECTOR('',#13855,10.);
#3892=VECTOR('',#13858,10.);
#3893=VECTOR('',#13859,10.);
#3894=VECTOR('',#13860,10.);
#3895=VECTOR('',#13863,10.);
#3896=VECTOR('',#13864,10.);
#3897=VECTOR('',#13865,10.);
#3898=VECTOR('',#13866,10.);
#3899=VECTOR('',#13869,10.);
#3900=VECTOR('',#13870,10.);
#3901=VECTOR('',#13871,10.);
#3902=VECTOR('',#13874,10.);
#3903=VECTOR('',#13875,10.);
#3904=VECTOR('',#13876,10.);
#3905=VECTOR('',#13879,10.);
#3906=VECTOR('',#13880,10.);
#3907=VECTOR('',#13883,10.);
#3908=VECTOR('',#13884,10.);
#3909=VECTOR('',#13885,10.);
#3910=VECTOR('',#13886,10.);
#3911=VECTOR('',#13889,10.);
#3912=VECTOR('',#13890,10.);
#3913=VECTOR('',#13891,10.);
#3914=VECTOR('',#13894,10.);
#3915=VECTOR('',#13895,10.);
#3916=VECTOR('',#13898,10.);
#3917=VECTOR('',#13899,10.);
#3918=VECTOR('',#13900,10.);
#3919=VECTOR('',#13901,10.);
#3920=VECTOR('',#13904,10.);
#3921=VECTOR('',#13905,10.);
#3922=VECTOR('',#13906,10.);
#3923=VECTOR('',#13909,10.);
#3924=VECTOR('',#13910,10.);
#3925=VECTOR('',#13913,10.);
#3926=VECTOR('',#13914,10.);
#3927=VECTOR('',#13915,10.);
#3928=VECTOR('',#13916,10.);
#3929=VECTOR('',#13919,10.);
#3930=VECTOR('',#13920,10.);
#3931=VECTOR('',#13921,10.);
#3932=VECTOR('',#13924,10.);
#3933=VECTOR('',#13925,10.);
#3934=VECTOR('',#13926,10.);
#3935=VECTOR('',#13929,10.);
#3936=VECTOR('',#13930,10.);
#3937=VECTOR('',#13933,10.);
#3938=VECTOR('',#13934,10.);
#3939=VECTOR('',#13935,10.);
#3940=VECTOR('',#13938,10.);
#3941=VECTOR('',#13939,10.);
#3942=VECTOR('',#13940,10.);
#3943=VECTOR('',#13943,10.);
#3944=VECTOR('',#13944,10.);
#3945=VECTOR('',#13947,10.);
#3946=VECTOR('',#13948,10.);
#3947=VECTOR('',#13949,10.);
#3948=VECTOR('',#13952,10.);
#3949=VECTOR('',#13953,10.);
#3950=VECTOR('',#13954,10.);
#3951=VECTOR('',#13957,10.);
#3952=VECTOR('',#13958,10.);
#3953=VECTOR('',#13961,10.);
#3954=VECTOR('',#13962,10.);
#3955=VECTOR('',#13963,10.);
#3956=VECTOR('',#13964,10.);
#3957=VECTOR('',#13967,10.);
#3958=VECTOR('',#13968,10.);
#3959=VECTOR('',#13969,10.);
#3960=VECTOR('',#13972,10.);
#3961=VECTOR('',#13973,10.);
#3962=VECTOR('',#13974,10.);
#3963=VECTOR('',#13977,10.);
#3964=VECTOR('',#13978,10.);
#3965=VECTOR('',#13981,10.);
#3966=VECTOR('',#13982,10.);
#3967=VECTOR('',#13983,10.);
#3968=VECTOR('',#13984,10.);
#3969=VECTOR('',#13987,10.);
#3970=VECTOR('',#13988,10.);
#3971=VECTOR('',#13989,10.);
#3972=VECTOR('',#13992,10.);
#3973=VECTOR('',#13993,10.);
#3974=VECTOR('',#13994,10.);
#3975=VECTOR('',#13997,10.);
#3976=VECTOR('',#13998,10.);
#3977=VECTOR('',#13999,10.);
#3978=VECTOR('',#14000,10.);
#3979=VECTOR('',#14003,10.);
#3980=VECTOR('',#14004,10.);
#3981=VECTOR('',#14005,10.);
#3982=VECTOR('',#14008,10.);
#3983=VECTOR('',#14009,10.);
#3984=VECTOR('',#14010,10.);
#3985=VECTOR('',#14013,10.);
#3986=VECTOR('',#14014,10.);
#3987=VECTOR('',#14015,10.);
#3988=VECTOR('',#14016,10.);
#3989=VECTOR('',#14019,10.);
#3990=VECTOR('',#14020,10.);
#3991=VECTOR('',#14021,10.);
#3992=VECTOR('',#14024,10.);
#3993=VECTOR('',#14025,10.);
#3994=VECTOR('',#14026,10.);
#3995=VECTOR('',#14029,10.);
#3996=VECTOR('',#14030,10.);
#3997=VECTOR('',#14033,10.);
#3998=VECTOR('',#14034,10.);
#3999=VECTOR('',#14035,10.);
#4000=VECTOR('',#14038,10.);
#4001=VECTOR('',#14039,10.);
#4002=VECTOR('',#14040,10.);
#4003=VECTOR('',#14043,10.);
#4004=VECTOR('',#14044,10.);
#4005=VECTOR('',#14047,10.);
#4006=VECTOR('',#14048,10.);
#4007=VECTOR('',#14049,10.);
#4008=VECTOR('',#14052,10.);
#4009=VECTOR('',#14053,10.);
#4010=VECTOR('',#14054,10.);
#4011=VECTOR('',#14057,10.);
#4012=VECTOR('',#14058,10.);
#4013=VECTOR('',#14061,10.);
#4014=VECTOR('',#14062,10.);
#4015=VECTOR('',#14063,10.);
#4016=VECTOR('',#14064,10.);
#4017=VECTOR('',#14067,10.);
#4018=VECTOR('',#14068,10.);
#4019=VECTOR('',#14069,10.);
#4020=VECTOR('',#14072,10.);
#4021=VECTOR('',#14073,10.);
#4022=VECTOR('',#14074,10.);
#4023=VECTOR('',#14077,10.);
#4024=VECTOR('',#14078,10.);
#4025=VECTOR('',#14081,10.);
#4026=VECTOR('',#14082,10.);
#4027=VECTOR('',#14083,10.);
#4028=VECTOR('',#14084,10.);
#4029=VECTOR('',#14087,10.);
#4030=VECTOR('',#14088,10.);
#4031=VECTOR('',#14089,10.);
#4032=VECTOR('',#14092,10.);
#4033=VECTOR('',#14093,10.);
#4034=VECTOR('',#14096,10.);
#4035=VECTOR('',#14097,10.);
#4036=VECTOR('',#14098,10.);
#4037=VECTOR('',#14099,10.);
#4038=VECTOR('',#14102,10.);
#4039=VECTOR('',#14103,10.);
#4040=VECTOR('',#14104,10.);
#4041=VECTOR('',#14107,10.);
#4042=VECTOR('',#14108,10.);
#4043=VECTOR('',#14111,10.);
#4044=VECTOR('',#14112,10.);
#4045=VECTOR('',#14113,10.);
#4046=VECTOR('',#14114,10.);
#4047=VECTOR('',#14117,10.);
#4048=VECTOR('',#14118,10.);
#4049=VECTOR('',#14119,10.);
#4050=VECTOR('',#14122,10.);
#4051=VECTOR('',#14123,10.);
#4052=VECTOR('',#14124,10.);
#4053=VECTOR('',#14127,10.);
#4054=VECTOR('',#14128,10.);
#4055=VECTOR('',#14131,10.);
#4056=VECTOR('',#14132,10.);
#4057=VECTOR('',#14133,10.);
#4058=VECTOR('',#14136,10.);
#4059=VECTOR('',#14137,10.);
#4060=VECTOR('',#14138,10.);
#4061=VECTOR('',#14139,10.);
#4062=VECTOR('',#14140,10.);
#4063=VECTOR('',#14141,10.);
#4064=VECTOR('',#14142,10.);
#4065=VECTOR('',#14143,10.);
#4066=VECTOR('',#14144,10.);
#4067=VECTOR('',#14145,10.);
#4068=VECTOR('',#14148,10.);
#4069=VECTOR('',#14149,10.);
#4070=VECTOR('',#14152,10.);
#4071=VECTOR('',#14153,10.);
#4072=VECTOR('',#14156,10.);
#4073=VECTOR('',#14157,10.);
#4074=VECTOR('',#14160,10.);
#4075=VECTOR('',#14161,10.);
#4076=VECTOR('',#14164,10.);
#4077=VECTOR('',#14165,10.);
#4078=VECTOR('',#14168,10.);
#4079=VECTOR('',#14169,10.);
#4080=VECTOR('',#14170,10.);
#4081=VECTOR('',#14173,10.);
#4082=VECTOR('',#14174,10.);
#4083=VECTOR('',#14177,10.);
#4084=VECTOR('',#14178,10.);
#4085=VECTOR('',#14181,10.);
#4086=VECTOR('',#14184,10.);
#4087=VECTOR('',#14189,10.);
#4088=VECTOR('',#14190,10.);
#4089=VECTOR('',#14191,10.);
#4090=VECTOR('',#14192,10.);
#4091=VECTOR('',#14195,10.);
#4092=VECTOR('',#14196,10.);
#4093=VECTOR('',#14197,10.);
#4094=VECTOR('',#14200,10.);
#4095=VECTOR('',#14201,10.);
#4096=VECTOR('',#14204,10.);
#4097=VECTOR('',#14205,10.);
#4098=VECTOR('',#14208,10.);
#4099=VECTOR('',#14211,10.);
#4100=VECTOR('',#14212,10.);
#4101=VECTOR('',#14213,10.);
#4102=VECTOR('',#14216,10.);
#4103=VECTOR('',#14217,10.);
#4104=VECTOR('',#14220,10.);
#4105=VECTOR('',#14221,10.);
#4106=VECTOR('',#14224,10.);
#4107=VECTOR('',#14229,10.);
#4108=VECTOR('',#14230,10.);
#4109=VECTOR('',#14231,10.);
#4110=VECTOR('',#14232,10.);
#4111=VECTOR('',#14235,10.);
#4112=VECTOR('',#14236,10.);
#4113=VECTOR('',#14237,10.);
#4114=VECTOR('',#14240,10.);
#4115=VECTOR('',#14241,10.);
#4116=VECTOR('',#14244,10.);
#4117=VECTOR('',#14245,10.);
#4118=VECTOR('',#14248,10.);
#4119=VECTOR('',#14251,10.);
#4120=VECTOR('',#14252,10.);
#4121=VECTOR('',#14253,10.);
#4122=VECTOR('',#14256,10.);
#4123=VECTOR('',#14257,10.);
#4124=VECTOR('',#14260,10.);
#4125=VECTOR('',#14261,10.);
#4126=VECTOR('',#14264,10.);
#4127=VECTOR('',#14269,10.);
#4128=VECTOR('',#14270,10.);
#4129=VECTOR('',#14271,10.);
#4130=VECTOR('',#14272,10.);
#4131=VECTOR('',#14275,10.);
#4132=VECTOR('',#14276,10.);
#4133=VECTOR('',#14277,10.);
#4134=VECTOR('',#14280,10.);
#4135=VECTOR('',#14281,10.);
#4136=VECTOR('',#14284,10.);
#4137=VECTOR('',#14285,10.);
#4138=VECTOR('',#14288,10.);
#4139=VECTOR('',#14291,10.);
#4140=VECTOR('',#14292,10.);
#4141=VECTOR('',#14293,10.);
#4142=VECTOR('',#14296,10.);
#4143=VECTOR('',#14297,10.);
#4144=VECTOR('',#14300,10.);
#4145=VECTOR('',#14301,10.);
#4146=VECTOR('',#14304,10.);
#4147=VECTOR('',#14309,10.);
#4148=VECTOR('',#14310,10.);
#4149=VECTOR('',#14311,10.);
#4150=VECTOR('',#14312,10.);
#4151=VECTOR('',#14315,10.);
#4152=VECTOR('',#14316,10.);
#4153=VECTOR('',#14317,10.);
#4154=VECTOR('',#14320,10.);
#4155=VECTOR('',#14321,10.);
#4156=VECTOR('',#14324,10.);
#4157=VECTOR('',#14325,10.);
#4158=VECTOR('',#14328,10.);
#4159=VECTOR('',#14331,10.);
#4160=VECTOR('',#14332,10.);
#4161=VECTOR('',#14333,10.);
#4162=VECTOR('',#14336,10.);
#4163=VECTOR('',#14337,10.);
#4164=VECTOR('',#14340,10.);
#4165=VECTOR('',#14341,10.);
#4166=VECTOR('',#14344,10.);
#4167=VECTOR('',#14349,10.);
#4168=VECTOR('',#14350,10.);
#4169=VECTOR('',#14351,10.);
#4170=VECTOR('',#14352,10.);
#4171=VECTOR('',#14355,10.);
#4172=VECTOR('',#14356,10.);
#4173=VECTOR('',#14357,10.);
#4174=VECTOR('',#14360,10.);
#4175=VECTOR('',#14361,10.);
#4176=VECTOR('',#14364,10.);
#4177=VECTOR('',#14365,10.);
#4178=VECTOR('',#14368,10.);
#4179=VECTOR('',#14371,10.);
#4180=VECTOR('',#14372,10.);
#4181=VECTOR('',#14373,10.);
#4182=VECTOR('',#14376,10.);
#4183=VECTOR('',#14377,10.);
#4184=VECTOR('',#14380,10.);
#4185=VECTOR('',#14381,10.);
#4186=VECTOR('',#14384,10.);
#4187=VECTOR('',#14389,10.);
#4188=VECTOR('',#14390,10.);
#4189=VECTOR('',#14391,10.);
#4190=VECTOR('',#14392,10.);
#4191=VECTOR('',#14395,10.);
#4192=VECTOR('',#14396,10.);
#4193=VECTOR('',#14397,10.);
#4194=VECTOR('',#14400,10.);
#4195=VECTOR('',#14401,10.);
#4196=VECTOR('',#14404,10.);
#4197=VECTOR('',#14405,10.);
#4198=VECTOR('',#14408,10.);
#4199=VECTOR('',#14411,10.);
#4200=VECTOR('',#14412,10.);
#4201=VECTOR('',#14413,10.);
#4202=VECTOR('',#14416,10.);
#4203=VECTOR('',#14417,10.);
#4204=VECTOR('',#14420,10.);
#4205=VECTOR('',#14421,10.);
#4206=VECTOR('',#14424,10.);
#4207=VECTOR('',#14429,10.);
#4208=VECTOR('',#14430,10.);
#4209=VECTOR('',#14431,10.);
#4210=VECTOR('',#14432,10.);
#4211=VECTOR('',#14435,10.);
#4212=VECTOR('',#14436,10.);
#4213=VECTOR('',#14437,10.);
#4214=VECTOR('',#14440,10.);
#4215=VECTOR('',#14441,10.);
#4216=VECTOR('',#14444,10.);
#4217=VECTOR('',#14445,10.);
#4218=VECTOR('',#14448,10.);
#4219=VECTOR('',#14451,10.);
#4220=VECTOR('',#14452,10.);
#4221=VECTOR('',#14453,10.);
#4222=VECTOR('',#14456,10.);
#4223=VECTOR('',#14457,10.);
#4224=VECTOR('',#14460,10.);
#4225=VECTOR('',#14461,10.);
#4226=VECTOR('',#14464,10.);
#4227=VECTOR('',#14469,10.);
#4228=VECTOR('',#14470,10.);
#4229=VECTOR('',#14471,10.);
#4230=VECTOR('',#14472,10.);
#4231=VECTOR('',#14475,10.);
#4232=VECTOR('',#14476,10.);
#4233=VECTOR('',#14477,10.);
#4234=VECTOR('',#14480,10.);
#4235=VECTOR('',#14481,10.);
#4236=VECTOR('',#14484,10.);
#4237=VECTOR('',#14485,10.);
#4238=VECTOR('',#14488,10.);
#4239=VECTOR('',#14491,10.);
#4240=VECTOR('',#14492,10.);
#4241=VECTOR('',#14493,10.);
#4242=VECTOR('',#14496,10.);
#4243=VECTOR('',#14497,10.);
#4244=VECTOR('',#14500,10.);
#4245=VECTOR('',#14501,10.);
#4246=VECTOR('',#14504,10.);
#4247=VECTOR('',#14509,10.);
#4248=VECTOR('',#14510,10.);
#4249=VECTOR('',#14511,10.);
#4250=VECTOR('',#14512,10.);
#4251=VECTOR('',#14515,10.);
#4252=VECTOR('',#14516,10.);
#4253=VECTOR('',#14517,10.);
#4254=VECTOR('',#14520,10.);
#4255=VECTOR('',#14521,10.);
#4256=VECTOR('',#14524,10.);
#4257=VECTOR('',#14525,10.);
#4258=VECTOR('',#14528,10.);
#4259=VECTOR('',#14531,10.);
#4260=VECTOR('',#14532,10.);
#4261=VECTOR('',#14533,10.);
#4262=VECTOR('',#14536,10.);
#4263=VECTOR('',#14537,10.);
#4264=VECTOR('',#14540,10.);
#4265=VECTOR('',#14541,10.);
#4266=VECTOR('',#14544,10.);
#4267=VECTOR('',#14549,10.);
#4268=VECTOR('',#14550,10.);
#4269=VECTOR('',#14551,10.);
#4270=VECTOR('',#14552,10.);
#4271=VECTOR('',#14555,10.);
#4272=VECTOR('',#14556,10.);
#4273=VECTOR('',#14557,10.);
#4274=VECTOR('',#14560,10.);
#4275=VECTOR('',#14561,10.);
#4276=VECTOR('',#14564,10.);
#4277=VECTOR('',#14565,10.);
#4278=VECTOR('',#14568,10.);
#4279=VECTOR('',#14571,10.);
#4280=VECTOR('',#14572,10.);
#4281=VECTOR('',#14573,10.);
#4282=VECTOR('',#14576,10.);
#4283=VECTOR('',#14577,10.);
#4284=VECTOR('',#14580,10.);
#4285=VECTOR('',#14581,10.);
#4286=VECTOR('',#14584,10.);
#4287=VECTOR('',#14589,10.);
#4288=VECTOR('',#14590,10.);
#4289=VECTOR('',#14591,10.);
#4290=VECTOR('',#14592,10.);
#4291=VECTOR('',#14595,10.);
#4292=VECTOR('',#14596,10.);
#4293=VECTOR('',#14597,10.);
#4294=VECTOR('',#14600,10.);
#4295=VECTOR('',#14601,10.);
#4296=VECTOR('',#14604,10.);
#4297=VECTOR('',#14605,10.);
#4298=VECTOR('',#14608,10.);
#4299=VECTOR('',#14611,10.);
#4300=VECTOR('',#14612,10.);
#4301=VECTOR('',#14613,10.);
#4302=VECTOR('',#14616,10.);
#4303=VECTOR('',#14617,10.);
#4304=VECTOR('',#14620,10.);
#4305=VECTOR('',#14621,10.);
#4306=VECTOR('',#14624,10.);
#4307=VECTOR('',#14629,10.);
#4308=VECTOR('',#14630,10.);
#4309=VECTOR('',#14631,10.);
#4310=VECTOR('',#14632,10.);
#4311=VECTOR('',#14635,10.);
#4312=VECTOR('',#14636,10.);
#4313=VECTOR('',#14637,10.);
#4314=VECTOR('',#14640,10.);
#4315=VECTOR('',#14641,10.);
#4316=VECTOR('',#14644,10.);
#4317=VECTOR('',#14645,10.);
#4318=VECTOR('',#14648,10.);
#4319=VECTOR('',#14651,10.);
#4320=VECTOR('',#14652,10.);
#4321=VECTOR('',#14653,10.);
#4322=VECTOR('',#14656,10.);
#4323=VECTOR('',#14657,10.);
#4324=VECTOR('',#14660,10.);
#4325=VECTOR('',#14661,10.);
#4326=VECTOR('',#14664,10.);
#4327=VECTOR('',#14669,10.);
#4328=VECTOR('',#14670,10.);
#4329=VECTOR('',#14671,10.);
#4330=VECTOR('',#14672,10.);
#4331=VECTOR('',#14675,10.);
#4332=VECTOR('',#14676,10.);
#4333=VECTOR('',#14677,10.);
#4334=VECTOR('',#14680,10.);
#4335=VECTOR('',#14681,10.);
#4336=VECTOR('',#14684,10.);
#4337=VECTOR('',#14685,10.);
#4338=VECTOR('',#14688,10.);
#4339=VECTOR('',#14691,10.);
#4340=VECTOR('',#14692,10.);
#4341=VECTOR('',#14693,10.);
#4342=VECTOR('',#14696,10.);
#4343=VECTOR('',#14697,10.);
#4344=VECTOR('',#14700,10.);
#4345=VECTOR('',#14701,10.);
#4346=VECTOR('',#14704,10.);
#4347=VECTOR('',#14709,10.);
#4348=VECTOR('',#14710,10.);
#4349=VECTOR('',#14711,10.);
#4350=VECTOR('',#14712,10.);
#4351=VECTOR('',#14715,10.);
#4352=VECTOR('',#14716,10.);
#4353=VECTOR('',#14717,10.);
#4354=VECTOR('',#14720,10.);
#4355=VECTOR('',#14721,10.);
#4356=VECTOR('',#14724,10.);
#4357=VECTOR('',#14725,10.);
#4358=VECTOR('',#14728,10.);
#4359=VECTOR('',#14731,10.);
#4360=VECTOR('',#14732,10.);
#4361=VECTOR('',#14733,10.);
#4362=VECTOR('',#14736,10.);
#4363=VECTOR('',#14737,10.);
#4364=VECTOR('',#14740,10.);
#4365=VECTOR('',#14741,10.);
#4366=VECTOR('',#14744,10.);
#4367=VECTOR('',#14749,10.);
#4368=VECTOR('',#14750,10.);
#4369=VECTOR('',#14751,10.);
#4370=VECTOR('',#14752,10.);
#4371=VECTOR('',#14755,10.);
#4372=VECTOR('',#14756,10.);
#4373=VECTOR('',#14757,10.);
#4374=VECTOR('',#14760,10.);
#4375=VECTOR('',#14761,10.);
#4376=VECTOR('',#14764,10.);
#4377=VECTOR('',#14765,10.);
#4378=VECTOR('',#14768,10.);
#4379=VECTOR('',#14771,10.);
#4380=VECTOR('',#14772,10.);
#4381=VECTOR('',#14773,10.);
#4382=VECTOR('',#14776,10.);
#4383=VECTOR('',#14777,10.);
#4384=VECTOR('',#14780,10.);
#4385=VECTOR('',#14781,10.);
#4386=VECTOR('',#14784,10.);
#4387=VECTOR('',#14789,10.);
#4388=VECTOR('',#14790,10.);
#4389=VECTOR('',#14791,10.);
#4390=VECTOR('',#14792,10.);
#4391=VECTOR('',#14795,10.);
#4392=VECTOR('',#14796,10.);
#4393=VECTOR('',#14797,10.);
#4394=VECTOR('',#14800,10.);
#4395=VECTOR('',#14801,10.);
#4396=VECTOR('',#14804,10.);
#4397=VECTOR('',#14805,10.);
#4398=VECTOR('',#14808,10.);
#4399=VECTOR('',#14811,10.);
#4400=VECTOR('',#14812,10.);
#4401=VECTOR('',#14813,10.);
#4402=VECTOR('',#14816,10.);
#4403=VECTOR('',#14817,10.);
#4404=VECTOR('',#14820,10.);
#4405=VECTOR('',#14821,10.);
#4406=VECTOR('',#14824,10.);
#4407=VECTOR('',#14829,10.);
#4408=VECTOR('',#14830,10.);
#4409=VECTOR('',#14831,10.);
#4410=VECTOR('',#14832,10.);
#4411=VECTOR('',#14835,10.);
#4412=VECTOR('',#14836,10.);
#4413=VECTOR('',#14837,10.);
#4414=VECTOR('',#14840,10.);
#4415=VECTOR('',#14841,10.);
#4416=VECTOR('',#14844,10.);
#4417=VECTOR('',#14845,10.);
#4418=VECTOR('',#14848,10.);
#4419=VECTOR('',#14851,10.);
#4420=VECTOR('',#14852,10.);
#4421=VECTOR('',#14853,10.);
#4422=VECTOR('',#14856,10.);
#4423=VECTOR('',#14857,10.);
#4424=VECTOR('',#14860,10.);
#4425=VECTOR('',#14861,10.);
#4426=VECTOR('',#14864,10.);
#4427=VECTOR('',#14869,10.);
#4428=VECTOR('',#14870,10.);
#4429=VECTOR('',#14871,10.);
#4430=VECTOR('',#14872,10.);
#4431=VECTOR('',#14875,10.);
#4432=VECTOR('',#14876,10.);
#4433=VECTOR('',#14877,10.);
#4434=VECTOR('',#14880,10.);
#4435=VECTOR('',#14881,10.);
#4436=VECTOR('',#14884,10.);
#4437=VECTOR('',#14885,10.);
#4438=VECTOR('',#14888,10.);
#4439=VECTOR('',#14891,10.);
#4440=VECTOR('',#14892,10.);
#4441=VECTOR('',#14893,10.);
#4442=VECTOR('',#14896,10.);
#4443=VECTOR('',#14897,10.);
#4444=VECTOR('',#14900,10.);
#4445=VECTOR('',#14901,10.);
#4446=VECTOR('',#14904,10.);
#4447=VECTOR('',#14909,10.);
#4448=VECTOR('',#14910,10.);
#4449=VECTOR('',#14911,10.);
#4450=VECTOR('',#14912,10.);
#4451=VECTOR('',#14915,10.);
#4452=VECTOR('',#14916,10.);
#4453=VECTOR('',#14917,10.);
#4454=VECTOR('',#14920,10.);
#4455=VECTOR('',#14921,10.);
#4456=VECTOR('',#14924,10.);
#4457=VECTOR('',#14925,10.);
#4458=VECTOR('',#14928,10.);
#4459=VECTOR('',#14931,10.);
#4460=VECTOR('',#14932,10.);
#4461=VECTOR('',#14933,10.);
#4462=VECTOR('',#14936,10.);
#4463=VECTOR('',#14937,10.);
#4464=VECTOR('',#14940,10.);
#4465=VECTOR('',#14941,10.);
#4466=VECTOR('',#14944,10.);
#4467=VECTOR('',#14949,10.);
#4468=VECTOR('',#14950,10.);
#4469=VECTOR('',#14951,10.);
#4470=VECTOR('',#14952,10.);
#4471=VECTOR('',#14955,10.);
#4472=VECTOR('',#14956,10.);
#4473=VECTOR('',#14957,10.);
#4474=VECTOR('',#14960,10.);
#4475=VECTOR('',#14961,10.);
#4476=VECTOR('',#14964,10.);
#4477=VECTOR('',#14965,10.);
#4478=VECTOR('',#14968,10.);
#4479=VECTOR('',#14971,10.);
#4480=VECTOR('',#14972,10.);
#4481=VECTOR('',#14973,10.);
#4482=VECTOR('',#14976,10.);
#4483=VECTOR('',#14977,10.);
#4484=VECTOR('',#14980,10.);
#4485=VECTOR('',#14981,10.);
#4486=VECTOR('',#14984,10.);
#4487=VECTOR('',#14989,10.);
#4488=VECTOR('',#14990,10.);
#4489=VECTOR('',#14991,10.);
#4490=VECTOR('',#14992,10.);
#4491=VECTOR('',#14995,10.);
#4492=VECTOR('',#14996,10.);
#4493=VECTOR('',#14997,10.);
#4494=VECTOR('',#15000,10.);
#4495=VECTOR('',#15001,10.);
#4496=VECTOR('',#15004,10.);
#4497=VECTOR('',#15005,10.);
#4498=VECTOR('',#15008,10.);
#4499=VECTOR('',#15011,10.);
#4500=VECTOR('',#15012,10.);
#4501=VECTOR('',#15013,10.);
#4502=VECTOR('',#15016,10.);
#4503=VECTOR('',#15017,10.);
#4504=VECTOR('',#15020,10.);
#4505=VECTOR('',#15021,10.);
#4506=VECTOR('',#15024,10.);
#4507=VECTOR('',#15029,10.);
#4508=VECTOR('',#15030,10.);
#4509=VECTOR('',#15031,10.);
#4510=VECTOR('',#15032,10.);
#4511=VECTOR('',#15035,10.);
#4512=VECTOR('',#15036,10.);
#4513=VECTOR('',#15037,10.);
#4514=VECTOR('',#15040,10.);
#4515=VECTOR('',#15041,10.);
#4516=VECTOR('',#15044,10.);
#4517=VECTOR('',#15045,10.);
#4518=VECTOR('',#15048,10.);
#4519=VECTOR('',#15051,10.);
#4520=VECTOR('',#15052,10.);
#4521=VECTOR('',#15053,10.);
#4522=VECTOR('',#15056,10.);
#4523=VECTOR('',#15057,10.);
#4524=VECTOR('',#15060,10.);
#4525=VECTOR('',#15061,10.);
#4526=VECTOR('',#15064,10.);
#4527=VECTOR('',#15069,10.);
#4528=VECTOR('',#15070,10.);
#4529=VECTOR('',#15071,10.);
#4530=VECTOR('',#15072,10.);
#4531=VECTOR('',#15075,10.);
#4532=VECTOR('',#15076,10.);
#4533=VECTOR('',#15077,10.);
#4534=VECTOR('',#15080,10.);
#4535=VECTOR('',#15081,10.);
#4536=VECTOR('',#15084,10.);
#4537=VECTOR('',#15085,10.);
#4538=VECTOR('',#15088,10.);
#4539=VECTOR('',#15091,10.);
#4540=VECTOR('',#15092,10.);
#4541=VECTOR('',#15093,10.);
#4542=VECTOR('',#15096,10.);
#4543=VECTOR('',#15097,10.);
#4544=VECTOR('',#15100,10.);
#4545=VECTOR('',#15101,10.);
#4546=VECTOR('',#15104,10.);
#4547=VECTOR('',#15109,10.);
#4548=VECTOR('',#15110,10.);
#4549=VECTOR('',#15111,10.);
#4550=VECTOR('',#15112,10.);
#4551=VECTOR('',#15115,10.);
#4552=VECTOR('',#15116,10.);
#4553=VECTOR('',#15117,10.);
#4554=VECTOR('',#15120,10.);
#4555=VECTOR('',#15121,10.);
#4556=VECTOR('',#15124,10.);
#4557=VECTOR('',#15125,10.);
#4558=VECTOR('',#15128,10.);
#4559=VECTOR('',#15131,10.);
#4560=VECTOR('',#15132,10.);
#4561=VECTOR('',#15133,10.);
#4562=VECTOR('',#15136,10.);
#4563=VECTOR('',#15137,10.);
#4564=VECTOR('',#15140,10.);
#4565=VECTOR('',#15141,10.);
#4566=VECTOR('',#15144,10.);
#4567=VECTOR('',#15149,10.);
#4568=VECTOR('',#15150,10.);
#4569=VECTOR('',#15151,10.);
#4570=VECTOR('',#15152,10.);
#4571=VECTOR('',#15155,10.);
#4572=VECTOR('',#15156,10.);
#4573=VECTOR('',#15157,10.);
#4574=VECTOR('',#15160,10.);
#4575=VECTOR('',#15161,10.);
#4576=VECTOR('',#15164,10.);
#4577=VECTOR('',#15165,10.);
#4578=VECTOR('',#15168,10.);
#4579=VECTOR('',#15171,10.);
#4580=VECTOR('',#15172,10.);
#4581=VECTOR('',#15173,10.);
#4582=VECTOR('',#15176,10.);
#4583=VECTOR('',#15177,10.);
#4584=VECTOR('',#15180,10.);
#4585=VECTOR('',#15181,10.);
#4586=VECTOR('',#15184,10.);
#4587=VECTOR('',#15189,10.);
#4588=VECTOR('',#15190,10.);
#4589=VECTOR('',#15191,10.);
#4590=VECTOR('',#15192,10.);
#4591=VECTOR('',#15195,10.);
#4592=VECTOR('',#15196,10.);
#4593=VECTOR('',#15197,10.);
#4594=VECTOR('',#15200,10.);
#4595=VECTOR('',#15201,10.);
#4596=VECTOR('',#15204,10.);
#4597=VECTOR('',#15205,10.);
#4598=VECTOR('',#15208,10.);
#4599=VECTOR('',#15211,10.);
#4600=VECTOR('',#15212,10.);
#4601=VECTOR('',#15213,10.);
#4602=VECTOR('',#15216,10.);
#4603=VECTOR('',#15217,10.);
#4604=VECTOR('',#15220,10.);
#4605=VECTOR('',#15221,10.);
#4606=VECTOR('',#15224,10.);
#4607=VECTOR('',#15229,10.);
#4608=VECTOR('',#15230,10.);
#4609=VECTOR('',#15231,10.);
#4610=VECTOR('',#15232,10.);
#4611=VECTOR('',#15235,10.);
#4612=VECTOR('',#15236,10.);
#4613=VECTOR('',#15237,10.);
#4614=VECTOR('',#15240,10.);
#4615=VECTOR('',#15241,10.);
#4616=VECTOR('',#15244,10.);
#4617=VECTOR('',#15245,10.);
#4618=VECTOR('',#15248,10.);
#4619=VECTOR('',#15251,10.);
#4620=VECTOR('',#15252,10.);
#4621=VECTOR('',#15253,10.);
#4622=VECTOR('',#15256,10.);
#4623=VECTOR('',#15257,10.);
#4624=VECTOR('',#15260,10.);
#4625=VECTOR('',#15261,10.);
#4626=VECTOR('',#15264,10.);
#4627=VECTOR('',#15269,10.);
#4628=VECTOR('',#15270,10.);
#4629=VECTOR('',#15271,10.);
#4630=VECTOR('',#15272,10.);
#4631=VECTOR('',#15275,10.);
#4632=VECTOR('',#15276,10.);
#4633=VECTOR('',#15277,10.);
#4634=VECTOR('',#15280,10.);
#4635=VECTOR('',#15281,10.);
#4636=VECTOR('',#15284,10.);
#4637=VECTOR('',#15285,10.);
#4638=VECTOR('',#15288,10.);
#4639=VECTOR('',#15291,10.);
#4640=VECTOR('',#15292,10.);
#4641=VECTOR('',#15293,10.);
#4642=VECTOR('',#15296,10.);
#4643=VECTOR('',#15297,10.);
#4644=VECTOR('',#15300,10.);
#4645=VECTOR('',#15301,10.);
#4646=VECTOR('',#15304,10.);
#4647=VECTOR('',#15309,10.);
#4648=VECTOR('',#15310,10.);
#4649=VECTOR('',#15311,10.);
#4650=VECTOR('',#15312,10.);
#4651=VECTOR('',#15315,10.);
#4652=VECTOR('',#15316,10.);
#4653=VECTOR('',#15317,10.);
#4654=VECTOR('',#15320,10.);
#4655=VECTOR('',#15321,10.);
#4656=VECTOR('',#15324,10.);
#4657=VECTOR('',#15325,10.);
#4658=VECTOR('',#15328,10.);
#4659=VECTOR('',#15331,10.);
#4660=VECTOR('',#15332,10.);
#4661=VECTOR('',#15333,10.);
#4662=VECTOR('',#15336,10.);
#4663=VECTOR('',#15337,10.);
#4664=VECTOR('',#15340,10.);
#4665=VECTOR('',#15341,10.);
#4666=VECTOR('',#15344,10.);
#4667=VECTOR('',#15349,10.);
#4668=VECTOR('',#15350,10.);
#4669=VECTOR('',#15351,10.);
#4670=VECTOR('',#15352,10.);
#4671=VECTOR('',#15355,10.);
#4672=VECTOR('',#15356,10.);
#4673=VECTOR('',#15357,10.);
#4674=VECTOR('',#15360,10.);
#4675=VECTOR('',#15361,10.);
#4676=VECTOR('',#15364,10.);
#4677=VECTOR('',#15365,10.);
#4678=VECTOR('',#15368,10.);
#4679=VECTOR('',#15371,10.);
#4680=VECTOR('',#15372,10.);
#4681=VECTOR('',#15373,10.);
#4682=VECTOR('',#15376,10.);
#4683=VECTOR('',#15377,10.);
#4684=VECTOR('',#15380,10.);
#4685=VECTOR('',#15381,10.);
#4686=VECTOR('',#15384,10.);
#4687=VECTOR('',#15389,10.);
#4688=VECTOR('',#15390,10.);
#4689=VECTOR('',#15391,10.);
#4690=VECTOR('',#15392,10.);
#4691=VECTOR('',#15395,10.);
#4692=VECTOR('',#15396,10.);
#4693=VECTOR('',#15397,10.);
#4694=VECTOR('',#15400,10.);
#4695=VECTOR('',#15401,10.);
#4696=VECTOR('',#15404,10.);
#4697=VECTOR('',#15405,10.);
#4698=VECTOR('',#15408,10.);
#4699=VECTOR('',#15411,10.);
#4700=VECTOR('',#15412,10.);
#4701=VECTOR('',#15413,10.);
#4702=VECTOR('',#15416,10.);
#4703=VECTOR('',#15417,10.);
#4704=VECTOR('',#15420,10.);
#4705=VECTOR('',#15421,10.);
#4706=VECTOR('',#15424,10.);
#4707=VERTEX_POINT('',#15429);
#4708=VERTEX_POINT('',#15430);
#4709=VERTEX_POINT('',#15432);
#4710=VERTEX_POINT('',#15434);
#4711=VERTEX_POINT('',#15438);
#4712=VERTEX_POINT('',#15440);
#4713=VERTEX_POINT('',#15444);
#4714=VERTEX_POINT('',#15448);
#4715=VERTEX_POINT('',#15454);
#4716=VERTEX_POINT('',#15456);
#4717=VERTEX_POINT('',#15460);
#4718=VERTEX_POINT('',#15464);
#4719=VERTEX_POINT('',#15471);
#4720=VERTEX_POINT('',#15472);
#4721=VERTEX_POINT('',#15474);
#4722=VERTEX_POINT('',#15476);
#4723=VERTEX_POINT('',#15480);
#4724=VERTEX_POINT('',#15482);
#4725=VERTEX_POINT('',#15486);
#4726=VERTEX_POINT('',#15488);
#4727=VERTEX_POINT('',#15492);
#4728=VERTEX_POINT('',#15493);
#4729=VERTEX_POINT('',#15495);
#4730=VERTEX_POINT('',#15497);
#4731=VERTEX_POINT('',#15501);
#4732=VERTEX_POINT('',#15503);
#4733=VERTEX_POINT('',#15507);
#4734=VERTEX_POINT('',#15509);
#4735=VERTEX_POINT('',#15513);
#4736=VERTEX_POINT('',#15514);
#4737=VERTEX_POINT('',#15516);
#4738=VERTEX_POINT('',#15518);
#4739=VERTEX_POINT('',#15522);
#4740=VERTEX_POINT('',#15524);
#4741=VERTEX_POINT('',#15528);
#4742=VERTEX_POINT('',#15530);
#4743=VERTEX_POINT('',#15537);
#4744=VERTEX_POINT('',#15539);
#4745=VERTEX_POINT('',#15543);
#4746=VERTEX_POINT('',#15545);
#4747=VERTEX_POINT('',#15549);
#4748=VERTEX_POINT('',#15551);
#4749=VERTEX_POINT('',#15555);
#4750=VERTEX_POINT('',#15557);
#4751=VERTEX_POINT('',#15561);
#4752=VERTEX_POINT('',#15563);
#4753=VERTEX_POINT('',#15567);
#4754=VERTEX_POINT('',#15569);
#4755=VERTEX_POINT('',#15573);
#4756=VERTEX_POINT('',#15574);
#4757=VERTEX_POINT('',#15576);
#4758=VERTEX_POINT('',#15578);
#4759=VERTEX_POINT('',#15582);
#4760=VERTEX_POINT('',#15584);
#4761=VERTEX_POINT('',#15588);
#4762=VERTEX_POINT('',#15590);
#4763=VERTEX_POINT('',#15597);
#4764=VERTEX_POINT('',#15598);
#4765=VERTEX_POINT('',#15600);
#4766=VERTEX_POINT('',#15602);
#4767=VERTEX_POINT('',#15606);
#4768=VERTEX_POINT('',#15608);
#4769=VERTEX_POINT('',#15615);
#4770=VERTEX_POINT('',#15616);
#4771=VERTEX_POINT('',#15618);
#4772=VERTEX_POINT('',#15620);
#4773=VERTEX_POINT('',#15624);
#4774=VERTEX_POINT('',#15626);
#4775=VERTEX_POINT('',#15633);
#4776=VERTEX_POINT('',#15634);
#4777=VERTEX_POINT('',#15636);
#4778=VERTEX_POINT('',#15638);
#4779=VERTEX_POINT('',#15642);
#4780=VERTEX_POINT('',#15644);
#4781=VERTEX_POINT('',#15648);
#4782=VERTEX_POINT('',#15650);
#4783=VERTEX_POINT('',#15657);
#4784=VERTEX_POINT('',#15659);
#4785=VERTEX_POINT('',#15663);
#4786=VERTEX_POINT('',#15665);
#4787=VERTEX_POINT('',#15669);
#4788=VERTEX_POINT('',#15671);
#4789=VERTEX_POINT('',#15675);
#4790=VERTEX_POINT('',#15677);
#4791=VERTEX_POINT('',#15681);
#4792=VERTEX_POINT('',#15683);
#4793=VERTEX_POINT('',#15687);
#4794=VERTEX_POINT('',#15689);
#4795=VERTEX_POINT('',#15693);
#4796=VERTEX_POINT('',#15694);
#4797=VERTEX_POINT('',#15696);
#4798=VERTEX_POINT('',#15698);
#4799=VERTEX_POINT('',#15702);
#4800=VERTEX_POINT('',#15704);
#4801=VERTEX_POINT('',#15708);
#4802=VERTEX_POINT('',#15710);
#4803=VERTEX_POINT('',#15717);
#4804=VERTEX_POINT('',#15718);
#4805=VERTEX_POINT('',#15720);
#4806=VERTEX_POINT('',#15722);
#4807=VERTEX_POINT('',#15726);
#4808=VERTEX_POINT('',#15728);
#4809=VERTEX_POINT('',#15732);
#4810=VERTEX_POINT('',#15734);
#4811=VERTEX_POINT('',#15738);
#4812=VERTEX_POINT('',#15739);
#4813=VERTEX_POINT('',#15741);
#4814=VERTEX_POINT('',#15743);
#4815=VERTEX_POINT('',#15747);
#4816=VERTEX_POINT('',#15749);
#4817=VERTEX_POINT('',#15753);
#4818=VERTEX_POINT('',#15755);
#4819=VERTEX_POINT('',#15759);
#4820=VERTEX_POINT('',#15760);
#4821=VERTEX_POINT('',#15762);
#4822=VERTEX_POINT('',#15764);
#4823=VERTEX_POINT('',#15768);
#4824=VERTEX_POINT('',#15770);
#4825=VERTEX_POINT('',#15774);
#4826=VERTEX_POINT('',#15776);
#4827=VERTEX_POINT('',#15783);
#4828=VERTEX_POINT('',#15785);
#4829=VERTEX_POINT('',#15789);
#4830=VERTEX_POINT('',#15791);
#4831=VERTEX_POINT('',#15798);
#4832=VERTEX_POINT('',#15800);
#4833=VERTEX_POINT('',#15804);
#4834=VERTEX_POINT('',#15806);
#4835=VERTEX_POINT('',#15813);
#4836=VERTEX_POINT('',#15814);
#4837=VERTEX_POINT('',#15816);
#4838=VERTEX_POINT('',#15818);
#4839=VERTEX_POINT('',#15822);
#4840=VERTEX_POINT('',#15824);
#4841=VERTEX_POINT('',#15828);
#4842=VERTEX_POINT('',#15830);
#4843=VERTEX_POINT('',#15837);
#4844=VERTEX_POINT('',#15838);
#4845=VERTEX_POINT('',#15840);
#4846=VERTEX_POINT('',#15842);
#4847=VERTEX_POINT('',#15846);
#4848=VERTEX_POINT('',#15848);
#4849=VERTEX_POINT('',#15855);
#4850=VERTEX_POINT('',#15856);
#4851=VERTEX_POINT('',#15858);
#4852=VERTEX_POINT('',#15860);
#4853=VERTEX_POINT('',#15864);
#4854=VERTEX_POINT('',#15866);
#4855=VERTEX_POINT('',#15873);
#4856=VERTEX_POINT('',#15874);
#4857=VERTEX_POINT('',#15876);
#4858=VERTEX_POINT('',#15878);
#4859=VERTEX_POINT('',#15882);
#4860=VERTEX_POINT('',#15884);
#4861=VERTEX_POINT('',#15888);
#4862=VERTEX_POINT('',#15890);
#4863=VERTEX_POINT('',#15897);
#4864=VERTEX_POINT('',#15899);
#4865=VERTEX_POINT('',#15903);
#4866=VERTEX_POINT('',#15905);
#4867=VERTEX_POINT('',#15909);
#4868=VERTEX_POINT('',#15911);
#4869=VERTEX_POINT('',#15915);
#4870=VERTEX_POINT('',#15917);
#4871=VERTEX_POINT('',#15921);
#4872=VERTEX_POINT('',#15923);
#4873=VERTEX_POINT('',#15927);
#4874=VERTEX_POINT('',#15929);
#4875=VERTEX_POINT('',#15933);
#4876=VERTEX_POINT('',#15934);
#4877=VERTEX_POINT('',#15936);
#4878=VERTEX_POINT('',#15938);
#4879=VERTEX_POINT('',#15942);
#4880=VERTEX_POINT('',#15944);
#4881=VERTEX_POINT('',#15948);
#4882=VERTEX_POINT('',#15950);
#4883=VERTEX_POINT('',#15957);
#4884=VERTEX_POINT('',#15958);
#4885=VERTEX_POINT('',#15960);
#4886=VERTEX_POINT('',#15962);
#4887=VERTEX_POINT('',#15966);
#4888=VERTEX_POINT('',#15968);
#4889=VERTEX_POINT('',#15972);
#4890=VERTEX_POINT('',#15974);
#4891=VERTEX_POINT('',#15978);
#4892=VERTEX_POINT('',#15979);
#4893=VERTEX_POINT('',#15981);
#4894=VERTEX_POINT('',#15983);
#4895=VERTEX_POINT('',#15987);
#4896=VERTEX_POINT('',#15989);
#4897=VERTEX_POINT('',#15993);
#4898=VERTEX_POINT('',#15995);
#4899=VERTEX_POINT('',#15999);
#4900=VERTEX_POINT('',#16000);
#4901=VERTEX_POINT('',#16002);
#4902=VERTEX_POINT('',#16004);
#4903=VERTEX_POINT('',#16008);
#4904=VERTEX_POINT('',#16010);
#4905=VERTEX_POINT('',#16014);
#4906=VERTEX_POINT('',#16016);
#4907=VERTEX_POINT('',#16023);
#4908=VERTEX_POINT('',#16025);
#4909=VERTEX_POINT('',#16029);
#4910=VERTEX_POINT('',#16031);
#4911=VERTEX_POINT('',#16035);
#4912=VERTEX_POINT('',#16037);
#4913=VERTEX_POINT('',#16041);
#4914=VERTEX_POINT('',#16043);
#4915=VERTEX_POINT('',#16047);
#4916=VERTEX_POINT('',#16049);
#4917=VERTEX_POINT('',#16053);
#4918=VERTEX_POINT('',#16055);
#4919=VERTEX_POINT('',#16059);
#4920=VERTEX_POINT('',#16060);
#4921=VERTEX_POINT('',#16062);
#4922=VERTEX_POINT('',#16064);
#4923=VERTEX_POINT('',#16068);
#4924=VERTEX_POINT('',#16070);
#4925=VERTEX_POINT('',#16074);
#4926=VERTEX_POINT('',#16076);
#4927=VERTEX_POINT('',#16083);
#4928=VERTEX_POINT('',#16084);
#4929=VERTEX_POINT('',#16086);
#4930=VERTEX_POINT('',#16088);
#4931=VERTEX_POINT('',#16092);
#4932=VERTEX_POINT('',#16094);
#4933=VERTEX_POINT('',#16101);
#4934=VERTEX_POINT('',#16102);
#4935=VERTEX_POINT('',#16104);
#4936=VERTEX_POINT('',#16106);
#4937=VERTEX_POINT('',#16110);
#4938=VERTEX_POINT('',#16112);
#4939=VERTEX_POINT('',#16119);
#4940=VERTEX_POINT('',#16120);
#4941=VERTEX_POINT('',#16122);
#4942=VERTEX_POINT('',#16124);
#4943=VERTEX_POINT('',#16128);
#4944=VERTEX_POINT('',#16130);
#4945=VERTEX_POINT('',#16134);
#4946=VERTEX_POINT('',#16136);
#4947=VERTEX_POINT('',#16143);
#4948=VERTEX_POINT('',#16145);
#4949=VERTEX_POINT('',#16149);
#4950=VERTEX_POINT('',#16151);
#4951=VERTEX_POINT('',#16158);
#4952=VERTEX_POINT('',#16160);
#4953=VERTEX_POINT('',#16164);
#4954=VERTEX_POINT('',#16166);
#4955=VERTEX_POINT('',#16173);
#4956=VERTEX_POINT('',#16174);
#4957=VERTEX_POINT('',#16176);
#4958=VERTEX_POINT('',#16178);
#4959=VERTEX_POINT('',#16182);
#4960=VERTEX_POINT('',#16184);
#4961=VERTEX_POINT('',#16188);
#4962=VERTEX_POINT('',#16190);
#4963=VERTEX_POINT('',#16197);
#4964=VERTEX_POINT('',#16198);
#4965=VERTEX_POINT('',#16200);
#4966=VERTEX_POINT('',#16202);
#4967=VERTEX_POINT('',#16206);
#4968=VERTEX_POINT('',#16208);
#4969=VERTEX_POINT('',#16212);
#4970=VERTEX_POINT('',#16214);
#4971=VERTEX_POINT('',#16218);
#4972=VERTEX_POINT('',#16219);
#4973=VERTEX_POINT('',#16221);
#4974=VERTEX_POINT('',#16223);
#4975=VERTEX_POINT('',#16227);
#4976=VERTEX_POINT('',#16229);
#4977=VERTEX_POINT('',#16233);
#4978=VERTEX_POINT('',#16235);
#4979=VERTEX_POINT('',#16239);
#4980=VERTEX_POINT('',#16240);
#4981=VERTEX_POINT('',#16242);
#4982=VERTEX_POINT('',#16244);
#4983=VERTEX_POINT('',#16248);
#4984=VERTEX_POINT('',#16250);
#4985=VERTEX_POINT('',#16254);
#4986=VERTEX_POINT('',#16256);
#4987=VERTEX_POINT('',#16263);
#4988=VERTEX_POINT('',#16265);
#4989=VERTEX_POINT('',#16269);
#4990=VERTEX_POINT('',#16271);
#4991=VERTEX_POINT('',#16278);
#4992=VERTEX_POINT('',#16280);
#4993=VERTEX_POINT('',#16284);
#4994=VERTEX_POINT('',#16286);
#4995=VERTEX_POINT('',#16293);
#4996=VERTEX_POINT('',#16294);
#4997=VERTEX_POINT('',#16296);
#4998=VERTEX_POINT('',#16298);
#4999=VERTEX_POINT('',#16302);
#5000=VERTEX_POINT('',#16304);
#5001=VERTEX_POINT('',#16308);
#5002=VERTEX_POINT('',#16310);
#5003=VERTEX_POINT('',#16317);
#5004=VERTEX_POINT('',#16318);
#5005=VERTEX_POINT('',#16320);
#5006=VERTEX_POINT('',#16322);
#5007=VERTEX_POINT('',#16326);
#5008=VERTEX_POINT('',#16328);
#5009=VERTEX_POINT('',#16335);
#5010=VERTEX_POINT('',#16336);
#5011=VERTEX_POINT('',#16338);
#5012=VERTEX_POINT('',#16340);
#5013=VERTEX_POINT('',#16344);
#5014=VERTEX_POINT('',#16346);
#5015=VERTEX_POINT('',#16353);
#5016=VERTEX_POINT('',#16354);
#5017=VERTEX_POINT('',#16356);
#5018=VERTEX_POINT('',#16358);
#5019=VERTEX_POINT('',#16362);
#5020=VERTEX_POINT('',#16364);
#5021=VERTEX_POINT('',#16368);
#5022=VERTEX_POINT('',#16370);
#5023=VERTEX_POINT('',#16377);
#5024=VERTEX_POINT('',#16379);
#5025=VERTEX_POINT('',#16383);
#5026=VERTEX_POINT('',#16385);
#5027=VERTEX_POINT('',#16389);
#5028=VERTEX_POINT('',#16391);
#5029=VERTEX_POINT('',#16395);
#5030=VERTEX_POINT('',#16397);
#5031=VERTEX_POINT('',#16401);
#5032=VERTEX_POINT('',#16403);
#5033=VERTEX_POINT('',#16407);
#5034=VERTEX_POINT('',#16409);
#5035=VERTEX_POINT('',#16413);
#5036=VERTEX_POINT('',#16414);
#5037=VERTEX_POINT('',#16416);
#5038=VERTEX_POINT('',#16418);
#5039=VERTEX_POINT('',#16422);
#5040=VERTEX_POINT('',#16424);
#5041=VERTEX_POINT('',#16428);
#5042=VERTEX_POINT('',#16430);
#5043=VERTEX_POINT('',#16440);
#5044=VERTEX_POINT('',#16441);
#5045=VERTEX_POINT('',#16443);
#5046=VERTEX_POINT('',#16445);
#5047=VERTEX_POINT('',#16449);
#5048=VERTEX_POINT('',#16451);
#5049=VERTEX_POINT('',#16455);
#5050=VERTEX_POINT('',#16457);
#5051=VERTEX_POINT('',#16461);
#5052=VERTEX_POINT('',#16462);
#5053=VERTEX_POINT('',#16464);
#5054=VERTEX_POINT('',#16466);
#5055=VERTEX_POINT('',#16470);
#5056=VERTEX_POINT('',#16472);
#5057=VERTEX_POINT('',#16476);
#5058=VERTEX_POINT('',#16478);
#5059=VERTEX_POINT('',#16482);
#5060=VERTEX_POINT('',#16483);
#5061=VERTEX_POINT('',#16485);
#5062=VERTEX_POINT('',#16487);
#5063=VERTEX_POINT('',#16491);
#5064=VERTEX_POINT('',#16493);
#5065=VERTEX_POINT('',#16497);
#5066=VERTEX_POINT('',#16499);
#5067=VERTEX_POINT('',#16506);
#5068=VERTEX_POINT('',#16508);
#5069=VERTEX_POINT('',#16512);
#5070=VERTEX_POINT('',#16514);
#5071=VERTEX_POINT('',#16518);
#5072=VERTEX_POINT('',#16520);
#5073=VERTEX_POINT('',#16524);
#5074=VERTEX_POINT('',#16526);
#5075=VERTEX_POINT('',#16530);
#5076=VERTEX_POINT('',#16532);
#5077=VERTEX_POINT('',#16536);
#5078=VERTEX_POINT('',#16538);
#5079=VERTEX_POINT('',#16542);
#5080=VERTEX_POINT('',#16543);
#5081=VERTEX_POINT('',#16545);
#5082=VERTEX_POINT('',#16547);
#5083=VERTEX_POINT('',#16551);
#5084=VERTEX_POINT('',#16553);
#5085=VERTEX_POINT('',#16557);
#5086=VERTEX_POINT('',#16559);
#5087=VERTEX_POINT('',#16566);
#5088=VERTEX_POINT('',#16567);
#5089=VERTEX_POINT('',#16569);
#5090=VERTEX_POINT('',#16571);
#5091=VERTEX_POINT('',#16575);
#5092=VERTEX_POINT('',#16577);
#5093=VERTEX_POINT('',#16584);
#5094=VERTEX_POINT('',#16585);
#5095=VERTEX_POINT('',#16587);
#5096=VERTEX_POINT('',#16589);
#5097=VERTEX_POINT('',#16593);
#5098=VERTEX_POINT('',#16595);
#5099=VERTEX_POINT('',#16602);
#5100=VERTEX_POINT('',#16603);
#5101=VERTEX_POINT('',#16605);
#5102=VERTEX_POINT('',#16607);
#5103=VERTEX_POINT('',#16611);
#5104=VERTEX_POINT('',#16613);
#5105=VERTEX_POINT('',#16617);
#5106=VERTEX_POINT('',#16619);
#5107=VERTEX_POINT('',#16626);
#5108=VERTEX_POINT('',#16628);
#5109=VERTEX_POINT('',#16632);
#5110=VERTEX_POINT('',#16634);
#5111=VERTEX_POINT('',#16638);
#5112=VERTEX_POINT('',#16640);
#5113=VERTEX_POINT('',#16644);
#5114=VERTEX_POINT('',#16646);
#5115=VERTEX_POINT('',#16650);
#5116=VERTEX_POINT('',#16652);
#5117=VERTEX_POINT('',#16656);
#5118=VERTEX_POINT('',#16658);
#5119=VERTEX_POINT('',#16662);
#5120=VERTEX_POINT('',#16663);
#5121=VERTEX_POINT('',#16665);
#5122=VERTEX_POINT('',#16667);
#5123=VERTEX_POINT('',#16671);
#5124=VERTEX_POINT('',#16673);
#5125=VERTEX_POINT('',#16677);
#5126=VERTEX_POINT('',#16679);
#5127=VERTEX_POINT('',#16686);
#5128=VERTEX_POINT('',#16687);
#5129=VERTEX_POINT('',#16689);
#5130=VERTEX_POINT('',#16691);
#5131=VERTEX_POINT('',#16695);
#5132=VERTEX_POINT('',#16697);
#5133=VERTEX_POINT('',#16701);
#5134=VERTEX_POINT('',#16703);
#5135=VERTEX_POINT('',#16707);
#5136=VERTEX_POINT('',#16708);
#5137=VERTEX_POINT('',#16710);
#5138=VERTEX_POINT('',#16712);
#5139=VERTEX_POINT('',#16716);
#5140=VERTEX_POINT('',#16718);
#5141=VERTEX_POINT('',#16722);
#5142=VERTEX_POINT('',#16724);
#5143=VERTEX_POINT('',#16728);
#5144=VERTEX_POINT('',#16729);
#5145=VERTEX_POINT('',#16731);
#5146=VERTEX_POINT('',#16733);
#5147=VERTEX_POINT('',#16737);
#5148=VERTEX_POINT('',#16739);
#5149=VERTEX_POINT('',#16743);
#5150=VERTEX_POINT('',#16745);
#5151=VERTEX_POINT('',#16752);
#5152=VERTEX_POINT('',#16754);
#5153=VERTEX_POINT('',#16758);
#5154=VERTEX_POINT('',#16760);
#5155=VERTEX_POINT('',#16767);
#5156=VERTEX_POINT('',#16769);
#5157=VERTEX_POINT('',#16773);
#5158=VERTEX_POINT('',#16775);
#5159=VERTEX_POINT('',#16782);
#5160=VERTEX_POINT('',#16783);
#5161=VERTEX_POINT('',#16785);
#5162=VERTEX_POINT('',#16787);
#5163=VERTEX_POINT('',#16791);
#5164=VERTEX_POINT('',#16793);
#5165=VERTEX_POINT('',#16797);
#5166=VERTEX_POINT('',#16799);
#5167=VERTEX_POINT('',#16806);
#5168=VERTEX_POINT('',#16807);
#5169=VERTEX_POINT('',#16809);
#5170=VERTEX_POINT('',#16811);
#5171=VERTEX_POINT('',#16815);
#5172=VERTEX_POINT('',#16817);
#5173=VERTEX_POINT('',#16824);
#5174=VERTEX_POINT('',#16825);
#5175=VERTEX_POINT('',#16827);
#5176=VERTEX_POINT('',#16829);
#5177=VERTEX_POINT('',#16833);
#5178=VERTEX_POINT('',#16835);
#5179=VERTEX_POINT('',#16842);
#5180=VERTEX_POINT('',#16843);
#5181=VERTEX_POINT('',#16845);
#5182=VERTEX_POINT('',#16847);
#5183=VERTEX_POINT('',#16851);
#5184=VERTEX_POINT('',#16853);
#5185=VERTEX_POINT('',#16857);
#5186=VERTEX_POINT('',#16859);
#5187=VERTEX_POINT('',#16866);
#5188=VERTEX_POINT('',#16868);
#5189=VERTEX_POINT('',#16872);
#5190=VERTEX_POINT('',#16874);
#5191=VERTEX_POINT('',#16881);
#5192=VERTEX_POINT('',#16883);
#5193=VERTEX_POINT('',#16887);
#5194=VERTEX_POINT('',#16889);
#5195=VERTEX_POINT('',#16896);
#5196=VERTEX_POINT('',#16897);
#5197=VERTEX_POINT('',#16899);
#5198=VERTEX_POINT('',#16901);
#5199=VERTEX_POINT('',#16905);
#5200=VERTEX_POINT('',#16907);
#5201=VERTEX_POINT('',#16911);
#5202=VERTEX_POINT('',#16913);
#5203=VERTEX_POINT('',#16920);
#5204=VERTEX_POINT('',#16921);
#5205=VERTEX_POINT('',#16923);
#5206=VERTEX_POINT('',#16925);
#5207=VERTEX_POINT('',#16929);
#5208=VERTEX_POINT('',#16931);
#5209=VERTEX_POINT('',#16935);
#5210=VERTEX_POINT('',#16937);
#5211=VERTEX_POINT('',#16941);
#5212=VERTEX_POINT('',#16942);
#5213=VERTEX_POINT('',#16944);
#5214=VERTEX_POINT('',#16946);
#5215=VERTEX_POINT('',#16950);
#5216=VERTEX_POINT('',#16952);
#5217=VERTEX_POINT('',#16956);
#5218=VERTEX_POINT('',#16958);
#5219=VERTEX_POINT('',#16962);
#5220=VERTEX_POINT('',#16963);
#5221=VERTEX_POINT('',#16965);
#5222=VERTEX_POINT('',#16967);
#5223=VERTEX_POINT('',#16971);
#5224=VERTEX_POINT('',#16973);
#5225=VERTEX_POINT('',#16977);
#5226=VERTEX_POINT('',#16979);
#5227=VERTEX_POINT('',#16986);
#5228=VERTEX_POINT('',#16988);
#5229=VERTEX_POINT('',#16992);
#5230=VERTEX_POINT('',#16994);
#5231=VERTEX_POINT('',#16998);
#5232=VERTEX_POINT('',#17000);
#5233=VERTEX_POINT('',#17004);
#5234=VERTEX_POINT('',#17006);
#5235=VERTEX_POINT('',#17010);
#5236=VERTEX_POINT('',#17012);
#5237=VERTEX_POINT('',#17016);
#5238=VERTEX_POINT('',#17018);
#5239=VERTEX_POINT('',#17022);
#5240=VERTEX_POINT('',#17023);
#5241=VERTEX_POINT('',#17025);
#5242=VERTEX_POINT('',#17027);
#5243=VERTEX_POINT('',#17031);
#5244=VERTEX_POINT('',#17033);
#5245=VERTEX_POINT('',#17037);
#5246=VERTEX_POINT('',#17039);
#5247=VERTEX_POINT('',#17046);
#5248=VERTEX_POINT('',#17047);
#5249=VERTEX_POINT('',#17049);
#5250=VERTEX_POINT('',#17051);
#5251=VERTEX_POINT('',#17055);
#5252=VERTEX_POINT('',#17057);
#5253=VERTEX_POINT('',#17064);
#5254=VERTEX_POINT('',#17065);
#5255=VERTEX_POINT('',#17067);
#5256=VERTEX_POINT('',#17069);
#5257=VERTEX_POINT('',#17073);
#5258=VERTEX_POINT('',#17075);
#5259=VERTEX_POINT('',#17082);
#5260=VERTEX_POINT('',#17083);
#5261=VERTEX_POINT('',#17085);
#5262=VERTEX_POINT('',#17087);
#5263=VERTEX_POINT('',#17091);
#5264=VERTEX_POINT('',#17093);
#5265=VERTEX_POINT('',#17097);
#5266=VERTEX_POINT('',#17099);
#5267=VERTEX_POINT('',#17106);
#5268=VERTEX_POINT('',#17108);
#5269=VERTEX_POINT('',#17112);
#5270=VERTEX_POINT('',#17114);
#5271=VERTEX_POINT('',#17121);
#5272=VERTEX_POINT('',#17123);
#5273=VERTEX_POINT('',#17127);
#5274=VERTEX_POINT('',#17129);
#5275=VERTEX_POINT('',#17136);
#5276=VERTEX_POINT('',#17137);
#5277=VERTEX_POINT('',#17139);
#5278=VERTEX_POINT('',#17141);
#5279=VERTEX_POINT('',#17145);
#5280=VERTEX_POINT('',#17147);
#5281=VERTEX_POINT('',#17151);
#5282=VERTEX_POINT('',#17153);
#5283=VERTEX_POINT('',#17160);
#5284=VERTEX_POINT('',#17161);
#5285=VERTEX_POINT('',#17163);
#5286=VERTEX_POINT('',#17165);
#5287=VERTEX_POINT('',#17169);
#5288=VERTEX_POINT('',#17171);
#5289=VERTEX_POINT('',#17175);
#5290=VERTEX_POINT('',#17177);
#5291=VERTEX_POINT('',#17181);
#5292=VERTEX_POINT('',#17182);
#5293=VERTEX_POINT('',#17184);
#5294=VERTEX_POINT('',#17186);
#5295=VERTEX_POINT('',#17190);
#5296=VERTEX_POINT('',#17192);
#5297=VERTEX_POINT('',#17196);
#5298=VERTEX_POINT('',#17198);
#5299=VERTEX_POINT('',#17202);
#5300=VERTEX_POINT('',#17203);
#5301=VERTEX_POINT('',#17205);
#5302=VERTEX_POINT('',#17207);
#5303=VERTEX_POINT('',#17211);
#5304=VERTEX_POINT('',#17213);
#5305=VERTEX_POINT('',#17217);
#5306=VERTEX_POINT('',#17219);
#5307=VERTEX_POINT('',#17226);
#5308=VERTEX_POINT('',#17228);
#5309=VERTEX_POINT('',#17232);
#5310=VERTEX_POINT('',#17234);
#5311=VERTEX_POINT('',#17241);
#5312=VERTEX_POINT('',#17243);
#5313=VERTEX_POINT('',#17247);
#5314=VERTEX_POINT('',#17249);
#5315=VERTEX_POINT('',#17256);
#5316=VERTEX_POINT('',#17257);
#5317=VERTEX_POINT('',#17259);
#5318=VERTEX_POINT('',#17261);
#5319=VERTEX_POINT('',#17265);
#5320=VERTEX_POINT('',#17267);
#5321=VERTEX_POINT('',#17271);
#5322=VERTEX_POINT('',#17273);
#5323=VERTEX_POINT('',#17280);
#5324=VERTEX_POINT('',#17281);
#5325=VERTEX_POINT('',#17283);
#5326=VERTEX_POINT('',#17285);
#5327=VERTEX_POINT('',#17289);
#5328=VERTEX_POINT('',#17291);
#5329=VERTEX_POINT('',#17298);
#5330=VERTEX_POINT('',#17299);
#5331=VERTEX_POINT('',#17301);
#5332=VERTEX_POINT('',#17303);
#5333=VERTEX_POINT('',#17307);
#5334=VERTEX_POINT('',#17309);
#5335=VERTEX_POINT('',#17316);
#5336=VERTEX_POINT('',#17317);
#5337=VERTEX_POINT('',#17319);
#5338=VERTEX_POINT('',#17321);
#5339=VERTEX_POINT('',#17325);
#5340=VERTEX_POINT('',#17327);
#5341=VERTEX_POINT('',#17331);
#5342=VERTEX_POINT('',#17333);
#5343=VERTEX_POINT('',#17340);
#5344=VERTEX_POINT('',#17342);
#5345=VERTEX_POINT('',#17346);
#5346=VERTEX_POINT('',#17348);
#5347=VERTEX_POINT('',#17350);
#5348=VERTEX_POINT('',#17352);
#5349=VERTEX_POINT('',#17354);
#5350=VERTEX_POINT('',#17357);
#5351=VERTEX_POINT('',#17358);
#5352=VERTEX_POINT('',#17360);
#5353=VERTEX_POINT('',#17362);
#5354=VERTEX_POINT('',#17366);
#5355=VERTEX_POINT('',#17370);
#5356=VERTEX_POINT('',#17374);
#5357=VERTEX_POINT('',#17378);
#5358=VERTEX_POINT('',#17382);
#5359=VERTEX_POINT('',#17386);
#5360=VERTEX_POINT('',#17388);
#5361=VERTEX_POINT('',#17392);
#5362=VERTEX_POINT('',#17396);
#5363=VERTEX_POINT('',#17405);
#5364=VERTEX_POINT('',#17406);
#5365=VERTEX_POINT('',#17408);
#5366=VERTEX_POINT('',#17410);
#5367=VERTEX_POINT('',#17414);
#5368=VERTEX_POINT('',#17416);
#5369=VERTEX_POINT('',#17420);
#5370=VERTEX_POINT('',#17424);
#5371=VERTEX_POINT('',#17430);
#5372=VERTEX_POINT('',#17432);
#5373=VERTEX_POINT('',#17436);
#5374=VERTEX_POINT('',#17440);
#5375=VERTEX_POINT('',#17447);
#5376=VERTEX_POINT('',#17448);
#5377=VERTEX_POINT('',#17450);
#5378=VERTEX_POINT('',#17452);
#5379=VERTEX_POINT('',#17456);
#5380=VERTEX_POINT('',#17458);
#5381=VERTEX_POINT('',#17462);
#5382=VERTEX_POINT('',#17466);
#5383=VERTEX_POINT('',#17472);
#5384=VERTEX_POINT('',#17474);
#5385=VERTEX_POINT('',#17478);
#5386=VERTEX_POINT('',#17482);
#5387=VERTEX_POINT('',#17489);
#5388=VERTEX_POINT('',#17490);
#5389=VERTEX_POINT('',#17492);
#5390=VERTEX_POINT('',#17494);
#5391=VERTEX_POINT('',#17498);
#5392=VERTEX_POINT('',#17500);
#5393=VERTEX_POINT('',#17504);
#5394=VERTEX_POINT('',#17508);
#5395=VERTEX_POINT('',#17514);
#5396=VERTEX_POINT('',#17516);
#5397=VERTEX_POINT('',#17520);
#5398=VERTEX_POINT('',#17524);
#5399=VERTEX_POINT('',#17531);
#5400=VERTEX_POINT('',#17532);
#5401=VERTEX_POINT('',#17534);
#5402=VERTEX_POINT('',#17536);
#5403=VERTEX_POINT('',#17540);
#5404=VERTEX_POINT('',#17542);
#5405=VERTEX_POINT('',#17546);
#5406=VERTEX_POINT('',#17550);
#5407=VERTEX_POINT('',#17556);
#5408=VERTEX_POINT('',#17558);
#5409=VERTEX_POINT('',#17562);
#5410=VERTEX_POINT('',#17566);
#5411=VERTEX_POINT('',#17573);
#5412=VERTEX_POINT('',#17574);
#5413=VERTEX_POINT('',#17576);
#5414=VERTEX_POINT('',#17578);
#5415=VERTEX_POINT('',#17582);
#5416=VERTEX_POINT('',#17584);
#5417=VERTEX_POINT('',#17588);
#5418=VERTEX_POINT('',#17592);
#5419=VERTEX_POINT('',#17598);
#5420=VERTEX_POINT('',#17600);
#5421=VERTEX_POINT('',#17604);
#5422=VERTEX_POINT('',#17608);
#5423=VERTEX_POINT('',#17615);
#5424=VERTEX_POINT('',#17616);
#5425=VERTEX_POINT('',#17618);
#5426=VERTEX_POINT('',#17620);
#5427=VERTEX_POINT('',#17624);
#5428=VERTEX_POINT('',#17626);
#5429=VERTEX_POINT('',#17630);
#5430=VERTEX_POINT('',#17634);
#5431=VERTEX_POINT('',#17640);
#5432=VERTEX_POINT('',#17642);
#5433=VERTEX_POINT('',#17646);
#5434=VERTEX_POINT('',#17650);
#5435=VERTEX_POINT('',#17657);
#5436=VERTEX_POINT('',#17658);
#5437=VERTEX_POINT('',#17660);
#5438=VERTEX_POINT('',#17662);
#5439=VERTEX_POINT('',#17666);
#5440=VERTEX_POINT('',#17668);
#5441=VERTEX_POINT('',#17672);
#5442=VERTEX_POINT('',#17676);
#5443=VERTEX_POINT('',#17682);
#5444=VERTEX_POINT('',#17684);
#5445=VERTEX_POINT('',#17688);
#5446=VERTEX_POINT('',#17692);
#5447=VERTEX_POINT('',#17699);
#5448=VERTEX_POINT('',#17700);
#5449=VERTEX_POINT('',#17702);
#5450=VERTEX_POINT('',#17704);
#5451=VERTEX_POINT('',#17708);
#5452=VERTEX_POINT('',#17710);
#5453=VERTEX_POINT('',#17714);
#5454=VERTEX_POINT('',#17718);
#5455=VERTEX_POINT('',#17724);
#5456=VERTEX_POINT('',#17726);
#5457=VERTEX_POINT('',#17730);
#5458=VERTEX_POINT('',#17734);
#5459=VERTEX_POINT('',#17741);
#5460=VERTEX_POINT('',#17742);
#5461=VERTEX_POINT('',#17744);
#5462=VERTEX_POINT('',#17746);
#5463=VERTEX_POINT('',#17750);
#5464=VERTEX_POINT('',#17752);
#5465=VERTEX_POINT('',#17756);
#5466=VERTEX_POINT('',#17760);
#5467=VERTEX_POINT('',#17766);
#5468=VERTEX_POINT('',#17768);
#5469=VERTEX_POINT('',#17772);
#5470=VERTEX_POINT('',#17776);
#5471=VERTEX_POINT('',#17783);
#5472=VERTEX_POINT('',#17784);
#5473=VERTEX_POINT('',#17786);
#5474=VERTEX_POINT('',#17788);
#5475=VERTEX_POINT('',#17792);
#5476=VERTEX_POINT('',#17794);
#5477=VERTEX_POINT('',#17798);
#5478=VERTEX_POINT('',#17802);
#5479=VERTEX_POINT('',#17808);
#5480=VERTEX_POINT('',#17810);
#5481=VERTEX_POINT('',#17814);
#5482=VERTEX_POINT('',#17818);
#5483=VERTEX_POINT('',#17825);
#5484=VERTEX_POINT('',#17826);
#5485=VERTEX_POINT('',#17828);
#5486=VERTEX_POINT('',#17830);
#5487=VERTEX_POINT('',#17834);
#5488=VERTEX_POINT('',#17836);
#5489=VERTEX_POINT('',#17840);
#5490=VERTEX_POINT('',#17844);
#5491=VERTEX_POINT('',#17850);
#5492=VERTEX_POINT('',#17852);
#5493=VERTEX_POINT('',#17856);
#5494=VERTEX_POINT('',#17860);
#5495=VERTEX_POINT('',#17867);
#5496=VERTEX_POINT('',#17868);
#5497=VERTEX_POINT('',#17870);
#5498=VERTEX_POINT('',#17872);
#5499=VERTEX_POINT('',#17876);
#5500=VERTEX_POINT('',#17878);
#5501=VERTEX_POINT('',#17882);
#5502=VERTEX_POINT('',#17886);
#5503=VERTEX_POINT('',#17892);
#5504=VERTEX_POINT('',#17894);
#5505=VERTEX_POINT('',#17898);
#5506=VERTEX_POINT('',#17902);
#5507=VERTEX_POINT('',#17909);
#5508=VERTEX_POINT('',#17910);
#5509=VERTEX_POINT('',#17912);
#5510=VERTEX_POINT('',#17914);
#5511=VERTEX_POINT('',#17918);
#5512=VERTEX_POINT('',#17920);
#5513=VERTEX_POINT('',#17924);
#5514=VERTEX_POINT('',#17928);
#5515=VERTEX_POINT('',#17934);
#5516=VERTEX_POINT('',#17936);
#5517=VERTEX_POINT('',#17940);
#5518=VERTEX_POINT('',#17944);
#5519=VERTEX_POINT('',#17951);
#5520=VERTEX_POINT('',#17952);
#5521=VERTEX_POINT('',#17954);
#5522=VERTEX_POINT('',#17956);
#5523=VERTEX_POINT('',#17960);
#5524=VERTEX_POINT('',#17962);
#5525=VERTEX_POINT('',#17966);
#5526=VERTEX_POINT('',#17970);
#5527=VERTEX_POINT('',#17976);
#5528=VERTEX_POINT('',#17978);
#5529=VERTEX_POINT('',#17982);
#5530=VERTEX_POINT('',#17986);
#5531=VERTEX_POINT('',#17993);
#5532=VERTEX_POINT('',#17994);
#5533=VERTEX_POINT('',#17996);
#5534=VERTEX_POINT('',#17998);
#5535=VERTEX_POINT('',#18002);
#5536=VERTEX_POINT('',#18004);
#5537=VERTEX_POINT('',#18008);
#5538=VERTEX_POINT('',#18012);
#5539=VERTEX_POINT('',#18018);
#5540=VERTEX_POINT('',#18020);
#5541=VERTEX_POINT('',#18024);
#5542=VERTEX_POINT('',#18028);
#5543=VERTEX_POINT('',#18035);
#5544=VERTEX_POINT('',#18036);
#5545=VERTEX_POINT('',#18038);
#5546=VERTEX_POINT('',#18040);
#5547=VERTEX_POINT('',#18044);
#5548=VERTEX_POINT('',#18046);
#5549=VERTEX_POINT('',#18050);
#5550=VERTEX_POINT('',#18054);
#5551=VERTEX_POINT('',#18060);
#5552=VERTEX_POINT('',#18062);
#5553=VERTEX_POINT('',#18066);
#5554=VERTEX_POINT('',#18070);
#5555=VERTEX_POINT('',#18077);
#5556=VERTEX_POINT('',#18078);
#5557=VERTEX_POINT('',#18080);
#5558=VERTEX_POINT('',#18082);
#5559=VERTEX_POINT('',#18086);
#5560=VERTEX_POINT('',#18088);
#5561=VERTEX_POINT('',#18092);
#5562=VERTEX_POINT('',#18096);
#5563=VERTEX_POINT('',#18102);
#5564=VERTEX_POINT('',#18104);
#5565=VERTEX_POINT('',#18108);
#5566=VERTEX_POINT('',#18112);
#5567=VERTEX_POINT('',#18119);
#5568=VERTEX_POINT('',#18120);
#5569=VERTEX_POINT('',#18122);
#5570=VERTEX_POINT('',#18124);
#5571=VERTEX_POINT('',#18128);
#5572=VERTEX_POINT('',#18130);
#5573=VERTEX_POINT('',#18134);
#5574=VERTEX_POINT('',#18138);
#5575=VERTEX_POINT('',#18144);
#5576=VERTEX_POINT('',#18146);
#5577=VERTEX_POINT('',#18150);
#5578=VERTEX_POINT('',#18154);
#5579=VERTEX_POINT('',#18161);
#5580=VERTEX_POINT('',#18162);
#5581=VERTEX_POINT('',#18164);
#5582=VERTEX_POINT('',#18166);
#5583=VERTEX_POINT('',#18170);
#5584=VERTEX_POINT('',#18172);
#5585=VERTEX_POINT('',#18176);
#5586=VERTEX_POINT('',#18180);
#5587=VERTEX_POINT('',#18186);
#5588=VERTEX_POINT('',#18188);
#5589=VERTEX_POINT('',#18192);
#5590=VERTEX_POINT('',#18196);
#5591=VERTEX_POINT('',#18203);
#5592=VERTEX_POINT('',#18204);
#5593=VERTEX_POINT('',#18206);
#5594=VERTEX_POINT('',#18208);
#5595=VERTEX_POINT('',#18212);
#5596=VERTEX_POINT('',#18214);
#5597=VERTEX_POINT('',#18218);
#5598=VERTEX_POINT('',#18222);
#5599=VERTEX_POINT('',#18228);
#5600=VERTEX_POINT('',#18230);
#5601=VERTEX_POINT('',#18234);
#5602=VERTEX_POINT('',#18238);
#5603=VERTEX_POINT('',#18245);
#5604=VERTEX_POINT('',#18246);
#5605=VERTEX_POINT('',#18248);
#5606=VERTEX_POINT('',#18250);
#5607=VERTEX_POINT('',#18254);
#5608=VERTEX_POINT('',#18256);
#5609=VERTEX_POINT('',#18260);
#5610=VERTEX_POINT('',#18264);
#5611=VERTEX_POINT('',#18270);
#5612=VERTEX_POINT('',#18272);
#5613=VERTEX_POINT('',#18276);
#5614=VERTEX_POINT('',#18280);
#5615=VERTEX_POINT('',#18287);
#5616=VERTEX_POINT('',#18288);
#5617=VERTEX_POINT('',#18290);
#5618=VERTEX_POINT('',#18292);
#5619=VERTEX_POINT('',#18296);
#5620=VERTEX_POINT('',#18298);
#5621=VERTEX_POINT('',#18302);
#5622=VERTEX_POINT('',#18306);
#5623=VERTEX_POINT('',#18312);
#5624=VERTEX_POINT('',#18314);
#5625=VERTEX_POINT('',#18318);
#5626=VERTEX_POINT('',#18322);
#5627=VERTEX_POINT('',#18329);
#5628=VERTEX_POINT('',#18330);
#5629=VERTEX_POINT('',#18332);
#5630=VERTEX_POINT('',#18334);
#5631=VERTEX_POINT('',#18338);
#5632=VERTEX_POINT('',#18340);
#5633=VERTEX_POINT('',#18344);
#5634=VERTEX_POINT('',#18348);
#5635=VERTEX_POINT('',#18354);
#5636=VERTEX_POINT('',#18356);
#5637=VERTEX_POINT('',#18360);
#5638=VERTEX_POINT('',#18364);
#5639=VERTEX_POINT('',#18371);
#5640=VERTEX_POINT('',#18372);
#5641=VERTEX_POINT('',#18374);
#5642=VERTEX_POINT('',#18376);
#5643=VERTEX_POINT('',#18380);
#5644=VERTEX_POINT('',#18382);
#5645=VERTEX_POINT('',#18386);
#5646=VERTEX_POINT('',#18390);
#5647=VERTEX_POINT('',#18396);
#5648=VERTEX_POINT('',#18398);
#5649=VERTEX_POINT('',#18402);
#5650=VERTEX_POINT('',#18406);
#5651=VERTEX_POINT('',#18413);
#5652=VERTEX_POINT('',#18414);
#5653=VERTEX_POINT('',#18416);
#5654=VERTEX_POINT('',#18418);
#5655=VERTEX_POINT('',#18422);
#5656=VERTEX_POINT('',#18424);
#5657=VERTEX_POINT('',#18428);
#5658=VERTEX_POINT('',#18432);
#5659=VERTEX_POINT('',#18438);
#5660=VERTEX_POINT('',#18440);
#5661=VERTEX_POINT('',#18444);
#5662=VERTEX_POINT('',#18448);
#5663=VERTEX_POINT('',#18455);
#5664=VERTEX_POINT('',#18456);
#5665=VERTEX_POINT('',#18458);
#5666=VERTEX_POINT('',#18460);
#5667=VERTEX_POINT('',#18464);
#5668=VERTEX_POINT('',#18466);
#5669=VERTEX_POINT('',#18470);
#5670=VERTEX_POINT('',#18474);
#5671=VERTEX_POINT('',#18480);
#5672=VERTEX_POINT('',#18482);
#5673=VERTEX_POINT('',#18486);
#5674=VERTEX_POINT('',#18490);
#5675=VERTEX_POINT('',#18497);
#5676=VERTEX_POINT('',#18498);
#5677=VERTEX_POINT('',#18500);
#5678=VERTEX_POINT('',#18502);
#5679=VERTEX_POINT('',#18506);
#5680=VERTEX_POINT('',#18508);
#5681=VERTEX_POINT('',#18512);
#5682=VERTEX_POINT('',#18516);
#5683=VERTEX_POINT('',#18522);
#5684=VERTEX_POINT('',#18524);
#5685=VERTEX_POINT('',#18528);
#5686=VERTEX_POINT('',#18532);
#5687=VERTEX_POINT('',#18539);
#5688=VERTEX_POINT('',#18540);
#5689=VERTEX_POINT('',#18542);
#5690=VERTEX_POINT('',#18544);
#5691=VERTEX_POINT('',#18548);
#5692=VERTEX_POINT('',#18550);
#5693=VERTEX_POINT('',#18554);
#5694=VERTEX_POINT('',#18558);
#5695=VERTEX_POINT('',#18564);
#5696=VERTEX_POINT('',#18566);
#5697=VERTEX_POINT('',#18570);
#5698=VERTEX_POINT('',#18574);
#5699=VERTEX_POINT('',#18581);
#5700=VERTEX_POINT('',#18582);
#5701=VERTEX_POINT('',#18584);
#5702=VERTEX_POINT('',#18586);
#5703=VERTEX_POINT('',#18590);
#5704=VERTEX_POINT('',#18592);
#5705=VERTEX_POINT('',#18596);
#5706=VERTEX_POINT('',#18600);
#5707=VERTEX_POINT('',#18606);
#5708=VERTEX_POINT('',#18608);
#5709=VERTEX_POINT('',#18612);
#5710=VERTEX_POINT('',#18616);
#5711=VERTEX_POINT('',#18623);
#5712=VERTEX_POINT('',#18624);
#5713=VERTEX_POINT('',#18626);
#5714=VERTEX_POINT('',#18628);
#5715=VERTEX_POINT('',#18632);
#5716=VERTEX_POINT('',#18634);
#5717=VERTEX_POINT('',#18638);
#5718=VERTEX_POINT('',#18642);
#5719=VERTEX_POINT('',#18648);
#5720=VERTEX_POINT('',#18650);
#5721=VERTEX_POINT('',#18654);
#5722=VERTEX_POINT('',#18658);
#5723=VERTEX_POINT('',#18665);
#5724=VERTEX_POINT('',#18666);
#5725=VERTEX_POINT('',#18668);
#5726=VERTEX_POINT('',#18670);
#5727=VERTEX_POINT('',#18674);
#5728=VERTEX_POINT('',#18676);
#5729=VERTEX_POINT('',#18680);
#5730=VERTEX_POINT('',#18684);
#5731=VERTEX_POINT('',#18690);
#5732=VERTEX_POINT('',#18692);
#5733=VERTEX_POINT('',#18696);
#5734=VERTEX_POINT('',#18700);
#5735=EDGE_CURVE('',#4707,#4708,#1495,.T.);
#5736=EDGE_CURVE('',#4708,#4709,#1496,.T.);
#5737=EDGE_CURVE('',#4709,#4710,#1497,.T.);
#5738=EDGE_CURVE('',#4710,#4707,#1498,.T.);
#5739=EDGE_CURVE('',#4707,#4711,#1499,.T.);
#5740=EDGE_CURVE('',#4711,#4712,#1500,.T.);
#5741=EDGE_CURVE('',#4708,#4712,#1501,.T.);
#5742=EDGE_CURVE('',#4712,#4713,#1502,.T.);
#5743=EDGE_CURVE('',#4709,#4713,#1503,.T.);
#5744=EDGE_CURVE('',#4713,#4714,#1504,.T.);
#5745=EDGE_CURVE('',#4710,#4714,#1505,.T.);
#5746=EDGE_CURVE('',#4714,#4711,#1506,.T.);
#5747=EDGE_CURVE('',#4712,#4715,#1507,.T.);
#5748=EDGE_CURVE('',#4716,#4715,#1508,.T.);
#5749=EDGE_CURVE('',#4713,#4716,#1509,.T.);
#5750=EDGE_CURVE('',#4717,#4716,#1510,.T.);
#5751=EDGE_CURVE('',#4714,#4717,#1511,.T.);
#5752=EDGE_CURVE('',#4718,#4717,#1512,.T.);
#5753=EDGE_CURVE('',#4711,#4718,#1513,.T.);
#5754=EDGE_CURVE('',#4715,#4718,#1514,.T.);
#5755=EDGE_CURVE('',#4719,#4720,#1515,.T.);
#5756=EDGE_CURVE('',#4721,#4719,#1516,.T.);
#5757=EDGE_CURVE('',#4722,#4721,#1517,.T.);
#5758=EDGE_CURVE('',#4720,#4722,#1518,.T.);
#5759=EDGE_CURVE('',#4722,#4723,#1519,.T.);
#5760=EDGE_CURVE('',#4723,#4724,#1520,.T.);
#5761=EDGE_CURVE('',#4724,#4720,#1521,.T.);
#5762=EDGE_CURVE('',#4724,#4725,#1522,.T.);
#5763=EDGE_CURVE('',#4726,#4723,#1523,.T.);
#5764=EDGE_CURVE('',#4725,#4726,#1524,.T.);
#5765=EDGE_CURVE('',#4727,#4728,#1525,.T.);
#5766=EDGE_CURVE('',#4729,#4727,#1526,.T.);
#5767=EDGE_CURVE('',#4730,#4729,#1527,.T.);
#5768=EDGE_CURVE('',#4728,#4730,#1528,.T.);
#5769=EDGE_CURVE('',#4727,#4731,#1529,.T.);
#5770=EDGE_CURVE('',#4731,#4732,#1530,.T.);
#5771=EDGE_CURVE('',#4732,#4729,#1531,.T.);
#5772=EDGE_CURVE('',#4733,#4731,#1532,.T.);
#5773=EDGE_CURVE('',#4734,#4733,#1533,.T.);
#5774=EDGE_CURVE('',#4732,#4734,#1534,.T.);
#5775=EDGE_CURVE('',#4735,#4736,#1535,.T.);
#5776=EDGE_CURVE('',#4735,#4737,#1536,.T.);
#5777=EDGE_CURVE('',#4737,#4738,#1537,.T.);
#5778=EDGE_CURVE('',#4736,#4738,#1538,.T.);
#5779=EDGE_CURVE('',#4739,#4735,#1539,.T.);
#5780=EDGE_CURVE('',#4739,#4740,#1540,.T.);
#5781=EDGE_CURVE('',#4740,#4737,#1541,.T.);
#5782=EDGE_CURVE('',#4741,#4739,#1542,.T.);
#5783=EDGE_CURVE('',#4741,#4742,#1543,.T.);
#5784=EDGE_CURVE('',#4742,#4740,#1544,.T.);
#5785=EDGE_CURVE('',#4736,#4741,#1545,.T.);
#5786=EDGE_CURVE('',#4738,#4742,#1546,.T.);
#5787=EDGE_CURVE('',#4719,#4743,#1547,.T.);
#5788=EDGE_CURVE('',#4743,#4744,#1548,.T.);
#5789=EDGE_CURVE('',#4744,#4721,#1549,.T.);
#5790=EDGE_CURVE('',#4745,#4743,#1550,.T.);
#5791=EDGE_CURVE('',#4746,#4745,#1551,.T.);
#5792=EDGE_CURVE('',#4744,#4746,#1552,.T.);
#5793=EDGE_CURVE('',#4745,#4747,#1553,.T.);
#5794=EDGE_CURVE('',#4747,#4748,#1554,.T.);
#5795=EDGE_CURVE('',#4748,#4746,#1555,.T.);
#5796=EDGE_CURVE('',#4749,#4728,#1556,.T.);
#5797=EDGE_CURVE('',#4730,#4750,#1557,.T.);
#5798=EDGE_CURVE('',#4750,#4749,#1558,.T.);
#5799=EDGE_CURVE('',#4751,#4750,#1559,.T.);
#5800=EDGE_CURVE('',#4752,#4751,#1560,.T.);
#5801=EDGE_CURVE('',#4749,#4752,#1561,.T.);
#5802=EDGE_CURVE('',#4753,#4752,#1562,.T.);
#5803=EDGE_CURVE('',#4751,#4754,#1563,.T.);
#5804=EDGE_CURVE('',#4754,#4753,#1564,.T.);
#5805=EDGE_CURVE('',#4755,#4756,#1565,.T.);
#5806=EDGE_CURVE('',#4756,#4757,#1566,.T.);
#5807=EDGE_CURVE('',#4758,#4757,#1567,.T.);
#5808=EDGE_CURVE('',#4755,#4758,#1568,.T.);
#5809=EDGE_CURVE('',#4759,#4755,#1569,.T.);
#5810=EDGE_CURVE('',#4760,#4758,#1570,.T.);
#5811=EDGE_CURVE('',#4759,#4760,#1571,.T.);
#5812=EDGE_CURVE('',#4761,#4759,#1572,.T.);
#5813=EDGE_CURVE('',#4762,#4760,#1573,.T.);
#5814=EDGE_CURVE('',#4761,#4762,#1574,.T.);
#5815=EDGE_CURVE('',#4756,#4761,#1575,.T.);
#5816=EDGE_CURVE('',#4757,#4762,#1576,.T.);
#5817=EDGE_CURVE('',#4763,#4764,#1577,.T.);
#5818=EDGE_CURVE('',#4764,#4765,#1578,.T.);
#5819=EDGE_CURVE('',#4765,#4766,#1579,.T.);
#5820=EDGE_CURVE('',#4766,#4763,#1580,.T.);
#5821=EDGE_CURVE('',#4767,#4764,#1581,.T.);
#5822=EDGE_CURVE('',#4768,#4767,#1582,.T.);
#5823=EDGE_CURVE('',#4765,#4768,#1583,.T.);
#5824=EDGE_CURVE('',#4767,#4725,#1584,.T.);
#5825=EDGE_CURVE('',#4726,#4768,#1585,.T.);
#5826=EDGE_CURVE('',#4769,#4770,#1586,.T.);
#5827=EDGE_CURVE('',#4770,#4771,#1587,.T.);
#5828=EDGE_CURVE('',#4771,#4772,#1588,.T.);
#5829=EDGE_CURVE('',#4772,#4769,#1589,.T.);
#5830=EDGE_CURVE('',#4773,#4772,#1590,.T.);
#5831=EDGE_CURVE('',#4774,#4773,#1591,.T.);
#5832=EDGE_CURVE('',#4769,#4774,#1592,.T.);
#5833=EDGE_CURVE('',#4733,#4774,#1593,.T.);
#5834=EDGE_CURVE('',#4773,#4734,#1594,.T.);
#5835=EDGE_CURVE('',#4775,#4776,#1595,.T.);
#5836=EDGE_CURVE('',#4776,#4777,#1596,.T.);
#5837=EDGE_CURVE('',#4778,#4777,#1597,.T.);
#5838=EDGE_CURVE('',#4775,#4778,#1598,.T.);
#5839=EDGE_CURVE('',#4779,#4775,#1599,.T.);
#5840=EDGE_CURVE('',#4780,#4778,#1600,.T.);
#5841=EDGE_CURVE('',#4779,#4780,#1601,.T.);
#5842=EDGE_CURVE('',#4781,#4779,#1602,.T.);
#5843=EDGE_CURVE('',#4782,#4780,#1603,.T.);
#5844=EDGE_CURVE('',#4781,#4782,#1604,.T.);
#5845=EDGE_CURVE('',#4776,#4781,#1605,.T.);
#5846=EDGE_CURVE('',#4777,#4782,#1606,.T.);
#5847=EDGE_CURVE('',#4763,#4783,#1607,.T.);
#5848=EDGE_CURVE('',#4784,#4766,#1608,.T.);
#5849=EDGE_CURVE('',#4783,#4784,#1609,.T.);
#5850=EDGE_CURVE('',#4784,#4785,#1610,.T.);
#5851=EDGE_CURVE('',#4785,#4786,#1611,.T.);
#5852=EDGE_CURVE('',#4786,#4783,#1612,.T.);
#5853=EDGE_CURVE('',#4786,#4787,#1613,.T.);
#5854=EDGE_CURVE('',#4788,#4785,#1614,.T.);
#5855=EDGE_CURVE('',#4787,#4788,#1615,.T.);
#5856=EDGE_CURVE('',#4789,#4770,#1616,.T.);
#5857=EDGE_CURVE('',#4790,#4789,#1617,.T.);
#5858=EDGE_CURVE('',#4771,#4790,#1618,.T.);
#5859=EDGE_CURVE('',#4789,#4791,#1619,.T.);
#5860=EDGE_CURVE('',#4791,#4792,#1620,.T.);
#5861=EDGE_CURVE('',#4792,#4790,#1621,.T.);
#5862=EDGE_CURVE('',#4793,#4791,#1622,.T.);
#5863=EDGE_CURVE('',#4794,#4793,#1623,.T.);
#5864=EDGE_CURVE('',#4792,#4794,#1624,.T.);
#5865=EDGE_CURVE('',#4795,#4796,#1625,.T.);
#5866=EDGE_CURVE('',#4795,#4797,#1626,.T.);
#5867=EDGE_CURVE('',#4797,#4798,#1627,.T.);
#5868=EDGE_CURVE('',#4796,#4798,#1628,.T.);
#5869=EDGE_CURVE('',#4799,#4795,#1629,.T.);
#5870=EDGE_CURVE('',#4799,#4800,#1630,.T.);
#5871=EDGE_CURVE('',#4800,#4797,#1631,.T.);
#5872=EDGE_CURVE('',#4801,#4799,#1632,.T.);
#5873=EDGE_CURVE('',#4801,#4802,#1633,.T.);
#5874=EDGE_CURVE('',#4802,#4800,#1634,.T.);
#5875=EDGE_CURVE('',#4796,#4801,#1635,.T.);
#5876=EDGE_CURVE('',#4798,#4802,#1636,.T.);
#5877=EDGE_CURVE('',#4803,#4804,#1637,.T.);
#5878=EDGE_CURVE('',#4804,#4805,#1638,.T.);
#5879=EDGE_CURVE('',#4805,#4806,#1639,.T.);
#5880=EDGE_CURVE('',#4806,#4803,#1640,.T.);
#5881=EDGE_CURVE('',#4807,#4804,#1641,.T.);
#5882=EDGE_CURVE('',#4808,#4807,#1642,.T.);
#5883=EDGE_CURVE('',#4805,#4808,#1643,.T.);
#5884=EDGE_CURVE('',#4807,#4809,#1644,.T.);
#5885=EDGE_CURVE('',#4809,#4810,#1645,.T.);
#5886=EDGE_CURVE('',#4810,#4808,#1646,.T.);
#5887=EDGE_CURVE('',#4811,#4812,#1647,.T.);
#5888=EDGE_CURVE('',#4812,#4813,#1648,.T.);
#5889=EDGE_CURVE('',#4813,#4814,#1649,.T.);
#5890=EDGE_CURVE('',#4814,#4811,#1650,.T.);
#5891=EDGE_CURVE('',#4815,#4814,#1651,.T.);
#5892=EDGE_CURVE('',#4816,#4815,#1652,.T.);
#5893=EDGE_CURVE('',#4811,#4816,#1653,.T.);
#5894=EDGE_CURVE('',#4817,#4816,#1654,.T.);
#5895=EDGE_CURVE('',#4815,#4818,#1655,.T.);
#5896=EDGE_CURVE('',#4818,#4817,#1656,.T.);
#5897=EDGE_CURVE('',#4819,#4820,#1657,.T.);
#5898=EDGE_CURVE('',#4820,#4821,#1658,.T.);
#5899=EDGE_CURVE('',#4822,#4821,#1659,.T.);
#5900=EDGE_CURVE('',#4819,#4822,#1660,.T.);
#5901=EDGE_CURVE('',#4823,#4819,#1661,.T.);
#5902=EDGE_CURVE('',#4824,#4822,#1662,.T.);
#5903=EDGE_CURVE('',#4823,#4824,#1663,.T.);
#5904=EDGE_CURVE('',#4825,#4823,#1664,.T.);
#5905=EDGE_CURVE('',#4826,#4824,#1665,.T.);
#5906=EDGE_CURVE('',#4825,#4826,#1666,.T.);
#5907=EDGE_CURVE('',#4820,#4825,#1667,.T.);
#5908=EDGE_CURVE('',#4821,#4826,#1668,.T.);
#5909=EDGE_CURVE('',#4803,#4827,#1669,.T.);
#5910=EDGE_CURVE('',#4828,#4806,#1670,.T.);
#5911=EDGE_CURVE('',#4827,#4828,#1671,.T.);
#5912=EDGE_CURVE('',#4828,#4829,#1672,.T.);
#5913=EDGE_CURVE('',#4829,#4830,#1673,.T.);
#5914=EDGE_CURVE('',#4830,#4827,#1674,.T.);
#5915=EDGE_CURVE('',#4830,#4747,#1675,.T.);
#5916=EDGE_CURVE('',#4748,#4829,#1676,.T.);
#5917=EDGE_CURVE('',#4831,#4812,#1677,.T.);
#5918=EDGE_CURVE('',#4832,#4831,#1678,.T.);
#5919=EDGE_CURVE('',#4813,#4832,#1679,.T.);
#5920=EDGE_CURVE('',#4831,#4833,#1680,.T.);
#5921=EDGE_CURVE('',#4833,#4834,#1681,.T.);
#5922=EDGE_CURVE('',#4834,#4832,#1682,.T.);
#5923=EDGE_CURVE('',#4753,#4833,#1683,.T.);
#5924=EDGE_CURVE('',#4834,#4754,#1684,.T.);
#5925=EDGE_CURVE('',#4835,#4836,#1685,.T.);
#5926=EDGE_CURVE('',#4835,#4837,#1686,.T.);
#5927=EDGE_CURVE('',#4837,#4838,#1687,.T.);
#5928=EDGE_CURVE('',#4836,#4838,#1688,.T.);
#5929=EDGE_CURVE('',#4839,#4835,#1689,.T.);
#5930=EDGE_CURVE('',#4839,#4840,#1690,.T.);
#5931=EDGE_CURVE('',#4840,#4837,#1691,.T.);
#5932=EDGE_CURVE('',#4841,#4839,#1692,.T.);
#5933=EDGE_CURVE('',#4841,#4842,#1693,.T.);
#5934=EDGE_CURVE('',#4842,#4840,#1694,.T.);
#5935=EDGE_CURVE('',#4836,#4841,#1695,.T.);
#5936=EDGE_CURVE('',#4838,#4842,#1696,.T.);
#5937=EDGE_CURVE('',#4843,#4844,#1697,.T.);
#5938=EDGE_CURVE('',#4845,#4843,#1698,.T.);
#5939=EDGE_CURVE('',#4846,#4845,#1699,.T.);
#5940=EDGE_CURVE('',#4844,#4846,#1700,.T.);
#5941=EDGE_CURVE('',#4846,#4847,#1701,.T.);
#5942=EDGE_CURVE('',#4847,#4848,#1702,.T.);
#5943=EDGE_CURVE('',#4848,#4844,#1703,.T.);
#5944=EDGE_CURVE('',#4848,#4809,#1704,.T.);
#5945=EDGE_CURVE('',#4810,#4847,#1705,.T.);
#5946=EDGE_CURVE('',#4849,#4850,#1706,.T.);
#5947=EDGE_CURVE('',#4851,#4849,#1707,.T.);
#5948=EDGE_CURVE('',#4852,#4851,#1708,.T.);
#5949=EDGE_CURVE('',#4850,#4852,#1709,.T.);
#5950=EDGE_CURVE('',#4849,#4853,#1710,.T.);
#5951=EDGE_CURVE('',#4853,#4854,#1711,.T.);
#5952=EDGE_CURVE('',#4854,#4851,#1712,.T.);
#5953=EDGE_CURVE('',#4817,#4853,#1713,.T.);
#5954=EDGE_CURVE('',#4854,#4818,#1714,.T.);
#5955=EDGE_CURVE('',#4855,#4856,#1715,.T.);
#5956=EDGE_CURVE('',#4855,#4857,#1716,.T.);
#5957=EDGE_CURVE('',#4857,#4858,#1717,.T.);
#5958=EDGE_CURVE('',#4856,#4858,#1718,.T.);
#5959=EDGE_CURVE('',#4859,#4855,#1719,.T.);
#5960=EDGE_CURVE('',#4859,#4860,#1720,.T.);
#5961=EDGE_CURVE('',#4860,#4857,#1721,.T.);
#5962=EDGE_CURVE('',#4861,#4859,#1722,.T.);
#5963=EDGE_CURVE('',#4861,#4862,#1723,.T.);
#5964=EDGE_CURVE('',#4862,#4860,#1724,.T.);
#5965=EDGE_CURVE('',#4856,#4861,#1725,.T.);
#5966=EDGE_CURVE('',#4858,#4862,#1726,.T.);
#5967=EDGE_CURVE('',#4843,#4863,#1727,.T.);
#5968=EDGE_CURVE('',#4863,#4864,#1728,.T.);
#5969=EDGE_CURVE('',#4864,#4845,#1729,.T.);
#5970=EDGE_CURVE('',#4865,#4863,#1730,.T.);
#5971=EDGE_CURVE('',#4866,#4865,#1731,.T.);
#5972=EDGE_CURVE('',#4864,#4866,#1732,.T.);
#5973=EDGE_CURVE('',#4865,#4867,#1733,.T.);
#5974=EDGE_CURVE('',#4867,#4868,#1734,.T.);
#5975=EDGE_CURVE('',#4868,#4866,#1735,.T.);
#5976=EDGE_CURVE('',#4869,#4850,#1736,.T.);
#5977=EDGE_CURVE('',#4852,#4870,#1737,.T.);
#5978=EDGE_CURVE('',#4870,#4869,#1738,.T.);
#5979=EDGE_CURVE('',#4871,#4870,#1739,.T.);
#5980=EDGE_CURVE('',#4872,#4871,#1740,.T.);
#5981=EDGE_CURVE('',#4869,#4872,#1741,.T.);
#5982=EDGE_CURVE('',#4873,#4872,#1742,.T.);
#5983=EDGE_CURVE('',#4871,#4874,#1743,.T.);
#5984=EDGE_CURVE('',#4874,#4873,#1744,.T.);
#5985=EDGE_CURVE('',#4875,#4876,#1745,.T.);
#5986=EDGE_CURVE('',#4876,#4877,#1746,.T.);
#5987=EDGE_CURVE('',#4878,#4877,#1747,.T.);
#5988=EDGE_CURVE('',#4875,#4878,#1748,.T.);
#5989=EDGE_CURVE('',#4879,#4875,#1749,.T.);
#5990=EDGE_CURVE('',#4880,#4878,#1750,.T.);
#5991=EDGE_CURVE('',#4879,#4880,#1751,.T.);
#5992=EDGE_CURVE('',#4881,#4879,#1752,.T.);
#5993=EDGE_CURVE('',#4882,#4880,#1753,.T.);
#5994=EDGE_CURVE('',#4881,#4882,#1754,.T.);
#5995=EDGE_CURVE('',#4876,#4881,#1755,.T.);
#5996=EDGE_CURVE('',#4877,#4882,#1756,.T.);
#5997=EDGE_CURVE('',#4883,#4884,#1757,.T.);
#5998=EDGE_CURVE('',#4884,#4885,#1758,.T.);
#5999=EDGE_CURVE('',#4885,#4886,#1759,.T.);
#6000=EDGE_CURVE('',#4886,#4883,#1760,.T.);
#6001=EDGE_CURVE('',#4887,#4884,#1761,.T.);
#6002=EDGE_CURVE('',#4888,#4887,#1762,.T.);
#6003=EDGE_CURVE('',#4885,#4888,#1763,.T.);
#6004=EDGE_CURVE('',#4887,#4889,#1764,.T.);
#6005=EDGE_CURVE('',#4889,#4890,#1765,.T.);
#6006=EDGE_CURVE('',#4890,#4888,#1766,.T.);
#6007=EDGE_CURVE('',#4891,#4892,#1767,.T.);
#6008=EDGE_CURVE('',#4892,#4893,#1768,.T.);
#6009=EDGE_CURVE('',#4893,#4894,#1769,.T.);
#6010=EDGE_CURVE('',#4894,#4891,#1770,.T.);
#6011=EDGE_CURVE('',#4895,#4894,#1771,.T.);
#6012=EDGE_CURVE('',#4896,#4895,#1772,.T.);
#6013=EDGE_CURVE('',#4891,#4896,#1773,.T.);
#6014=EDGE_CURVE('',#4897,#4896,#1774,.T.);
#6015=EDGE_CURVE('',#4895,#4898,#1775,.T.);
#6016=EDGE_CURVE('',#4898,#4897,#1776,.T.);
#6017=EDGE_CURVE('',#4899,#4900,#1777,.T.);
#6018=EDGE_CURVE('',#4900,#4901,#1778,.T.);
#6019=EDGE_CURVE('',#4902,#4901,#1779,.T.);
#6020=EDGE_CURVE('',#4899,#4902,#1780,.T.);
#6021=EDGE_CURVE('',#4903,#4899,#1781,.T.);
#6022=EDGE_CURVE('',#4904,#4902,#1782,.T.);
#6023=EDGE_CURVE('',#4903,#4904,#1783,.T.);
#6024=EDGE_CURVE('',#4905,#4903,#1784,.T.);
#6025=EDGE_CURVE('',#4906,#4904,#1785,.T.);
#6026=EDGE_CURVE('',#4905,#4906,#1786,.T.);
#6027=EDGE_CURVE('',#4900,#4905,#1787,.T.);
#6028=EDGE_CURVE('',#4901,#4906,#1788,.T.);
#6029=EDGE_CURVE('',#4883,#4907,#1789,.T.);
#6030=EDGE_CURVE('',#4908,#4886,#1790,.T.);
#6031=EDGE_CURVE('',#4907,#4908,#1791,.T.);
#6032=EDGE_CURVE('',#4908,#4909,#1792,.T.);
#6033=EDGE_CURVE('',#4909,#4910,#1793,.T.);
#6034=EDGE_CURVE('',#4910,#4907,#1794,.T.);
#6035=EDGE_CURVE('',#4910,#4911,#1795,.T.);
#6036=EDGE_CURVE('',#4912,#4909,#1796,.T.);
#6037=EDGE_CURVE('',#4911,#4912,#1797,.T.);
#6038=EDGE_CURVE('',#4913,#4892,#1798,.T.);
#6039=EDGE_CURVE('',#4914,#4913,#1799,.T.);
#6040=EDGE_CURVE('',#4893,#4914,#1800,.T.);
#6041=EDGE_CURVE('',#4913,#4915,#1801,.T.);
#6042=EDGE_CURVE('',#4915,#4916,#1802,.T.);
#6043=EDGE_CURVE('',#4916,#4914,#1803,.T.);
#6044=EDGE_CURVE('',#4917,#4915,#1804,.T.);
#6045=EDGE_CURVE('',#4918,#4917,#1805,.T.);
#6046=EDGE_CURVE('',#4916,#4918,#1806,.T.);
#6047=EDGE_CURVE('',#4919,#4920,#1807,.T.);
#6048=EDGE_CURVE('',#4919,#4921,#1808,.T.);
#6049=EDGE_CURVE('',#4921,#4922,#1809,.T.);
#6050=EDGE_CURVE('',#4920,#4922,#1810,.T.);
#6051=EDGE_CURVE('',#4923,#4919,#1811,.T.);
#6052=EDGE_CURVE('',#4923,#4924,#1812,.T.);
#6053=EDGE_CURVE('',#4924,#4921,#1813,.T.);
#6054=EDGE_CURVE('',#4925,#4923,#1814,.T.);
#6055=EDGE_CURVE('',#4925,#4926,#1815,.T.);
#6056=EDGE_CURVE('',#4926,#4924,#1816,.T.);
#6057=EDGE_CURVE('',#4920,#4925,#1817,.T.);
#6058=EDGE_CURVE('',#4922,#4926,#1818,.T.);
#6059=EDGE_CURVE('',#4927,#4928,#1819,.T.);
#6060=EDGE_CURVE('',#4929,#4927,#1820,.T.);
#6061=EDGE_CURVE('',#4930,#4929,#1821,.T.);
#6062=EDGE_CURVE('',#4928,#4930,#1822,.T.);
#6063=EDGE_CURVE('',#4930,#4931,#1823,.T.);
#6064=EDGE_CURVE('',#4931,#4932,#1824,.T.);
#6065=EDGE_CURVE('',#4932,#4928,#1825,.T.);
#6066=EDGE_CURVE('',#4932,#4889,#1826,.T.);
#6067=EDGE_CURVE('',#4890,#4931,#1827,.T.);
#6068=EDGE_CURVE('',#4933,#4934,#1828,.T.);
#6069=EDGE_CURVE('',#4935,#4933,#1829,.T.);
#6070=EDGE_CURVE('',#4936,#4935,#1830,.T.);
#6071=EDGE_CURVE('',#4934,#4936,#1831,.T.);
#6072=EDGE_CURVE('',#4933,#4937,#1832,.T.);
#6073=EDGE_CURVE('',#4937,#4938,#1833,.T.);
#6074=EDGE_CURVE('',#4938,#4935,#1834,.T.);
#6075=EDGE_CURVE('',#4897,#4937,#1835,.T.);
#6076=EDGE_CURVE('',#4938,#4898,#1836,.T.);
#6077=EDGE_CURVE('',#4939,#4940,#1837,.T.);
#6078=EDGE_CURVE('',#4939,#4941,#1838,.T.);
#6079=EDGE_CURVE('',#4941,#4942,#1839,.T.);
#6080=EDGE_CURVE('',#4940,#4942,#1840,.T.);
#6081=EDGE_CURVE('',#4943,#4939,#1841,.T.);
#6082=EDGE_CURVE('',#4943,#4944,#1842,.T.);
#6083=EDGE_CURVE('',#4944,#4941,#1843,.T.);
#6084=EDGE_CURVE('',#4945,#4943,#1844,.T.);
#6085=EDGE_CURVE('',#4945,#4946,#1845,.T.);
#6086=EDGE_CURVE('',#4946,#4944,#1846,.T.);
#6087=EDGE_CURVE('',#4940,#4945,#1847,.T.);
#6088=EDGE_CURVE('',#4942,#4946,#1848,.T.);
#6089=EDGE_CURVE('',#4927,#4947,#1849,.T.);
#6090=EDGE_CURVE('',#4947,#4948,#1850,.T.);
#6091=EDGE_CURVE('',#4948,#4929,#1851,.T.);
#6092=EDGE_CURVE('',#4949,#4947,#1852,.T.);
#6093=EDGE_CURVE('',#4950,#4949,#1853,.T.);
#6094=EDGE_CURVE('',#4948,#4950,#1854,.T.);
#6095=EDGE_CURVE('',#4949,#4787,#1855,.T.);
#6096=EDGE_CURVE('',#4788,#4950,#1856,.T.);
#6097=EDGE_CURVE('',#4951,#4934,#1857,.T.);
#6098=EDGE_CURVE('',#4936,#4952,#1858,.T.);
#6099=EDGE_CURVE('',#4952,#4951,#1859,.T.);
#6100=EDGE_CURVE('',#4953,#4952,#1860,.T.);
#6101=EDGE_CURVE('',#4954,#4953,#1861,.T.);
#6102=EDGE_CURVE('',#4951,#4954,#1862,.T.);
#6103=EDGE_CURVE('',#4793,#4954,#1863,.T.);
#6104=EDGE_CURVE('',#4953,#4794,#1864,.T.);
#6105=EDGE_CURVE('',#4955,#4956,#1865,.T.);
#6106=EDGE_CURVE('',#4956,#4957,#1866,.T.);
#6107=EDGE_CURVE('',#4958,#4957,#1867,.T.);
#6108=EDGE_CURVE('',#4955,#4958,#1868,.T.);
#6109=EDGE_CURVE('',#4959,#4955,#1869,.T.);
#6110=EDGE_CURVE('',#4960,#4958,#1870,.T.);
#6111=EDGE_CURVE('',#4959,#4960,#1871,.T.);
#6112=EDGE_CURVE('',#4961,#4959,#1872,.T.);
#6113=EDGE_CURVE('',#4962,#4960,#1873,.T.);
#6114=EDGE_CURVE('',#4961,#4962,#1874,.T.);
#6115=EDGE_CURVE('',#4956,#4961,#1875,.T.);
#6116=EDGE_CURVE('',#4957,#4962,#1876,.T.);
#6117=EDGE_CURVE('',#4963,#4964,#1877,.T.);
#6118=EDGE_CURVE('',#4965,#4963,#1878,.T.);
#6119=EDGE_CURVE('',#4966,#4965,#1879,.T.);
#6120=EDGE_CURVE('',#4964,#4966,#1880,.T.);
#6121=EDGE_CURVE('',#4966,#4967,#1881,.T.);
#6122=EDGE_CURVE('',#4967,#4968,#1882,.T.);
#6123=EDGE_CURVE('',#4968,#4964,#1883,.T.);
#6124=EDGE_CURVE('',#4968,#4969,#1884,.T.);
#6125=EDGE_CURVE('',#4970,#4967,#1885,.T.);
#6126=EDGE_CURVE('',#4969,#4970,#1886,.T.);
#6127=EDGE_CURVE('',#4971,#4972,#1887,.T.);
#6128=EDGE_CURVE('',#4973,#4971,#1888,.T.);
#6129=EDGE_CURVE('',#4974,#4973,#1889,.T.);
#6130=EDGE_CURVE('',#4972,#4974,#1890,.T.);
#6131=EDGE_CURVE('',#4971,#4975,#1891,.T.);
#6132=EDGE_CURVE('',#4975,#4976,#1892,.T.);
#6133=EDGE_CURVE('',#4976,#4973,#1893,.T.);
#6134=EDGE_CURVE('',#4977,#4975,#1894,.T.);
#6135=EDGE_CURVE('',#4978,#4977,#1895,.T.);
#6136=EDGE_CURVE('',#4976,#4978,#1896,.T.);
#6137=EDGE_CURVE('',#4979,#4980,#1897,.T.);
#6138=EDGE_CURVE('',#4979,#4981,#1898,.T.);
#6139=EDGE_CURVE('',#4981,#4982,#1899,.T.);
#6140=EDGE_CURVE('',#4980,#4982,#1900,.T.);
#6141=EDGE_CURVE('',#4983,#4979,#1901,.T.);
#6142=EDGE_CURVE('',#4983,#4984,#1902,.T.);
#6143=EDGE_CURVE('',#4984,#4981,#1903,.T.);
#6144=EDGE_CURVE('',#4985,#4983,#1904,.T.);
#6145=EDGE_CURVE('',#4985,#4986,#1905,.T.);
#6146=EDGE_CURVE('',#4986,#4984,#1906,.T.);
#6147=EDGE_CURVE('',#4980,#4985,#1907,.T.);
#6148=EDGE_CURVE('',#4982,#4986,#1908,.T.);
#6149=EDGE_CURVE('',#4963,#4987,#1909,.T.);
#6150=EDGE_CURVE('',#4987,#4988,#1910,.T.);
#6151=EDGE_CURVE('',#4988,#4965,#1911,.T.);
#6152=EDGE_CURVE('',#4989,#4987,#1912,.T.);
#6153=EDGE_CURVE('',#4990,#4989,#1913,.T.);
#6154=EDGE_CURVE('',#4988,#4990,#1914,.T.);
#6155=EDGE_CURVE('',#4989,#4911,#1915,.T.);
#6156=EDGE_CURVE('',#4912,#4990,#1916,.T.);
#6157=EDGE_CURVE('',#4991,#4972,#1917,.T.);
#6158=EDGE_CURVE('',#4974,#4992,#1918,.T.);
#6159=EDGE_CURVE('',#4992,#4991,#1919,.T.);
#6160=EDGE_CURVE('',#4993,#4992,#1920,.T.);
#6161=EDGE_CURVE('',#4994,#4993,#1921,.T.);
#6162=EDGE_CURVE('',#4991,#4994,#1922,.T.);
#6163=EDGE_CURVE('',#4917,#4994,#1923,.T.);
#6164=EDGE_CURVE('',#4993,#4918,#1924,.T.);
#6165=EDGE_CURVE('',#4995,#4996,#1925,.T.);
#6166=EDGE_CURVE('',#4996,#4997,#1926,.T.);
#6167=EDGE_CURVE('',#4998,#4997,#1927,.T.);
#6168=EDGE_CURVE('',#4995,#4998,#1928,.T.);
#6169=EDGE_CURVE('',#4999,#4995,#1929,.T.);
#6170=EDGE_CURVE('',#5000,#4998,#1930,.T.);
#6171=EDGE_CURVE('',#4999,#5000,#1931,.T.);
#6172=EDGE_CURVE('',#5001,#4999,#1932,.T.);
#6173=EDGE_CURVE('',#5002,#5000,#1933,.T.);
#6174=EDGE_CURVE('',#5001,#5002,#1934,.T.);
#6175=EDGE_CURVE('',#4996,#5001,#1935,.T.);
#6176=EDGE_CURVE('',#4997,#5002,#1936,.T.);
#6177=EDGE_CURVE('',#5003,#5004,#1937,.T.);
#6178=EDGE_CURVE('',#5004,#5005,#1938,.T.);
#6179=EDGE_CURVE('',#5005,#5006,#1939,.T.);
#6180=EDGE_CURVE('',#5006,#5003,#1940,.T.);
#6181=EDGE_CURVE('',#5007,#5004,#1941,.T.);
#6182=EDGE_CURVE('',#5008,#5007,#1942,.T.);
#6183=EDGE_CURVE('',#5005,#5008,#1943,.T.);
#6184=EDGE_CURVE('',#5007,#4969,#1944,.T.);
#6185=EDGE_CURVE('',#4970,#5008,#1945,.T.);
#6186=EDGE_CURVE('',#5009,#5010,#1946,.T.);
#6187=EDGE_CURVE('',#5010,#5011,#1947,.T.);
#6188=EDGE_CURVE('',#5011,#5012,#1948,.T.);
#6189=EDGE_CURVE('',#5012,#5009,#1949,.T.);
#6190=EDGE_CURVE('',#5013,#5012,#1950,.T.);
#6191=EDGE_CURVE('',#5014,#5013,#1951,.T.);
#6192=EDGE_CURVE('',#5009,#5014,#1952,.T.);
#6193=EDGE_CURVE('',#4977,#5014,#1953,.T.);
#6194=EDGE_CURVE('',#5013,#4978,#1954,.T.);
#6195=EDGE_CURVE('',#5015,#5016,#1955,.T.);
#6196=EDGE_CURVE('',#5016,#5017,#1956,.T.);
#6197=EDGE_CURVE('',#5018,#5017,#1957,.T.);
#6198=EDGE_CURVE('',#5015,#5018,#1958,.T.);
#6199=EDGE_CURVE('',#5019,#5015,#1959,.T.);
#6200=EDGE_CURVE('',#5020,#5018,#1960,.T.);
#6201=EDGE_CURVE('',#5019,#5020,#1961,.T.);
#6202=EDGE_CURVE('',#5021,#5019,#1962,.T.);
#6203=EDGE_CURVE('',#5022,#5020,#1963,.T.);
#6204=EDGE_CURVE('',#5021,#5022,#1964,.T.);
#6205=EDGE_CURVE('',#5016,#5021,#1965,.T.);
#6206=EDGE_CURVE('',#5017,#5022,#1966,.T.);
#6207=EDGE_CURVE('',#5003,#5023,#1967,.T.);
#6208=EDGE_CURVE('',#5024,#5006,#1968,.T.);
#6209=EDGE_CURVE('',#5023,#5024,#1969,.T.);
#6210=EDGE_CURVE('',#5024,#5025,#1970,.T.);
#6211=EDGE_CURVE('',#5025,#5026,#1971,.T.);
#6212=EDGE_CURVE('',#5026,#5023,#1972,.T.);
#6213=EDGE_CURVE('',#5026,#5027,#1973,.T.);
#6214=EDGE_CURVE('',#5028,#5025,#1974,.T.);
#6215=EDGE_CURVE('',#5027,#5028,#1975,.T.);
#6216=EDGE_CURVE('',#5029,#5010,#1976,.T.);
#6217=EDGE_CURVE('',#5030,#5029,#1977,.T.);
#6218=EDGE_CURVE('',#5011,#5030,#1978,.T.);
#6219=EDGE_CURVE('',#5029,#5031,#1979,.T.);
#6220=EDGE_CURVE('',#5031,#5032,#1980,.T.);
#6221=EDGE_CURVE('',#5032,#5030,#1981,.T.);
#6222=EDGE_CURVE('',#5033,#5031,#1982,.T.);
#6223=EDGE_CURVE('',#5034,#5033,#1983,.T.);
#6224=EDGE_CURVE('',#5032,#5034,#1984,.T.);
#6225=EDGE_CURVE('',#5035,#5036,#1985,.T.);
#6226=EDGE_CURVE('',#5035,#5037,#1986,.T.);
#6227=EDGE_CURVE('',#5037,#5038,#1987,.T.);
#6228=EDGE_CURVE('',#5036,#5038,#1988,.T.);
#6229=EDGE_CURVE('',#5039,#5035,#1989,.T.);
#6230=EDGE_CURVE('',#5039,#5040,#1990,.T.);
#6231=EDGE_CURVE('',#5040,#5037,#1991,.T.);
#6232=EDGE_CURVE('',#5041,#5039,#1992,.T.);
#6233=EDGE_CURVE('',#5041,#5042,#1993,.T.);
#6234=EDGE_CURVE('',#5042,#5040,#1994,.T.);
#6235=EDGE_CURVE('',#5036,#5041,#1995,.T.);
#6236=EDGE_CURVE('',#5038,#5042,#1996,.T.);
#6237=EDGE_CURVE('',#5028,#5034,#1997,.T.);
#6238=EDGE_CURVE('',#5033,#5027,#1998,.T.);
#6239=EDGE_CURVE('',#5043,#5044,#1999,.T.);
#6240=EDGE_CURVE('',#5044,#5045,#2000,.T.);
#6241=EDGE_CURVE('',#5045,#5046,#2001,.T.);
#6242=EDGE_CURVE('',#5046,#5043,#2002,.T.);
#6243=EDGE_CURVE('',#5047,#5044,#2003,.T.);
#6244=EDGE_CURVE('',#5048,#5047,#2004,.T.);
#6245=EDGE_CURVE('',#5045,#5048,#2005,.T.);
#6246=EDGE_CURVE('',#5047,#5049,#2006,.T.);
#6247=EDGE_CURVE('',#5049,#5050,#2007,.T.);
#6248=EDGE_CURVE('',#5050,#5048,#2008,.T.);
#6249=EDGE_CURVE('',#5051,#5052,#2009,.T.);
#6250=EDGE_CURVE('',#5052,#5053,#2010,.T.);
#6251=EDGE_CURVE('',#5053,#5054,#2011,.T.);
#6252=EDGE_CURVE('',#5054,#5051,#2012,.T.);
#6253=EDGE_CURVE('',#5055,#5054,#2013,.T.);
#6254=EDGE_CURVE('',#5056,#5055,#2014,.T.);
#6255=EDGE_CURVE('',#5051,#5056,#2015,.T.);
#6256=EDGE_CURVE('',#5057,#5056,#2016,.T.);
#6257=EDGE_CURVE('',#5055,#5058,#2017,.T.);
#6258=EDGE_CURVE('',#5058,#5057,#2018,.T.);
#6259=EDGE_CURVE('',#5059,#5060,#2019,.T.);
#6260=EDGE_CURVE('',#5060,#5061,#2020,.T.);
#6261=EDGE_CURVE('',#5062,#5061,#2021,.T.);
#6262=EDGE_CURVE('',#5059,#5062,#2022,.T.);
#6263=EDGE_CURVE('',#5063,#5059,#2023,.T.);
#6264=EDGE_CURVE('',#5064,#5062,#2024,.T.);
#6265=EDGE_CURVE('',#5063,#5064,#2025,.T.);
#6266=EDGE_CURVE('',#5065,#5063,#2026,.T.);
#6267=EDGE_CURVE('',#5066,#5064,#2027,.T.);
#6268=EDGE_CURVE('',#5065,#5066,#2028,.T.);
#6269=EDGE_CURVE('',#5060,#5065,#2029,.T.);
#6270=EDGE_CURVE('',#5061,#5066,#2030,.T.);
#6271=EDGE_CURVE('',#5043,#5067,#2031,.T.);
#6272=EDGE_CURVE('',#5068,#5046,#2032,.T.);
#6273=EDGE_CURVE('',#5067,#5068,#2033,.T.);
#6274=EDGE_CURVE('',#5068,#5069,#2034,.T.);
#6275=EDGE_CURVE('',#5069,#5070,#2035,.T.);
#6276=EDGE_CURVE('',#5070,#5067,#2036,.T.);
#6277=EDGE_CURVE('',#5070,#5071,#2037,.T.);
#6278=EDGE_CURVE('',#5072,#5069,#2038,.T.);
#6279=EDGE_CURVE('',#5071,#5072,#2039,.T.);
#6280=EDGE_CURVE('',#5073,#5052,#2040,.T.);
#6281=EDGE_CURVE('',#5074,#5073,#2041,.T.);
#6282=EDGE_CURVE('',#5053,#5074,#2042,.T.);
#6283=EDGE_CURVE('',#5073,#5075,#2043,.T.);
#6284=EDGE_CURVE('',#5075,#5076,#2044,.T.);
#6285=EDGE_CURVE('',#5076,#5074,#2045,.T.);
#6286=EDGE_CURVE('',#5077,#5075,#2046,.T.);
#6287=EDGE_CURVE('',#5078,#5077,#2047,.T.);
#6288=EDGE_CURVE('',#5076,#5078,#2048,.T.);
#6289=EDGE_CURVE('',#5079,#5080,#2049,.T.);
#6290=EDGE_CURVE('',#5079,#5081,#2050,.T.);
#6291=EDGE_CURVE('',#5081,#5082,#2051,.T.);
#6292=EDGE_CURVE('',#5080,#5082,#2052,.T.);
#6293=EDGE_CURVE('',#5083,#5079,#2053,.T.);
#6294=EDGE_CURVE('',#5083,#5084,#2054,.T.);
#6295=EDGE_CURVE('',#5084,#5081,#2055,.T.);
#6296=EDGE_CURVE('',#5085,#5083,#2056,.T.);
#6297=EDGE_CURVE('',#5085,#5086,#2057,.T.);
#6298=EDGE_CURVE('',#5086,#5084,#2058,.T.);
#6299=EDGE_CURVE('',#5080,#5085,#2059,.T.);
#6300=EDGE_CURVE('',#5082,#5086,#2060,.T.);
#6301=EDGE_CURVE('',#5087,#5088,#2061,.T.);
#6302=EDGE_CURVE('',#5089,#5087,#2062,.T.);
#6303=EDGE_CURVE('',#5090,#5089,#2063,.T.);
#6304=EDGE_CURVE('',#5088,#5090,#2064,.T.);
#6305=EDGE_CURVE('',#5090,#5091,#2065,.T.);
#6306=EDGE_CURVE('',#5091,#5092,#2066,.T.);
#6307=EDGE_CURVE('',#5092,#5088,#2067,.T.);
#6308=EDGE_CURVE('',#5092,#5049,#2068,.T.);
#6309=EDGE_CURVE('',#5050,#5091,#2069,.T.);
#6310=EDGE_CURVE('',#5093,#5094,#2070,.T.);
#6311=EDGE_CURVE('',#5095,#5093,#2071,.T.);
#6312=EDGE_CURVE('',#5096,#5095,#2072,.T.);
#6313=EDGE_CURVE('',#5094,#5096,#2073,.T.);
#6314=EDGE_CURVE('',#5093,#5097,#2074,.T.);
#6315=EDGE_CURVE('',#5097,#5098,#2075,.T.);
#6316=EDGE_CURVE('',#5098,#5095,#2076,.T.);
#6317=EDGE_CURVE('',#5057,#5097,#2077,.T.);
#6318=EDGE_CURVE('',#5098,#5058,#2078,.T.);
#6319=EDGE_CURVE('',#5099,#5100,#2079,.T.);
#6320=EDGE_CURVE('',#5099,#5101,#2080,.T.);
#6321=EDGE_CURVE('',#5101,#5102,#2081,.T.);
#6322=EDGE_CURVE('',#5100,#5102,#2082,.T.);
#6323=EDGE_CURVE('',#5103,#5099,#2083,.T.);
#6324=EDGE_CURVE('',#5103,#5104,#2084,.T.);
#6325=EDGE_CURVE('',#5104,#5101,#2085,.T.);
#6326=EDGE_CURVE('',#5105,#5103,#2086,.T.);
#6327=EDGE_CURVE('',#5105,#5106,#2087,.T.);
#6328=EDGE_CURVE('',#5106,#5104,#2088,.T.);
#6329=EDGE_CURVE('',#5100,#5105,#2089,.T.);
#6330=EDGE_CURVE('',#5102,#5106,#2090,.T.);
#6331=EDGE_CURVE('',#5087,#5107,#2091,.T.);
#6332=EDGE_CURVE('',#5107,#5108,#2092,.T.);
#6333=EDGE_CURVE('',#5108,#5089,#2093,.T.);
#6334=EDGE_CURVE('',#5109,#5107,#2094,.T.);
#6335=EDGE_CURVE('',#5110,#5109,#2095,.T.);
#6336=EDGE_CURVE('',#5108,#5110,#2096,.T.);
#6337=EDGE_CURVE('',#5109,#5111,#2097,.T.);
#6338=EDGE_CURVE('',#5111,#5112,#2098,.T.);
#6339=EDGE_CURVE('',#5112,#5110,#2099,.T.);
#6340=EDGE_CURVE('',#5113,#5094,#2100,.T.);
#6341=EDGE_CURVE('',#5096,#5114,#2101,.T.);
#6342=EDGE_CURVE('',#5114,#5113,#2102,.T.);
#6343=EDGE_CURVE('',#5115,#5114,#2103,.T.);
#6344=EDGE_CURVE('',#5116,#5115,#2104,.T.);
#6345=EDGE_CURVE('',#5113,#5116,#2105,.T.);
#6346=EDGE_CURVE('',#5117,#5116,#2106,.T.);
#6347=EDGE_CURVE('',#5115,#5118,#2107,.T.);
#6348=EDGE_CURVE('',#5118,#5117,#2108,.T.);
#6349=EDGE_CURVE('',#5119,#5120,#2109,.T.);
#6350=EDGE_CURVE('',#5120,#5121,#2110,.T.);
#6351=EDGE_CURVE('',#5122,#5121,#2111,.T.);
#6352=EDGE_CURVE('',#5119,#5122,#2112,.T.);
#6353=EDGE_CURVE('',#5123,#5119,#2113,.T.);
#6354=EDGE_CURVE('',#5124,#5122,#2114,.T.);
#6355=EDGE_CURVE('',#5123,#5124,#2115,.T.);
#6356=EDGE_CURVE('',#5125,#5123,#2116,.T.);
#6357=EDGE_CURVE('',#5126,#5124,#2117,.T.);
#6358=EDGE_CURVE('',#5125,#5126,#2118,.T.);
#6359=EDGE_CURVE('',#5120,#5125,#2119,.T.);
#6360=EDGE_CURVE('',#5121,#5126,#2120,.T.);
#6361=EDGE_CURVE('',#5127,#5128,#2121,.T.);
#6362=EDGE_CURVE('',#5129,#5127,#2122,.T.);
#6363=EDGE_CURVE('',#5130,#5129,#2123,.T.);
#6364=EDGE_CURVE('',#5128,#5130,#2124,.T.);
#6365=EDGE_CURVE('',#5130,#5131,#2125,.T.);
#6366=EDGE_CURVE('',#5131,#5132,#2126,.T.);
#6367=EDGE_CURVE('',#5132,#5128,#2127,.T.);
#6368=EDGE_CURVE('',#5132,#5133,#2128,.T.);
#6369=EDGE_CURVE('',#5134,#5131,#2129,.T.);
#6370=EDGE_CURVE('',#5133,#5134,#2130,.T.);
#6371=EDGE_CURVE('',#5135,#5136,#2131,.T.);
#6372=EDGE_CURVE('',#5137,#5135,#2132,.T.);
#6373=EDGE_CURVE('',#5138,#5137,#2133,.T.);
#6374=EDGE_CURVE('',#5136,#5138,#2134,.T.);
#6375=EDGE_CURVE('',#5135,#5139,#2135,.T.);
#6376=EDGE_CURVE('',#5139,#5140,#2136,.T.);
#6377=EDGE_CURVE('',#5140,#5137,#2137,.T.);
#6378=EDGE_CURVE('',#5141,#5139,#2138,.T.);
#6379=EDGE_CURVE('',#5142,#5141,#2139,.T.);
#6380=EDGE_CURVE('',#5140,#5142,#2140,.T.);
#6381=EDGE_CURVE('',#5143,#5144,#2141,.T.);
#6382=EDGE_CURVE('',#5143,#5145,#2142,.T.);
#6383=EDGE_CURVE('',#5145,#5146,#2143,.T.);
#6384=EDGE_CURVE('',#5144,#5146,#2144,.T.);
#6385=EDGE_CURVE('',#5147,#5143,#2145,.T.);
#6386=EDGE_CURVE('',#5147,#5148,#2146,.T.);
#6387=EDGE_CURVE('',#5148,#5145,#2147,.T.);
#6388=EDGE_CURVE('',#5149,#5147,#2148,.T.);
#6389=EDGE_CURVE('',#5149,#5150,#2149,.T.);
#6390=EDGE_CURVE('',#5150,#5148,#2150,.T.);
#6391=EDGE_CURVE('',#5144,#5149,#2151,.T.);
#6392=EDGE_CURVE('',#5146,#5150,#2152,.T.);
#6393=EDGE_CURVE('',#5127,#5151,#2153,.T.);
#6394=EDGE_CURVE('',#5151,#5152,#2154,.T.);
#6395=EDGE_CURVE('',#5152,#5129,#2155,.T.);
#6396=EDGE_CURVE('',#5153,#5151,#2156,.T.);
#6397=EDGE_CURVE('',#5154,#5153,#2157,.T.);
#6398=EDGE_CURVE('',#5152,#5154,#2158,.T.);
#6399=EDGE_CURVE('',#5153,#5071,#2159,.T.);
#6400=EDGE_CURVE('',#5072,#5154,#2160,.T.);
#6401=EDGE_CURVE('',#5155,#5136,#2161,.T.);
#6402=EDGE_CURVE('',#5138,#5156,#2162,.T.);
#6403=EDGE_CURVE('',#5156,#5155,#2163,.T.);
#6404=EDGE_CURVE('',#5157,#5156,#2164,.T.);
#6405=EDGE_CURVE('',#5158,#5157,#2165,.T.);
#6406=EDGE_CURVE('',#5155,#5158,#2166,.T.);
#6407=EDGE_CURVE('',#5077,#5158,#2167,.T.);
#6408=EDGE_CURVE('',#5157,#5078,#2168,.T.);
#6409=EDGE_CURVE('',#5159,#5160,#2169,.T.);
#6410=EDGE_CURVE('',#5160,#5161,#2170,.T.);
#6411=EDGE_CURVE('',#5162,#5161,#2171,.T.);
#6412=EDGE_CURVE('',#5159,#5162,#2172,.T.);
#6413=EDGE_CURVE('',#5163,#5159,#2173,.T.);
#6414=EDGE_CURVE('',#5164,#5162,#2174,.T.);
#6415=EDGE_CURVE('',#5163,#5164,#2175,.T.);
#6416=EDGE_CURVE('',#5165,#5163,#2176,.T.);
#6417=EDGE_CURVE('',#5166,#5164,#2177,.T.);
#6418=EDGE_CURVE('',#5165,#5166,#2178,.T.);
#6419=EDGE_CURVE('',#5160,#5165,#2179,.T.);
#6420=EDGE_CURVE('',#5161,#5166,#2180,.T.);
#6421=EDGE_CURVE('',#5167,#5168,#2181,.T.);
#6422=EDGE_CURVE('',#5168,#5169,#2182,.T.);
#6423=EDGE_CURVE('',#5169,#5170,#2183,.T.);
#6424=EDGE_CURVE('',#5170,#5167,#2184,.T.);
#6425=EDGE_CURVE('',#5171,#5168,#2185,.T.);
#6426=EDGE_CURVE('',#5172,#5171,#2186,.T.);
#6427=EDGE_CURVE('',#5169,#5172,#2187,.T.);
#6428=EDGE_CURVE('',#5171,#5133,#2188,.T.);
#6429=EDGE_CURVE('',#5134,#5172,#2189,.T.);
#6430=EDGE_CURVE('',#5173,#5174,#2190,.T.);
#6431=EDGE_CURVE('',#5174,#5175,#2191,.T.);
#6432=EDGE_CURVE('',#5175,#5176,#2192,.T.);
#6433=EDGE_CURVE('',#5176,#5173,#2193,.T.);
#6434=EDGE_CURVE('',#5177,#5176,#2194,.T.);
#6435=EDGE_CURVE('',#5178,#5177,#2195,.T.);
#6436=EDGE_CURVE('',#5173,#5178,#2196,.T.);
#6437=EDGE_CURVE('',#5141,#5178,#2197,.T.);
#6438=EDGE_CURVE('',#5177,#5142,#2198,.T.);
#6439=EDGE_CURVE('',#5179,#5180,#2199,.T.);
#6440=EDGE_CURVE('',#5180,#5181,#2200,.T.);
#6441=EDGE_CURVE('',#5182,#5181,#2201,.T.);
#6442=EDGE_CURVE('',#5179,#5182,#2202,.T.);
#6443=EDGE_CURVE('',#5183,#5179,#2203,.T.);
#6444=EDGE_CURVE('',#5184,#5182,#2204,.T.);
#6445=EDGE_CURVE('',#5183,#5184,#2205,.T.);
#6446=EDGE_CURVE('',#5185,#5183,#2206,.T.);
#6447=EDGE_CURVE('',#5186,#5184,#2207,.T.);
#6448=EDGE_CURVE('',#5185,#5186,#2208,.T.);
#6449=EDGE_CURVE('',#5180,#5185,#2209,.T.);
#6450=EDGE_CURVE('',#5181,#5186,#2210,.T.);
#6451=EDGE_CURVE('',#5167,#5187,#2211,.T.);
#6452=EDGE_CURVE('',#5188,#5170,#2212,.T.);
#6453=EDGE_CURVE('',#5187,#5188,#2213,.T.);
#6454=EDGE_CURVE('',#5188,#5189,#2214,.T.);
#6455=EDGE_CURVE('',#5189,#5190,#2215,.T.);
#6456=EDGE_CURVE('',#5190,#5187,#2216,.T.);
#6457=EDGE_CURVE('',#5190,#4867,#2217,.T.);
#6458=EDGE_CURVE('',#4868,#5189,#2218,.T.);
#6459=EDGE_CURVE('',#5191,#5174,#2219,.T.);
#6460=EDGE_CURVE('',#5192,#5191,#2220,.T.);
#6461=EDGE_CURVE('',#5175,#5192,#2221,.T.);
#6462=EDGE_CURVE('',#5191,#5193,#2222,.T.);
#6463=EDGE_CURVE('',#5193,#5194,#2223,.T.);
#6464=EDGE_CURVE('',#5194,#5192,#2224,.T.);
#6465=EDGE_CURVE('',#4873,#5193,#2225,.T.);
#6466=EDGE_CURVE('',#5194,#4874,#2226,.T.);
#6467=EDGE_CURVE('',#5195,#5196,#2227,.T.);
#6468=EDGE_CURVE('',#5195,#5197,#2228,.T.);
#6469=EDGE_CURVE('',#5197,#5198,#2229,.T.);
#6470=EDGE_CURVE('',#5196,#5198,#2230,.T.);
#6471=EDGE_CURVE('',#5199,#5195,#2231,.T.);
#6472=EDGE_CURVE('',#5199,#5200,#2232,.T.);
#6473=EDGE_CURVE('',#5200,#5197,#2233,.T.);
#6474=EDGE_CURVE('',#5201,#5199,#2234,.T.);
#6475=EDGE_CURVE('',#5201,#5202,#2235,.T.);
#6476=EDGE_CURVE('',#5202,#5200,#2236,.T.);
#6477=EDGE_CURVE('',#5196,#5201,#2237,.T.);
#6478=EDGE_CURVE('',#5198,#5202,#2238,.T.);
#6479=EDGE_CURVE('',#5203,#5204,#2239,.T.);
#6480=EDGE_CURVE('',#5205,#5203,#2240,.T.);
#6481=EDGE_CURVE('',#5206,#5205,#2241,.T.);
#6482=EDGE_CURVE('',#5204,#5206,#2242,.T.);
#6483=EDGE_CURVE('',#5206,#5207,#2243,.T.);
#6484=EDGE_CURVE('',#5207,#5208,#2244,.T.);
#6485=EDGE_CURVE('',#5208,#5204,#2245,.T.);
#6486=EDGE_CURVE('',#5208,#5209,#2246,.T.);
#6487=EDGE_CURVE('',#5210,#5207,#2247,.T.);
#6488=EDGE_CURVE('',#5209,#5210,#2248,.T.);
#6489=EDGE_CURVE('',#5211,#5212,#2249,.T.);
#6490=EDGE_CURVE('',#5213,#5211,#2250,.T.);
#6491=EDGE_CURVE('',#5214,#5213,#2251,.T.);
#6492=EDGE_CURVE('',#5212,#5214,#2252,.T.);
#6493=EDGE_CURVE('',#5211,#5215,#2253,.T.);
#6494=EDGE_CURVE('',#5215,#5216,#2254,.T.);
#6495=EDGE_CURVE('',#5216,#5213,#2255,.T.);
#6496=EDGE_CURVE('',#5217,#5215,#2256,.T.);
#6497=EDGE_CURVE('',#5218,#5217,#2257,.T.);
#6498=EDGE_CURVE('',#5216,#5218,#2258,.T.);
#6499=EDGE_CURVE('',#5219,#5220,#2259,.T.);
#6500=EDGE_CURVE('',#5219,#5221,#2260,.T.);
#6501=EDGE_CURVE('',#5221,#5222,#2261,.T.);
#6502=EDGE_CURVE('',#5220,#5222,#2262,.T.);
#6503=EDGE_CURVE('',#5223,#5219,#2263,.T.);
#6504=EDGE_CURVE('',#5223,#5224,#2264,.T.);
#6505=EDGE_CURVE('',#5224,#5221,#2265,.T.);
#6506=EDGE_CURVE('',#5225,#5223,#2266,.T.);
#6507=EDGE_CURVE('',#5225,#5226,#2267,.T.);
#6508=EDGE_CURVE('',#5226,#5224,#2268,.T.);
#6509=EDGE_CURVE('',#5220,#5225,#2269,.T.);
#6510=EDGE_CURVE('',#5222,#5226,#2270,.T.);
#6511=EDGE_CURVE('',#5203,#5227,#2271,.T.);
#6512=EDGE_CURVE('',#5227,#5228,#2272,.T.);
#6513=EDGE_CURVE('',#5228,#5205,#2273,.T.);
#6514=EDGE_CURVE('',#5229,#5227,#2274,.T.);
#6515=EDGE_CURVE('',#5230,#5229,#2275,.T.);
#6516=EDGE_CURVE('',#5228,#5230,#2276,.T.);
#6517=EDGE_CURVE('',#5229,#5231,#2277,.T.);
#6518=EDGE_CURVE('',#5231,#5232,#2278,.T.);
#6519=EDGE_CURVE('',#5232,#5230,#2279,.T.);
#6520=EDGE_CURVE('',#5233,#5212,#2280,.T.);
#6521=EDGE_CURVE('',#5214,#5234,#2281,.T.);
#6522=EDGE_CURVE('',#5234,#5233,#2282,.T.);
#6523=EDGE_CURVE('',#5235,#5234,#2283,.T.);
#6524=EDGE_CURVE('',#5236,#5235,#2284,.T.);
#6525=EDGE_CURVE('',#5233,#5236,#2285,.T.);
#6526=EDGE_CURVE('',#5237,#5236,#2286,.T.);
#6527=EDGE_CURVE('',#5235,#5238,#2287,.T.);
#6528=EDGE_CURVE('',#5238,#5237,#2288,.T.);
#6529=EDGE_CURVE('',#5239,#5240,#2289,.T.);
#6530=EDGE_CURVE('',#5240,#5241,#2290,.T.);
#6531=EDGE_CURVE('',#5242,#5241,#2291,.T.);
#6532=EDGE_CURVE('',#5239,#5242,#2292,.T.);
#6533=EDGE_CURVE('',#5243,#5239,#2293,.T.);
#6534=EDGE_CURVE('',#5244,#5242,#2294,.T.);
#6535=EDGE_CURVE('',#5243,#5244,#2295,.T.);
#6536=EDGE_CURVE('',#5245,#5243,#2296,.T.);
#6537=EDGE_CURVE('',#5246,#5244,#2297,.T.);
#6538=EDGE_CURVE('',#5245,#5246,#2298,.T.);
#6539=EDGE_CURVE('',#5240,#5245,#2299,.T.);
#6540=EDGE_CURVE('',#5241,#5246,#2300,.T.);
#6541=EDGE_CURVE('',#5247,#5248,#2301,.T.);
#6542=EDGE_CURVE('',#5248,#5249,#2302,.T.);
#6543=EDGE_CURVE('',#5249,#5250,#2303,.T.);
#6544=EDGE_CURVE('',#5250,#5247,#2304,.T.);
#6545=EDGE_CURVE('',#5251,#5248,#2305,.T.);
#6546=EDGE_CURVE('',#5252,#5251,#2306,.T.);
#6547=EDGE_CURVE('',#5249,#5252,#2307,.T.);
#6548=EDGE_CURVE('',#5251,#5209,#2308,.T.);
#6549=EDGE_CURVE('',#5210,#5252,#2309,.T.);
#6550=EDGE_CURVE('',#5253,#5254,#2310,.T.);
#6551=EDGE_CURVE('',#5254,#5255,#2311,.T.);
#6552=EDGE_CURVE('',#5255,#5256,#2312,.T.);
#6553=EDGE_CURVE('',#5256,#5253,#2313,.T.);
#6554=EDGE_CURVE('',#5257,#5256,#2314,.T.);
#6555=EDGE_CURVE('',#5258,#5257,#2315,.T.);
#6556=EDGE_CURVE('',#5253,#5258,#2316,.T.);
#6557=EDGE_CURVE('',#5217,#5258,#2317,.T.);
#6558=EDGE_CURVE('',#5257,#5218,#2318,.T.);
#6559=EDGE_CURVE('',#5259,#5260,#2319,.T.);
#6560=EDGE_CURVE('',#5260,#5261,#2320,.T.);
#6561=EDGE_CURVE('',#5262,#5261,#2321,.T.);
#6562=EDGE_CURVE('',#5259,#5262,#2322,.T.);
#6563=EDGE_CURVE('',#5263,#5259,#2323,.T.);
#6564=EDGE_CURVE('',#5264,#5262,#2324,.T.);
#6565=EDGE_CURVE('',#5263,#5264,#2325,.T.);
#6566=EDGE_CURVE('',#5265,#5263,#2326,.T.);
#6567=EDGE_CURVE('',#5266,#5264,#2327,.T.);
#6568=EDGE_CURVE('',#5265,#5266,#2328,.T.);
#6569=EDGE_CURVE('',#5260,#5265,#2329,.T.);
#6570=EDGE_CURVE('',#5261,#5266,#2330,.T.);
#6571=EDGE_CURVE('',#5247,#5267,#2331,.T.);
#6572=EDGE_CURVE('',#5268,#5250,#2332,.T.);
#6573=EDGE_CURVE('',#5267,#5268,#2333,.T.);
#6574=EDGE_CURVE('',#5268,#5269,#2334,.T.);
#6575=EDGE_CURVE('',#5269,#5270,#2335,.T.);
#6576=EDGE_CURVE('',#5270,#5267,#2336,.T.);
#6577=EDGE_CURVE('',#5270,#5111,#2337,.T.);
#6578=EDGE_CURVE('',#5112,#5269,#2338,.T.);
#6579=EDGE_CURVE('',#5271,#5254,#2339,.T.);
#6580=EDGE_CURVE('',#5272,#5271,#2340,.T.);
#6581=EDGE_CURVE('',#5255,#5272,#2341,.T.);
#6582=EDGE_CURVE('',#5271,#5273,#2342,.T.);
#6583=EDGE_CURVE('',#5273,#5274,#2343,.T.);
#6584=EDGE_CURVE('',#5274,#5272,#2344,.T.);
#6585=EDGE_CURVE('',#5117,#5273,#2345,.T.);
#6586=EDGE_CURVE('',#5274,#5118,#2346,.T.);
#6587=EDGE_CURVE('',#5275,#5276,#2347,.T.);
#6588=EDGE_CURVE('',#5275,#5277,#2348,.T.);
#6589=EDGE_CURVE('',#5277,#5278,#2349,.T.);
#6590=EDGE_CURVE('',#5276,#5278,#2350,.T.);
#6591=EDGE_CURVE('',#5279,#5275,#2351,.T.);
#6592=EDGE_CURVE('',#5279,#5280,#2352,.T.);
#6593=EDGE_CURVE('',#5280,#5277,#2353,.T.);
#6594=EDGE_CURVE('',#5281,#5279,#2354,.T.);
#6595=EDGE_CURVE('',#5281,#5282,#2355,.T.);
#6596=EDGE_CURVE('',#5282,#5280,#2356,.T.);
#6597=EDGE_CURVE('',#5276,#5281,#2357,.T.);
#6598=EDGE_CURVE('',#5278,#5282,#2358,.T.);
#6599=EDGE_CURVE('',#5283,#5284,#2359,.T.);
#6600=EDGE_CURVE('',#5284,#5285,#2360,.T.);
#6601=EDGE_CURVE('',#5285,#5286,#2361,.T.);
#6602=EDGE_CURVE('',#5286,#5283,#2362,.T.);
#6603=EDGE_CURVE('',#5287,#5284,#2363,.T.);
#6604=EDGE_CURVE('',#5288,#5287,#2364,.T.);
#6605=EDGE_CURVE('',#5285,#5288,#2365,.T.);
#6606=EDGE_CURVE('',#5287,#5289,#2366,.T.);
#6607=EDGE_CURVE('',#5289,#5290,#2367,.T.);
#6608=EDGE_CURVE('',#5290,#5288,#2368,.T.);
#6609=EDGE_CURVE('',#5291,#5292,#2369,.T.);
#6610=EDGE_CURVE('',#5292,#5293,#2370,.T.);
#6611=EDGE_CURVE('',#5293,#5294,#2371,.T.);
#6612=EDGE_CURVE('',#5294,#5291,#2372,.T.);
#6613=EDGE_CURVE('',#5295,#5294,#2373,.T.);
#6614=EDGE_CURVE('',#5296,#5295,#2374,.T.);
#6615=EDGE_CURVE('',#5291,#5296,#2375,.T.);
#6616=EDGE_CURVE('',#5297,#5296,#2376,.T.);
#6617=EDGE_CURVE('',#5295,#5298,#2377,.T.);
#6618=EDGE_CURVE('',#5298,#5297,#2378,.T.);
#6619=EDGE_CURVE('',#5299,#5300,#2379,.T.);
#6620=EDGE_CURVE('',#5300,#5301,#2380,.T.);
#6621=EDGE_CURVE('',#5302,#5301,#2381,.T.);
#6622=EDGE_CURVE('',#5299,#5302,#2382,.T.);
#6623=EDGE_CURVE('',#5303,#5299,#2383,.T.);
#6624=EDGE_CURVE('',#5304,#5302,#2384,.T.);
#6625=EDGE_CURVE('',#5303,#5304,#2385,.T.);
#6626=EDGE_CURVE('',#5305,#5303,#2386,.T.);
#6627=EDGE_CURVE('',#5306,#5304,#2387,.T.);
#6628=EDGE_CURVE('',#5305,#5306,#2388,.T.);
#6629=EDGE_CURVE('',#5300,#5305,#2389,.T.);
#6630=EDGE_CURVE('',#5301,#5306,#2390,.T.);
#6631=EDGE_CURVE('',#5283,#5307,#2391,.T.);
#6632=EDGE_CURVE('',#5308,#5286,#2392,.T.);
#6633=EDGE_CURVE('',#5307,#5308,#2393,.T.);
#6634=EDGE_CURVE('',#5308,#5309,#2394,.T.);
#6635=EDGE_CURVE('',#5309,#5310,#2395,.T.);
#6636=EDGE_CURVE('',#5310,#5307,#2396,.T.);
#6637=EDGE_CURVE('',#5310,#5231,#2397,.T.);
#6638=EDGE_CURVE('',#5232,#5309,#2398,.T.);
#6639=EDGE_CURVE('',#5311,#5292,#2399,.T.);
#6640=EDGE_CURVE('',#5312,#5311,#2400,.T.);
#6641=EDGE_CURVE('',#5293,#5312,#2401,.T.);
#6642=EDGE_CURVE('',#5311,#5313,#2402,.T.);
#6643=EDGE_CURVE('',#5313,#5314,#2403,.T.);
#6644=EDGE_CURVE('',#5314,#5312,#2404,.T.);
#6645=EDGE_CURVE('',#5237,#5313,#2405,.T.);
#6646=EDGE_CURVE('',#5314,#5238,#2406,.T.);
#6647=EDGE_CURVE('',#5315,#5316,#2407,.T.);
#6648=EDGE_CURVE('',#5315,#5317,#2408,.T.);
#6649=EDGE_CURVE('',#5317,#5318,#2409,.T.);
#6650=EDGE_CURVE('',#5316,#5318,#2410,.T.);
#6651=EDGE_CURVE('',#5319,#5315,#2411,.T.);
#6652=EDGE_CURVE('',#5319,#5320,#2412,.T.);
#6653=EDGE_CURVE('',#5320,#5317,#2413,.T.);
#6654=EDGE_CURVE('',#5321,#5319,#2414,.T.);
#6655=EDGE_CURVE('',#5321,#5322,#2415,.T.);
#6656=EDGE_CURVE('',#5322,#5320,#2416,.T.);
#6657=EDGE_CURVE('',#5316,#5321,#2417,.T.);
#6658=EDGE_CURVE('',#5318,#5322,#2418,.T.);
#6659=EDGE_CURVE('',#5323,#5324,#2419,.T.);
#6660=EDGE_CURVE('',#5325,#5323,#2420,.T.);
#6661=EDGE_CURVE('',#5326,#5325,#2421,.T.);
#6662=EDGE_CURVE('',#5324,#5326,#2422,.T.);
#6663=EDGE_CURVE('',#5326,#5327,#2423,.T.);
#6664=EDGE_CURVE('',#5327,#5328,#2424,.T.);
#6665=EDGE_CURVE('',#5328,#5324,#2425,.T.);
#6666=EDGE_CURVE('',#5328,#5289,#2426,.T.);
#6667=EDGE_CURVE('',#5290,#5327,#2427,.T.);
#6668=EDGE_CURVE('',#5329,#5330,#2428,.T.);
#6669=EDGE_CURVE('',#5331,#5329,#2429,.T.);
#6670=EDGE_CURVE('',#5332,#5331,#2430,.T.);
#6671=EDGE_CURVE('',#5330,#5332,#2431,.T.);
#6672=EDGE_CURVE('',#5329,#5333,#2432,.T.);
#6673=EDGE_CURVE('',#5333,#5334,#2433,.T.);
#6674=EDGE_CURVE('',#5334,#5331,#2434,.T.);
#6675=EDGE_CURVE('',#5297,#5333,#2435,.T.);
#6676=EDGE_CURVE('',#5334,#5298,#2436,.T.);
#6677=EDGE_CURVE('',#5335,#5336,#2437,.T.);
#6678=EDGE_CURVE('',#5335,#5337,#2438,.T.);
#6679=EDGE_CURVE('',#5337,#5338,#2439,.T.);
#6680=EDGE_CURVE('',#5336,#5338,#2440,.T.);
#6681=EDGE_CURVE('',#5339,#5335,#2441,.T.);
#6682=EDGE_CURVE('',#5339,#5340,#2442,.T.);
#6683=EDGE_CURVE('',#5340,#5337,#2443,.T.);
#6684=EDGE_CURVE('',#5341,#5339,#2444,.T.);
#6685=EDGE_CURVE('',#5341,#5342,#2445,.T.);
#6686=EDGE_CURVE('',#5342,#5340,#2446,.T.);
#6687=EDGE_CURVE('',#5336,#5341,#2447,.T.);
#6688=EDGE_CURVE('',#5338,#5342,#2448,.T.);
#6689=EDGE_CURVE('',#5323,#5343,#2449,.T.);
#6690=EDGE_CURVE('',#5343,#5344,#2450,.T.);
#6691=EDGE_CURVE('',#5344,#5325,#2451,.T.);
#6692=EDGE_CURVE('',#5344,#5345,#2452,.T.);
#6693=EDGE_CURVE('',#5346,#5345,#2453,.T.);
#6694=EDGE_CURVE('',#5346,#5347,#2454,.T.);
#6695=EDGE_CURVE('',#5348,#5347,#2455,.T.);
#6696=EDGE_CURVE('',#5348,#5349,#2456,.T.);
#6697=EDGE_CURVE('',#5332,#5349,#2457,.T.);
#6698=EDGE_CURVE('',#5350,#5351,#2458,.T.);
#6699=EDGE_CURVE('',#5352,#5350,#2459,.T.);
#6700=EDGE_CURVE('',#5353,#5352,#2460,.T.);
#6701=EDGE_CURVE('',#5351,#5353,#2461,.T.);
#6702=EDGE_CURVE('',#5354,#5343,#2462,.T.);
#6703=EDGE_CURVE('',#5345,#5354,#2463,.T.);
#6704=EDGE_CURVE('',#5354,#5355,#2464,.T.);
#6705=EDGE_CURVE('',#5355,#5346,#2465,.T.);
#6706=EDGE_CURVE('',#5356,#5330,#2466,.T.);
#6707=EDGE_CURVE('',#5349,#5356,#2467,.T.);
#6708=EDGE_CURVE('',#5357,#5348,#2468,.T.);
#6709=EDGE_CURVE('',#5356,#5357,#2469,.T.);
#6710=EDGE_CURVE('',#5358,#5357,#2470,.T.);
#6711=EDGE_CURVE('',#5347,#5358,#2471,.T.);
#6712=EDGE_CURVE('',#5350,#5359,#2472,.T.);
#6713=EDGE_CURVE('',#5360,#5359,#2473,.T.);
#6714=EDGE_CURVE('',#5352,#5360,#2474,.T.);
#6715=EDGE_CURVE('',#5361,#5360,#2475,.T.);
#6716=EDGE_CURVE('',#5353,#5361,#2476,.T.);
#6717=EDGE_CURVE('',#5362,#5361,#2477,.T.);
#6718=EDGE_CURVE('',#5351,#5362,#2478,.T.);
#6719=EDGE_CURVE('',#5359,#5362,#2479,.T.);
#6720=EDGE_CURVE('',#5358,#5355,#2480,.T.);
#6721=EDGE_CURVE('',#5363,#5364,#2481,.T.);
#6722=EDGE_CURVE('',#5365,#5363,#2482,.T.);
#6723=EDGE_CURVE('',#5366,#5365,#2483,.T.);
#6724=EDGE_CURVE('',#5364,#5366,#2484,.T.);
#6725=EDGE_CURVE('',#5364,#5367,#2485,.T.);
#6726=EDGE_CURVE('',#5368,#5367,#2486,.T.);
#6727=EDGE_CURVE('',#5363,#5368,#2487,.T.);
#6728=EDGE_CURVE('',#5366,#5369,#2488,.T.);
#6729=EDGE_CURVE('',#5367,#5369,#2489,.T.);
#6730=EDGE_CURVE('',#5365,#5370,#2490,.T.);
#6731=EDGE_CURVE('',#5369,#5370,#2491,.T.);
#6732=EDGE_CURVE('',#5370,#5368,#2492,.T.);
#6733=EDGE_CURVE('',#5369,#5371,#2493,.T.);
#6734=EDGE_CURVE('',#5371,#5372,#2494,.T.);
#6735=EDGE_CURVE('',#5367,#5372,#2495,.T.);
#6736=EDGE_CURVE('',#5370,#5373,#2496,.T.);
#6737=EDGE_CURVE('',#5373,#5371,#2497,.T.);
#6738=EDGE_CURVE('',#5368,#5374,#2498,.T.);
#6739=EDGE_CURVE('',#5374,#5373,#2499,.T.);
#6740=EDGE_CURVE('',#5372,#5374,#2500,.T.);
#6741=EDGE_CURVE('',#5375,#5376,#2501,.T.);
#6742=EDGE_CURVE('',#5377,#5375,#2502,.T.);
#6743=EDGE_CURVE('',#5378,#5377,#2503,.T.);
#6744=EDGE_CURVE('',#5376,#5378,#2504,.T.);
#6745=EDGE_CURVE('',#5376,#5379,#2505,.T.);
#6746=EDGE_CURVE('',#5380,#5379,#2506,.T.);
#6747=EDGE_CURVE('',#5375,#5380,#2507,.T.);
#6748=EDGE_CURVE('',#5378,#5381,#2508,.T.);
#6749=EDGE_CURVE('',#5379,#5381,#2509,.T.);
#6750=EDGE_CURVE('',#5377,#5382,#2510,.T.);
#6751=EDGE_CURVE('',#5381,#5382,#2511,.T.);
#6752=EDGE_CURVE('',#5382,#5380,#2512,.T.);
#6753=EDGE_CURVE('',#5381,#5383,#2513,.T.);
#6754=EDGE_CURVE('',#5383,#5384,#2514,.T.);
#6755=EDGE_CURVE('',#5379,#5384,#2515,.T.);
#6756=EDGE_CURVE('',#5382,#5385,#2516,.T.);
#6757=EDGE_CURVE('',#5385,#5383,#2517,.T.);
#6758=EDGE_CURVE('',#5380,#5386,#2518,.T.);
#6759=EDGE_CURVE('',#5386,#5385,#2519,.T.);
#6760=EDGE_CURVE('',#5384,#5386,#2520,.T.);
#6761=EDGE_CURVE('',#5387,#5388,#2521,.T.);
#6762=EDGE_CURVE('',#5388,#5389,#2522,.T.);
#6763=EDGE_CURVE('',#5389,#5390,#2523,.T.);
#6764=EDGE_CURVE('',#5390,#5387,#2524,.T.);
#6765=EDGE_CURVE('',#5387,#5391,#2525,.T.);
#6766=EDGE_CURVE('',#5391,#5392,#2526,.T.);
#6767=EDGE_CURVE('',#5388,#5392,#2527,.T.);
#6768=EDGE_CURVE('',#5392,#5393,#2528,.T.);
#6769=EDGE_CURVE('',#5389,#5393,#2529,.T.);
#6770=EDGE_CURVE('',#5393,#5394,#2530,.T.);
#6771=EDGE_CURVE('',#5390,#5394,#2531,.T.);
#6772=EDGE_CURVE('',#5394,#5391,#2532,.T.);
#6773=EDGE_CURVE('',#5392,#5395,#2533,.T.);
#6774=EDGE_CURVE('',#5396,#5395,#2534,.T.);
#6775=EDGE_CURVE('',#5393,#5396,#2535,.T.);
#6776=EDGE_CURVE('',#5397,#5396,#2536,.T.);
#6777=EDGE_CURVE('',#5394,#5397,#2537,.T.);
#6778=EDGE_CURVE('',#5398,#5397,#2538,.T.);
#6779=EDGE_CURVE('',#5391,#5398,#2539,.T.);
#6780=EDGE_CURVE('',#5395,#5398,#2540,.T.);
#6781=EDGE_CURVE('',#5399,#5400,#2541,.T.);
#6782=EDGE_CURVE('',#5401,#5399,#2542,.T.);
#6783=EDGE_CURVE('',#5402,#5401,#2543,.T.);
#6784=EDGE_CURVE('',#5400,#5402,#2544,.T.);
#6785=EDGE_CURVE('',#5400,#5403,#2545,.T.);
#6786=EDGE_CURVE('',#5404,#5403,#2546,.T.);
#6787=EDGE_CURVE('',#5399,#5404,#2547,.T.);
#6788=EDGE_CURVE('',#5402,#5405,#2548,.T.);
#6789=EDGE_CURVE('',#5403,#5405,#2549,.T.);
#6790=EDGE_CURVE('',#5401,#5406,#2550,.T.);
#6791=EDGE_CURVE('',#5405,#5406,#2551,.T.);
#6792=EDGE_CURVE('',#5406,#5404,#2552,.T.);
#6793=EDGE_CURVE('',#5405,#5407,#2553,.T.);
#6794=EDGE_CURVE('',#5407,#5408,#2554,.T.);
#6795=EDGE_CURVE('',#5403,#5408,#2555,.T.);
#6796=EDGE_CURVE('',#5406,#5409,#2556,.T.);
#6797=EDGE_CURVE('',#5409,#5407,#2557,.T.);
#6798=EDGE_CURVE('',#5404,#5410,#2558,.T.);
#6799=EDGE_CURVE('',#5410,#5409,#2559,.T.);
#6800=EDGE_CURVE('',#5408,#5410,#2560,.T.);
#6801=EDGE_CURVE('',#5411,#5412,#2561,.T.);
#6802=EDGE_CURVE('',#5412,#5413,#2562,.T.);
#6803=EDGE_CURVE('',#5413,#5414,#2563,.T.);
#6804=EDGE_CURVE('',#5414,#5411,#2564,.T.);
#6805=EDGE_CURVE('',#5411,#5415,#2565,.T.);
#6806=EDGE_CURVE('',#5415,#5416,#2566,.T.);
#6807=EDGE_CURVE('',#5412,#5416,#2567,.T.);
#6808=EDGE_CURVE('',#5416,#5417,#2568,.T.);
#6809=EDGE_CURVE('',#5413,#5417,#2569,.T.);
#6810=EDGE_CURVE('',#5417,#5418,#2570,.T.);
#6811=EDGE_CURVE('',#5414,#5418,#2571,.T.);
#6812=EDGE_CURVE('',#5418,#5415,#2572,.T.);
#6813=EDGE_CURVE('',#5416,#5419,#2573,.T.);
#6814=EDGE_CURVE('',#5420,#5419,#2574,.T.);
#6815=EDGE_CURVE('',#5417,#5420,#2575,.T.);
#6816=EDGE_CURVE('',#5421,#5420,#2576,.T.);
#6817=EDGE_CURVE('',#5418,#5421,#2577,.T.);
#6818=EDGE_CURVE('',#5422,#5421,#2578,.T.);
#6819=EDGE_CURVE('',#5415,#5422,#2579,.T.);
#6820=EDGE_CURVE('',#5419,#5422,#2580,.T.);
#6821=EDGE_CURVE('',#5423,#5424,#2581,.T.);
#6822=EDGE_CURVE('',#5424,#5425,#2582,.T.);
#6823=EDGE_CURVE('',#5425,#5426,#2583,.T.);
#6824=EDGE_CURVE('',#5426,#5423,#2584,.T.);
#6825=EDGE_CURVE('',#5423,#5427,#2585,.T.);
#6826=EDGE_CURVE('',#5427,#5428,#2586,.T.);
#6827=EDGE_CURVE('',#5424,#5428,#2587,.T.);
#6828=EDGE_CURVE('',#5428,#5429,#2588,.T.);
#6829=EDGE_CURVE('',#5425,#5429,#2589,.T.);
#6830=EDGE_CURVE('',#5429,#5430,#2590,.T.);
#6831=EDGE_CURVE('',#5426,#5430,#2591,.T.);
#6832=EDGE_CURVE('',#5430,#5427,#2592,.T.);
#6833=EDGE_CURVE('',#5428,#5431,#2593,.T.);
#6834=EDGE_CURVE('',#5432,#5431,#2594,.T.);
#6835=EDGE_CURVE('',#5429,#5432,#2595,.T.);
#6836=EDGE_CURVE('',#5433,#5432,#2596,.T.);
#6837=EDGE_CURVE('',#5430,#5433,#2597,.T.);
#6838=EDGE_CURVE('',#5434,#5433,#2598,.T.);
#6839=EDGE_CURVE('',#5427,#5434,#2599,.T.);
#6840=EDGE_CURVE('',#5431,#5434,#2600,.T.);
#6841=EDGE_CURVE('',#5435,#5436,#2601,.T.);
#6842=EDGE_CURVE('',#5437,#5435,#2602,.T.);
#6843=EDGE_CURVE('',#5438,#5437,#2603,.T.);
#6844=EDGE_CURVE('',#5436,#5438,#2604,.T.);
#6845=EDGE_CURVE('',#5436,#5439,#2605,.T.);
#6846=EDGE_CURVE('',#5440,#5439,#2606,.T.);
#6847=EDGE_CURVE('',#5435,#5440,#2607,.T.);
#6848=EDGE_CURVE('',#5438,#5441,#2608,.T.);
#6849=EDGE_CURVE('',#5439,#5441,#2609,.T.);
#6850=EDGE_CURVE('',#5437,#5442,#2610,.T.);
#6851=EDGE_CURVE('',#5441,#5442,#2611,.T.);
#6852=EDGE_CURVE('',#5442,#5440,#2612,.T.);
#6853=EDGE_CURVE('',#5441,#5443,#2613,.T.);
#6854=EDGE_CURVE('',#5443,#5444,#2614,.T.);
#6855=EDGE_CURVE('',#5439,#5444,#2615,.T.);
#6856=EDGE_CURVE('',#5442,#5445,#2616,.T.);
#6857=EDGE_CURVE('',#5445,#5443,#2617,.T.);
#6858=EDGE_CURVE('',#5440,#5446,#2618,.T.);
#6859=EDGE_CURVE('',#5446,#5445,#2619,.T.);
#6860=EDGE_CURVE('',#5444,#5446,#2620,.T.);
#6861=EDGE_CURVE('',#5447,#5448,#2621,.T.);
#6862=EDGE_CURVE('',#5449,#5447,#2622,.T.);
#6863=EDGE_CURVE('',#5450,#5449,#2623,.T.);
#6864=EDGE_CURVE('',#5448,#5450,#2624,.T.);
#6865=EDGE_CURVE('',#5448,#5451,#2625,.T.);
#6866=EDGE_CURVE('',#5452,#5451,#2626,.T.);
#6867=EDGE_CURVE('',#5447,#5452,#2627,.T.);
#6868=EDGE_CURVE('',#5450,#5453,#2628,.T.);
#6869=EDGE_CURVE('',#5451,#5453,#2629,.T.);
#6870=EDGE_CURVE('',#5449,#5454,#2630,.T.);
#6871=EDGE_CURVE('',#5453,#5454,#2631,.T.);
#6872=EDGE_CURVE('',#5454,#5452,#2632,.T.);
#6873=EDGE_CURVE('',#5453,#5455,#2633,.T.);
#6874=EDGE_CURVE('',#5455,#5456,#2634,.T.);
#6875=EDGE_CURVE('',#5451,#5456,#2635,.T.);
#6876=EDGE_CURVE('',#5454,#5457,#2636,.T.);
#6877=EDGE_CURVE('',#5457,#5455,#2637,.T.);
#6878=EDGE_CURVE('',#5452,#5458,#2638,.T.);
#6879=EDGE_CURVE('',#5458,#5457,#2639,.T.);
#6880=EDGE_CURVE('',#5456,#5458,#2640,.T.);
#6881=EDGE_CURVE('',#5459,#5460,#2641,.T.);
#6882=EDGE_CURVE('',#5460,#5461,#2642,.T.);
#6883=EDGE_CURVE('',#5461,#5462,#2643,.T.);
#6884=EDGE_CURVE('',#5462,#5459,#2644,.T.);
#6885=EDGE_CURVE('',#5459,#5463,#2645,.T.);
#6886=EDGE_CURVE('',#5463,#5464,#2646,.T.);
#6887=EDGE_CURVE('',#5460,#5464,#2647,.T.);
#6888=EDGE_CURVE('',#5464,#5465,#2648,.T.);
#6889=EDGE_CURVE('',#5461,#5465,#2649,.T.);
#6890=EDGE_CURVE('',#5465,#5466,#2650,.T.);
#6891=EDGE_CURVE('',#5462,#5466,#2651,.T.);
#6892=EDGE_CURVE('',#5466,#5463,#2652,.T.);
#6893=EDGE_CURVE('',#5464,#5467,#2653,.T.);
#6894=EDGE_CURVE('',#5468,#5467,#2654,.T.);
#6895=EDGE_CURVE('',#5465,#5468,#2655,.T.);
#6896=EDGE_CURVE('',#5469,#5468,#2656,.T.);
#6897=EDGE_CURVE('',#5466,#5469,#2657,.T.);
#6898=EDGE_CURVE('',#5470,#5469,#2658,.T.);
#6899=EDGE_CURVE('',#5463,#5470,#2659,.T.);
#6900=EDGE_CURVE('',#5467,#5470,#2660,.T.);
#6901=EDGE_CURVE('',#5471,#5472,#2661,.T.);
#6902=EDGE_CURVE('',#5472,#5473,#2662,.T.);
#6903=EDGE_CURVE('',#5473,#5474,#2663,.T.);
#6904=EDGE_CURVE('',#5474,#5471,#2664,.T.);
#6905=EDGE_CURVE('',#5471,#5475,#2665,.T.);
#6906=EDGE_CURVE('',#5475,#5476,#2666,.T.);
#6907=EDGE_CURVE('',#5472,#5476,#2667,.T.);
#6908=EDGE_CURVE('',#5476,#5477,#2668,.T.);
#6909=EDGE_CURVE('',#5473,#5477,#2669,.T.);
#6910=EDGE_CURVE('',#5477,#5478,#2670,.T.);
#6911=EDGE_CURVE('',#5474,#5478,#2671,.T.);
#6912=EDGE_CURVE('',#5478,#5475,#2672,.T.);
#6913=EDGE_CURVE('',#5476,#5479,#2673,.T.);
#6914=EDGE_CURVE('',#5480,#5479,#2674,.T.);
#6915=EDGE_CURVE('',#5477,#5480,#2675,.T.);
#6916=EDGE_CURVE('',#5481,#5480,#2676,.T.);
#6917=EDGE_CURVE('',#5478,#5481,#2677,.T.);
#6918=EDGE_CURVE('',#5482,#5481,#2678,.T.);
#6919=EDGE_CURVE('',#5475,#5482,#2679,.T.);
#6920=EDGE_CURVE('',#5479,#5482,#2680,.T.);
#6921=EDGE_CURVE('',#5483,#5484,#2681,.T.);
#6922=EDGE_CURVE('',#5485,#5483,#2682,.T.);
#6923=EDGE_CURVE('',#5486,#5485,#2683,.T.);
#6924=EDGE_CURVE('',#5484,#5486,#2684,.T.);
#6925=EDGE_CURVE('',#5484,#5487,#2685,.T.);
#6926=EDGE_CURVE('',#5488,#5487,#2686,.T.);
#6927=EDGE_CURVE('',#5483,#5488,#2687,.T.);
#6928=EDGE_CURVE('',#5486,#5489,#2688,.T.);
#6929=EDGE_CURVE('',#5487,#5489,#2689,.T.);
#6930=EDGE_CURVE('',#5485,#5490,#2690,.T.);
#6931=EDGE_CURVE('',#5489,#5490,#2691,.T.);
#6932=EDGE_CURVE('',#5490,#5488,#2692,.T.);
#6933=EDGE_CURVE('',#5489,#5491,#2693,.T.);
#6934=EDGE_CURVE('',#5491,#5492,#2694,.T.);
#6935=EDGE_CURVE('',#5487,#5492,#2695,.T.);
#6936=EDGE_CURVE('',#5490,#5493,#2696,.T.);
#6937=EDGE_CURVE('',#5493,#5491,#2697,.T.);
#6938=EDGE_CURVE('',#5488,#5494,#2698,.T.);
#6939=EDGE_CURVE('',#5494,#5493,#2699,.T.);
#6940=EDGE_CURVE('',#5492,#5494,#2700,.T.);
#6941=EDGE_CURVE('',#5495,#5496,#2701,.T.);
#6942=EDGE_CURVE('',#5496,#5497,#2702,.T.);
#6943=EDGE_CURVE('',#5497,#5498,#2703,.T.);
#6944=EDGE_CURVE('',#5498,#5495,#2704,.T.);
#6945=EDGE_CURVE('',#5495,#5499,#2705,.T.);
#6946=EDGE_CURVE('',#5499,#5500,#2706,.T.);
#6947=EDGE_CURVE('',#5496,#5500,#2707,.T.);
#6948=EDGE_CURVE('',#5500,#5501,#2708,.T.);
#6949=EDGE_CURVE('',#5497,#5501,#2709,.T.);
#6950=EDGE_CURVE('',#5501,#5502,#2710,.T.);
#6951=EDGE_CURVE('',#5498,#5502,#2711,.T.);
#6952=EDGE_CURVE('',#5502,#5499,#2712,.T.);
#6953=EDGE_CURVE('',#5500,#5503,#2713,.T.);
#6954=EDGE_CURVE('',#5504,#5503,#2714,.T.);
#6955=EDGE_CURVE('',#5501,#5504,#2715,.T.);
#6956=EDGE_CURVE('',#5505,#5504,#2716,.T.);
#6957=EDGE_CURVE('',#5502,#5505,#2717,.T.);
#6958=EDGE_CURVE('',#5506,#5505,#2718,.T.);
#6959=EDGE_CURVE('',#5499,#5506,#2719,.T.);
#6960=EDGE_CURVE('',#5503,#5506,#2720,.T.);
#6961=EDGE_CURVE('',#5507,#5508,#2721,.T.);
#6962=EDGE_CURVE('',#5509,#5507,#2722,.T.);
#6963=EDGE_CURVE('',#5510,#5509,#2723,.T.);
#6964=EDGE_CURVE('',#5508,#5510,#2724,.T.);
#6965=EDGE_CURVE('',#5508,#5511,#2725,.T.);
#6966=EDGE_CURVE('',#5512,#5511,#2726,.T.);
#6967=EDGE_CURVE('',#5507,#5512,#2727,.T.);
#6968=EDGE_CURVE('',#5510,#5513,#2728,.T.);
#6969=EDGE_CURVE('',#5511,#5513,#2729,.T.);
#6970=EDGE_CURVE('',#5509,#5514,#2730,.T.);
#6971=EDGE_CURVE('',#5513,#5514,#2731,.T.);
#6972=EDGE_CURVE('',#5514,#5512,#2732,.T.);
#6973=EDGE_CURVE('',#5513,#5515,#2733,.T.);
#6974=EDGE_CURVE('',#5515,#5516,#2734,.T.);
#6975=EDGE_CURVE('',#5511,#5516,#2735,.T.);
#6976=EDGE_CURVE('',#5514,#5517,#2736,.T.);
#6977=EDGE_CURVE('',#5517,#5515,#2737,.T.);
#6978=EDGE_CURVE('',#5512,#5518,#2738,.T.);
#6979=EDGE_CURVE('',#5518,#5517,#2739,.T.);
#6980=EDGE_CURVE('',#5516,#5518,#2740,.T.);
#6981=EDGE_CURVE('',#5519,#5520,#2741,.T.);
#6982=EDGE_CURVE('',#5521,#5519,#2742,.T.);
#6983=EDGE_CURVE('',#5522,#5521,#2743,.T.);
#6984=EDGE_CURVE('',#5520,#5522,#2744,.T.);
#6985=EDGE_CURVE('',#5520,#5523,#2745,.T.);
#6986=EDGE_CURVE('',#5524,#5523,#2746,.T.);
#6987=EDGE_CURVE('',#5519,#5524,#2747,.T.);
#6988=EDGE_CURVE('',#5522,#5525,#2748,.T.);
#6989=EDGE_CURVE('',#5523,#5525,#2749,.T.);
#6990=EDGE_CURVE('',#5521,#5526,#2750,.T.);
#6991=EDGE_CURVE('',#5525,#5526,#2751,.T.);
#6992=EDGE_CURVE('',#5526,#5524,#2752,.T.);
#6993=EDGE_CURVE('',#5525,#5527,#2753,.T.);
#6994=EDGE_CURVE('',#5527,#5528,#2754,.T.);
#6995=EDGE_CURVE('',#5523,#5528,#2755,.T.);
#6996=EDGE_CURVE('',#5526,#5529,#2756,.T.);
#6997=EDGE_CURVE('',#5529,#5527,#2757,.T.);
#6998=EDGE_CURVE('',#5524,#5530,#2758,.T.);
#6999=EDGE_CURVE('',#5530,#5529,#2759,.T.);
#7000=EDGE_CURVE('',#5528,#5530,#2760,.T.);
#7001=EDGE_CURVE('',#5531,#5532,#2761,.T.);
#7002=EDGE_CURVE('',#5532,#5533,#2762,.T.);
#7003=EDGE_CURVE('',#5533,#5534,#2763,.T.);
#7004=EDGE_CURVE('',#5534,#5531,#2764,.T.);
#7005=EDGE_CURVE('',#5531,#5535,#2765,.T.);
#7006=EDGE_CURVE('',#5535,#5536,#2766,.T.);
#7007=EDGE_CURVE('',#5532,#5536,#2767,.T.);
#7008=EDGE_CURVE('',#5536,#5537,#2768,.T.);
#7009=EDGE_CURVE('',#5533,#5537,#2769,.T.);
#7010=EDGE_CURVE('',#5537,#5538,#2770,.T.);
#7011=EDGE_CURVE('',#5534,#5538,#2771,.T.);
#7012=EDGE_CURVE('',#5538,#5535,#2772,.T.);
#7013=EDGE_CURVE('',#5536,#5539,#2773,.T.);
#7014=EDGE_CURVE('',#5540,#5539,#2774,.T.);
#7015=EDGE_CURVE('',#5537,#5540,#2775,.T.);
#7016=EDGE_CURVE('',#5541,#5540,#2776,.T.);
#7017=EDGE_CURVE('',#5538,#5541,#2777,.T.);
#7018=EDGE_CURVE('',#5542,#5541,#2778,.T.);
#7019=EDGE_CURVE('',#5535,#5542,#2779,.T.);
#7020=EDGE_CURVE('',#5539,#5542,#2780,.T.);
#7021=EDGE_CURVE('',#5543,#5544,#2781,.T.);
#7022=EDGE_CURVE('',#5545,#5543,#2782,.T.);
#7023=EDGE_CURVE('',#5546,#5545,#2783,.T.);
#7024=EDGE_CURVE('',#5544,#5546,#2784,.T.);
#7025=EDGE_CURVE('',#5544,#5547,#2785,.T.);
#7026=EDGE_CURVE('',#5548,#5547,#2786,.T.);
#7027=EDGE_CURVE('',#5543,#5548,#2787,.T.);
#7028=EDGE_CURVE('',#5546,#5549,#2788,.T.);
#7029=EDGE_CURVE('',#5547,#5549,#2789,.T.);
#7030=EDGE_CURVE('',#5545,#5550,#2790,.T.);
#7031=EDGE_CURVE('',#5549,#5550,#2791,.T.);
#7032=EDGE_CURVE('',#5550,#5548,#2792,.T.);
#7033=EDGE_CURVE('',#5549,#5551,#2793,.T.);
#7034=EDGE_CURVE('',#5551,#5552,#2794,.T.);
#7035=EDGE_CURVE('',#5547,#5552,#2795,.T.);
#7036=EDGE_CURVE('',#5550,#5553,#2796,.T.);
#7037=EDGE_CURVE('',#5553,#5551,#2797,.T.);
#7038=EDGE_CURVE('',#5548,#5554,#2798,.T.);
#7039=EDGE_CURVE('',#5554,#5553,#2799,.T.);
#7040=EDGE_CURVE('',#5552,#5554,#2800,.T.);
#7041=EDGE_CURVE('',#5555,#5556,#2801,.T.);
#7042=EDGE_CURVE('',#5556,#5557,#2802,.T.);
#7043=EDGE_CURVE('',#5557,#5558,#2803,.T.);
#7044=EDGE_CURVE('',#5558,#5555,#2804,.T.);
#7045=EDGE_CURVE('',#5555,#5559,#2805,.T.);
#7046=EDGE_CURVE('',#5559,#5560,#2806,.T.);
#7047=EDGE_CURVE('',#5556,#5560,#2807,.T.);
#7048=EDGE_CURVE('',#5560,#5561,#2808,.T.);
#7049=EDGE_CURVE('',#5557,#5561,#2809,.T.);
#7050=EDGE_CURVE('',#5561,#5562,#2810,.T.);
#7051=EDGE_CURVE('',#5558,#5562,#2811,.T.);
#7052=EDGE_CURVE('',#5562,#5559,#2812,.T.);
#7053=EDGE_CURVE('',#5560,#5563,#2813,.T.);
#7054=EDGE_CURVE('',#5564,#5563,#2814,.T.);
#7055=EDGE_CURVE('',#5561,#5564,#2815,.T.);
#7056=EDGE_CURVE('',#5565,#5564,#2816,.T.);
#7057=EDGE_CURVE('',#5562,#5565,#2817,.T.);
#7058=EDGE_CURVE('',#5566,#5565,#2818,.T.);
#7059=EDGE_CURVE('',#5559,#5566,#2819,.T.);
#7060=EDGE_CURVE('',#5563,#5566,#2820,.T.);
#7061=EDGE_CURVE('',#5567,#5568,#2821,.T.);
#7062=EDGE_CURVE('',#5568,#5569,#2822,.T.);
#7063=EDGE_CURVE('',#5569,#5570,#2823,.T.);
#7064=EDGE_CURVE('',#5570,#5567,#2824,.T.);
#7065=EDGE_CURVE('',#5567,#5571,#2825,.T.);
#7066=EDGE_CURVE('',#5571,#5572,#2826,.T.);
#7067=EDGE_CURVE('',#5568,#5572,#2827,.T.);
#7068=EDGE_CURVE('',#5572,#5573,#2828,.T.);
#7069=EDGE_CURVE('',#5569,#5573,#2829,.T.);
#7070=EDGE_CURVE('',#5573,#5574,#2830,.T.);
#7071=EDGE_CURVE('',#5570,#5574,#2831,.T.);
#7072=EDGE_CURVE('',#5574,#5571,#2832,.T.);
#7073=EDGE_CURVE('',#5572,#5575,#2833,.T.);
#7074=EDGE_CURVE('',#5576,#5575,#2834,.T.);
#7075=EDGE_CURVE('',#5573,#5576,#2835,.T.);
#7076=EDGE_CURVE('',#5577,#5576,#2836,.T.);
#7077=EDGE_CURVE('',#5574,#5577,#2837,.T.);
#7078=EDGE_CURVE('',#5578,#5577,#2838,.T.);
#7079=EDGE_CURVE('',#5571,#5578,#2839,.T.);
#7080=EDGE_CURVE('',#5575,#5578,#2840,.T.);
#7081=EDGE_CURVE('',#5579,#5580,#2841,.T.);
#7082=EDGE_CURVE('',#5581,#5579,#2842,.T.);
#7083=EDGE_CURVE('',#5582,#5581,#2843,.T.);
#7084=EDGE_CURVE('',#5580,#5582,#2844,.T.);
#7085=EDGE_CURVE('',#5580,#5583,#2845,.T.);
#7086=EDGE_CURVE('',#5584,#5583,#2846,.T.);
#7087=EDGE_CURVE('',#5579,#5584,#2847,.T.);
#7088=EDGE_CURVE('',#5582,#5585,#2848,.T.);
#7089=EDGE_CURVE('',#5583,#5585,#2849,.T.);
#7090=EDGE_CURVE('',#5581,#5586,#2850,.T.);
#7091=EDGE_CURVE('',#5585,#5586,#2851,.T.);
#7092=EDGE_CURVE('',#5586,#5584,#2852,.T.);
#7093=EDGE_CURVE('',#5585,#5587,#2853,.T.);
#7094=EDGE_CURVE('',#5587,#5588,#2854,.T.);
#7095=EDGE_CURVE('',#5583,#5588,#2855,.T.);
#7096=EDGE_CURVE('',#5586,#5589,#2856,.T.);
#7097=EDGE_CURVE('',#5589,#5587,#2857,.T.);
#7098=EDGE_CURVE('',#5584,#5590,#2858,.T.);
#7099=EDGE_CURVE('',#5590,#5589,#2859,.T.);
#7100=EDGE_CURVE('',#5588,#5590,#2860,.T.);
#7101=EDGE_CURVE('',#5591,#5592,#2861,.T.);
#7102=EDGE_CURVE('',#5592,#5593,#2862,.T.);
#7103=EDGE_CURVE('',#5593,#5594,#2863,.T.);
#7104=EDGE_CURVE('',#5594,#5591,#2864,.T.);
#7105=EDGE_CURVE('',#5591,#5595,#2865,.T.);
#7106=EDGE_CURVE('',#5595,#5596,#2866,.T.);
#7107=EDGE_CURVE('',#5592,#5596,#2867,.T.);
#7108=EDGE_CURVE('',#5596,#5597,#2868,.T.);
#7109=EDGE_CURVE('',#5593,#5597,#2869,.T.);
#7110=EDGE_CURVE('',#5597,#5598,#2870,.T.);
#7111=EDGE_CURVE('',#5594,#5598,#2871,.T.);
#7112=EDGE_CURVE('',#5598,#5595,#2872,.T.);
#7113=EDGE_CURVE('',#5596,#5599,#2873,.T.);
#7114=EDGE_CURVE('',#5600,#5599,#2874,.T.);
#7115=EDGE_CURVE('',#5597,#5600,#2875,.T.);
#7116=EDGE_CURVE('',#5601,#5600,#2876,.T.);
#7117=EDGE_CURVE('',#5598,#5601,#2877,.T.);
#7118=EDGE_CURVE('',#5602,#5601,#2878,.T.);
#7119=EDGE_CURVE('',#5595,#5602,#2879,.T.);
#7120=EDGE_CURVE('',#5599,#5602,#2880,.T.);
#7121=EDGE_CURVE('',#5603,#5604,#2881,.T.);
#7122=EDGE_CURVE('',#5605,#5603,#2882,.T.);
#7123=EDGE_CURVE('',#5606,#5605,#2883,.T.);
#7124=EDGE_CURVE('',#5604,#5606,#2884,.T.);
#7125=EDGE_CURVE('',#5604,#5607,#2885,.T.);
#7126=EDGE_CURVE('',#5608,#5607,#2886,.T.);
#7127=EDGE_CURVE('',#5603,#5608,#2887,.T.);
#7128=EDGE_CURVE('',#5606,#5609,#2888,.T.);
#7129=EDGE_CURVE('',#5607,#5609,#2889,.T.);
#7130=EDGE_CURVE('',#5605,#5610,#2890,.T.);
#7131=EDGE_CURVE('',#5609,#5610,#2891,.T.);
#7132=EDGE_CURVE('',#5610,#5608,#2892,.T.);
#7133=EDGE_CURVE('',#5609,#5611,#2893,.T.);
#7134=EDGE_CURVE('',#5611,#5612,#2894,.T.);
#7135=EDGE_CURVE('',#5607,#5612,#2895,.T.);
#7136=EDGE_CURVE('',#5610,#5613,#2896,.T.);
#7137=EDGE_CURVE('',#5613,#5611,#2897,.T.);
#7138=EDGE_CURVE('',#5608,#5614,#2898,.T.);
#7139=EDGE_CURVE('',#5614,#5613,#2899,.T.);
#7140=EDGE_CURVE('',#5612,#5614,#2900,.T.);
#7141=EDGE_CURVE('',#5615,#5616,#2901,.T.);
#7142=EDGE_CURVE('',#5617,#5615,#2902,.T.);
#7143=EDGE_CURVE('',#5618,#5617,#2903,.T.);
#7144=EDGE_CURVE('',#5616,#5618,#2904,.T.);
#7145=EDGE_CURVE('',#5616,#5619,#2905,.T.);
#7146=EDGE_CURVE('',#5620,#5619,#2906,.T.);
#7147=EDGE_CURVE('',#5615,#5620,#2907,.T.);
#7148=EDGE_CURVE('',#5618,#5621,#2908,.T.);
#7149=EDGE_CURVE('',#5619,#5621,#2909,.T.);
#7150=EDGE_CURVE('',#5617,#5622,#2910,.T.);
#7151=EDGE_CURVE('',#5621,#5622,#2911,.T.);
#7152=EDGE_CURVE('',#5622,#5620,#2912,.T.);
#7153=EDGE_CURVE('',#5621,#5623,#2913,.T.);
#7154=EDGE_CURVE('',#5623,#5624,#2914,.T.);
#7155=EDGE_CURVE('',#5619,#5624,#2915,.T.);
#7156=EDGE_CURVE('',#5622,#5625,#2916,.T.);
#7157=EDGE_CURVE('',#5625,#5623,#2917,.T.);
#7158=EDGE_CURVE('',#5620,#5626,#2918,.T.);
#7159=EDGE_CURVE('',#5626,#5625,#2919,.T.);
#7160=EDGE_CURVE('',#5624,#5626,#2920,.T.);
#7161=EDGE_CURVE('',#5627,#5628,#2921,.T.);
#7162=EDGE_CURVE('',#5628,#5629,#2922,.T.);
#7163=EDGE_CURVE('',#5629,#5630,#2923,.T.);
#7164=EDGE_CURVE('',#5630,#5627,#2924,.T.);
#7165=EDGE_CURVE('',#5627,#5631,#2925,.T.);
#7166=EDGE_CURVE('',#5631,#5632,#2926,.T.);
#7167=EDGE_CURVE('',#5628,#5632,#2927,.T.);
#7168=EDGE_CURVE('',#5632,#5633,#2928,.T.);
#7169=EDGE_CURVE('',#5629,#5633,#2929,.T.);
#7170=EDGE_CURVE('',#5633,#5634,#2930,.T.);
#7171=EDGE_CURVE('',#5630,#5634,#2931,.T.);
#7172=EDGE_CURVE('',#5634,#5631,#2932,.T.);
#7173=EDGE_CURVE('',#5632,#5635,#2933,.T.);
#7174=EDGE_CURVE('',#5636,#5635,#2934,.T.);
#7175=EDGE_CURVE('',#5633,#5636,#2935,.T.);
#7176=EDGE_CURVE('',#5637,#5636,#2936,.T.);
#7177=EDGE_CURVE('',#5634,#5637,#2937,.T.);
#7178=EDGE_CURVE('',#5638,#5637,#2938,.T.);
#7179=EDGE_CURVE('',#5631,#5638,#2939,.T.);
#7180=EDGE_CURVE('',#5635,#5638,#2940,.T.);
#7181=EDGE_CURVE('',#5639,#5640,#2941,.T.);
#7182=EDGE_CURVE('',#5640,#5641,#2942,.T.);
#7183=EDGE_CURVE('',#5641,#5642,#2943,.T.);
#7184=EDGE_CURVE('',#5642,#5639,#2944,.T.);
#7185=EDGE_CURVE('',#5639,#5643,#2945,.T.);
#7186=EDGE_CURVE('',#5643,#5644,#2946,.T.);
#7187=EDGE_CURVE('',#5640,#5644,#2947,.T.);
#7188=EDGE_CURVE('',#5644,#5645,#2948,.T.);
#7189=EDGE_CURVE('',#5641,#5645,#2949,.T.);
#7190=EDGE_CURVE('',#5645,#5646,#2950,.T.);
#7191=EDGE_CURVE('',#5642,#5646,#2951,.T.);
#7192=EDGE_CURVE('',#5646,#5643,#2952,.T.);
#7193=EDGE_CURVE('',#5644,#5647,#2953,.T.);
#7194=EDGE_CURVE('',#5648,#5647,#2954,.T.);
#7195=EDGE_CURVE('',#5645,#5648,#2955,.T.);
#7196=EDGE_CURVE('',#5649,#5648,#2956,.T.);
#7197=EDGE_CURVE('',#5646,#5649,#2957,.T.);
#7198=EDGE_CURVE('',#5650,#5649,#2958,.T.);
#7199=EDGE_CURVE('',#5643,#5650,#2959,.T.);
#7200=EDGE_CURVE('',#5647,#5650,#2960,.T.);
#7201=EDGE_CURVE('',#5651,#5652,#2961,.T.);
#7202=EDGE_CURVE('',#5653,#5651,#2962,.T.);
#7203=EDGE_CURVE('',#5654,#5653,#2963,.T.);
#7204=EDGE_CURVE('',#5652,#5654,#2964,.T.);
#7205=EDGE_CURVE('',#5652,#5655,#2965,.T.);
#7206=EDGE_CURVE('',#5656,#5655,#2966,.T.);
#7207=EDGE_CURVE('',#5651,#5656,#2967,.T.);
#7208=EDGE_CURVE('',#5654,#5657,#2968,.T.);
#7209=EDGE_CURVE('',#5655,#5657,#2969,.T.);
#7210=EDGE_CURVE('',#5653,#5658,#2970,.T.);
#7211=EDGE_CURVE('',#5657,#5658,#2971,.T.);
#7212=EDGE_CURVE('',#5658,#5656,#2972,.T.);
#7213=EDGE_CURVE('',#5657,#5659,#2973,.T.);
#7214=EDGE_CURVE('',#5659,#5660,#2974,.T.);
#7215=EDGE_CURVE('',#5655,#5660,#2975,.T.);
#7216=EDGE_CURVE('',#5658,#5661,#2976,.T.);
#7217=EDGE_CURVE('',#5661,#5659,#2977,.T.);
#7218=EDGE_CURVE('',#5656,#5662,#2978,.T.);
#7219=EDGE_CURVE('',#5662,#5661,#2979,.T.);
#7220=EDGE_CURVE('',#5660,#5662,#2980,.T.);
#7221=EDGE_CURVE('',#5663,#5664,#2981,.T.);
#7222=EDGE_CURVE('',#5665,#5663,#2982,.T.);
#7223=EDGE_CURVE('',#5666,#5665,#2983,.T.);
#7224=EDGE_CURVE('',#5664,#5666,#2984,.T.);
#7225=EDGE_CURVE('',#5664,#5667,#2985,.T.);
#7226=EDGE_CURVE('',#5668,#5667,#2986,.T.);
#7227=EDGE_CURVE('',#5663,#5668,#2987,.T.);
#7228=EDGE_CURVE('',#5666,#5669,#2988,.T.);
#7229=EDGE_CURVE('',#5667,#5669,#2989,.T.);
#7230=EDGE_CURVE('',#5665,#5670,#2990,.T.);
#7231=EDGE_CURVE('',#5669,#5670,#2991,.T.);
#7232=EDGE_CURVE('',#5670,#5668,#2992,.T.);
#7233=EDGE_CURVE('',#5669,#5671,#2993,.T.);
#7234=EDGE_CURVE('',#5671,#5672,#2994,.T.);
#7235=EDGE_CURVE('',#5667,#5672,#2995,.T.);
#7236=EDGE_CURVE('',#5670,#5673,#2996,.T.);
#7237=EDGE_CURVE('',#5673,#5671,#2997,.T.);
#7238=EDGE_CURVE('',#5668,#5674,#2998,.T.);
#7239=EDGE_CURVE('',#5674,#5673,#2999,.T.);
#7240=EDGE_CURVE('',#5672,#5674,#3000,.T.);
#7241=EDGE_CURVE('',#5675,#5676,#3001,.T.);
#7242=EDGE_CURVE('',#5676,#5677,#3002,.T.);
#7243=EDGE_CURVE('',#5677,#5678,#3003,.T.);
#7244=EDGE_CURVE('',#5678,#5675,#3004,.T.);
#7245=EDGE_CURVE('',#5675,#5679,#3005,.T.);
#7246=EDGE_CURVE('',#5679,#5680,#3006,.T.);
#7247=EDGE_CURVE('',#5676,#5680,#3007,.T.);
#7248=EDGE_CURVE('',#5680,#5681,#3008,.T.);
#7249=EDGE_CURVE('',#5677,#5681,#3009,.T.);
#7250=EDGE_CURVE('',#5681,#5682,#3010,.T.);
#7251=EDGE_CURVE('',#5678,#5682,#3011,.T.);
#7252=EDGE_CURVE('',#5682,#5679,#3012,.T.);
#7253=EDGE_CURVE('',#5680,#5683,#3013,.T.);
#7254=EDGE_CURVE('',#5684,#5683,#3014,.T.);
#7255=EDGE_CURVE('',#5681,#5684,#3015,.T.);
#7256=EDGE_CURVE('',#5685,#5684,#3016,.T.);
#7257=EDGE_CURVE('',#5682,#5685,#3017,.T.);
#7258=EDGE_CURVE('',#5686,#5685,#3018,.T.);
#7259=EDGE_CURVE('',#5679,#5686,#3019,.T.);
#7260=EDGE_CURVE('',#5683,#5686,#3020,.T.);
#7261=EDGE_CURVE('',#5687,#5688,#3021,.T.);
#7262=EDGE_CURVE('',#5689,#5687,#3022,.T.);
#7263=EDGE_CURVE('',#5690,#5689,#3023,.T.);
#7264=EDGE_CURVE('',#5688,#5690,#3024,.T.);
#7265=EDGE_CURVE('',#5688,#5691,#3025,.T.);
#7266=EDGE_CURVE('',#5692,#5691,#3026,.T.);
#7267=EDGE_CURVE('',#5687,#5692,#3027,.T.);
#7268=EDGE_CURVE('',#5690,#5693,#3028,.T.);
#7269=EDGE_CURVE('',#5691,#5693,#3029,.T.);
#7270=EDGE_CURVE('',#5689,#5694,#3030,.T.);
#7271=EDGE_CURVE('',#5693,#5694,#3031,.T.);
#7272=EDGE_CURVE('',#5694,#5692,#3032,.T.);
#7273=EDGE_CURVE('',#5693,#5695,#3033,.T.);
#7274=EDGE_CURVE('',#5695,#5696,#3034,.T.);
#7275=EDGE_CURVE('',#5691,#5696,#3035,.T.);
#7276=EDGE_CURVE('',#5694,#5697,#3036,.T.);
#7277=EDGE_CURVE('',#5697,#5695,#3037,.T.);
#7278=EDGE_CURVE('',#5692,#5698,#3038,.T.);
#7279=EDGE_CURVE('',#5698,#5697,#3039,.T.);
#7280=EDGE_CURVE('',#5696,#5698,#3040,.T.);
#7281=EDGE_CURVE('',#5699,#5700,#3041,.T.);
#7282=EDGE_CURVE('',#5700,#5701,#3042,.T.);
#7283=EDGE_CURVE('',#5701,#5702,#3043,.T.);
#7284=EDGE_CURVE('',#5702,#5699,#3044,.T.);
#7285=EDGE_CURVE('',#5699,#5703,#3045,.T.);
#7286=EDGE_CURVE('',#5703,#5704,#3046,.T.);
#7287=EDGE_CURVE('',#5700,#5704,#3047,.T.);
#7288=EDGE_CURVE('',#5704,#5705,#3048,.T.);
#7289=EDGE_CURVE('',#5701,#5705,#3049,.T.);
#7290=EDGE_CURVE('',#5705,#5706,#3050,.T.);
#7291=EDGE_CURVE('',#5702,#5706,#3051,.T.);
#7292=EDGE_CURVE('',#5706,#5703,#3052,.T.);
#7293=EDGE_CURVE('',#5704,#5707,#3053,.T.);
#7294=EDGE_CURVE('',#5708,#5707,#3054,.T.);
#7295=EDGE_CURVE('',#5705,#5708,#3055,.T.);
#7296=EDGE_CURVE('',#5709,#5708,#3056,.T.);
#7297=EDGE_CURVE('',#5706,#5709,#3057,.T.);
#7298=EDGE_CURVE('',#5710,#5709,#3058,.T.);
#7299=EDGE_CURVE('',#5703,#5710,#3059,.T.);
#7300=EDGE_CURVE('',#5707,#5710,#3060,.T.);
#7301=EDGE_CURVE('',#5711,#5712,#3061,.T.);
#7302=EDGE_CURVE('',#5712,#5713,#3062,.T.);
#7303=EDGE_CURVE('',#5713,#5714,#3063,.T.);
#7304=EDGE_CURVE('',#5714,#5711,#3064,.T.);
#7305=EDGE_CURVE('',#5711,#5715,#3065,.T.);
#7306=EDGE_CURVE('',#5715,#5716,#3066,.T.);
#7307=EDGE_CURVE('',#5712,#5716,#3067,.T.);
#7308=EDGE_CURVE('',#5716,#5717,#3068,.T.);
#7309=EDGE_CURVE('',#5713,#5717,#3069,.T.);
#7310=EDGE_CURVE('',#5717,#5718,#3070,.T.);
#7311=EDGE_CURVE('',#5714,#5718,#3071,.T.);
#7312=EDGE_CURVE('',#5718,#5715,#3072,.T.);
#7313=EDGE_CURVE('',#5716,#5719,#3073,.T.);
#7314=EDGE_CURVE('',#5720,#5719,#3074,.T.);
#7315=EDGE_CURVE('',#5717,#5720,#3075,.T.);
#7316=EDGE_CURVE('',#5721,#5720,#3076,.T.);
#7317=EDGE_CURVE('',#5718,#5721,#3077,.T.);
#7318=EDGE_CURVE('',#5722,#5721,#3078,.T.);
#7319=EDGE_CURVE('',#5715,#5722,#3079,.T.);
#7320=EDGE_CURVE('',#5719,#5722,#3080,.T.);
#7321=EDGE_CURVE('',#5723,#5724,#3081,.T.);
#7322=EDGE_CURVE('',#5725,#5723,#3082,.T.);
#7323=EDGE_CURVE('',#5726,#5725,#3083,.T.);
#7324=EDGE_CURVE('',#5724,#5726,#3084,.T.);
#7325=EDGE_CURVE('',#5724,#5727,#3085,.T.);
#7326=EDGE_CURVE('',#5728,#5727,#3086,.T.);
#7327=EDGE_CURVE('',#5723,#5728,#3087,.T.);
#7328=EDGE_CURVE('',#5726,#5729,#3088,.T.);
#7329=EDGE_CURVE('',#5727,#5729,#3089,.T.);
#7330=EDGE_CURVE('',#5725,#5730,#3090,.T.);
#7331=EDGE_CURVE('',#5729,#5730,#3091,.T.);
#7332=EDGE_CURVE('',#5730,#5728,#3092,.T.);
#7333=EDGE_CURVE('',#5729,#5731,#3093,.T.);
#7334=EDGE_CURVE('',#5731,#5732,#3094,.T.);
#7335=EDGE_CURVE('',#5727,#5732,#3095,.T.);
#7336=EDGE_CURVE('',#5730,#5733,#3096,.T.);
#7337=EDGE_CURVE('',#5733,#5731,#3097,.T.);
#7338=EDGE_CURVE('',#5728,#5734,#3098,.T.);
#7339=EDGE_CURVE('',#5734,#5733,#3099,.T.);
#7340=EDGE_CURVE('',#5732,#5734,#3100,.T.);
#7341=ORIENTED_EDGE('',*,*,#5735,.T.);
#7342=ORIENTED_EDGE('',*,*,#5736,.T.);
#7343=ORIENTED_EDGE('',*,*,#5737,.T.);
#7344=ORIENTED_EDGE('',*,*,#5738,.T.);
#7345=ORIENTED_EDGE('',*,*,#5735,.F.);
#7346=ORIENTED_EDGE('',*,*,#5739,.T.);
#7347=ORIENTED_EDGE('',*,*,#5740,.T.);
#7348=ORIENTED_EDGE('',*,*,#5741,.F.);
#7349=ORIENTED_EDGE('',*,*,#5736,.F.);
#7350=ORIENTED_EDGE('',*,*,#5741,.T.);
#7351=ORIENTED_EDGE('',*,*,#5742,.T.);
#7352=ORIENTED_EDGE('',*,*,#5743,.F.);
#7353=ORIENTED_EDGE('',*,*,#5737,.F.);
#7354=ORIENTED_EDGE('',*,*,#5743,.T.);
#7355=ORIENTED_EDGE('',*,*,#5744,.T.);
#7356=ORIENTED_EDGE('',*,*,#5745,.F.);
#7357=ORIENTED_EDGE('',*,*,#5738,.F.);
#7358=ORIENTED_EDGE('',*,*,#5745,.T.);
#7359=ORIENTED_EDGE('',*,*,#5746,.T.);
#7360=ORIENTED_EDGE('',*,*,#5739,.F.);
#7361=ORIENTED_EDGE('',*,*,#5742,.F.);
#7362=ORIENTED_EDGE('',*,*,#5747,.T.);
#7363=ORIENTED_EDGE('',*,*,#5748,.F.);
#7364=ORIENTED_EDGE('',*,*,#5749,.F.);
#7365=ORIENTED_EDGE('',*,*,#5744,.F.);
#7366=ORIENTED_EDGE('',*,*,#5749,.T.);
#7367=ORIENTED_EDGE('',*,*,#5750,.F.);
#7368=ORIENTED_EDGE('',*,*,#5751,.F.);
#7369=ORIENTED_EDGE('',*,*,#5746,.F.);
#7370=ORIENTED_EDGE('',*,*,#5751,.T.);
#7371=ORIENTED_EDGE('',*,*,#5752,.F.);
#7372=ORIENTED_EDGE('',*,*,#5753,.F.);
#7373=ORIENTED_EDGE('',*,*,#5740,.F.);
#7374=ORIENTED_EDGE('',*,*,#5753,.T.);
#7375=ORIENTED_EDGE('',*,*,#5754,.F.);
#7376=ORIENTED_EDGE('',*,*,#5747,.F.);
#7377=ORIENTED_EDGE('',*,*,#5754,.T.);
#7378=ORIENTED_EDGE('',*,*,#5752,.T.);
#7379=ORIENTED_EDGE('',*,*,#5750,.T.);
#7380=ORIENTED_EDGE('',*,*,#5748,.T.);
#7381=ORIENTED_EDGE('',*,*,#5755,.F.);
#7382=ORIENTED_EDGE('',*,*,#5756,.F.);
#7383=ORIENTED_EDGE('',*,*,#5757,.F.);
#7384=ORIENTED_EDGE('',*,*,#5758,.F.);
#7385=ORIENTED_EDGE('',*,*,#5758,.T.);
#7386=ORIENTED_EDGE('',*,*,#5759,.T.);
#7387=ORIENTED_EDGE('',*,*,#5760,.T.);
#7388=ORIENTED_EDGE('',*,*,#5761,.T.);
#7389=ORIENTED_EDGE('',*,*,#5762,.F.);
#7390=ORIENTED_EDGE('',*,*,#5760,.F.);
#7391=ORIENTED_EDGE('',*,*,#5763,.F.);
#7392=ORIENTED_EDGE('',*,*,#5764,.F.);
#7393=ORIENTED_EDGE('',*,*,#5765,.F.);
#7394=ORIENTED_EDGE('',*,*,#5766,.F.);
#7395=ORIENTED_EDGE('',*,*,#5767,.F.);
#7396=ORIENTED_EDGE('',*,*,#5768,.F.);
#7397=ORIENTED_EDGE('',*,*,#5766,.T.);
#7398=ORIENTED_EDGE('',*,*,#5769,.T.);
#7399=ORIENTED_EDGE('',*,*,#5770,.T.);
#7400=ORIENTED_EDGE('',*,*,#5771,.T.);
#7401=ORIENTED_EDGE('',*,*,#5772,.F.);
#7402=ORIENTED_EDGE('',*,*,#5773,.F.);
#7403=ORIENTED_EDGE('',*,*,#5774,.F.);
#7404=ORIENTED_EDGE('',*,*,#5770,.F.);
#7405=ORIENTED_EDGE('',*,*,#5775,.F.);
#7406=ORIENTED_EDGE('',*,*,#5776,.T.);
#7407=ORIENTED_EDGE('',*,*,#5777,.T.);
#7408=ORIENTED_EDGE('',*,*,#5778,.F.);
#7409=ORIENTED_EDGE('',*,*,#5779,.F.);
#7410=ORIENTED_EDGE('',*,*,#5780,.T.);
#7411=ORIENTED_EDGE('',*,*,#5781,.T.);
#7412=ORIENTED_EDGE('',*,*,#5776,.F.);
#7413=ORIENTED_EDGE('',*,*,#5782,.F.);
#7414=ORIENTED_EDGE('',*,*,#5783,.T.);
#7415=ORIENTED_EDGE('',*,*,#5784,.T.);
#7416=ORIENTED_EDGE('',*,*,#5780,.F.);
#7417=ORIENTED_EDGE('',*,*,#5785,.F.);
#7418=ORIENTED_EDGE('',*,*,#5778,.T.);
#7419=ORIENTED_EDGE('',*,*,#5786,.T.);
#7420=ORIENTED_EDGE('',*,*,#5783,.F.);
#7421=ORIENTED_EDGE('',*,*,#5787,.T.);
#7422=ORIENTED_EDGE('',*,*,#5788,.T.);
#7423=ORIENTED_EDGE('',*,*,#5789,.T.);
#7424=ORIENTED_EDGE('',*,*,#5756,.T.);
#7425=ORIENTED_EDGE('',*,*,#5788,.F.);
#7426=ORIENTED_EDGE('',*,*,#5790,.F.);
#7427=ORIENTED_EDGE('',*,*,#5791,.F.);
#7428=ORIENTED_EDGE('',*,*,#5792,.F.);
#7429=ORIENTED_EDGE('',*,*,#5793,.T.);
#7430=ORIENTED_EDGE('',*,*,#5794,.T.);
#7431=ORIENTED_EDGE('',*,*,#5795,.T.);
#7432=ORIENTED_EDGE('',*,*,#5791,.T.);
#7433=ORIENTED_EDGE('',*,*,#5796,.T.);
#7434=ORIENTED_EDGE('',*,*,#5768,.T.);
#7435=ORIENTED_EDGE('',*,*,#5797,.T.);
#7436=ORIENTED_EDGE('',*,*,#5798,.T.);
#7437=ORIENTED_EDGE('',*,*,#5798,.F.);
#7438=ORIENTED_EDGE('',*,*,#5799,.F.);
#7439=ORIENTED_EDGE('',*,*,#5800,.F.);
#7440=ORIENTED_EDGE('',*,*,#5801,.F.);
#7441=ORIENTED_EDGE('',*,*,#5802,.T.);
#7442=ORIENTED_EDGE('',*,*,#5800,.T.);
#7443=ORIENTED_EDGE('',*,*,#5803,.T.);
#7444=ORIENTED_EDGE('',*,*,#5804,.T.);
#7445=ORIENTED_EDGE('',*,*,#5805,.T.);
#7446=ORIENTED_EDGE('',*,*,#5806,.T.);
#7447=ORIENTED_EDGE('',*,*,#5807,.F.);
#7448=ORIENTED_EDGE('',*,*,#5808,.F.);
#7449=ORIENTED_EDGE('',*,*,#5809,.T.);
#7450=ORIENTED_EDGE('',*,*,#5808,.T.);
#7451=ORIENTED_EDGE('',*,*,#5810,.F.);
#7452=ORIENTED_EDGE('',*,*,#5811,.F.);
#7453=ORIENTED_EDGE('',*,*,#5812,.T.);
#7454=ORIENTED_EDGE('',*,*,#5811,.T.);
#7455=ORIENTED_EDGE('',*,*,#5813,.F.);
#7456=ORIENTED_EDGE('',*,*,#5814,.F.);
#7457=ORIENTED_EDGE('',*,*,#5815,.T.);
#7458=ORIENTED_EDGE('',*,*,#5814,.T.);
#7459=ORIENTED_EDGE('',*,*,#5816,.F.);
#7460=ORIENTED_EDGE('',*,*,#5806,.F.);
#7461=ORIENTED_EDGE('',*,*,#5817,.T.);
#7462=ORIENTED_EDGE('',*,*,#5818,.T.);
#7463=ORIENTED_EDGE('',*,*,#5819,.T.);
#7464=ORIENTED_EDGE('',*,*,#5820,.T.);
#7465=ORIENTED_EDGE('',*,*,#5818,.F.);
#7466=ORIENTED_EDGE('',*,*,#5821,.F.);
#7467=ORIENTED_EDGE('',*,*,#5822,.F.);
#7468=ORIENTED_EDGE('',*,*,#5823,.F.);
#7469=ORIENTED_EDGE('',*,*,#5824,.T.);
#7470=ORIENTED_EDGE('',*,*,#5764,.T.);
#7471=ORIENTED_EDGE('',*,*,#5825,.T.);
#7472=ORIENTED_EDGE('',*,*,#5822,.T.);
#7473=ORIENTED_EDGE('',*,*,#5826,.T.);
#7474=ORIENTED_EDGE('',*,*,#5827,.T.);
#7475=ORIENTED_EDGE('',*,*,#5828,.T.);
#7476=ORIENTED_EDGE('',*,*,#5829,.T.);
#7477=ORIENTED_EDGE('',*,*,#5829,.F.);
#7478=ORIENTED_EDGE('',*,*,#5830,.F.);
#7479=ORIENTED_EDGE('',*,*,#5831,.F.);
#7480=ORIENTED_EDGE('',*,*,#5832,.F.);
#7481=ORIENTED_EDGE('',*,*,#5833,.T.);
#7482=ORIENTED_EDGE('',*,*,#5831,.T.);
#7483=ORIENTED_EDGE('',*,*,#5834,.T.);
#7484=ORIENTED_EDGE('',*,*,#5773,.T.);
#7485=ORIENTED_EDGE('',*,*,#5835,.T.);
#7486=ORIENTED_EDGE('',*,*,#5836,.T.);
#7487=ORIENTED_EDGE('',*,*,#5837,.F.);
#7488=ORIENTED_EDGE('',*,*,#5838,.F.);
#7489=ORIENTED_EDGE('',*,*,#5839,.T.);
#7490=ORIENTED_EDGE('',*,*,#5838,.T.);
#7491=ORIENTED_EDGE('',*,*,#5840,.F.);
#7492=ORIENTED_EDGE('',*,*,#5841,.F.);
#7493=ORIENTED_EDGE('',*,*,#5842,.T.);
#7494=ORIENTED_EDGE('',*,*,#5841,.T.);
#7495=ORIENTED_EDGE('',*,*,#5843,.F.);
#7496=ORIENTED_EDGE('',*,*,#5844,.F.);
#7497=ORIENTED_EDGE('',*,*,#5845,.T.);
#7498=ORIENTED_EDGE('',*,*,#5844,.T.);
#7499=ORIENTED_EDGE('',*,*,#5846,.F.);
#7500=ORIENTED_EDGE('',*,*,#5836,.F.);
#7501=ORIENTED_EDGE('',*,*,#5847,.F.);
#7502=ORIENTED_EDGE('',*,*,#5820,.F.);
#7503=ORIENTED_EDGE('',*,*,#5848,.F.);
#7504=ORIENTED_EDGE('',*,*,#5849,.F.);
#7505=ORIENTED_EDGE('',*,*,#5849,.T.);
#7506=ORIENTED_EDGE('',*,*,#5850,.T.);
#7507=ORIENTED_EDGE('',*,*,#5851,.T.);
#7508=ORIENTED_EDGE('',*,*,#5852,.T.);
#7509=ORIENTED_EDGE('',*,*,#5853,.F.);
#7510=ORIENTED_EDGE('',*,*,#5851,.F.);
#7511=ORIENTED_EDGE('',*,*,#5854,.F.);
#7512=ORIENTED_EDGE('',*,*,#5855,.F.);
#7513=ORIENTED_EDGE('',*,*,#5856,.F.);
#7514=ORIENTED_EDGE('',*,*,#5857,.F.);
#7515=ORIENTED_EDGE('',*,*,#5858,.F.);
#7516=ORIENTED_EDGE('',*,*,#5827,.F.);
#7517=ORIENTED_EDGE('',*,*,#5857,.T.);
#7518=ORIENTED_EDGE('',*,*,#5859,.T.);
#7519=ORIENTED_EDGE('',*,*,#5860,.T.);
#7520=ORIENTED_EDGE('',*,*,#5861,.T.);
#7521=ORIENTED_EDGE('',*,*,#5862,.F.);
#7522=ORIENTED_EDGE('',*,*,#5863,.F.);
#7523=ORIENTED_EDGE('',*,*,#5864,.F.);
#7524=ORIENTED_EDGE('',*,*,#5860,.F.);
#7525=ORIENTED_EDGE('',*,*,#5865,.F.);
#7526=ORIENTED_EDGE('',*,*,#5866,.T.);
#7527=ORIENTED_EDGE('',*,*,#5867,.T.);
#7528=ORIENTED_EDGE('',*,*,#5868,.F.);
#7529=ORIENTED_EDGE('',*,*,#5869,.F.);
#7530=ORIENTED_EDGE('',*,*,#5870,.T.);
#7531=ORIENTED_EDGE('',*,*,#5871,.T.);
#7532=ORIENTED_EDGE('',*,*,#5866,.F.);
#7533=ORIENTED_EDGE('',*,*,#5872,.F.);
#7534=ORIENTED_EDGE('',*,*,#5873,.T.);
#7535=ORIENTED_EDGE('',*,*,#5874,.T.);
#7536=ORIENTED_EDGE('',*,*,#5870,.F.);
#7537=ORIENTED_EDGE('',*,*,#5875,.F.);
#7538=ORIENTED_EDGE('',*,*,#5868,.T.);
#7539=ORIENTED_EDGE('',*,*,#5876,.T.);
#7540=ORIENTED_EDGE('',*,*,#5873,.F.);
#7541=ORIENTED_EDGE('',*,*,#5877,.T.);
#7542=ORIENTED_EDGE('',*,*,#5878,.T.);
#7543=ORIENTED_EDGE('',*,*,#5879,.T.);
#7544=ORIENTED_EDGE('',*,*,#5880,.T.);
#7545=ORIENTED_EDGE('',*,*,#5878,.F.);
#7546=ORIENTED_EDGE('',*,*,#5881,.F.);
#7547=ORIENTED_EDGE('',*,*,#5882,.F.);
#7548=ORIENTED_EDGE('',*,*,#5883,.F.);
#7549=ORIENTED_EDGE('',*,*,#5884,.T.);
#7550=ORIENTED_EDGE('',*,*,#5885,.T.);
#7551=ORIENTED_EDGE('',*,*,#5886,.T.);
#7552=ORIENTED_EDGE('',*,*,#5882,.T.);
#7553=ORIENTED_EDGE('',*,*,#5887,.T.);
#7554=ORIENTED_EDGE('',*,*,#5888,.T.);
#7555=ORIENTED_EDGE('',*,*,#5889,.T.);
#7556=ORIENTED_EDGE('',*,*,#5890,.T.);
#7557=ORIENTED_EDGE('',*,*,#5890,.F.);
#7558=ORIENTED_EDGE('',*,*,#5891,.F.);
#7559=ORIENTED_EDGE('',*,*,#5892,.F.);
#7560=ORIENTED_EDGE('',*,*,#5893,.F.);
#7561=ORIENTED_EDGE('',*,*,#5894,.T.);
#7562=ORIENTED_EDGE('',*,*,#5892,.T.);
#7563=ORIENTED_EDGE('',*,*,#5895,.T.);
#7564=ORIENTED_EDGE('',*,*,#5896,.T.);
#7565=ORIENTED_EDGE('',*,*,#5897,.T.);
#7566=ORIENTED_EDGE('',*,*,#5898,.T.);
#7567=ORIENTED_EDGE('',*,*,#5899,.F.);
#7568=ORIENTED_EDGE('',*,*,#5900,.F.);
#7569=ORIENTED_EDGE('',*,*,#5901,.T.);
#7570=ORIENTED_EDGE('',*,*,#5900,.T.);
#7571=ORIENTED_EDGE('',*,*,#5902,.F.);
#7572=ORIENTED_EDGE('',*,*,#5903,.F.);
#7573=ORIENTED_EDGE('',*,*,#5904,.T.);
#7574=ORIENTED_EDGE('',*,*,#5903,.T.);
#7575=ORIENTED_EDGE('',*,*,#5905,.F.);
#7576=ORIENTED_EDGE('',*,*,#5906,.F.);
#7577=ORIENTED_EDGE('',*,*,#5907,.T.);
#7578=ORIENTED_EDGE('',*,*,#5906,.T.);
#7579=ORIENTED_EDGE('',*,*,#5908,.F.);
#7580=ORIENTED_EDGE('',*,*,#5898,.F.);
#7581=ORIENTED_EDGE('',*,*,#5909,.F.);
#7582=ORIENTED_EDGE('',*,*,#5880,.F.);
#7583=ORIENTED_EDGE('',*,*,#5910,.F.);
#7584=ORIENTED_EDGE('',*,*,#5911,.F.);
#7585=ORIENTED_EDGE('',*,*,#5911,.T.);
#7586=ORIENTED_EDGE('',*,*,#5912,.T.);
#7587=ORIENTED_EDGE('',*,*,#5913,.T.);
#7588=ORIENTED_EDGE('',*,*,#5914,.T.);
#7589=ORIENTED_EDGE('',*,*,#5915,.F.);
#7590=ORIENTED_EDGE('',*,*,#5913,.F.);
#7591=ORIENTED_EDGE('',*,*,#5916,.F.);
#7592=ORIENTED_EDGE('',*,*,#5794,.F.);
#7593=ORIENTED_EDGE('',*,*,#5917,.F.);
#7594=ORIENTED_EDGE('',*,*,#5918,.F.);
#7595=ORIENTED_EDGE('',*,*,#5919,.F.);
#7596=ORIENTED_EDGE('',*,*,#5888,.F.);
#7597=ORIENTED_EDGE('',*,*,#5918,.T.);
#7598=ORIENTED_EDGE('',*,*,#5920,.T.);
#7599=ORIENTED_EDGE('',*,*,#5921,.T.);
#7600=ORIENTED_EDGE('',*,*,#5922,.T.);
#7601=ORIENTED_EDGE('',*,*,#5923,.F.);
#7602=ORIENTED_EDGE('',*,*,#5804,.F.);
#7603=ORIENTED_EDGE('',*,*,#5924,.F.);
#7604=ORIENTED_EDGE('',*,*,#5921,.F.);
#7605=ORIENTED_EDGE('',*,*,#5925,.F.);
#7606=ORIENTED_EDGE('',*,*,#5926,.T.);
#7607=ORIENTED_EDGE('',*,*,#5927,.T.);
#7608=ORIENTED_EDGE('',*,*,#5928,.F.);
#7609=ORIENTED_EDGE('',*,*,#5929,.F.);
#7610=ORIENTED_EDGE('',*,*,#5930,.T.);
#7611=ORIENTED_EDGE('',*,*,#5931,.T.);
#7612=ORIENTED_EDGE('',*,*,#5926,.F.);
#7613=ORIENTED_EDGE('',*,*,#5932,.F.);
#7614=ORIENTED_EDGE('',*,*,#5933,.T.);
#7615=ORIENTED_EDGE('',*,*,#5934,.T.);
#7616=ORIENTED_EDGE('',*,*,#5930,.F.);
#7617=ORIENTED_EDGE('',*,*,#5935,.F.);
#7618=ORIENTED_EDGE('',*,*,#5928,.T.);
#7619=ORIENTED_EDGE('',*,*,#5936,.T.);
#7620=ORIENTED_EDGE('',*,*,#5933,.F.);
#7621=ORIENTED_EDGE('',*,*,#5937,.F.);
#7622=ORIENTED_EDGE('',*,*,#5938,.F.);
#7623=ORIENTED_EDGE('',*,*,#5939,.F.);
#7624=ORIENTED_EDGE('',*,*,#5940,.F.);
#7625=ORIENTED_EDGE('',*,*,#5940,.T.);
#7626=ORIENTED_EDGE('',*,*,#5941,.T.);
#7627=ORIENTED_EDGE('',*,*,#5942,.T.);
#7628=ORIENTED_EDGE('',*,*,#5943,.T.);
#7629=ORIENTED_EDGE('',*,*,#5944,.F.);
#7630=ORIENTED_EDGE('',*,*,#5942,.F.);
#7631=ORIENTED_EDGE('',*,*,#5945,.F.);
#7632=ORIENTED_EDGE('',*,*,#5885,.F.);
#7633=ORIENTED_EDGE('',*,*,#5946,.F.);
#7634=ORIENTED_EDGE('',*,*,#5947,.F.);
#7635=ORIENTED_EDGE('',*,*,#5948,.F.);
#7636=ORIENTED_EDGE('',*,*,#5949,.F.);
#7637=ORIENTED_EDGE('',*,*,#5947,.T.);
#7638=ORIENTED_EDGE('',*,*,#5950,.T.);
#7639=ORIENTED_EDGE('',*,*,#5951,.T.);
#7640=ORIENTED_EDGE('',*,*,#5952,.T.);
#7641=ORIENTED_EDGE('',*,*,#5953,.F.);
#7642=ORIENTED_EDGE('',*,*,#5896,.F.);
#7643=ORIENTED_EDGE('',*,*,#5954,.F.);
#7644=ORIENTED_EDGE('',*,*,#5951,.F.);
#7645=ORIENTED_EDGE('',*,*,#5955,.F.);
#7646=ORIENTED_EDGE('',*,*,#5956,.T.);
#7647=ORIENTED_EDGE('',*,*,#5957,.T.);
#7648=ORIENTED_EDGE('',*,*,#5958,.F.);
#7649=ORIENTED_EDGE('',*,*,#5959,.F.);
#7650=ORIENTED_EDGE('',*,*,#5960,.T.);
#7651=ORIENTED_EDGE('',*,*,#5961,.T.);
#7652=ORIENTED_EDGE('',*,*,#5956,.F.);
#7653=ORIENTED_EDGE('',*,*,#5962,.F.);
#7654=ORIENTED_EDGE('',*,*,#5963,.T.);
#7655=ORIENTED_EDGE('',*,*,#5964,.T.);
#7656=ORIENTED_EDGE('',*,*,#5960,.F.);
#7657=ORIENTED_EDGE('',*,*,#5965,.F.);
#7658=ORIENTED_EDGE('',*,*,#5958,.T.);
#7659=ORIENTED_EDGE('',*,*,#5966,.T.);
#7660=ORIENTED_EDGE('',*,*,#5963,.F.);
#7661=ORIENTED_EDGE('',*,*,#5967,.T.);
#7662=ORIENTED_EDGE('',*,*,#5968,.T.);
#7663=ORIENTED_EDGE('',*,*,#5969,.T.);
#7664=ORIENTED_EDGE('',*,*,#5938,.T.);
#7665=ORIENTED_EDGE('',*,*,#5968,.F.);
#7666=ORIENTED_EDGE('',*,*,#5970,.F.);
#7667=ORIENTED_EDGE('',*,*,#5971,.F.);
#7668=ORIENTED_EDGE('',*,*,#5972,.F.);
#7669=ORIENTED_EDGE('',*,*,#5973,.T.);
#7670=ORIENTED_EDGE('',*,*,#5974,.T.);
#7671=ORIENTED_EDGE('',*,*,#5975,.T.);
#7672=ORIENTED_EDGE('',*,*,#5971,.T.);
#7673=ORIENTED_EDGE('',*,*,#5976,.T.);
#7674=ORIENTED_EDGE('',*,*,#5949,.T.);
#7675=ORIENTED_EDGE('',*,*,#5977,.T.);
#7676=ORIENTED_EDGE('',*,*,#5978,.T.);
#7677=ORIENTED_EDGE('',*,*,#5978,.F.);
#7678=ORIENTED_EDGE('',*,*,#5979,.F.);
#7679=ORIENTED_EDGE('',*,*,#5980,.F.);
#7680=ORIENTED_EDGE('',*,*,#5981,.F.);
#7681=ORIENTED_EDGE('',*,*,#5982,.T.);
#7682=ORIENTED_EDGE('',*,*,#5980,.T.);
#7683=ORIENTED_EDGE('',*,*,#5983,.T.);
#7684=ORIENTED_EDGE('',*,*,#5984,.T.);
#7685=ORIENTED_EDGE('',*,*,#5985,.T.);
#7686=ORIENTED_EDGE('',*,*,#5986,.T.);
#7687=ORIENTED_EDGE('',*,*,#5987,.F.);
#7688=ORIENTED_EDGE('',*,*,#5988,.F.);
#7689=ORIENTED_EDGE('',*,*,#5989,.T.);
#7690=ORIENTED_EDGE('',*,*,#5988,.T.);
#7691=ORIENTED_EDGE('',*,*,#5990,.F.);
#7692=ORIENTED_EDGE('',*,*,#5991,.F.);
#7693=ORIENTED_EDGE('',*,*,#5992,.T.);
#7694=ORIENTED_EDGE('',*,*,#5991,.T.);
#7695=ORIENTED_EDGE('',*,*,#5993,.F.);
#7696=ORIENTED_EDGE('',*,*,#5994,.F.);
#7697=ORIENTED_EDGE('',*,*,#5995,.T.);
#7698=ORIENTED_EDGE('',*,*,#5994,.T.);
#7699=ORIENTED_EDGE('',*,*,#5996,.F.);
#7700=ORIENTED_EDGE('',*,*,#5986,.F.);
#7701=ORIENTED_EDGE('',*,*,#5997,.T.);
#7702=ORIENTED_EDGE('',*,*,#5998,.T.);
#7703=ORIENTED_EDGE('',*,*,#5999,.T.);
#7704=ORIENTED_EDGE('',*,*,#6000,.T.);
#7705=ORIENTED_EDGE('',*,*,#5998,.F.);
#7706=ORIENTED_EDGE('',*,*,#6001,.F.);
#7707=ORIENTED_EDGE('',*,*,#6002,.F.);
#7708=ORIENTED_EDGE('',*,*,#6003,.F.);
#7709=ORIENTED_EDGE('',*,*,#6004,.T.);
#7710=ORIENTED_EDGE('',*,*,#6005,.T.);
#7711=ORIENTED_EDGE('',*,*,#6006,.T.);
#7712=ORIENTED_EDGE('',*,*,#6002,.T.);
#7713=ORIENTED_EDGE('',*,*,#6007,.T.);
#7714=ORIENTED_EDGE('',*,*,#6008,.T.);
#7715=ORIENTED_EDGE('',*,*,#6009,.T.);
#7716=ORIENTED_EDGE('',*,*,#6010,.T.);
#7717=ORIENTED_EDGE('',*,*,#6010,.F.);
#7718=ORIENTED_EDGE('',*,*,#6011,.F.);
#7719=ORIENTED_EDGE('',*,*,#6012,.F.);
#7720=ORIENTED_EDGE('',*,*,#6013,.F.);
#7721=ORIENTED_EDGE('',*,*,#6014,.T.);
#7722=ORIENTED_EDGE('',*,*,#6012,.T.);
#7723=ORIENTED_EDGE('',*,*,#6015,.T.);
#7724=ORIENTED_EDGE('',*,*,#6016,.T.);
#7725=ORIENTED_EDGE('',*,*,#6017,.T.);
#7726=ORIENTED_EDGE('',*,*,#6018,.T.);
#7727=ORIENTED_EDGE('',*,*,#6019,.F.);
#7728=ORIENTED_EDGE('',*,*,#6020,.F.);
#7729=ORIENTED_EDGE('',*,*,#6021,.T.);
#7730=ORIENTED_EDGE('',*,*,#6020,.T.);
#7731=ORIENTED_EDGE('',*,*,#6022,.F.);
#7732=ORIENTED_EDGE('',*,*,#6023,.F.);
#7733=ORIENTED_EDGE('',*,*,#6024,.T.);
#7734=ORIENTED_EDGE('',*,*,#6023,.T.);
#7735=ORIENTED_EDGE('',*,*,#6025,.F.);
#7736=ORIENTED_EDGE('',*,*,#6026,.F.);
#7737=ORIENTED_EDGE('',*,*,#6027,.T.);
#7738=ORIENTED_EDGE('',*,*,#6026,.T.);
#7739=ORIENTED_EDGE('',*,*,#6028,.F.);
#7740=ORIENTED_EDGE('',*,*,#6018,.F.);
#7741=ORIENTED_EDGE('',*,*,#6029,.F.);
#7742=ORIENTED_EDGE('',*,*,#6000,.F.);
#7743=ORIENTED_EDGE('',*,*,#6030,.F.);
#7744=ORIENTED_EDGE('',*,*,#6031,.F.);
#7745=ORIENTED_EDGE('',*,*,#6031,.T.);
#7746=ORIENTED_EDGE('',*,*,#6032,.T.);
#7747=ORIENTED_EDGE('',*,*,#6033,.T.);
#7748=ORIENTED_EDGE('',*,*,#6034,.T.);
#7749=ORIENTED_EDGE('',*,*,#6035,.F.);
#7750=ORIENTED_EDGE('',*,*,#6033,.F.);
#7751=ORIENTED_EDGE('',*,*,#6036,.F.);
#7752=ORIENTED_EDGE('',*,*,#6037,.F.);
#7753=ORIENTED_EDGE('',*,*,#6038,.F.);
#7754=ORIENTED_EDGE('',*,*,#6039,.F.);
#7755=ORIENTED_EDGE('',*,*,#6040,.F.);
#7756=ORIENTED_EDGE('',*,*,#6008,.F.);
#7757=ORIENTED_EDGE('',*,*,#6039,.T.);
#7758=ORIENTED_EDGE('',*,*,#6041,.T.);
#7759=ORIENTED_EDGE('',*,*,#6042,.T.);
#7760=ORIENTED_EDGE('',*,*,#6043,.T.);
#7761=ORIENTED_EDGE('',*,*,#6044,.F.);
#7762=ORIENTED_EDGE('',*,*,#6045,.F.);
#7763=ORIENTED_EDGE('',*,*,#6046,.F.);
#7764=ORIENTED_EDGE('',*,*,#6042,.F.);
#7765=ORIENTED_EDGE('',*,*,#6047,.F.);
#7766=ORIENTED_EDGE('',*,*,#6048,.T.);
#7767=ORIENTED_EDGE('',*,*,#6049,.T.);
#7768=ORIENTED_EDGE('',*,*,#6050,.F.);
#7769=ORIENTED_EDGE('',*,*,#6051,.F.);
#7770=ORIENTED_EDGE('',*,*,#6052,.T.);
#7771=ORIENTED_EDGE('',*,*,#6053,.T.);
#7772=ORIENTED_EDGE('',*,*,#6048,.F.);
#7773=ORIENTED_EDGE('',*,*,#6054,.F.);
#7774=ORIENTED_EDGE('',*,*,#6055,.T.);
#7775=ORIENTED_EDGE('',*,*,#6056,.T.);
#7776=ORIENTED_EDGE('',*,*,#6052,.F.);
#7777=ORIENTED_EDGE('',*,*,#6057,.F.);
#7778=ORIENTED_EDGE('',*,*,#6050,.T.);
#7779=ORIENTED_EDGE('',*,*,#6058,.T.);
#7780=ORIENTED_EDGE('',*,*,#6055,.F.);
#7781=ORIENTED_EDGE('',*,*,#6059,.F.);
#7782=ORIENTED_EDGE('',*,*,#6060,.F.);
#7783=ORIENTED_EDGE('',*,*,#6061,.F.);
#7784=ORIENTED_EDGE('',*,*,#6062,.F.);
#7785=ORIENTED_EDGE('',*,*,#6062,.T.);
#7786=ORIENTED_EDGE('',*,*,#6063,.T.);
#7787=ORIENTED_EDGE('',*,*,#6064,.T.);
#7788=ORIENTED_EDGE('',*,*,#6065,.T.);
#7789=ORIENTED_EDGE('',*,*,#6066,.F.);
#7790=ORIENTED_EDGE('',*,*,#6064,.F.);
#7791=ORIENTED_EDGE('',*,*,#6067,.F.);
#7792=ORIENTED_EDGE('',*,*,#6005,.F.);
#7793=ORIENTED_EDGE('',*,*,#6068,.F.);
#7794=ORIENTED_EDGE('',*,*,#6069,.F.);
#7795=ORIENTED_EDGE('',*,*,#6070,.F.);
#7796=ORIENTED_EDGE('',*,*,#6071,.F.);
#7797=ORIENTED_EDGE('',*,*,#6069,.T.);
#7798=ORIENTED_EDGE('',*,*,#6072,.T.);
#7799=ORIENTED_EDGE('',*,*,#6073,.T.);
#7800=ORIENTED_EDGE('',*,*,#6074,.T.);
#7801=ORIENTED_EDGE('',*,*,#6075,.F.);
#7802=ORIENTED_EDGE('',*,*,#6016,.F.);
#7803=ORIENTED_EDGE('',*,*,#6076,.F.);
#7804=ORIENTED_EDGE('',*,*,#6073,.F.);
#7805=ORIENTED_EDGE('',*,*,#6077,.F.);
#7806=ORIENTED_EDGE('',*,*,#6078,.T.);
#7807=ORIENTED_EDGE('',*,*,#6079,.T.);
#7808=ORIENTED_EDGE('',*,*,#6080,.F.);
#7809=ORIENTED_EDGE('',*,*,#6081,.F.);
#7810=ORIENTED_EDGE('',*,*,#6082,.T.);
#7811=ORIENTED_EDGE('',*,*,#6083,.T.);
#7812=ORIENTED_EDGE('',*,*,#6078,.F.);
#7813=ORIENTED_EDGE('',*,*,#6084,.F.);
#7814=ORIENTED_EDGE('',*,*,#6085,.T.);
#7815=ORIENTED_EDGE('',*,*,#6086,.T.);
#7816=ORIENTED_EDGE('',*,*,#6082,.F.);
#7817=ORIENTED_EDGE('',*,*,#6087,.F.);
#7818=ORIENTED_EDGE('',*,*,#6080,.T.);
#7819=ORIENTED_EDGE('',*,*,#6088,.T.);
#7820=ORIENTED_EDGE('',*,*,#6085,.F.);
#7821=ORIENTED_EDGE('',*,*,#6089,.T.);
#7822=ORIENTED_EDGE('',*,*,#6090,.T.);
#7823=ORIENTED_EDGE('',*,*,#6091,.T.);
#7824=ORIENTED_EDGE('',*,*,#6060,.T.);
#7825=ORIENTED_EDGE('',*,*,#6090,.F.);
#7826=ORIENTED_EDGE('',*,*,#6092,.F.);
#7827=ORIENTED_EDGE('',*,*,#6093,.F.);
#7828=ORIENTED_EDGE('',*,*,#6094,.F.);
#7829=ORIENTED_EDGE('',*,*,#6095,.T.);
#7830=ORIENTED_EDGE('',*,*,#5855,.T.);
#7831=ORIENTED_EDGE('',*,*,#6096,.T.);
#7832=ORIENTED_EDGE('',*,*,#6093,.T.);
#7833=ORIENTED_EDGE('',*,*,#6097,.T.);
#7834=ORIENTED_EDGE('',*,*,#6071,.T.);
#7835=ORIENTED_EDGE('',*,*,#6098,.T.);
#7836=ORIENTED_EDGE('',*,*,#6099,.T.);
#7837=ORIENTED_EDGE('',*,*,#6099,.F.);
#7838=ORIENTED_EDGE('',*,*,#6100,.F.);
#7839=ORIENTED_EDGE('',*,*,#6101,.F.);
#7840=ORIENTED_EDGE('',*,*,#6102,.F.);
#7841=ORIENTED_EDGE('',*,*,#6103,.T.);
#7842=ORIENTED_EDGE('',*,*,#6101,.T.);
#7843=ORIENTED_EDGE('',*,*,#6104,.T.);
#7844=ORIENTED_EDGE('',*,*,#5863,.T.);
#7845=ORIENTED_EDGE('',*,*,#6105,.T.);
#7846=ORIENTED_EDGE('',*,*,#6106,.T.);
#7847=ORIENTED_EDGE('',*,*,#6107,.F.);
#7848=ORIENTED_EDGE('',*,*,#6108,.F.);
#7849=ORIENTED_EDGE('',*,*,#6109,.T.);
#7850=ORIENTED_EDGE('',*,*,#6108,.T.);
#7851=ORIENTED_EDGE('',*,*,#6110,.F.);
#7852=ORIENTED_EDGE('',*,*,#6111,.F.);
#7853=ORIENTED_EDGE('',*,*,#6112,.T.);
#7854=ORIENTED_EDGE('',*,*,#6111,.T.);
#7855=ORIENTED_EDGE('',*,*,#6113,.F.);
#7856=ORIENTED_EDGE('',*,*,#6114,.F.);
#7857=ORIENTED_EDGE('',*,*,#6115,.T.);
#7858=ORIENTED_EDGE('',*,*,#6114,.T.);
#7859=ORIENTED_EDGE('',*,*,#6116,.F.);
#7860=ORIENTED_EDGE('',*,*,#6106,.F.);
#7861=ORIENTED_EDGE('',*,*,#6117,.F.);
#7862=ORIENTED_EDGE('',*,*,#6118,.F.);
#7863=ORIENTED_EDGE('',*,*,#6119,.F.);
#7864=ORIENTED_EDGE('',*,*,#6120,.F.);
#7865=ORIENTED_EDGE('',*,*,#6120,.T.);
#7866=ORIENTED_EDGE('',*,*,#6121,.T.);
#7867=ORIENTED_EDGE('',*,*,#6122,.T.);
#7868=ORIENTED_EDGE('',*,*,#6123,.T.);
#7869=ORIENTED_EDGE('',*,*,#6124,.F.);
#7870=ORIENTED_EDGE('',*,*,#6122,.F.);
#7871=ORIENTED_EDGE('',*,*,#6125,.F.);
#7872=ORIENTED_EDGE('',*,*,#6126,.F.);
#7873=ORIENTED_EDGE('',*,*,#6127,.F.);
#7874=ORIENTED_EDGE('',*,*,#6128,.F.);
#7875=ORIENTED_EDGE('',*,*,#6129,.F.);
#7876=ORIENTED_EDGE('',*,*,#6130,.F.);
#7877=ORIENTED_EDGE('',*,*,#6128,.T.);
#7878=ORIENTED_EDGE('',*,*,#6131,.T.);
#7879=ORIENTED_EDGE('',*,*,#6132,.T.);
#7880=ORIENTED_EDGE('',*,*,#6133,.T.);
#7881=ORIENTED_EDGE('',*,*,#6134,.F.);
#7882=ORIENTED_EDGE('',*,*,#6135,.F.);
#7883=ORIENTED_EDGE('',*,*,#6136,.F.);
#7884=ORIENTED_EDGE('',*,*,#6132,.F.);
#7885=ORIENTED_EDGE('',*,*,#6137,.F.);
#7886=ORIENTED_EDGE('',*,*,#6138,.T.);
#7887=ORIENTED_EDGE('',*,*,#6139,.T.);
#7888=ORIENTED_EDGE('',*,*,#6140,.F.);
#7889=ORIENTED_EDGE('',*,*,#6141,.F.);
#7890=ORIENTED_EDGE('',*,*,#6142,.T.);
#7891=ORIENTED_EDGE('',*,*,#6143,.T.);
#7892=ORIENTED_EDGE('',*,*,#6138,.F.);
#7893=ORIENTED_EDGE('',*,*,#6144,.F.);
#7894=ORIENTED_EDGE('',*,*,#6145,.T.);
#7895=ORIENTED_EDGE('',*,*,#6146,.T.);
#7896=ORIENTED_EDGE('',*,*,#6142,.F.);
#7897=ORIENTED_EDGE('',*,*,#6147,.F.);
#7898=ORIENTED_EDGE('',*,*,#6140,.T.);
#7899=ORIENTED_EDGE('',*,*,#6148,.T.);
#7900=ORIENTED_EDGE('',*,*,#6145,.F.);
#7901=ORIENTED_EDGE('',*,*,#6149,.T.);
#7902=ORIENTED_EDGE('',*,*,#6150,.T.);
#7903=ORIENTED_EDGE('',*,*,#6151,.T.);
#7904=ORIENTED_EDGE('',*,*,#6118,.T.);
#7905=ORIENTED_EDGE('',*,*,#6150,.F.);
#7906=ORIENTED_EDGE('',*,*,#6152,.F.);
#7907=ORIENTED_EDGE('',*,*,#6153,.F.);
#7908=ORIENTED_EDGE('',*,*,#6154,.F.);
#7909=ORIENTED_EDGE('',*,*,#6155,.T.);
#7910=ORIENTED_EDGE('',*,*,#6037,.T.);
#7911=ORIENTED_EDGE('',*,*,#6156,.T.);
#7912=ORIENTED_EDGE('',*,*,#6153,.T.);
#7913=ORIENTED_EDGE('',*,*,#6157,.T.);
#7914=ORIENTED_EDGE('',*,*,#6130,.T.);
#7915=ORIENTED_EDGE('',*,*,#6158,.T.);
#7916=ORIENTED_EDGE('',*,*,#6159,.T.);
#7917=ORIENTED_EDGE('',*,*,#6159,.F.);
#7918=ORIENTED_EDGE('',*,*,#6160,.F.);
#7919=ORIENTED_EDGE('',*,*,#6161,.F.);
#7920=ORIENTED_EDGE('',*,*,#6162,.F.);
#7921=ORIENTED_EDGE('',*,*,#6163,.T.);
#7922=ORIENTED_EDGE('',*,*,#6161,.T.);
#7923=ORIENTED_EDGE('',*,*,#6164,.T.);
#7924=ORIENTED_EDGE('',*,*,#6045,.T.);
#7925=ORIENTED_EDGE('',*,*,#6165,.T.);
#7926=ORIENTED_EDGE('',*,*,#6166,.T.);
#7927=ORIENTED_EDGE('',*,*,#6167,.F.);
#7928=ORIENTED_EDGE('',*,*,#6168,.F.);
#7929=ORIENTED_EDGE('',*,*,#6169,.T.);
#7930=ORIENTED_EDGE('',*,*,#6168,.T.);
#7931=ORIENTED_EDGE('',*,*,#6170,.F.);
#7932=ORIENTED_EDGE('',*,*,#6171,.F.);
#7933=ORIENTED_EDGE('',*,*,#6172,.T.);
#7934=ORIENTED_EDGE('',*,*,#6171,.T.);
#7935=ORIENTED_EDGE('',*,*,#6173,.F.);
#7936=ORIENTED_EDGE('',*,*,#6174,.F.);
#7937=ORIENTED_EDGE('',*,*,#6175,.T.);
#7938=ORIENTED_EDGE('',*,*,#6174,.T.);
#7939=ORIENTED_EDGE('',*,*,#6176,.F.);
#7940=ORIENTED_EDGE('',*,*,#6166,.F.);
#7941=ORIENTED_EDGE('',*,*,#6177,.T.);
#7942=ORIENTED_EDGE('',*,*,#6178,.T.);
#7943=ORIENTED_EDGE('',*,*,#6179,.T.);
#7944=ORIENTED_EDGE('',*,*,#6180,.T.);
#7945=ORIENTED_EDGE('',*,*,#6178,.F.);
#7946=ORIENTED_EDGE('',*,*,#6181,.F.);
#7947=ORIENTED_EDGE('',*,*,#6182,.F.);
#7948=ORIENTED_EDGE('',*,*,#6183,.F.);
#7949=ORIENTED_EDGE('',*,*,#6184,.T.);
#7950=ORIENTED_EDGE('',*,*,#6126,.T.);
#7951=ORIENTED_EDGE('',*,*,#6185,.T.);
#7952=ORIENTED_EDGE('',*,*,#6182,.T.);
#7953=ORIENTED_EDGE('',*,*,#6186,.T.);
#7954=ORIENTED_EDGE('',*,*,#6187,.T.);
#7955=ORIENTED_EDGE('',*,*,#6188,.T.);
#7956=ORIENTED_EDGE('',*,*,#6189,.T.);
#7957=ORIENTED_EDGE('',*,*,#6189,.F.);
#7958=ORIENTED_EDGE('',*,*,#6190,.F.);
#7959=ORIENTED_EDGE('',*,*,#6191,.F.);
#7960=ORIENTED_EDGE('',*,*,#6192,.F.);
#7961=ORIENTED_EDGE('',*,*,#6193,.T.);
#7962=ORIENTED_EDGE('',*,*,#6191,.T.);
#7963=ORIENTED_EDGE('',*,*,#6194,.T.);
#7964=ORIENTED_EDGE('',*,*,#6135,.T.);
#7965=ORIENTED_EDGE('',*,*,#6195,.T.);
#7966=ORIENTED_EDGE('',*,*,#6196,.T.);
#7967=ORIENTED_EDGE('',*,*,#6197,.F.);
#7968=ORIENTED_EDGE('',*,*,#6198,.F.);
#7969=ORIENTED_EDGE('',*,*,#6199,.T.);
#7970=ORIENTED_EDGE('',*,*,#6198,.T.);
#7971=ORIENTED_EDGE('',*,*,#6200,.F.);
#7972=ORIENTED_EDGE('',*,*,#6201,.F.);
#7973=ORIENTED_EDGE('',*,*,#6202,.T.);
#7974=ORIENTED_EDGE('',*,*,#6201,.T.);
#7975=ORIENTED_EDGE('',*,*,#6203,.F.);
#7976=ORIENTED_EDGE('',*,*,#6204,.F.);
#7977=ORIENTED_EDGE('',*,*,#6205,.T.);
#7978=ORIENTED_EDGE('',*,*,#6204,.T.);
#7979=ORIENTED_EDGE('',*,*,#6206,.F.);
#7980=ORIENTED_EDGE('',*,*,#6196,.F.);
#7981=ORIENTED_EDGE('',*,*,#6207,.F.);
#7982=ORIENTED_EDGE('',*,*,#6180,.F.);
#7983=ORIENTED_EDGE('',*,*,#6208,.F.);
#7984=ORIENTED_EDGE('',*,*,#6209,.F.);
#7985=ORIENTED_EDGE('',*,*,#6209,.T.);
#7986=ORIENTED_EDGE('',*,*,#6210,.T.);
#7987=ORIENTED_EDGE('',*,*,#6211,.T.);
#7988=ORIENTED_EDGE('',*,*,#6212,.T.);
#7989=ORIENTED_EDGE('',*,*,#6213,.F.);
#7990=ORIENTED_EDGE('',*,*,#6211,.F.);
#7991=ORIENTED_EDGE('',*,*,#6214,.F.);
#7992=ORIENTED_EDGE('',*,*,#6215,.F.);
#7993=ORIENTED_EDGE('',*,*,#6216,.F.);
#7994=ORIENTED_EDGE('',*,*,#6217,.F.);
#7995=ORIENTED_EDGE('',*,*,#6218,.F.);
#7996=ORIENTED_EDGE('',*,*,#6187,.F.);
#7997=ORIENTED_EDGE('',*,*,#6217,.T.);
#7998=ORIENTED_EDGE('',*,*,#6219,.T.);
#7999=ORIENTED_EDGE('',*,*,#6220,.T.);
#8000=ORIENTED_EDGE('',*,*,#6221,.T.);
#8001=ORIENTED_EDGE('',*,*,#6222,.F.);
#8002=ORIENTED_EDGE('',*,*,#6223,.F.);
#8003=ORIENTED_EDGE('',*,*,#6224,.F.);
#8004=ORIENTED_EDGE('',*,*,#6220,.F.);
#8005=ORIENTED_EDGE('',*,*,#6225,.F.);
#8006=ORIENTED_EDGE('',*,*,#6226,.T.);
#8007=ORIENTED_EDGE('',*,*,#6227,.T.);
#8008=ORIENTED_EDGE('',*,*,#6228,.F.);
#8009=ORIENTED_EDGE('',*,*,#6229,.F.);
#8010=ORIENTED_EDGE('',*,*,#6230,.T.);
#8011=ORIENTED_EDGE('',*,*,#6231,.T.);
#8012=ORIENTED_EDGE('',*,*,#6226,.F.);
#8013=ORIENTED_EDGE('',*,*,#6232,.F.);
#8014=ORIENTED_EDGE('',*,*,#6233,.T.);
#8015=ORIENTED_EDGE('',*,*,#6234,.T.);
#8016=ORIENTED_EDGE('',*,*,#6230,.F.);
#8017=ORIENTED_EDGE('',*,*,#6235,.F.);
#8018=ORIENTED_EDGE('',*,*,#6228,.T.);
#8019=ORIENTED_EDGE('',*,*,#6236,.T.);
#8020=ORIENTED_EDGE('',*,*,#6233,.F.);
#8021=ORIENTED_EDGE('',*,*,#6215,.T.);
#8022=ORIENTED_EDGE('',*,*,#6237,.T.);
#8023=ORIENTED_EDGE('',*,*,#6223,.T.);
#8024=ORIENTED_EDGE('',*,*,#6238,.T.);
#8025=ORIENTED_EDGE('',*,*,#6239,.T.);
#8026=ORIENTED_EDGE('',*,*,#6240,.T.);
#8027=ORIENTED_EDGE('',*,*,#6241,.T.);
#8028=ORIENTED_EDGE('',*,*,#6242,.T.);
#8029=ORIENTED_EDGE('',*,*,#6240,.F.);
#8030=ORIENTED_EDGE('',*,*,#6243,.F.);
#8031=ORIENTED_EDGE('',*,*,#6244,.F.);
#8032=ORIENTED_EDGE('',*,*,#6245,.F.);
#8033=ORIENTED_EDGE('',*,*,#6246,.T.);
#8034=ORIENTED_EDGE('',*,*,#6247,.T.);
#8035=ORIENTED_EDGE('',*,*,#6248,.T.);
#8036=ORIENTED_EDGE('',*,*,#6244,.T.);
#8037=ORIENTED_EDGE('',*,*,#6249,.T.);
#8038=ORIENTED_EDGE('',*,*,#6250,.T.);
#8039=ORIENTED_EDGE('',*,*,#6251,.T.);
#8040=ORIENTED_EDGE('',*,*,#6252,.T.);
#8041=ORIENTED_EDGE('',*,*,#6252,.F.);
#8042=ORIENTED_EDGE('',*,*,#6253,.F.);
#8043=ORIENTED_EDGE('',*,*,#6254,.F.);
#8044=ORIENTED_EDGE('',*,*,#6255,.F.);
#8045=ORIENTED_EDGE('',*,*,#6256,.T.);
#8046=ORIENTED_EDGE('',*,*,#6254,.T.);
#8047=ORIENTED_EDGE('',*,*,#6257,.T.);
#8048=ORIENTED_EDGE('',*,*,#6258,.T.);
#8049=ORIENTED_EDGE('',*,*,#6259,.T.);
#8050=ORIENTED_EDGE('',*,*,#6260,.T.);
#8051=ORIENTED_EDGE('',*,*,#6261,.F.);
#8052=ORIENTED_EDGE('',*,*,#6262,.F.);
#8053=ORIENTED_EDGE('',*,*,#6263,.T.);
#8054=ORIENTED_EDGE('',*,*,#6262,.T.);
#8055=ORIENTED_EDGE('',*,*,#6264,.F.);
#8056=ORIENTED_EDGE('',*,*,#6265,.F.);
#8057=ORIENTED_EDGE('',*,*,#6266,.T.);
#8058=ORIENTED_EDGE('',*,*,#6265,.T.);
#8059=ORIENTED_EDGE('',*,*,#6267,.F.);
#8060=ORIENTED_EDGE('',*,*,#6268,.F.);
#8061=ORIENTED_EDGE('',*,*,#6269,.T.);
#8062=ORIENTED_EDGE('',*,*,#6268,.T.);
#8063=ORIENTED_EDGE('',*,*,#6270,.F.);
#8064=ORIENTED_EDGE('',*,*,#6260,.F.);
#8065=ORIENTED_EDGE('',*,*,#6271,.F.);
#8066=ORIENTED_EDGE('',*,*,#6242,.F.);
#8067=ORIENTED_EDGE('',*,*,#6272,.F.);
#8068=ORIENTED_EDGE('',*,*,#6273,.F.);
#8069=ORIENTED_EDGE('',*,*,#6273,.T.);
#8070=ORIENTED_EDGE('',*,*,#6274,.T.);
#8071=ORIENTED_EDGE('',*,*,#6275,.T.);
#8072=ORIENTED_EDGE('',*,*,#6276,.T.);
#8073=ORIENTED_EDGE('',*,*,#6277,.F.);
#8074=ORIENTED_EDGE('',*,*,#6275,.F.);
#8075=ORIENTED_EDGE('',*,*,#6278,.F.);
#8076=ORIENTED_EDGE('',*,*,#6279,.F.);
#8077=ORIENTED_EDGE('',*,*,#6280,.F.);
#8078=ORIENTED_EDGE('',*,*,#6281,.F.);
#8079=ORIENTED_EDGE('',*,*,#6282,.F.);
#8080=ORIENTED_EDGE('',*,*,#6250,.F.);
#8081=ORIENTED_EDGE('',*,*,#6281,.T.);
#8082=ORIENTED_EDGE('',*,*,#6283,.T.);
#8083=ORIENTED_EDGE('',*,*,#6284,.T.);
#8084=ORIENTED_EDGE('',*,*,#6285,.T.);
#8085=ORIENTED_EDGE('',*,*,#6286,.F.);
#8086=ORIENTED_EDGE('',*,*,#6287,.F.);
#8087=ORIENTED_EDGE('',*,*,#6288,.F.);
#8088=ORIENTED_EDGE('',*,*,#6284,.F.);
#8089=ORIENTED_EDGE('',*,*,#6289,.F.);
#8090=ORIENTED_EDGE('',*,*,#6290,.T.);
#8091=ORIENTED_EDGE('',*,*,#6291,.T.);
#8092=ORIENTED_EDGE('',*,*,#6292,.F.);
#8093=ORIENTED_EDGE('',*,*,#6293,.F.);
#8094=ORIENTED_EDGE('',*,*,#6294,.T.);
#8095=ORIENTED_EDGE('',*,*,#6295,.T.);
#8096=ORIENTED_EDGE('',*,*,#6290,.F.);
#8097=ORIENTED_EDGE('',*,*,#6296,.F.);
#8098=ORIENTED_EDGE('',*,*,#6297,.T.);
#8099=ORIENTED_EDGE('',*,*,#6298,.T.);
#8100=ORIENTED_EDGE('',*,*,#6294,.F.);
#8101=ORIENTED_EDGE('',*,*,#6299,.F.);
#8102=ORIENTED_EDGE('',*,*,#6292,.T.);
#8103=ORIENTED_EDGE('',*,*,#6300,.T.);
#8104=ORIENTED_EDGE('',*,*,#6297,.F.);
#8105=ORIENTED_EDGE('',*,*,#6301,.F.);
#8106=ORIENTED_EDGE('',*,*,#6302,.F.);
#8107=ORIENTED_EDGE('',*,*,#6303,.F.);
#8108=ORIENTED_EDGE('',*,*,#6304,.F.);
#8109=ORIENTED_EDGE('',*,*,#6304,.T.);
#8110=ORIENTED_EDGE('',*,*,#6305,.T.);
#8111=ORIENTED_EDGE('',*,*,#6306,.T.);
#8112=ORIENTED_EDGE('',*,*,#6307,.T.);
#8113=ORIENTED_EDGE('',*,*,#6308,.F.);
#8114=ORIENTED_EDGE('',*,*,#6306,.F.);
#8115=ORIENTED_EDGE('',*,*,#6309,.F.);
#8116=ORIENTED_EDGE('',*,*,#6247,.F.);
#8117=ORIENTED_EDGE('',*,*,#6310,.F.);
#8118=ORIENTED_EDGE('',*,*,#6311,.F.);
#8119=ORIENTED_EDGE('',*,*,#6312,.F.);
#8120=ORIENTED_EDGE('',*,*,#6313,.F.);
#8121=ORIENTED_EDGE('',*,*,#6311,.T.);
#8122=ORIENTED_EDGE('',*,*,#6314,.T.);
#8123=ORIENTED_EDGE('',*,*,#6315,.T.);
#8124=ORIENTED_EDGE('',*,*,#6316,.T.);
#8125=ORIENTED_EDGE('',*,*,#6317,.F.);
#8126=ORIENTED_EDGE('',*,*,#6258,.F.);
#8127=ORIENTED_EDGE('',*,*,#6318,.F.);
#8128=ORIENTED_EDGE('',*,*,#6315,.F.);
#8129=ORIENTED_EDGE('',*,*,#6319,.F.);
#8130=ORIENTED_EDGE('',*,*,#6320,.T.);
#8131=ORIENTED_EDGE('',*,*,#6321,.T.);
#8132=ORIENTED_EDGE('',*,*,#6322,.F.);
#8133=ORIENTED_EDGE('',*,*,#6323,.F.);
#8134=ORIENTED_EDGE('',*,*,#6324,.T.);
#8135=ORIENTED_EDGE('',*,*,#6325,.T.);
#8136=ORIENTED_EDGE('',*,*,#6320,.F.);
#8137=ORIENTED_EDGE('',*,*,#6326,.F.);
#8138=ORIENTED_EDGE('',*,*,#6327,.T.);
#8139=ORIENTED_EDGE('',*,*,#6328,.T.);
#8140=ORIENTED_EDGE('',*,*,#6324,.F.);
#8141=ORIENTED_EDGE('',*,*,#6329,.F.);
#8142=ORIENTED_EDGE('',*,*,#6322,.T.);
#8143=ORIENTED_EDGE('',*,*,#6330,.T.);
#8144=ORIENTED_EDGE('',*,*,#6327,.F.);
#8145=ORIENTED_EDGE('',*,*,#6331,.T.);
#8146=ORIENTED_EDGE('',*,*,#6332,.T.);
#8147=ORIENTED_EDGE('',*,*,#6333,.T.);
#8148=ORIENTED_EDGE('',*,*,#6302,.T.);
#8149=ORIENTED_EDGE('',*,*,#6332,.F.);
#8150=ORIENTED_EDGE('',*,*,#6334,.F.);
#8151=ORIENTED_EDGE('',*,*,#6335,.F.);
#8152=ORIENTED_EDGE('',*,*,#6336,.F.);
#8153=ORIENTED_EDGE('',*,*,#6337,.T.);
#8154=ORIENTED_EDGE('',*,*,#6338,.T.);
#8155=ORIENTED_EDGE('',*,*,#6339,.T.);
#8156=ORIENTED_EDGE('',*,*,#6335,.T.);
#8157=ORIENTED_EDGE('',*,*,#6340,.T.);
#8158=ORIENTED_EDGE('',*,*,#6313,.T.);
#8159=ORIENTED_EDGE('',*,*,#6341,.T.);
#8160=ORIENTED_EDGE('',*,*,#6342,.T.);
#8161=ORIENTED_EDGE('',*,*,#6342,.F.);
#8162=ORIENTED_EDGE('',*,*,#6343,.F.);
#8163=ORIENTED_EDGE('',*,*,#6344,.F.);
#8164=ORIENTED_EDGE('',*,*,#6345,.F.);
#8165=ORIENTED_EDGE('',*,*,#6346,.T.);
#8166=ORIENTED_EDGE('',*,*,#6344,.T.);
#8167=ORIENTED_EDGE('',*,*,#6347,.T.);
#8168=ORIENTED_EDGE('',*,*,#6348,.T.);
#8169=ORIENTED_EDGE('',*,*,#6349,.T.);
#8170=ORIENTED_EDGE('',*,*,#6350,.T.);
#8171=ORIENTED_EDGE('',*,*,#6351,.F.);
#8172=ORIENTED_EDGE('',*,*,#6352,.F.);
#8173=ORIENTED_EDGE('',*,*,#6353,.T.);
#8174=ORIENTED_EDGE('',*,*,#6352,.T.);
#8175=ORIENTED_EDGE('',*,*,#6354,.F.);
#8176=ORIENTED_EDGE('',*,*,#6355,.F.);
#8177=ORIENTED_EDGE('',*,*,#6356,.T.);
#8178=ORIENTED_EDGE('',*,*,#6355,.T.);
#8179=ORIENTED_EDGE('',*,*,#6357,.F.);
#8180=ORIENTED_EDGE('',*,*,#6358,.F.);
#8181=ORIENTED_EDGE('',*,*,#6359,.T.);
#8182=ORIENTED_EDGE('',*,*,#6358,.T.);
#8183=ORIENTED_EDGE('',*,*,#6360,.F.);
#8184=ORIENTED_EDGE('',*,*,#6350,.F.);
#8185=ORIENTED_EDGE('',*,*,#6361,.F.);
#8186=ORIENTED_EDGE('',*,*,#6362,.F.);
#8187=ORIENTED_EDGE('',*,*,#6363,.F.);
#8188=ORIENTED_EDGE('',*,*,#6364,.F.);
#8189=ORIENTED_EDGE('',*,*,#6364,.T.);
#8190=ORIENTED_EDGE('',*,*,#6365,.T.);
#8191=ORIENTED_EDGE('',*,*,#6366,.T.);
#8192=ORIENTED_EDGE('',*,*,#6367,.T.);
#8193=ORIENTED_EDGE('',*,*,#6368,.F.);
#8194=ORIENTED_EDGE('',*,*,#6366,.F.);
#8195=ORIENTED_EDGE('',*,*,#6369,.F.);
#8196=ORIENTED_EDGE('',*,*,#6370,.F.);
#8197=ORIENTED_EDGE('',*,*,#6371,.F.);
#8198=ORIENTED_EDGE('',*,*,#6372,.F.);
#8199=ORIENTED_EDGE('',*,*,#6373,.F.);
#8200=ORIENTED_EDGE('',*,*,#6374,.F.);
#8201=ORIENTED_EDGE('',*,*,#6372,.T.);
#8202=ORIENTED_EDGE('',*,*,#6375,.T.);
#8203=ORIENTED_EDGE('',*,*,#6376,.T.);
#8204=ORIENTED_EDGE('',*,*,#6377,.T.);
#8205=ORIENTED_EDGE('',*,*,#6378,.F.);
#8206=ORIENTED_EDGE('',*,*,#6379,.F.);
#8207=ORIENTED_EDGE('',*,*,#6380,.F.);
#8208=ORIENTED_EDGE('',*,*,#6376,.F.);
#8209=ORIENTED_EDGE('',*,*,#6381,.F.);
#8210=ORIENTED_EDGE('',*,*,#6382,.T.);
#8211=ORIENTED_EDGE('',*,*,#6383,.T.);
#8212=ORIENTED_EDGE('',*,*,#6384,.F.);
#8213=ORIENTED_EDGE('',*,*,#6385,.F.);
#8214=ORIENTED_EDGE('',*,*,#6386,.T.);
#8215=ORIENTED_EDGE('',*,*,#6387,.T.);
#8216=ORIENTED_EDGE('',*,*,#6382,.F.);
#8217=ORIENTED_EDGE('',*,*,#6388,.F.);
#8218=ORIENTED_EDGE('',*,*,#6389,.T.);
#8219=ORIENTED_EDGE('',*,*,#6390,.T.);
#8220=ORIENTED_EDGE('',*,*,#6386,.F.);
#8221=ORIENTED_EDGE('',*,*,#6391,.F.);
#8222=ORIENTED_EDGE('',*,*,#6384,.T.);
#8223=ORIENTED_EDGE('',*,*,#6392,.T.);
#8224=ORIENTED_EDGE('',*,*,#6389,.F.);
#8225=ORIENTED_EDGE('',*,*,#6393,.T.);
#8226=ORIENTED_EDGE('',*,*,#6394,.T.);
#8227=ORIENTED_EDGE('',*,*,#6395,.T.);
#8228=ORIENTED_EDGE('',*,*,#6362,.T.);
#8229=ORIENTED_EDGE('',*,*,#6394,.F.);
#8230=ORIENTED_EDGE('',*,*,#6396,.F.);
#8231=ORIENTED_EDGE('',*,*,#6397,.F.);
#8232=ORIENTED_EDGE('',*,*,#6398,.F.);
#8233=ORIENTED_EDGE('',*,*,#6399,.T.);
#8234=ORIENTED_EDGE('',*,*,#6279,.T.);
#8235=ORIENTED_EDGE('',*,*,#6400,.T.);
#8236=ORIENTED_EDGE('',*,*,#6397,.T.);
#8237=ORIENTED_EDGE('',*,*,#6401,.T.);
#8238=ORIENTED_EDGE('',*,*,#6374,.T.);
#8239=ORIENTED_EDGE('',*,*,#6402,.T.);
#8240=ORIENTED_EDGE('',*,*,#6403,.T.);
#8241=ORIENTED_EDGE('',*,*,#6403,.F.);
#8242=ORIENTED_EDGE('',*,*,#6404,.F.);
#8243=ORIENTED_EDGE('',*,*,#6405,.F.);
#8244=ORIENTED_EDGE('',*,*,#6406,.F.);
#8245=ORIENTED_EDGE('',*,*,#6407,.T.);
#8246=ORIENTED_EDGE('',*,*,#6405,.T.);
#8247=ORIENTED_EDGE('',*,*,#6408,.T.);
#8248=ORIENTED_EDGE('',*,*,#6287,.T.);
#8249=ORIENTED_EDGE('',*,*,#6409,.T.);
#8250=ORIENTED_EDGE('',*,*,#6410,.T.);
#8251=ORIENTED_EDGE('',*,*,#6411,.F.);
#8252=ORIENTED_EDGE('',*,*,#6412,.F.);
#8253=ORIENTED_EDGE('',*,*,#6413,.T.);
#8254=ORIENTED_EDGE('',*,*,#6412,.T.);
#8255=ORIENTED_EDGE('',*,*,#6414,.F.);
#8256=ORIENTED_EDGE('',*,*,#6415,.F.);
#8257=ORIENTED_EDGE('',*,*,#6416,.T.);
#8258=ORIENTED_EDGE('',*,*,#6415,.T.);
#8259=ORIENTED_EDGE('',*,*,#6417,.F.);
#8260=ORIENTED_EDGE('',*,*,#6418,.F.);
#8261=ORIENTED_EDGE('',*,*,#6419,.T.);
#8262=ORIENTED_EDGE('',*,*,#6418,.T.);
#8263=ORIENTED_EDGE('',*,*,#6420,.F.);
#8264=ORIENTED_EDGE('',*,*,#6410,.F.);
#8265=ORIENTED_EDGE('',*,*,#6421,.T.);
#8266=ORIENTED_EDGE('',*,*,#6422,.T.);
#8267=ORIENTED_EDGE('',*,*,#6423,.T.);
#8268=ORIENTED_EDGE('',*,*,#6424,.T.);
#8269=ORIENTED_EDGE('',*,*,#6422,.F.);
#8270=ORIENTED_EDGE('',*,*,#6425,.F.);
#8271=ORIENTED_EDGE('',*,*,#6426,.F.);
#8272=ORIENTED_EDGE('',*,*,#6427,.F.);
#8273=ORIENTED_EDGE('',*,*,#6428,.T.);
#8274=ORIENTED_EDGE('',*,*,#6370,.T.);
#8275=ORIENTED_EDGE('',*,*,#6429,.T.);
#8276=ORIENTED_EDGE('',*,*,#6426,.T.);
#8277=ORIENTED_EDGE('',*,*,#6430,.T.);
#8278=ORIENTED_EDGE('',*,*,#6431,.T.);
#8279=ORIENTED_EDGE('',*,*,#6432,.T.);
#8280=ORIENTED_EDGE('',*,*,#6433,.T.);
#8281=ORIENTED_EDGE('',*,*,#6433,.F.);
#8282=ORIENTED_EDGE('',*,*,#6434,.F.);
#8283=ORIENTED_EDGE('',*,*,#6435,.F.);
#8284=ORIENTED_EDGE('',*,*,#6436,.F.);
#8285=ORIENTED_EDGE('',*,*,#6437,.T.);
#8286=ORIENTED_EDGE('',*,*,#6435,.T.);
#8287=ORIENTED_EDGE('',*,*,#6438,.T.);
#8288=ORIENTED_EDGE('',*,*,#6379,.T.);
#8289=ORIENTED_EDGE('',*,*,#6439,.T.);
#8290=ORIENTED_EDGE('',*,*,#6440,.T.);
#8291=ORIENTED_EDGE('',*,*,#6441,.F.);
#8292=ORIENTED_EDGE('',*,*,#6442,.F.);
#8293=ORIENTED_EDGE('',*,*,#6443,.T.);
#8294=ORIENTED_EDGE('',*,*,#6442,.T.);
#8295=ORIENTED_EDGE('',*,*,#6444,.F.);
#8296=ORIENTED_EDGE('',*,*,#6445,.F.);
#8297=ORIENTED_EDGE('',*,*,#6446,.T.);
#8298=ORIENTED_EDGE('',*,*,#6445,.T.);
#8299=ORIENTED_EDGE('',*,*,#6447,.F.);
#8300=ORIENTED_EDGE('',*,*,#6448,.F.);
#8301=ORIENTED_EDGE('',*,*,#6449,.T.);
#8302=ORIENTED_EDGE('',*,*,#6448,.T.);
#8303=ORIENTED_EDGE('',*,*,#6450,.F.);
#8304=ORIENTED_EDGE('',*,*,#6440,.F.);
#8305=ORIENTED_EDGE('',*,*,#6451,.F.);
#8306=ORIENTED_EDGE('',*,*,#6424,.F.);
#8307=ORIENTED_EDGE('',*,*,#6452,.F.);
#8308=ORIENTED_EDGE('',*,*,#6453,.F.);
#8309=ORIENTED_EDGE('',*,*,#6453,.T.);
#8310=ORIENTED_EDGE('',*,*,#6454,.T.);
#8311=ORIENTED_EDGE('',*,*,#6455,.T.);
#8312=ORIENTED_EDGE('',*,*,#6456,.T.);
#8313=ORIENTED_EDGE('',*,*,#6457,.F.);
#8314=ORIENTED_EDGE('',*,*,#6455,.F.);
#8315=ORIENTED_EDGE('',*,*,#6458,.F.);
#8316=ORIENTED_EDGE('',*,*,#5974,.F.);
#8317=ORIENTED_EDGE('',*,*,#6459,.F.);
#8318=ORIENTED_EDGE('',*,*,#6460,.F.);
#8319=ORIENTED_EDGE('',*,*,#6461,.F.);
#8320=ORIENTED_EDGE('',*,*,#6431,.F.);
#8321=ORIENTED_EDGE('',*,*,#6460,.T.);
#8322=ORIENTED_EDGE('',*,*,#6462,.T.);
#8323=ORIENTED_EDGE('',*,*,#6463,.T.);
#8324=ORIENTED_EDGE('',*,*,#6464,.T.);
#8325=ORIENTED_EDGE('',*,*,#6465,.F.);
#8326=ORIENTED_EDGE('',*,*,#5984,.F.);
#8327=ORIENTED_EDGE('',*,*,#6466,.F.);
#8328=ORIENTED_EDGE('',*,*,#6463,.F.);
#8329=ORIENTED_EDGE('',*,*,#6467,.F.);
#8330=ORIENTED_EDGE('',*,*,#6468,.T.);
#8331=ORIENTED_EDGE('',*,*,#6469,.T.);
#8332=ORIENTED_EDGE('',*,*,#6470,.F.);
#8333=ORIENTED_EDGE('',*,*,#6471,.F.);
#8334=ORIENTED_EDGE('',*,*,#6472,.T.);
#8335=ORIENTED_EDGE('',*,*,#6473,.T.);
#8336=ORIENTED_EDGE('',*,*,#6468,.F.);
#8337=ORIENTED_EDGE('',*,*,#6474,.F.);
#8338=ORIENTED_EDGE('',*,*,#6475,.T.);
#8339=ORIENTED_EDGE('',*,*,#6476,.T.);
#8340=ORIENTED_EDGE('',*,*,#6472,.F.);
#8341=ORIENTED_EDGE('',*,*,#6477,.F.);
#8342=ORIENTED_EDGE('',*,*,#6470,.T.);
#8343=ORIENTED_EDGE('',*,*,#6478,.T.);
#8344=ORIENTED_EDGE('',*,*,#6475,.F.);
#8345=ORIENTED_EDGE('',*,*,#6479,.F.);
#8346=ORIENTED_EDGE('',*,*,#6480,.F.);
#8347=ORIENTED_EDGE('',*,*,#6481,.F.);
#8348=ORIENTED_EDGE('',*,*,#6482,.F.);
#8349=ORIENTED_EDGE('',*,*,#6482,.T.);
#8350=ORIENTED_EDGE('',*,*,#6483,.T.);
#8351=ORIENTED_EDGE('',*,*,#6484,.T.);
#8352=ORIENTED_EDGE('',*,*,#6485,.T.);
#8353=ORIENTED_EDGE('',*,*,#6486,.F.);
#8354=ORIENTED_EDGE('',*,*,#6484,.F.);
#8355=ORIENTED_EDGE('',*,*,#6487,.F.);
#8356=ORIENTED_EDGE('',*,*,#6488,.F.);
#8357=ORIENTED_EDGE('',*,*,#6489,.F.);
#8358=ORIENTED_EDGE('',*,*,#6490,.F.);
#8359=ORIENTED_EDGE('',*,*,#6491,.F.);
#8360=ORIENTED_EDGE('',*,*,#6492,.F.);
#8361=ORIENTED_EDGE('',*,*,#6490,.T.);
#8362=ORIENTED_EDGE('',*,*,#6493,.T.);
#8363=ORIENTED_EDGE('',*,*,#6494,.T.);
#8364=ORIENTED_EDGE('',*,*,#6495,.T.);
#8365=ORIENTED_EDGE('',*,*,#6496,.F.);
#8366=ORIENTED_EDGE('',*,*,#6497,.F.);
#8367=ORIENTED_EDGE('',*,*,#6498,.F.);
#8368=ORIENTED_EDGE('',*,*,#6494,.F.);
#8369=ORIENTED_EDGE('',*,*,#6499,.F.);
#8370=ORIENTED_EDGE('',*,*,#6500,.T.);
#8371=ORIENTED_EDGE('',*,*,#6501,.T.);
#8372=ORIENTED_EDGE('',*,*,#6502,.F.);
#8373=ORIENTED_EDGE('',*,*,#6503,.F.);
#8374=ORIENTED_EDGE('',*,*,#6504,.T.);
#8375=ORIENTED_EDGE('',*,*,#6505,.T.);
#8376=ORIENTED_EDGE('',*,*,#6500,.F.);
#8377=ORIENTED_EDGE('',*,*,#6506,.F.);
#8378=ORIENTED_EDGE('',*,*,#6507,.T.);
#8379=ORIENTED_EDGE('',*,*,#6508,.T.);
#8380=ORIENTED_EDGE('',*,*,#6504,.F.);
#8381=ORIENTED_EDGE('',*,*,#6509,.F.);
#8382=ORIENTED_EDGE('',*,*,#6502,.T.);
#8383=ORIENTED_EDGE('',*,*,#6510,.T.);
#8384=ORIENTED_EDGE('',*,*,#6507,.F.);
#8385=ORIENTED_EDGE('',*,*,#6511,.T.);
#8386=ORIENTED_EDGE('',*,*,#6512,.T.);
#8387=ORIENTED_EDGE('',*,*,#6513,.T.);
#8388=ORIENTED_EDGE('',*,*,#6480,.T.);
#8389=ORIENTED_EDGE('',*,*,#6512,.F.);
#8390=ORIENTED_EDGE('',*,*,#6514,.F.);
#8391=ORIENTED_EDGE('',*,*,#6515,.F.);
#8392=ORIENTED_EDGE('',*,*,#6516,.F.);
#8393=ORIENTED_EDGE('',*,*,#6517,.T.);
#8394=ORIENTED_EDGE('',*,*,#6518,.T.);
#8395=ORIENTED_EDGE('',*,*,#6519,.T.);
#8396=ORIENTED_EDGE('',*,*,#6515,.T.);
#8397=ORIENTED_EDGE('',*,*,#6520,.T.);
#8398=ORIENTED_EDGE('',*,*,#6492,.T.);
#8399=ORIENTED_EDGE('',*,*,#6521,.T.);
#8400=ORIENTED_EDGE('',*,*,#6522,.T.);
#8401=ORIENTED_EDGE('',*,*,#6522,.F.);
#8402=ORIENTED_EDGE('',*,*,#6523,.F.);
#8403=ORIENTED_EDGE('',*,*,#6524,.F.);
#8404=ORIENTED_EDGE('',*,*,#6525,.F.);
#8405=ORIENTED_EDGE('',*,*,#6526,.T.);
#8406=ORIENTED_EDGE('',*,*,#6524,.T.);
#8407=ORIENTED_EDGE('',*,*,#6527,.T.);
#8408=ORIENTED_EDGE('',*,*,#6528,.T.);
#8409=ORIENTED_EDGE('',*,*,#6529,.T.);
#8410=ORIENTED_EDGE('',*,*,#6530,.T.);
#8411=ORIENTED_EDGE('',*,*,#6531,.F.);
#8412=ORIENTED_EDGE('',*,*,#6532,.F.);
#8413=ORIENTED_EDGE('',*,*,#6533,.T.);
#8414=ORIENTED_EDGE('',*,*,#6532,.T.);
#8415=ORIENTED_EDGE('',*,*,#6534,.F.);
#8416=ORIENTED_EDGE('',*,*,#6535,.F.);
#8417=ORIENTED_EDGE('',*,*,#6536,.T.);
#8418=ORIENTED_EDGE('',*,*,#6535,.T.);
#8419=ORIENTED_EDGE('',*,*,#6537,.F.);
#8420=ORIENTED_EDGE('',*,*,#6538,.F.);
#8421=ORIENTED_EDGE('',*,*,#6539,.T.);
#8422=ORIENTED_EDGE('',*,*,#6538,.T.);
#8423=ORIENTED_EDGE('',*,*,#6540,.F.);
#8424=ORIENTED_EDGE('',*,*,#6530,.F.);
#8425=ORIENTED_EDGE('',*,*,#6541,.T.);
#8426=ORIENTED_EDGE('',*,*,#6542,.T.);
#8427=ORIENTED_EDGE('',*,*,#6543,.T.);
#8428=ORIENTED_EDGE('',*,*,#6544,.T.);
#8429=ORIENTED_EDGE('',*,*,#6542,.F.);
#8430=ORIENTED_EDGE('',*,*,#6545,.F.);
#8431=ORIENTED_EDGE('',*,*,#6546,.F.);
#8432=ORIENTED_EDGE('',*,*,#6547,.F.);
#8433=ORIENTED_EDGE('',*,*,#6548,.T.);
#8434=ORIENTED_EDGE('',*,*,#6488,.T.);
#8435=ORIENTED_EDGE('',*,*,#6549,.T.);
#8436=ORIENTED_EDGE('',*,*,#6546,.T.);
#8437=ORIENTED_EDGE('',*,*,#6550,.T.);
#8438=ORIENTED_EDGE('',*,*,#6551,.T.);
#8439=ORIENTED_EDGE('',*,*,#6552,.T.);
#8440=ORIENTED_EDGE('',*,*,#6553,.T.);
#8441=ORIENTED_EDGE('',*,*,#6553,.F.);
#8442=ORIENTED_EDGE('',*,*,#6554,.F.);
#8443=ORIENTED_EDGE('',*,*,#6555,.F.);
#8444=ORIENTED_EDGE('',*,*,#6556,.F.);
#8445=ORIENTED_EDGE('',*,*,#6557,.T.);
#8446=ORIENTED_EDGE('',*,*,#6555,.T.);
#8447=ORIENTED_EDGE('',*,*,#6558,.T.);
#8448=ORIENTED_EDGE('',*,*,#6497,.T.);
#8449=ORIENTED_EDGE('',*,*,#6559,.T.);
#8450=ORIENTED_EDGE('',*,*,#6560,.T.);
#8451=ORIENTED_EDGE('',*,*,#6561,.F.);
#8452=ORIENTED_EDGE('',*,*,#6562,.F.);
#8453=ORIENTED_EDGE('',*,*,#6563,.T.);
#8454=ORIENTED_EDGE('',*,*,#6562,.T.);
#8455=ORIENTED_EDGE('',*,*,#6564,.F.);
#8456=ORIENTED_EDGE('',*,*,#6565,.F.);
#8457=ORIENTED_EDGE('',*,*,#6566,.T.);
#8458=ORIENTED_EDGE('',*,*,#6565,.T.);
#8459=ORIENTED_EDGE('',*,*,#6567,.F.);
#8460=ORIENTED_EDGE('',*,*,#6568,.F.);
#8461=ORIENTED_EDGE('',*,*,#6569,.T.);
#8462=ORIENTED_EDGE('',*,*,#6568,.T.);
#8463=ORIENTED_EDGE('',*,*,#6570,.F.);
#8464=ORIENTED_EDGE('',*,*,#6560,.F.);
#8465=ORIENTED_EDGE('',*,*,#6571,.F.);
#8466=ORIENTED_EDGE('',*,*,#6544,.F.);
#8467=ORIENTED_EDGE('',*,*,#6572,.F.);
#8468=ORIENTED_EDGE('',*,*,#6573,.F.);
#8469=ORIENTED_EDGE('',*,*,#6573,.T.);
#8470=ORIENTED_EDGE('',*,*,#6574,.T.);
#8471=ORIENTED_EDGE('',*,*,#6575,.T.);
#8472=ORIENTED_EDGE('',*,*,#6576,.T.);
#8473=ORIENTED_EDGE('',*,*,#6577,.F.);
#8474=ORIENTED_EDGE('',*,*,#6575,.F.);
#8475=ORIENTED_EDGE('',*,*,#6578,.F.);
#8476=ORIENTED_EDGE('',*,*,#6338,.F.);
#8477=ORIENTED_EDGE('',*,*,#6579,.F.);
#8478=ORIENTED_EDGE('',*,*,#6580,.F.);
#8479=ORIENTED_EDGE('',*,*,#6581,.F.);
#8480=ORIENTED_EDGE('',*,*,#6551,.F.);
#8481=ORIENTED_EDGE('',*,*,#6580,.T.);
#8482=ORIENTED_EDGE('',*,*,#6582,.T.);
#8483=ORIENTED_EDGE('',*,*,#6583,.T.);
#8484=ORIENTED_EDGE('',*,*,#6584,.T.);
#8485=ORIENTED_EDGE('',*,*,#6585,.F.);
#8486=ORIENTED_EDGE('',*,*,#6348,.F.);
#8487=ORIENTED_EDGE('',*,*,#6586,.F.);
#8488=ORIENTED_EDGE('',*,*,#6583,.F.);
#8489=ORIENTED_EDGE('',*,*,#6587,.F.);
#8490=ORIENTED_EDGE('',*,*,#6588,.T.);
#8491=ORIENTED_EDGE('',*,*,#6589,.T.);
#8492=ORIENTED_EDGE('',*,*,#6590,.F.);
#8493=ORIENTED_EDGE('',*,*,#6591,.F.);
#8494=ORIENTED_EDGE('',*,*,#6592,.T.);
#8495=ORIENTED_EDGE('',*,*,#6593,.T.);
#8496=ORIENTED_EDGE('',*,*,#6588,.F.);
#8497=ORIENTED_EDGE('',*,*,#6594,.F.);
#8498=ORIENTED_EDGE('',*,*,#6595,.T.);
#8499=ORIENTED_EDGE('',*,*,#6596,.T.);
#8500=ORIENTED_EDGE('',*,*,#6592,.F.);
#8501=ORIENTED_EDGE('',*,*,#6597,.F.);
#8502=ORIENTED_EDGE('',*,*,#6590,.T.);
#8503=ORIENTED_EDGE('',*,*,#6598,.T.);
#8504=ORIENTED_EDGE('',*,*,#6595,.F.);
#8505=ORIENTED_EDGE('',*,*,#6599,.T.);
#8506=ORIENTED_EDGE('',*,*,#6600,.T.);
#8507=ORIENTED_EDGE('',*,*,#6601,.T.);
#8508=ORIENTED_EDGE('',*,*,#6602,.T.);
#8509=ORIENTED_EDGE('',*,*,#6600,.F.);
#8510=ORIENTED_EDGE('',*,*,#6603,.F.);
#8511=ORIENTED_EDGE('',*,*,#6604,.F.);
#8512=ORIENTED_EDGE('',*,*,#6605,.F.);
#8513=ORIENTED_EDGE('',*,*,#6606,.T.);
#8514=ORIENTED_EDGE('',*,*,#6607,.T.);
#8515=ORIENTED_EDGE('',*,*,#6608,.T.);
#8516=ORIENTED_EDGE('',*,*,#6604,.T.);
#8517=ORIENTED_EDGE('',*,*,#6609,.T.);
#8518=ORIENTED_EDGE('',*,*,#6610,.T.);
#8519=ORIENTED_EDGE('',*,*,#6611,.T.);
#8520=ORIENTED_EDGE('',*,*,#6612,.T.);
#8521=ORIENTED_EDGE('',*,*,#6612,.F.);
#8522=ORIENTED_EDGE('',*,*,#6613,.F.);
#8523=ORIENTED_EDGE('',*,*,#6614,.F.);
#8524=ORIENTED_EDGE('',*,*,#6615,.F.);
#8525=ORIENTED_EDGE('',*,*,#6616,.T.);
#8526=ORIENTED_EDGE('',*,*,#6614,.T.);
#8527=ORIENTED_EDGE('',*,*,#6617,.T.);
#8528=ORIENTED_EDGE('',*,*,#6618,.T.);
#8529=ORIENTED_EDGE('',*,*,#6619,.T.);
#8530=ORIENTED_EDGE('',*,*,#6620,.T.);
#8531=ORIENTED_EDGE('',*,*,#6621,.F.);
#8532=ORIENTED_EDGE('',*,*,#6622,.F.);
#8533=ORIENTED_EDGE('',*,*,#6623,.T.);
#8534=ORIENTED_EDGE('',*,*,#6622,.T.);
#8535=ORIENTED_EDGE('',*,*,#6624,.F.);
#8536=ORIENTED_EDGE('',*,*,#6625,.F.);
#8537=ORIENTED_EDGE('',*,*,#6626,.T.);
#8538=ORIENTED_EDGE('',*,*,#6625,.T.);
#8539=ORIENTED_EDGE('',*,*,#6627,.F.);
#8540=ORIENTED_EDGE('',*,*,#6628,.F.);
#8541=ORIENTED_EDGE('',*,*,#6629,.T.);
#8542=ORIENTED_EDGE('',*,*,#6628,.T.);
#8543=ORIENTED_EDGE('',*,*,#6630,.F.);
#8544=ORIENTED_EDGE('',*,*,#6620,.F.);
#8545=ORIENTED_EDGE('',*,*,#6631,.F.);
#8546=ORIENTED_EDGE('',*,*,#6602,.F.);
#8547=ORIENTED_EDGE('',*,*,#6632,.F.);
#8548=ORIENTED_EDGE('',*,*,#6633,.F.);
#8549=ORIENTED_EDGE('',*,*,#6633,.T.);
#8550=ORIENTED_EDGE('',*,*,#6634,.T.);
#8551=ORIENTED_EDGE('',*,*,#6635,.T.);
#8552=ORIENTED_EDGE('',*,*,#6636,.T.);
#8553=ORIENTED_EDGE('',*,*,#6637,.F.);
#8554=ORIENTED_EDGE('',*,*,#6635,.F.);
#8555=ORIENTED_EDGE('',*,*,#6638,.F.);
#8556=ORIENTED_EDGE('',*,*,#6518,.F.);
#8557=ORIENTED_EDGE('',*,*,#6639,.F.);
#8558=ORIENTED_EDGE('',*,*,#6640,.F.);
#8559=ORIENTED_EDGE('',*,*,#6641,.F.);
#8560=ORIENTED_EDGE('',*,*,#6610,.F.);
#8561=ORIENTED_EDGE('',*,*,#6640,.T.);
#8562=ORIENTED_EDGE('',*,*,#6642,.T.);
#8563=ORIENTED_EDGE('',*,*,#6643,.T.);
#8564=ORIENTED_EDGE('',*,*,#6644,.T.);
#8565=ORIENTED_EDGE('',*,*,#6645,.F.);
#8566=ORIENTED_EDGE('',*,*,#6528,.F.);
#8567=ORIENTED_EDGE('',*,*,#6646,.F.);
#8568=ORIENTED_EDGE('',*,*,#6643,.F.);
#8569=ORIENTED_EDGE('',*,*,#6647,.F.);
#8570=ORIENTED_EDGE('',*,*,#6648,.T.);
#8571=ORIENTED_EDGE('',*,*,#6649,.T.);
#8572=ORIENTED_EDGE('',*,*,#6650,.F.);
#8573=ORIENTED_EDGE('',*,*,#6651,.F.);
#8574=ORIENTED_EDGE('',*,*,#6652,.T.);
#8575=ORIENTED_EDGE('',*,*,#6653,.T.);
#8576=ORIENTED_EDGE('',*,*,#6648,.F.);
#8577=ORIENTED_EDGE('',*,*,#6654,.F.);
#8578=ORIENTED_EDGE('',*,*,#6655,.T.);
#8579=ORIENTED_EDGE('',*,*,#6656,.T.);
#8580=ORIENTED_EDGE('',*,*,#6652,.F.);
#8581=ORIENTED_EDGE('',*,*,#6657,.F.);
#8582=ORIENTED_EDGE('',*,*,#6650,.T.);
#8583=ORIENTED_EDGE('',*,*,#6658,.T.);
#8584=ORIENTED_EDGE('',*,*,#6655,.F.);
#8585=ORIENTED_EDGE('',*,*,#6659,.F.);
#8586=ORIENTED_EDGE('',*,*,#6660,.F.);
#8587=ORIENTED_EDGE('',*,*,#6661,.F.);
#8588=ORIENTED_EDGE('',*,*,#6662,.F.);
#8589=ORIENTED_EDGE('',*,*,#6662,.T.);
#8590=ORIENTED_EDGE('',*,*,#6663,.T.);
#8591=ORIENTED_EDGE('',*,*,#6664,.T.);
#8592=ORIENTED_EDGE('',*,*,#6665,.T.);
#8593=ORIENTED_EDGE('',*,*,#6666,.F.);
#8594=ORIENTED_EDGE('',*,*,#6664,.F.);
#8595=ORIENTED_EDGE('',*,*,#6667,.F.);
#8596=ORIENTED_EDGE('',*,*,#6607,.F.);
#8597=ORIENTED_EDGE('',*,*,#6668,.F.);
#8598=ORIENTED_EDGE('',*,*,#6669,.F.);
#8599=ORIENTED_EDGE('',*,*,#6670,.F.);
#8600=ORIENTED_EDGE('',*,*,#6671,.F.);
#8601=ORIENTED_EDGE('',*,*,#6669,.T.);
#8602=ORIENTED_EDGE('',*,*,#6672,.T.);
#8603=ORIENTED_EDGE('',*,*,#6673,.T.);
#8604=ORIENTED_EDGE('',*,*,#6674,.T.);
#8605=ORIENTED_EDGE('',*,*,#6675,.F.);
#8606=ORIENTED_EDGE('',*,*,#6618,.F.);
#8607=ORIENTED_EDGE('',*,*,#6676,.F.);
#8608=ORIENTED_EDGE('',*,*,#6673,.F.);
#8609=ORIENTED_EDGE('',*,*,#6677,.F.);
#8610=ORIENTED_EDGE('',*,*,#6678,.T.);
#8611=ORIENTED_EDGE('',*,*,#6679,.T.);
#8612=ORIENTED_EDGE('',*,*,#6680,.F.);
#8613=ORIENTED_EDGE('',*,*,#6681,.F.);
#8614=ORIENTED_EDGE('',*,*,#6682,.T.);
#8615=ORIENTED_EDGE('',*,*,#6683,.T.);
#8616=ORIENTED_EDGE('',*,*,#6678,.F.);
#8617=ORIENTED_EDGE('',*,*,#6684,.F.);
#8618=ORIENTED_EDGE('',*,*,#6685,.T.);
#8619=ORIENTED_EDGE('',*,*,#6686,.T.);
#8620=ORIENTED_EDGE('',*,*,#6682,.F.);
#8621=ORIENTED_EDGE('',*,*,#6687,.F.);
#8622=ORIENTED_EDGE('',*,*,#6680,.T.);
#8623=ORIENTED_EDGE('',*,*,#6688,.T.);
#8624=ORIENTED_EDGE('',*,*,#6685,.F.);
#8625=ORIENTED_EDGE('',*,*,#6689,.T.);
#8626=ORIENTED_EDGE('',*,*,#6690,.T.);
#8627=ORIENTED_EDGE('',*,*,#6691,.T.);
#8628=ORIENTED_EDGE('',*,*,#6660,.T.);
#8629=ORIENTED_EDGE('',*,*,#6691,.F.);
#8630=ORIENTED_EDGE('',*,*,#6692,.T.);
#8631=ORIENTED_EDGE('',*,*,#6693,.F.);
#8632=ORIENTED_EDGE('',*,*,#6694,.T.);
#8633=ORIENTED_EDGE('',*,*,#6695,.F.);
#8634=ORIENTED_EDGE('',*,*,#6696,.T.);
#8635=ORIENTED_EDGE('',*,*,#6697,.F.);
#8636=ORIENTED_EDGE('',*,*,#6670,.T.);
#8637=ORIENTED_EDGE('',*,*,#6674,.F.);
#8638=ORIENTED_EDGE('',*,*,#6676,.T.);
#8639=ORIENTED_EDGE('',*,*,#6617,.F.);
#8640=ORIENTED_EDGE('',*,*,#6613,.T.);
#8641=ORIENTED_EDGE('',*,*,#6611,.F.);
#8642=ORIENTED_EDGE('',*,*,#6641,.T.);
#8643=ORIENTED_EDGE('',*,*,#6644,.F.);
#8644=ORIENTED_EDGE('',*,*,#6646,.T.);
#8645=ORIENTED_EDGE('',*,*,#6527,.F.);
#8646=ORIENTED_EDGE('',*,*,#6523,.T.);
#8647=ORIENTED_EDGE('',*,*,#6521,.F.);
#8648=ORIENTED_EDGE('',*,*,#6491,.T.);
#8649=ORIENTED_EDGE('',*,*,#6495,.F.);
#8650=ORIENTED_EDGE('',*,*,#6498,.T.);
#8651=ORIENTED_EDGE('',*,*,#6558,.F.);
#8652=ORIENTED_EDGE('',*,*,#6554,.T.);
#8653=ORIENTED_EDGE('',*,*,#6552,.F.);
#8654=ORIENTED_EDGE('',*,*,#6581,.T.);
#8655=ORIENTED_EDGE('',*,*,#6584,.F.);
#8656=ORIENTED_EDGE('',*,*,#6586,.T.);
#8657=ORIENTED_EDGE('',*,*,#6347,.F.);
#8658=ORIENTED_EDGE('',*,*,#6343,.T.);
#8659=ORIENTED_EDGE('',*,*,#6341,.F.);
#8660=ORIENTED_EDGE('',*,*,#6312,.T.);
#8661=ORIENTED_EDGE('',*,*,#6316,.F.);
#8662=ORIENTED_EDGE('',*,*,#6318,.T.);
#8663=ORIENTED_EDGE('',*,*,#6257,.F.);
#8664=ORIENTED_EDGE('',*,*,#6253,.T.);
#8665=ORIENTED_EDGE('',*,*,#6251,.F.);
#8666=ORIENTED_EDGE('',*,*,#6282,.T.);
#8667=ORIENTED_EDGE('',*,*,#6285,.F.);
#8668=ORIENTED_EDGE('',*,*,#6288,.T.);
#8669=ORIENTED_EDGE('',*,*,#6408,.F.);
#8670=ORIENTED_EDGE('',*,*,#6404,.T.);
#8671=ORIENTED_EDGE('',*,*,#6402,.F.);
#8672=ORIENTED_EDGE('',*,*,#6373,.T.);
#8673=ORIENTED_EDGE('',*,*,#6377,.F.);
#8674=ORIENTED_EDGE('',*,*,#6380,.T.);
#8675=ORIENTED_EDGE('',*,*,#6438,.F.);
#8676=ORIENTED_EDGE('',*,*,#6434,.T.);
#8677=ORIENTED_EDGE('',*,*,#6432,.F.);
#8678=ORIENTED_EDGE('',*,*,#6461,.T.);
#8679=ORIENTED_EDGE('',*,*,#6464,.F.);
#8680=ORIENTED_EDGE('',*,*,#6466,.T.);
#8681=ORIENTED_EDGE('',*,*,#5983,.F.);
#8682=ORIENTED_EDGE('',*,*,#5979,.T.);
#8683=ORIENTED_EDGE('',*,*,#5977,.F.);
#8684=ORIENTED_EDGE('',*,*,#5948,.T.);
#8685=ORIENTED_EDGE('',*,*,#5952,.F.);
#8686=ORIENTED_EDGE('',*,*,#5954,.T.);
#8687=ORIENTED_EDGE('',*,*,#5895,.F.);
#8688=ORIENTED_EDGE('',*,*,#5891,.T.);
#8689=ORIENTED_EDGE('',*,*,#5889,.F.);
#8690=ORIENTED_EDGE('',*,*,#5919,.T.);
#8691=ORIENTED_EDGE('',*,*,#5922,.F.);
#8692=ORIENTED_EDGE('',*,*,#5924,.T.);
#8693=ORIENTED_EDGE('',*,*,#5803,.F.);
#8694=ORIENTED_EDGE('',*,*,#5799,.T.);
#8695=ORIENTED_EDGE('',*,*,#5797,.F.);
#8696=ORIENTED_EDGE('',*,*,#5767,.T.);
#8697=ORIENTED_EDGE('',*,*,#5771,.F.);
#8698=ORIENTED_EDGE('',*,*,#5774,.T.);
#8699=ORIENTED_EDGE('',*,*,#5834,.F.);
#8700=ORIENTED_EDGE('',*,*,#5830,.T.);
#8701=ORIENTED_EDGE('',*,*,#5828,.F.);
#8702=ORIENTED_EDGE('',*,*,#5858,.T.);
#8703=ORIENTED_EDGE('',*,*,#5861,.F.);
#8704=ORIENTED_EDGE('',*,*,#5864,.T.);
#8705=ORIENTED_EDGE('',*,*,#6104,.F.);
#8706=ORIENTED_EDGE('',*,*,#6100,.T.);
#8707=ORIENTED_EDGE('',*,*,#6098,.F.);
#8708=ORIENTED_EDGE('',*,*,#6070,.T.);
#8709=ORIENTED_EDGE('',*,*,#6074,.F.);
#8710=ORIENTED_EDGE('',*,*,#6076,.T.);
#8711=ORIENTED_EDGE('',*,*,#6015,.F.);
#8712=ORIENTED_EDGE('',*,*,#6011,.T.);
#8713=ORIENTED_EDGE('',*,*,#6009,.F.);
#8714=ORIENTED_EDGE('',*,*,#6040,.T.);
#8715=ORIENTED_EDGE('',*,*,#6043,.F.);
#8716=ORIENTED_EDGE('',*,*,#6046,.T.);
#8717=ORIENTED_EDGE('',*,*,#6164,.F.);
#8718=ORIENTED_EDGE('',*,*,#6160,.T.);
#8719=ORIENTED_EDGE('',*,*,#6158,.F.);
#8720=ORIENTED_EDGE('',*,*,#6129,.T.);
#8721=ORIENTED_EDGE('',*,*,#6133,.F.);
#8722=ORIENTED_EDGE('',*,*,#6136,.T.);
#8723=ORIENTED_EDGE('',*,*,#6194,.F.);
#8724=ORIENTED_EDGE('',*,*,#6190,.T.);
#8725=ORIENTED_EDGE('',*,*,#6188,.F.);
#8726=ORIENTED_EDGE('',*,*,#6218,.T.);
#8727=ORIENTED_EDGE('',*,*,#6221,.F.);
#8728=ORIENTED_EDGE('',*,*,#6224,.T.);
#8729=ORIENTED_EDGE('',*,*,#6237,.F.);
#8730=ORIENTED_EDGE('',*,*,#6214,.T.);
#8731=ORIENTED_EDGE('',*,*,#6210,.F.);
#8732=ORIENTED_EDGE('',*,*,#6208,.T.);
#8733=ORIENTED_EDGE('',*,*,#6179,.F.);
#8734=ORIENTED_EDGE('',*,*,#6183,.T.);
#8735=ORIENTED_EDGE('',*,*,#6185,.F.);
#8736=ORIENTED_EDGE('',*,*,#6125,.T.);
#8737=ORIENTED_EDGE('',*,*,#6121,.F.);
#8738=ORIENTED_EDGE('',*,*,#6119,.T.);
#8739=ORIENTED_EDGE('',*,*,#6151,.F.);
#8740=ORIENTED_EDGE('',*,*,#6154,.T.);
#8741=ORIENTED_EDGE('',*,*,#6156,.F.);
#8742=ORIENTED_EDGE('',*,*,#6036,.T.);
#8743=ORIENTED_EDGE('',*,*,#6032,.F.);
#8744=ORIENTED_EDGE('',*,*,#6030,.T.);
#8745=ORIENTED_EDGE('',*,*,#5999,.F.);
#8746=ORIENTED_EDGE('',*,*,#6003,.T.);
#8747=ORIENTED_EDGE('',*,*,#6006,.F.);
#8748=ORIENTED_EDGE('',*,*,#6067,.T.);
#8749=ORIENTED_EDGE('',*,*,#6063,.F.);
#8750=ORIENTED_EDGE('',*,*,#6061,.T.);
#8751=ORIENTED_EDGE('',*,*,#6091,.F.);
#8752=ORIENTED_EDGE('',*,*,#6094,.T.);
#8753=ORIENTED_EDGE('',*,*,#6096,.F.);
#8754=ORIENTED_EDGE('',*,*,#5854,.T.);
#8755=ORIENTED_EDGE('',*,*,#5850,.F.);
#8756=ORIENTED_EDGE('',*,*,#5848,.T.);
#8757=ORIENTED_EDGE('',*,*,#5819,.F.);
#8758=ORIENTED_EDGE('',*,*,#5823,.T.);
#8759=ORIENTED_EDGE('',*,*,#5825,.F.);
#8760=ORIENTED_EDGE('',*,*,#5763,.T.);
#8761=ORIENTED_EDGE('',*,*,#5759,.F.);
#8762=ORIENTED_EDGE('',*,*,#5757,.T.);
#8763=ORIENTED_EDGE('',*,*,#5789,.F.);
#8764=ORIENTED_EDGE('',*,*,#5792,.T.);
#8765=ORIENTED_EDGE('',*,*,#5795,.F.);
#8766=ORIENTED_EDGE('',*,*,#5916,.T.);
#8767=ORIENTED_EDGE('',*,*,#5912,.F.);
#8768=ORIENTED_EDGE('',*,*,#5910,.T.);
#8769=ORIENTED_EDGE('',*,*,#5879,.F.);
#8770=ORIENTED_EDGE('',*,*,#5883,.T.);
#8771=ORIENTED_EDGE('',*,*,#5886,.F.);
#8772=ORIENTED_EDGE('',*,*,#5945,.T.);
#8773=ORIENTED_EDGE('',*,*,#5941,.F.);
#8774=ORIENTED_EDGE('',*,*,#5939,.T.);
#8775=ORIENTED_EDGE('',*,*,#5969,.F.);
#8776=ORIENTED_EDGE('',*,*,#5972,.T.);
#8777=ORIENTED_EDGE('',*,*,#5975,.F.);
#8778=ORIENTED_EDGE('',*,*,#6458,.T.);
#8779=ORIENTED_EDGE('',*,*,#6454,.F.);
#8780=ORIENTED_EDGE('',*,*,#6452,.T.);
#8781=ORIENTED_EDGE('',*,*,#6423,.F.);
#8782=ORIENTED_EDGE('',*,*,#6427,.T.);
#8783=ORIENTED_EDGE('',*,*,#6429,.F.);
#8784=ORIENTED_EDGE('',*,*,#6369,.T.);
#8785=ORIENTED_EDGE('',*,*,#6365,.F.);
#8786=ORIENTED_EDGE('',*,*,#6363,.T.);
#8787=ORIENTED_EDGE('',*,*,#6395,.F.);
#8788=ORIENTED_EDGE('',*,*,#6398,.T.);
#8789=ORIENTED_EDGE('',*,*,#6400,.F.);
#8790=ORIENTED_EDGE('',*,*,#6278,.T.);
#8791=ORIENTED_EDGE('',*,*,#6274,.F.);
#8792=ORIENTED_EDGE('',*,*,#6272,.T.);
#8793=ORIENTED_EDGE('',*,*,#6241,.F.);
#8794=ORIENTED_EDGE('',*,*,#6245,.T.);
#8795=ORIENTED_EDGE('',*,*,#6248,.F.);
#8796=ORIENTED_EDGE('',*,*,#6309,.T.);
#8797=ORIENTED_EDGE('',*,*,#6305,.F.);
#8798=ORIENTED_EDGE('',*,*,#6303,.T.);
#8799=ORIENTED_EDGE('',*,*,#6333,.F.);
#8800=ORIENTED_EDGE('',*,*,#6336,.T.);
#8801=ORIENTED_EDGE('',*,*,#6339,.F.);
#8802=ORIENTED_EDGE('',*,*,#6578,.T.);
#8803=ORIENTED_EDGE('',*,*,#6574,.F.);
#8804=ORIENTED_EDGE('',*,*,#6572,.T.);
#8805=ORIENTED_EDGE('',*,*,#6543,.F.);
#8806=ORIENTED_EDGE('',*,*,#6547,.T.);
#8807=ORIENTED_EDGE('',*,*,#6549,.F.);
#8808=ORIENTED_EDGE('',*,*,#6487,.T.);
#8809=ORIENTED_EDGE('',*,*,#6483,.F.);
#8810=ORIENTED_EDGE('',*,*,#6481,.T.);
#8811=ORIENTED_EDGE('',*,*,#6513,.F.);
#8812=ORIENTED_EDGE('',*,*,#6516,.T.);
#8813=ORIENTED_EDGE('',*,*,#6519,.F.);
#8814=ORIENTED_EDGE('',*,*,#6638,.T.);
#8815=ORIENTED_EDGE('',*,*,#6634,.F.);
#8816=ORIENTED_EDGE('',*,*,#6632,.T.);
#8817=ORIENTED_EDGE('',*,*,#6601,.F.);
#8818=ORIENTED_EDGE('',*,*,#6605,.T.);
#8819=ORIENTED_EDGE('',*,*,#6608,.F.);
#8820=ORIENTED_EDGE('',*,*,#6667,.T.);
#8821=ORIENTED_EDGE('',*,*,#6663,.F.);
#8822=ORIENTED_EDGE('',*,*,#6661,.T.);
#8823=ORIENTED_EDGE('',*,*,#6235,.T.);
#8824=ORIENTED_EDGE('',*,*,#6232,.T.);
#8825=ORIENTED_EDGE('',*,*,#6229,.T.);
#8826=ORIENTED_EDGE('',*,*,#6225,.T.);
#8827=ORIENTED_EDGE('',*,*,#6205,.F.);
#8828=ORIENTED_EDGE('',*,*,#6195,.F.);
#8829=ORIENTED_EDGE('',*,*,#6199,.F.);
#8830=ORIENTED_EDGE('',*,*,#6202,.F.);
#8831=ORIENTED_EDGE('',*,*,#6147,.T.);
#8832=ORIENTED_EDGE('',*,*,#6144,.T.);
#8833=ORIENTED_EDGE('',*,*,#6141,.T.);
#8834=ORIENTED_EDGE('',*,*,#6137,.T.);
#8835=ORIENTED_EDGE('',*,*,#6175,.F.);
#8836=ORIENTED_EDGE('',*,*,#6165,.F.);
#8837=ORIENTED_EDGE('',*,*,#6169,.F.);
#8838=ORIENTED_EDGE('',*,*,#6172,.F.);
#8839=ORIENTED_EDGE('',*,*,#6057,.T.);
#8840=ORIENTED_EDGE('',*,*,#6054,.T.);
#8841=ORIENTED_EDGE('',*,*,#6051,.T.);
#8842=ORIENTED_EDGE('',*,*,#6047,.T.);
#8843=ORIENTED_EDGE('',*,*,#6027,.F.);
#8844=ORIENTED_EDGE('',*,*,#6017,.F.);
#8845=ORIENTED_EDGE('',*,*,#6021,.F.);
#8846=ORIENTED_EDGE('',*,*,#6024,.F.);
#8847=ORIENTED_EDGE('',*,*,#6087,.T.);
#8848=ORIENTED_EDGE('',*,*,#6084,.T.);
#8849=ORIENTED_EDGE('',*,*,#6081,.T.);
#8850=ORIENTED_EDGE('',*,*,#6077,.T.);
#8851=ORIENTED_EDGE('',*,*,#6115,.F.);
#8852=ORIENTED_EDGE('',*,*,#6105,.F.);
#8853=ORIENTED_EDGE('',*,*,#6109,.F.);
#8854=ORIENTED_EDGE('',*,*,#6112,.F.);
#8855=ORIENTED_EDGE('',*,*,#5875,.T.);
#8856=ORIENTED_EDGE('',*,*,#5872,.T.);
#8857=ORIENTED_EDGE('',*,*,#5869,.T.);
#8858=ORIENTED_EDGE('',*,*,#5865,.T.);
#8859=ORIENTED_EDGE('',*,*,#5845,.F.);
#8860=ORIENTED_EDGE('',*,*,#5835,.F.);
#8861=ORIENTED_EDGE('',*,*,#5839,.F.);
#8862=ORIENTED_EDGE('',*,*,#5842,.F.);
#8863=ORIENTED_EDGE('',*,*,#5785,.T.);
#8864=ORIENTED_EDGE('',*,*,#5782,.T.);
#8865=ORIENTED_EDGE('',*,*,#5779,.T.);
#8866=ORIENTED_EDGE('',*,*,#5775,.T.);
#8867=ORIENTED_EDGE('',*,*,#5815,.F.);
#8868=ORIENTED_EDGE('',*,*,#5805,.F.);
#8869=ORIENTED_EDGE('',*,*,#5809,.F.);
#8870=ORIENTED_EDGE('',*,*,#5812,.F.);
#8871=ORIENTED_EDGE('',*,*,#5935,.T.);
#8872=ORIENTED_EDGE('',*,*,#5932,.T.);
#8873=ORIENTED_EDGE('',*,*,#5929,.T.);
#8874=ORIENTED_EDGE('',*,*,#5925,.T.);
#8875=ORIENTED_EDGE('',*,*,#5907,.F.);
#8876=ORIENTED_EDGE('',*,*,#5897,.F.);
#8877=ORIENTED_EDGE('',*,*,#5901,.F.);
#8878=ORIENTED_EDGE('',*,*,#5904,.F.);
#8879=ORIENTED_EDGE('',*,*,#5965,.T.);
#8880=ORIENTED_EDGE('',*,*,#5962,.T.);
#8881=ORIENTED_EDGE('',*,*,#5959,.T.);
#8882=ORIENTED_EDGE('',*,*,#5955,.T.);
#8883=ORIENTED_EDGE('',*,*,#5995,.F.);
#8884=ORIENTED_EDGE('',*,*,#5985,.F.);
#8885=ORIENTED_EDGE('',*,*,#5989,.F.);
#8886=ORIENTED_EDGE('',*,*,#5992,.F.);
#8887=ORIENTED_EDGE('',*,*,#6477,.T.);
#8888=ORIENTED_EDGE('',*,*,#6474,.T.);
#8889=ORIENTED_EDGE('',*,*,#6471,.T.);
#8890=ORIENTED_EDGE('',*,*,#6467,.T.);
#8891=ORIENTED_EDGE('',*,*,#6449,.F.);
#8892=ORIENTED_EDGE('',*,*,#6439,.F.);
#8893=ORIENTED_EDGE('',*,*,#6443,.F.);
#8894=ORIENTED_EDGE('',*,*,#6446,.F.);
#8895=ORIENTED_EDGE('',*,*,#6391,.T.);
#8896=ORIENTED_EDGE('',*,*,#6388,.T.);
#8897=ORIENTED_EDGE('',*,*,#6385,.T.);
#8898=ORIENTED_EDGE('',*,*,#6381,.T.);
#8899=ORIENTED_EDGE('',*,*,#6419,.F.);
#8900=ORIENTED_EDGE('',*,*,#6409,.F.);
#8901=ORIENTED_EDGE('',*,*,#6413,.F.);
#8902=ORIENTED_EDGE('',*,*,#6416,.F.);
#8903=ORIENTED_EDGE('',*,*,#6299,.T.);
#8904=ORIENTED_EDGE('',*,*,#6296,.T.);
#8905=ORIENTED_EDGE('',*,*,#6293,.T.);
#8906=ORIENTED_EDGE('',*,*,#6289,.T.);
#8907=ORIENTED_EDGE('',*,*,#6269,.F.);
#8908=ORIENTED_EDGE('',*,*,#6259,.F.);
#8909=ORIENTED_EDGE('',*,*,#6263,.F.);
#8910=ORIENTED_EDGE('',*,*,#6266,.F.);
#8911=ORIENTED_EDGE('',*,*,#6329,.T.);
#8912=ORIENTED_EDGE('',*,*,#6326,.T.);
#8913=ORIENTED_EDGE('',*,*,#6323,.T.);
#8914=ORIENTED_EDGE('',*,*,#6319,.T.);
#8915=ORIENTED_EDGE('',*,*,#6359,.F.);
#8916=ORIENTED_EDGE('',*,*,#6349,.F.);
#8917=ORIENTED_EDGE('',*,*,#6353,.F.);
#8918=ORIENTED_EDGE('',*,*,#6356,.F.);
#8919=ORIENTED_EDGE('',*,*,#6597,.T.);
#8920=ORIENTED_EDGE('',*,*,#6594,.T.);
#8921=ORIENTED_EDGE('',*,*,#6591,.T.);
#8922=ORIENTED_EDGE('',*,*,#6587,.T.);
#8923=ORIENTED_EDGE('',*,*,#6569,.F.);
#8924=ORIENTED_EDGE('',*,*,#6559,.F.);
#8925=ORIENTED_EDGE('',*,*,#6563,.F.);
#8926=ORIENTED_EDGE('',*,*,#6566,.F.);
#8927=ORIENTED_EDGE('',*,*,#6509,.T.);
#8928=ORIENTED_EDGE('',*,*,#6506,.T.);
#8929=ORIENTED_EDGE('',*,*,#6503,.T.);
#8930=ORIENTED_EDGE('',*,*,#6499,.T.);
#8931=ORIENTED_EDGE('',*,*,#6539,.F.);
#8932=ORIENTED_EDGE('',*,*,#6529,.F.);
#8933=ORIENTED_EDGE('',*,*,#6533,.F.);
#8934=ORIENTED_EDGE('',*,*,#6536,.F.);
#8935=ORIENTED_EDGE('',*,*,#6657,.T.);
#8936=ORIENTED_EDGE('',*,*,#6654,.T.);
#8937=ORIENTED_EDGE('',*,*,#6651,.T.);
#8938=ORIENTED_EDGE('',*,*,#6647,.T.);
#8939=ORIENTED_EDGE('',*,*,#6629,.F.);
#8940=ORIENTED_EDGE('',*,*,#6619,.F.);
#8941=ORIENTED_EDGE('',*,*,#6623,.F.);
#8942=ORIENTED_EDGE('',*,*,#6626,.F.);
#8943=ORIENTED_EDGE('',*,*,#6687,.T.);
#8944=ORIENTED_EDGE('',*,*,#6684,.T.);
#8945=ORIENTED_EDGE('',*,*,#6681,.T.);
#8946=ORIENTED_EDGE('',*,*,#6677,.T.);
#8947=ORIENTED_EDGE('',*,*,#6698,.F.);
#8948=ORIENTED_EDGE('',*,*,#6699,.F.);
#8949=ORIENTED_EDGE('',*,*,#6700,.F.);
#8950=ORIENTED_EDGE('',*,*,#6701,.F.);
#8951=ORIENTED_EDGE('',*,*,#6690,.F.);
#8952=ORIENTED_EDGE('',*,*,#6702,.F.);
#8953=ORIENTED_EDGE('',*,*,#6703,.F.);
#8954=ORIENTED_EDGE('',*,*,#6692,.F.);
#8955=ORIENTED_EDGE('',*,*,#6704,.T.);
#8956=ORIENTED_EDGE('',*,*,#6705,.T.);
#8957=ORIENTED_EDGE('',*,*,#6693,.T.);
#8958=ORIENTED_EDGE('',*,*,#6703,.T.);
#8959=ORIENTED_EDGE('',*,*,#6706,.T.);
#8960=ORIENTED_EDGE('',*,*,#6671,.T.);
#8961=ORIENTED_EDGE('',*,*,#6697,.T.);
#8962=ORIENTED_EDGE('',*,*,#6707,.T.);
#8963=ORIENTED_EDGE('',*,*,#6707,.F.);
#8964=ORIENTED_EDGE('',*,*,#6696,.F.);
#8965=ORIENTED_EDGE('',*,*,#6708,.F.);
#8966=ORIENTED_EDGE('',*,*,#6709,.F.);
#8967=ORIENTED_EDGE('',*,*,#6710,.T.);
#8968=ORIENTED_EDGE('',*,*,#6708,.T.);
#8969=ORIENTED_EDGE('',*,*,#6695,.T.);
#8970=ORIENTED_EDGE('',*,*,#6711,.T.);
#8971=ORIENTED_EDGE('',*,*,#6699,.T.);
#8972=ORIENTED_EDGE('',*,*,#6712,.T.);
#8973=ORIENTED_EDGE('',*,*,#6713,.F.);
#8974=ORIENTED_EDGE('',*,*,#6714,.F.);
#8975=ORIENTED_EDGE('',*,*,#6700,.T.);
#8976=ORIENTED_EDGE('',*,*,#6714,.T.);
#8977=ORIENTED_EDGE('',*,*,#6715,.F.);
#8978=ORIENTED_EDGE('',*,*,#6716,.F.);
#8979=ORIENTED_EDGE('',*,*,#6701,.T.);
#8980=ORIENTED_EDGE('',*,*,#6716,.T.);
#8981=ORIENTED_EDGE('',*,*,#6717,.F.);
#8982=ORIENTED_EDGE('',*,*,#6718,.F.);
#8983=ORIENTED_EDGE('',*,*,#6698,.T.);
#8984=ORIENTED_EDGE('',*,*,#6718,.T.);
#8985=ORIENTED_EDGE('',*,*,#6719,.F.);
#8986=ORIENTED_EDGE('',*,*,#6712,.F.);
#8987=ORIENTED_EDGE('',*,*,#6705,.F.);
#8988=ORIENTED_EDGE('',*,*,#6720,.F.);
#8989=ORIENTED_EDGE('',*,*,#6711,.F.);
#8990=ORIENTED_EDGE('',*,*,#6694,.F.);
#8991=ORIENTED_EDGE('',*,*,#6689,.F.);
#8992=ORIENTED_EDGE('',*,*,#6659,.T.);
#8993=ORIENTED_EDGE('',*,*,#6665,.F.);
#8994=ORIENTED_EDGE('',*,*,#6666,.T.);
#8995=ORIENTED_EDGE('',*,*,#6606,.F.);
#8996=ORIENTED_EDGE('',*,*,#6603,.T.);
#8997=ORIENTED_EDGE('',*,*,#6599,.F.);
#8998=ORIENTED_EDGE('',*,*,#6631,.T.);
#8999=ORIENTED_EDGE('',*,*,#6636,.F.);
#9000=ORIENTED_EDGE('',*,*,#6637,.T.);
#9001=ORIENTED_EDGE('',*,*,#6517,.F.);
#9002=ORIENTED_EDGE('',*,*,#6514,.T.);
#9003=ORIENTED_EDGE('',*,*,#6511,.F.);
#9004=ORIENTED_EDGE('',*,*,#6479,.T.);
#9005=ORIENTED_EDGE('',*,*,#6485,.F.);
#9006=ORIENTED_EDGE('',*,*,#6486,.T.);
#9007=ORIENTED_EDGE('',*,*,#6548,.F.);
#9008=ORIENTED_EDGE('',*,*,#6545,.T.);
#9009=ORIENTED_EDGE('',*,*,#6541,.F.);
#9010=ORIENTED_EDGE('',*,*,#6571,.T.);
#9011=ORIENTED_EDGE('',*,*,#6576,.F.);
#9012=ORIENTED_EDGE('',*,*,#6577,.T.);
#9013=ORIENTED_EDGE('',*,*,#6337,.F.);
#9014=ORIENTED_EDGE('',*,*,#6334,.T.);
#9015=ORIENTED_EDGE('',*,*,#6331,.F.);
#9016=ORIENTED_EDGE('',*,*,#6301,.T.);
#9017=ORIENTED_EDGE('',*,*,#6307,.F.);
#9018=ORIENTED_EDGE('',*,*,#6308,.T.);
#9019=ORIENTED_EDGE('',*,*,#6246,.F.);
#9020=ORIENTED_EDGE('',*,*,#6243,.T.);
#9021=ORIENTED_EDGE('',*,*,#6239,.F.);
#9022=ORIENTED_EDGE('',*,*,#6271,.T.);
#9023=ORIENTED_EDGE('',*,*,#6276,.F.);
#9024=ORIENTED_EDGE('',*,*,#6277,.T.);
#9025=ORIENTED_EDGE('',*,*,#6399,.F.);
#9026=ORIENTED_EDGE('',*,*,#6396,.T.);
#9027=ORIENTED_EDGE('',*,*,#6393,.F.);
#9028=ORIENTED_EDGE('',*,*,#6361,.T.);
#9029=ORIENTED_EDGE('',*,*,#6367,.F.);
#9030=ORIENTED_EDGE('',*,*,#6368,.T.);
#9031=ORIENTED_EDGE('',*,*,#6428,.F.);
#9032=ORIENTED_EDGE('',*,*,#6425,.T.);
#9033=ORIENTED_EDGE('',*,*,#6421,.F.);
#9034=ORIENTED_EDGE('',*,*,#6451,.T.);
#9035=ORIENTED_EDGE('',*,*,#6456,.F.);
#9036=ORIENTED_EDGE('',*,*,#6457,.T.);
#9037=ORIENTED_EDGE('',*,*,#5973,.F.);
#9038=ORIENTED_EDGE('',*,*,#5970,.T.);
#9039=ORIENTED_EDGE('',*,*,#5967,.F.);
#9040=ORIENTED_EDGE('',*,*,#5937,.T.);
#9041=ORIENTED_EDGE('',*,*,#5943,.F.);
#9042=ORIENTED_EDGE('',*,*,#5944,.T.);
#9043=ORIENTED_EDGE('',*,*,#5884,.F.);
#9044=ORIENTED_EDGE('',*,*,#5881,.T.);
#9045=ORIENTED_EDGE('',*,*,#5877,.F.);
#9046=ORIENTED_EDGE('',*,*,#5909,.T.);
#9047=ORIENTED_EDGE('',*,*,#5914,.F.);
#9048=ORIENTED_EDGE('',*,*,#5915,.T.);
#9049=ORIENTED_EDGE('',*,*,#5793,.F.);
#9050=ORIENTED_EDGE('',*,*,#5790,.T.);
#9051=ORIENTED_EDGE('',*,*,#5787,.F.);
#9052=ORIENTED_EDGE('',*,*,#5755,.T.);
#9053=ORIENTED_EDGE('',*,*,#5761,.F.);
#9054=ORIENTED_EDGE('',*,*,#5762,.T.);
#9055=ORIENTED_EDGE('',*,*,#5824,.F.);
#9056=ORIENTED_EDGE('',*,*,#5821,.T.);
#9057=ORIENTED_EDGE('',*,*,#5817,.F.);
#9058=ORIENTED_EDGE('',*,*,#5847,.T.);
#9059=ORIENTED_EDGE('',*,*,#5852,.F.);
#9060=ORIENTED_EDGE('',*,*,#5853,.T.);
#9061=ORIENTED_EDGE('',*,*,#6095,.F.);
#9062=ORIENTED_EDGE('',*,*,#6092,.T.);
#9063=ORIENTED_EDGE('',*,*,#6089,.F.);
#9064=ORIENTED_EDGE('',*,*,#6059,.T.);
#9065=ORIENTED_EDGE('',*,*,#6065,.F.);
#9066=ORIENTED_EDGE('',*,*,#6066,.T.);
#9067=ORIENTED_EDGE('',*,*,#6004,.F.);
#9068=ORIENTED_EDGE('',*,*,#6001,.T.);
#9069=ORIENTED_EDGE('',*,*,#5997,.F.);
#9070=ORIENTED_EDGE('',*,*,#6029,.T.);
#9071=ORIENTED_EDGE('',*,*,#6034,.F.);
#9072=ORIENTED_EDGE('',*,*,#6035,.T.);
#9073=ORIENTED_EDGE('',*,*,#6155,.F.);
#9074=ORIENTED_EDGE('',*,*,#6152,.T.);
#9075=ORIENTED_EDGE('',*,*,#6149,.F.);
#9076=ORIENTED_EDGE('',*,*,#6117,.T.);
#9077=ORIENTED_EDGE('',*,*,#6123,.F.);
#9078=ORIENTED_EDGE('',*,*,#6124,.T.);
#9079=ORIENTED_EDGE('',*,*,#6184,.F.);
#9080=ORIENTED_EDGE('',*,*,#6181,.T.);
#9081=ORIENTED_EDGE('',*,*,#6177,.F.);
#9082=ORIENTED_EDGE('',*,*,#6207,.T.);
#9083=ORIENTED_EDGE('',*,*,#6212,.F.);
#9084=ORIENTED_EDGE('',*,*,#6213,.T.);
#9085=ORIENTED_EDGE('',*,*,#6238,.F.);
#9086=ORIENTED_EDGE('',*,*,#6222,.T.);
#9087=ORIENTED_EDGE('',*,*,#6219,.F.);
#9088=ORIENTED_EDGE('',*,*,#6216,.T.);
#9089=ORIENTED_EDGE('',*,*,#6186,.F.);
#9090=ORIENTED_EDGE('',*,*,#6192,.T.);
#9091=ORIENTED_EDGE('',*,*,#6193,.F.);
#9092=ORIENTED_EDGE('',*,*,#6134,.T.);
#9093=ORIENTED_EDGE('',*,*,#6131,.F.);
#9094=ORIENTED_EDGE('',*,*,#6127,.T.);
#9095=ORIENTED_EDGE('',*,*,#6157,.F.);
#9096=ORIENTED_EDGE('',*,*,#6162,.T.);
#9097=ORIENTED_EDGE('',*,*,#6163,.F.);
#9098=ORIENTED_EDGE('',*,*,#6044,.T.);
#9099=ORIENTED_EDGE('',*,*,#6041,.F.);
#9100=ORIENTED_EDGE('',*,*,#6038,.T.);
#9101=ORIENTED_EDGE('',*,*,#6007,.F.);
#9102=ORIENTED_EDGE('',*,*,#6013,.T.);
#9103=ORIENTED_EDGE('',*,*,#6014,.F.);
#9104=ORIENTED_EDGE('',*,*,#6075,.T.);
#9105=ORIENTED_EDGE('',*,*,#6072,.F.);
#9106=ORIENTED_EDGE('',*,*,#6068,.T.);
#9107=ORIENTED_EDGE('',*,*,#6097,.F.);
#9108=ORIENTED_EDGE('',*,*,#6102,.T.);
#9109=ORIENTED_EDGE('',*,*,#6103,.F.);
#9110=ORIENTED_EDGE('',*,*,#5862,.T.);
#9111=ORIENTED_EDGE('',*,*,#5859,.F.);
#9112=ORIENTED_EDGE('',*,*,#5856,.T.);
#9113=ORIENTED_EDGE('',*,*,#5826,.F.);
#9114=ORIENTED_EDGE('',*,*,#5832,.T.);
#9115=ORIENTED_EDGE('',*,*,#5833,.F.);
#9116=ORIENTED_EDGE('',*,*,#5772,.T.);
#9117=ORIENTED_EDGE('',*,*,#5769,.F.);
#9118=ORIENTED_EDGE('',*,*,#5765,.T.);
#9119=ORIENTED_EDGE('',*,*,#5796,.F.);
#9120=ORIENTED_EDGE('',*,*,#5801,.T.);
#9121=ORIENTED_EDGE('',*,*,#5802,.F.);
#9122=ORIENTED_EDGE('',*,*,#5923,.T.);
#9123=ORIENTED_EDGE('',*,*,#5920,.F.);
#9124=ORIENTED_EDGE('',*,*,#5917,.T.);
#9125=ORIENTED_EDGE('',*,*,#5887,.F.);
#9126=ORIENTED_EDGE('',*,*,#5893,.T.);
#9127=ORIENTED_EDGE('',*,*,#5894,.F.);
#9128=ORIENTED_EDGE('',*,*,#5953,.T.);
#9129=ORIENTED_EDGE('',*,*,#5950,.F.);
#9130=ORIENTED_EDGE('',*,*,#5946,.T.);
#9131=ORIENTED_EDGE('',*,*,#5976,.F.);
#9132=ORIENTED_EDGE('',*,*,#5981,.T.);
#9133=ORIENTED_EDGE('',*,*,#5982,.F.);
#9134=ORIENTED_EDGE('',*,*,#6465,.T.);
#9135=ORIENTED_EDGE('',*,*,#6462,.F.);
#9136=ORIENTED_EDGE('',*,*,#6459,.T.);
#9137=ORIENTED_EDGE('',*,*,#6430,.F.);
#9138=ORIENTED_EDGE('',*,*,#6436,.T.);
#9139=ORIENTED_EDGE('',*,*,#6437,.F.);
#9140=ORIENTED_EDGE('',*,*,#6378,.T.);
#9141=ORIENTED_EDGE('',*,*,#6375,.F.);
#9142=ORIENTED_EDGE('',*,*,#6371,.T.);
#9143=ORIENTED_EDGE('',*,*,#6401,.F.);
#9144=ORIENTED_EDGE('',*,*,#6406,.T.);
#9145=ORIENTED_EDGE('',*,*,#6407,.F.);
#9146=ORIENTED_EDGE('',*,*,#6286,.T.);
#9147=ORIENTED_EDGE('',*,*,#6283,.F.);
#9148=ORIENTED_EDGE('',*,*,#6280,.T.);
#9149=ORIENTED_EDGE('',*,*,#6249,.F.);
#9150=ORIENTED_EDGE('',*,*,#6255,.T.);
#9151=ORIENTED_EDGE('',*,*,#6256,.F.);
#9152=ORIENTED_EDGE('',*,*,#6317,.T.);
#9153=ORIENTED_EDGE('',*,*,#6314,.F.);
#9154=ORIENTED_EDGE('',*,*,#6310,.T.);
#9155=ORIENTED_EDGE('',*,*,#6340,.F.);
#9156=ORIENTED_EDGE('',*,*,#6345,.T.);
#9157=ORIENTED_EDGE('',*,*,#6346,.F.);
#9158=ORIENTED_EDGE('',*,*,#6585,.T.);
#9159=ORIENTED_EDGE('',*,*,#6582,.F.);
#9160=ORIENTED_EDGE('',*,*,#6579,.T.);
#9161=ORIENTED_EDGE('',*,*,#6550,.F.);
#9162=ORIENTED_EDGE('',*,*,#6556,.T.);
#9163=ORIENTED_EDGE('',*,*,#6557,.F.);
#9164=ORIENTED_EDGE('',*,*,#6496,.T.);
#9165=ORIENTED_EDGE('',*,*,#6493,.F.);
#9166=ORIENTED_EDGE('',*,*,#6489,.T.);
#9167=ORIENTED_EDGE('',*,*,#6520,.F.);
#9168=ORIENTED_EDGE('',*,*,#6525,.T.);
#9169=ORIENTED_EDGE('',*,*,#6526,.F.);
#9170=ORIENTED_EDGE('',*,*,#6645,.T.);
#9171=ORIENTED_EDGE('',*,*,#6642,.F.);
#9172=ORIENTED_EDGE('',*,*,#6639,.T.);
#9173=ORIENTED_EDGE('',*,*,#6609,.F.);
#9174=ORIENTED_EDGE('',*,*,#6615,.T.);
#9175=ORIENTED_EDGE('',*,*,#6616,.F.);
#9176=ORIENTED_EDGE('',*,*,#6675,.T.);
#9177=ORIENTED_EDGE('',*,*,#6672,.F.);
#9178=ORIENTED_EDGE('',*,*,#6668,.T.);
#9179=ORIENTED_EDGE('',*,*,#6706,.F.);
#9180=ORIENTED_EDGE('',*,*,#6709,.T.);
#9181=ORIENTED_EDGE('',*,*,#6710,.F.);
#9182=ORIENTED_EDGE('',*,*,#6720,.T.);
#9183=ORIENTED_EDGE('',*,*,#6704,.F.);
#9184=ORIENTED_EDGE('',*,*,#6702,.T.);
#9185=ORIENTED_EDGE('',*,*,#6236,.F.);
#9186=ORIENTED_EDGE('',*,*,#6227,.F.);
#9187=ORIENTED_EDGE('',*,*,#6231,.F.);
#9188=ORIENTED_EDGE('',*,*,#6234,.F.);
#9189=ORIENTED_EDGE('',*,*,#6206,.T.);
#9190=ORIENTED_EDGE('',*,*,#6203,.T.);
#9191=ORIENTED_EDGE('',*,*,#6200,.T.);
#9192=ORIENTED_EDGE('',*,*,#6197,.T.);
#9193=ORIENTED_EDGE('',*,*,#6148,.F.);
#9194=ORIENTED_EDGE('',*,*,#6139,.F.);
#9195=ORIENTED_EDGE('',*,*,#6143,.F.);
#9196=ORIENTED_EDGE('',*,*,#6146,.F.);
#9197=ORIENTED_EDGE('',*,*,#6176,.T.);
#9198=ORIENTED_EDGE('',*,*,#6173,.T.);
#9199=ORIENTED_EDGE('',*,*,#6170,.T.);
#9200=ORIENTED_EDGE('',*,*,#6167,.T.);
#9201=ORIENTED_EDGE('',*,*,#6058,.F.);
#9202=ORIENTED_EDGE('',*,*,#6049,.F.);
#9203=ORIENTED_EDGE('',*,*,#6053,.F.);
#9204=ORIENTED_EDGE('',*,*,#6056,.F.);
#9205=ORIENTED_EDGE('',*,*,#6028,.T.);
#9206=ORIENTED_EDGE('',*,*,#6025,.T.);
#9207=ORIENTED_EDGE('',*,*,#6022,.T.);
#9208=ORIENTED_EDGE('',*,*,#6019,.T.);
#9209=ORIENTED_EDGE('',*,*,#6088,.F.);
#9210=ORIENTED_EDGE('',*,*,#6079,.F.);
#9211=ORIENTED_EDGE('',*,*,#6083,.F.);
#9212=ORIENTED_EDGE('',*,*,#6086,.F.);
#9213=ORIENTED_EDGE('',*,*,#6116,.T.);
#9214=ORIENTED_EDGE('',*,*,#6113,.T.);
#9215=ORIENTED_EDGE('',*,*,#6110,.T.);
#9216=ORIENTED_EDGE('',*,*,#6107,.T.);
#9217=ORIENTED_EDGE('',*,*,#5876,.F.);
#9218=ORIENTED_EDGE('',*,*,#5867,.F.);
#9219=ORIENTED_EDGE('',*,*,#5871,.F.);
#9220=ORIENTED_EDGE('',*,*,#5874,.F.);
#9221=ORIENTED_EDGE('',*,*,#5846,.T.);
#9222=ORIENTED_EDGE('',*,*,#5843,.T.);
#9223=ORIENTED_EDGE('',*,*,#5840,.T.);
#9224=ORIENTED_EDGE('',*,*,#5837,.T.);
#9225=ORIENTED_EDGE('',*,*,#5786,.F.);
#9226=ORIENTED_EDGE('',*,*,#5777,.F.);
#9227=ORIENTED_EDGE('',*,*,#5781,.F.);
#9228=ORIENTED_EDGE('',*,*,#5784,.F.);
#9229=ORIENTED_EDGE('',*,*,#5816,.T.);
#9230=ORIENTED_EDGE('',*,*,#5813,.T.);
#9231=ORIENTED_EDGE('',*,*,#5810,.T.);
#9232=ORIENTED_EDGE('',*,*,#5807,.T.);
#9233=ORIENTED_EDGE('',*,*,#5936,.F.);
#9234=ORIENTED_EDGE('',*,*,#5927,.F.);
#9235=ORIENTED_EDGE('',*,*,#5931,.F.);
#9236=ORIENTED_EDGE('',*,*,#5934,.F.);
#9237=ORIENTED_EDGE('',*,*,#5908,.T.);
#9238=ORIENTED_EDGE('',*,*,#5905,.T.);
#9239=ORIENTED_EDGE('',*,*,#5902,.T.);
#9240=ORIENTED_EDGE('',*,*,#5899,.T.);
#9241=ORIENTED_EDGE('',*,*,#5966,.F.);
#9242=ORIENTED_EDGE('',*,*,#5957,.F.);
#9243=ORIENTED_EDGE('',*,*,#5961,.F.);
#9244=ORIENTED_EDGE('',*,*,#5964,.F.);
#9245=ORIENTED_EDGE('',*,*,#5996,.T.);
#9246=ORIENTED_EDGE('',*,*,#5993,.T.);
#9247=ORIENTED_EDGE('',*,*,#5990,.T.);
#9248=ORIENTED_EDGE('',*,*,#5987,.T.);
#9249=ORIENTED_EDGE('',*,*,#6478,.F.);
#9250=ORIENTED_EDGE('',*,*,#6469,.F.);
#9251=ORIENTED_EDGE('',*,*,#6473,.F.);
#9252=ORIENTED_EDGE('',*,*,#6476,.F.);
#9253=ORIENTED_EDGE('',*,*,#6450,.T.);
#9254=ORIENTED_EDGE('',*,*,#6447,.T.);
#9255=ORIENTED_EDGE('',*,*,#6444,.T.);
#9256=ORIENTED_EDGE('',*,*,#6441,.T.);
#9257=ORIENTED_EDGE('',*,*,#6392,.F.);
#9258=ORIENTED_EDGE('',*,*,#6383,.F.);
#9259=ORIENTED_EDGE('',*,*,#6387,.F.);
#9260=ORIENTED_EDGE('',*,*,#6390,.F.);
#9261=ORIENTED_EDGE('',*,*,#6420,.T.);
#9262=ORIENTED_EDGE('',*,*,#6417,.T.);
#9263=ORIENTED_EDGE('',*,*,#6414,.T.);
#9264=ORIENTED_EDGE('',*,*,#6411,.T.);
#9265=ORIENTED_EDGE('',*,*,#6300,.F.);
#9266=ORIENTED_EDGE('',*,*,#6291,.F.);
#9267=ORIENTED_EDGE('',*,*,#6295,.F.);
#9268=ORIENTED_EDGE('',*,*,#6298,.F.);
#9269=ORIENTED_EDGE('',*,*,#6270,.T.);
#9270=ORIENTED_EDGE('',*,*,#6267,.T.);
#9271=ORIENTED_EDGE('',*,*,#6264,.T.);
#9272=ORIENTED_EDGE('',*,*,#6261,.T.);
#9273=ORIENTED_EDGE('',*,*,#6330,.F.);
#9274=ORIENTED_EDGE('',*,*,#6321,.F.);
#9275=ORIENTED_EDGE('',*,*,#6325,.F.);
#9276=ORIENTED_EDGE('',*,*,#6328,.F.);
#9277=ORIENTED_EDGE('',*,*,#6360,.T.);
#9278=ORIENTED_EDGE('',*,*,#6357,.T.);
#9279=ORIENTED_EDGE('',*,*,#6354,.T.);
#9280=ORIENTED_EDGE('',*,*,#6351,.T.);
#9281=ORIENTED_EDGE('',*,*,#6598,.F.);
#9282=ORIENTED_EDGE('',*,*,#6589,.F.);
#9283=ORIENTED_EDGE('',*,*,#6593,.F.);
#9284=ORIENTED_EDGE('',*,*,#6596,.F.);
#9285=ORIENTED_EDGE('',*,*,#6570,.T.);
#9286=ORIENTED_EDGE('',*,*,#6567,.T.);
#9287=ORIENTED_EDGE('',*,*,#6564,.T.);
#9288=ORIENTED_EDGE('',*,*,#6561,.T.);
#9289=ORIENTED_EDGE('',*,*,#6510,.F.);
#9290=ORIENTED_EDGE('',*,*,#6501,.F.);
#9291=ORIENTED_EDGE('',*,*,#6505,.F.);
#9292=ORIENTED_EDGE('',*,*,#6508,.F.);
#9293=ORIENTED_EDGE('',*,*,#6540,.T.);
#9294=ORIENTED_EDGE('',*,*,#6537,.T.);
#9295=ORIENTED_EDGE('',*,*,#6534,.T.);
#9296=ORIENTED_EDGE('',*,*,#6531,.T.);
#9297=ORIENTED_EDGE('',*,*,#6658,.F.);
#9298=ORIENTED_EDGE('',*,*,#6649,.F.);
#9299=ORIENTED_EDGE('',*,*,#6653,.F.);
#9300=ORIENTED_EDGE('',*,*,#6656,.F.);
#9301=ORIENTED_EDGE('',*,*,#6630,.T.);
#9302=ORIENTED_EDGE('',*,*,#6627,.T.);
#9303=ORIENTED_EDGE('',*,*,#6624,.T.);
#9304=ORIENTED_EDGE('',*,*,#6621,.T.);
#9305=ORIENTED_EDGE('',*,*,#6688,.F.);
#9306=ORIENTED_EDGE('',*,*,#6679,.F.);
#9307=ORIENTED_EDGE('',*,*,#6683,.F.);
#9308=ORIENTED_EDGE('',*,*,#6686,.F.);
#9309=ORIENTED_EDGE('',*,*,#6719,.T.);
#9310=ORIENTED_EDGE('',*,*,#6717,.T.);
#9311=ORIENTED_EDGE('',*,*,#6715,.T.);
#9312=ORIENTED_EDGE('',*,*,#6713,.T.);
#9313=ORIENTED_EDGE('',*,*,#6721,.F.);
#9314=ORIENTED_EDGE('',*,*,#6722,.F.);
#9315=ORIENTED_EDGE('',*,*,#6723,.F.);
#9316=ORIENTED_EDGE('',*,*,#6724,.F.);
#9317=ORIENTED_EDGE('',*,*,#6721,.T.);
#9318=ORIENTED_EDGE('',*,*,#6725,.T.);
#9319=ORIENTED_EDGE('',*,*,#6726,.F.);
#9320=ORIENTED_EDGE('',*,*,#6727,.F.);
#9321=ORIENTED_EDGE('',*,*,#6724,.T.);
#9322=ORIENTED_EDGE('',*,*,#6728,.T.);
#9323=ORIENTED_EDGE('',*,*,#6729,.F.);
#9324=ORIENTED_EDGE('',*,*,#6725,.F.);
#9325=ORIENTED_EDGE('',*,*,#6723,.T.);
#9326=ORIENTED_EDGE('',*,*,#6730,.T.);
#9327=ORIENTED_EDGE('',*,*,#6731,.F.);
#9328=ORIENTED_EDGE('',*,*,#6728,.F.);
#9329=ORIENTED_EDGE('',*,*,#6722,.T.);
#9330=ORIENTED_EDGE('',*,*,#6727,.T.);
#9331=ORIENTED_EDGE('',*,*,#6732,.F.);
#9332=ORIENTED_EDGE('',*,*,#6730,.F.);
#9333=ORIENTED_EDGE('',*,*,#6729,.T.);
#9334=ORIENTED_EDGE('',*,*,#6733,.T.);
#9335=ORIENTED_EDGE('',*,*,#6734,.T.);
#9336=ORIENTED_EDGE('',*,*,#6735,.F.);
#9337=ORIENTED_EDGE('',*,*,#6731,.T.);
#9338=ORIENTED_EDGE('',*,*,#6736,.T.);
#9339=ORIENTED_EDGE('',*,*,#6737,.T.);
#9340=ORIENTED_EDGE('',*,*,#6733,.F.);
#9341=ORIENTED_EDGE('',*,*,#6732,.T.);
#9342=ORIENTED_EDGE('',*,*,#6738,.T.);
#9343=ORIENTED_EDGE('',*,*,#6739,.T.);
#9344=ORIENTED_EDGE('',*,*,#6736,.F.);
#9345=ORIENTED_EDGE('',*,*,#6726,.T.);
#9346=ORIENTED_EDGE('',*,*,#6735,.T.);
#9347=ORIENTED_EDGE('',*,*,#6740,.T.);
#9348=ORIENTED_EDGE('',*,*,#6738,.F.);
#9349=ORIENTED_EDGE('',*,*,#6740,.F.);
#9350=ORIENTED_EDGE('',*,*,#6734,.F.);
#9351=ORIENTED_EDGE('',*,*,#6737,.F.);
#9352=ORIENTED_EDGE('',*,*,#6739,.F.);
#9353=ORIENTED_EDGE('',*,*,#6741,.F.);
#9354=ORIENTED_EDGE('',*,*,#6742,.F.);
#9355=ORIENTED_EDGE('',*,*,#6743,.F.);
#9356=ORIENTED_EDGE('',*,*,#6744,.F.);
#9357=ORIENTED_EDGE('',*,*,#6741,.T.);
#9358=ORIENTED_EDGE('',*,*,#6745,.T.);
#9359=ORIENTED_EDGE('',*,*,#6746,.F.);
#9360=ORIENTED_EDGE('',*,*,#6747,.F.);
#9361=ORIENTED_EDGE('',*,*,#6744,.T.);
#9362=ORIENTED_EDGE('',*,*,#6748,.T.);
#9363=ORIENTED_EDGE('',*,*,#6749,.F.);
#9364=ORIENTED_EDGE('',*,*,#6745,.F.);
#9365=ORIENTED_EDGE('',*,*,#6743,.T.);
#9366=ORIENTED_EDGE('',*,*,#6750,.T.);
#9367=ORIENTED_EDGE('',*,*,#6751,.F.);
#9368=ORIENTED_EDGE('',*,*,#6748,.F.);
#9369=ORIENTED_EDGE('',*,*,#6742,.T.);
#9370=ORIENTED_EDGE('',*,*,#6747,.T.);
#9371=ORIENTED_EDGE('',*,*,#6752,.F.);
#9372=ORIENTED_EDGE('',*,*,#6750,.F.);
#9373=ORIENTED_EDGE('',*,*,#6749,.T.);
#9374=ORIENTED_EDGE('',*,*,#6753,.T.);
#9375=ORIENTED_EDGE('',*,*,#6754,.T.);
#9376=ORIENTED_EDGE('',*,*,#6755,.F.);
#9377=ORIENTED_EDGE('',*,*,#6751,.T.);
#9378=ORIENTED_EDGE('',*,*,#6756,.T.);
#9379=ORIENTED_EDGE('',*,*,#6757,.T.);
#9380=ORIENTED_EDGE('',*,*,#6753,.F.);
#9381=ORIENTED_EDGE('',*,*,#6752,.T.);
#9382=ORIENTED_EDGE('',*,*,#6758,.T.);
#9383=ORIENTED_EDGE('',*,*,#6759,.T.);
#9384=ORIENTED_EDGE('',*,*,#6756,.F.);
#9385=ORIENTED_EDGE('',*,*,#6746,.T.);
#9386=ORIENTED_EDGE('',*,*,#6755,.T.);
#9387=ORIENTED_EDGE('',*,*,#6760,.T.);
#9388=ORIENTED_EDGE('',*,*,#6758,.F.);
#9389=ORIENTED_EDGE('',*,*,#6760,.F.);
#9390=ORIENTED_EDGE('',*,*,#6754,.F.);
#9391=ORIENTED_EDGE('',*,*,#6757,.F.);
#9392=ORIENTED_EDGE('',*,*,#6759,.F.);
#9393=ORIENTED_EDGE('',*,*,#6761,.T.);
#9394=ORIENTED_EDGE('',*,*,#6762,.T.);
#9395=ORIENTED_EDGE('',*,*,#6763,.T.);
#9396=ORIENTED_EDGE('',*,*,#6764,.T.);
#9397=ORIENTED_EDGE('',*,*,#6761,.F.);
#9398=ORIENTED_EDGE('',*,*,#6765,.T.);
#9399=ORIENTED_EDGE('',*,*,#6766,.T.);
#9400=ORIENTED_EDGE('',*,*,#6767,.F.);
#9401=ORIENTED_EDGE('',*,*,#6762,.F.);
#9402=ORIENTED_EDGE('',*,*,#6767,.T.);
#9403=ORIENTED_EDGE('',*,*,#6768,.T.);
#9404=ORIENTED_EDGE('',*,*,#6769,.F.);
#9405=ORIENTED_EDGE('',*,*,#6763,.F.);
#9406=ORIENTED_EDGE('',*,*,#6769,.T.);
#9407=ORIENTED_EDGE('',*,*,#6770,.T.);
#9408=ORIENTED_EDGE('',*,*,#6771,.F.);
#9409=ORIENTED_EDGE('',*,*,#6764,.F.);
#9410=ORIENTED_EDGE('',*,*,#6771,.T.);
#9411=ORIENTED_EDGE('',*,*,#6772,.T.);
#9412=ORIENTED_EDGE('',*,*,#6765,.F.);
#9413=ORIENTED_EDGE('',*,*,#6768,.F.);
#9414=ORIENTED_EDGE('',*,*,#6773,.T.);
#9415=ORIENTED_EDGE('',*,*,#6774,.F.);
#9416=ORIENTED_EDGE('',*,*,#6775,.F.);
#9417=ORIENTED_EDGE('',*,*,#6770,.F.);
#9418=ORIENTED_EDGE('',*,*,#6775,.T.);
#9419=ORIENTED_EDGE('',*,*,#6776,.F.);
#9420=ORIENTED_EDGE('',*,*,#6777,.F.);
#9421=ORIENTED_EDGE('',*,*,#6772,.F.);
#9422=ORIENTED_EDGE('',*,*,#6777,.T.);
#9423=ORIENTED_EDGE('',*,*,#6778,.F.);
#9424=ORIENTED_EDGE('',*,*,#6779,.F.);
#9425=ORIENTED_EDGE('',*,*,#6766,.F.);
#9426=ORIENTED_EDGE('',*,*,#6779,.T.);
#9427=ORIENTED_EDGE('',*,*,#6780,.F.);
#9428=ORIENTED_EDGE('',*,*,#6773,.F.);
#9429=ORIENTED_EDGE('',*,*,#6780,.T.);
#9430=ORIENTED_EDGE('',*,*,#6778,.T.);
#9431=ORIENTED_EDGE('',*,*,#6776,.T.);
#9432=ORIENTED_EDGE('',*,*,#6774,.T.);
#9433=ORIENTED_EDGE('',*,*,#6781,.F.);
#9434=ORIENTED_EDGE('',*,*,#6782,.F.);
#9435=ORIENTED_EDGE('',*,*,#6783,.F.);
#9436=ORIENTED_EDGE('',*,*,#6784,.F.);
#9437=ORIENTED_EDGE('',*,*,#6781,.T.);
#9438=ORIENTED_EDGE('',*,*,#6785,.T.);
#9439=ORIENTED_EDGE('',*,*,#6786,.F.);
#9440=ORIENTED_EDGE('',*,*,#6787,.F.);
#9441=ORIENTED_EDGE('',*,*,#6784,.T.);
#9442=ORIENTED_EDGE('',*,*,#6788,.T.);
#9443=ORIENTED_EDGE('',*,*,#6789,.F.);
#9444=ORIENTED_EDGE('',*,*,#6785,.F.);
#9445=ORIENTED_EDGE('',*,*,#6783,.T.);
#9446=ORIENTED_EDGE('',*,*,#6790,.T.);
#9447=ORIENTED_EDGE('',*,*,#6791,.F.);
#9448=ORIENTED_EDGE('',*,*,#6788,.F.);
#9449=ORIENTED_EDGE('',*,*,#6782,.T.);
#9450=ORIENTED_EDGE('',*,*,#6787,.T.);
#9451=ORIENTED_EDGE('',*,*,#6792,.F.);
#9452=ORIENTED_EDGE('',*,*,#6790,.F.);
#9453=ORIENTED_EDGE('',*,*,#6789,.T.);
#9454=ORIENTED_EDGE('',*,*,#6793,.T.);
#9455=ORIENTED_EDGE('',*,*,#6794,.T.);
#9456=ORIENTED_EDGE('',*,*,#6795,.F.);
#9457=ORIENTED_EDGE('',*,*,#6791,.T.);
#9458=ORIENTED_EDGE('',*,*,#6796,.T.);
#9459=ORIENTED_EDGE('',*,*,#6797,.T.);
#9460=ORIENTED_EDGE('',*,*,#6793,.F.);
#9461=ORIENTED_EDGE('',*,*,#6792,.T.);
#9462=ORIENTED_EDGE('',*,*,#6798,.T.);
#9463=ORIENTED_EDGE('',*,*,#6799,.T.);
#9464=ORIENTED_EDGE('',*,*,#6796,.F.);
#9465=ORIENTED_EDGE('',*,*,#6786,.T.);
#9466=ORIENTED_EDGE('',*,*,#6795,.T.);
#9467=ORIENTED_EDGE('',*,*,#6800,.T.);
#9468=ORIENTED_EDGE('',*,*,#6798,.F.);
#9469=ORIENTED_EDGE('',*,*,#6800,.F.);
#9470=ORIENTED_EDGE('',*,*,#6794,.F.);
#9471=ORIENTED_EDGE('',*,*,#6797,.F.);
#9472=ORIENTED_EDGE('',*,*,#6799,.F.);
#9473=ORIENTED_EDGE('',*,*,#6801,.T.);
#9474=ORIENTED_EDGE('',*,*,#6802,.T.);
#9475=ORIENTED_EDGE('',*,*,#6803,.T.);
#9476=ORIENTED_EDGE('',*,*,#6804,.T.);
#9477=ORIENTED_EDGE('',*,*,#6801,.F.);
#9478=ORIENTED_EDGE('',*,*,#6805,.T.);
#9479=ORIENTED_EDGE('',*,*,#6806,.T.);
#9480=ORIENTED_EDGE('',*,*,#6807,.F.);
#9481=ORIENTED_EDGE('',*,*,#6802,.F.);
#9482=ORIENTED_EDGE('',*,*,#6807,.T.);
#9483=ORIENTED_EDGE('',*,*,#6808,.T.);
#9484=ORIENTED_EDGE('',*,*,#6809,.F.);
#9485=ORIENTED_EDGE('',*,*,#6803,.F.);
#9486=ORIENTED_EDGE('',*,*,#6809,.T.);
#9487=ORIENTED_EDGE('',*,*,#6810,.T.);
#9488=ORIENTED_EDGE('',*,*,#6811,.F.);
#9489=ORIENTED_EDGE('',*,*,#6804,.F.);
#9490=ORIENTED_EDGE('',*,*,#6811,.T.);
#9491=ORIENTED_EDGE('',*,*,#6812,.T.);
#9492=ORIENTED_EDGE('',*,*,#6805,.F.);
#9493=ORIENTED_EDGE('',*,*,#6808,.F.);
#9494=ORIENTED_EDGE('',*,*,#6813,.T.);
#9495=ORIENTED_EDGE('',*,*,#6814,.F.);
#9496=ORIENTED_EDGE('',*,*,#6815,.F.);
#9497=ORIENTED_EDGE('',*,*,#6810,.F.);
#9498=ORIENTED_EDGE('',*,*,#6815,.T.);
#9499=ORIENTED_EDGE('',*,*,#6816,.F.);
#9500=ORIENTED_EDGE('',*,*,#6817,.F.);
#9501=ORIENTED_EDGE('',*,*,#6812,.F.);
#9502=ORIENTED_EDGE('',*,*,#6817,.T.);
#9503=ORIENTED_EDGE('',*,*,#6818,.F.);
#9504=ORIENTED_EDGE('',*,*,#6819,.F.);
#9505=ORIENTED_EDGE('',*,*,#6806,.F.);
#9506=ORIENTED_EDGE('',*,*,#6819,.T.);
#9507=ORIENTED_EDGE('',*,*,#6820,.F.);
#9508=ORIENTED_EDGE('',*,*,#6813,.F.);
#9509=ORIENTED_EDGE('',*,*,#6820,.T.);
#9510=ORIENTED_EDGE('',*,*,#6818,.T.);
#9511=ORIENTED_EDGE('',*,*,#6816,.T.);
#9512=ORIENTED_EDGE('',*,*,#6814,.T.);
#9513=ORIENTED_EDGE('',*,*,#6821,.T.);
#9514=ORIENTED_EDGE('',*,*,#6822,.T.);
#9515=ORIENTED_EDGE('',*,*,#6823,.T.);
#9516=ORIENTED_EDGE('',*,*,#6824,.T.);
#9517=ORIENTED_EDGE('',*,*,#6821,.F.);
#9518=ORIENTED_EDGE('',*,*,#6825,.T.);
#9519=ORIENTED_EDGE('',*,*,#6826,.T.);
#9520=ORIENTED_EDGE('',*,*,#6827,.F.);
#9521=ORIENTED_EDGE('',*,*,#6822,.F.);
#9522=ORIENTED_EDGE('',*,*,#6827,.T.);
#9523=ORIENTED_EDGE('',*,*,#6828,.T.);
#9524=ORIENTED_EDGE('',*,*,#6829,.F.);
#9525=ORIENTED_EDGE('',*,*,#6823,.F.);
#9526=ORIENTED_EDGE('',*,*,#6829,.T.);
#9527=ORIENTED_EDGE('',*,*,#6830,.T.);
#9528=ORIENTED_EDGE('',*,*,#6831,.F.);
#9529=ORIENTED_EDGE('',*,*,#6824,.F.);
#9530=ORIENTED_EDGE('',*,*,#6831,.T.);
#9531=ORIENTED_EDGE('',*,*,#6832,.T.);
#9532=ORIENTED_EDGE('',*,*,#6825,.F.);
#9533=ORIENTED_EDGE('',*,*,#6828,.F.);
#9534=ORIENTED_EDGE('',*,*,#6833,.T.);
#9535=ORIENTED_EDGE('',*,*,#6834,.F.);
#9536=ORIENTED_EDGE('',*,*,#6835,.F.);
#9537=ORIENTED_EDGE('',*,*,#6830,.F.);
#9538=ORIENTED_EDGE('',*,*,#6835,.T.);
#9539=ORIENTED_EDGE('',*,*,#6836,.F.);
#9540=ORIENTED_EDGE('',*,*,#6837,.F.);
#9541=ORIENTED_EDGE('',*,*,#6832,.F.);
#9542=ORIENTED_EDGE('',*,*,#6837,.T.);
#9543=ORIENTED_EDGE('',*,*,#6838,.F.);
#9544=ORIENTED_EDGE('',*,*,#6839,.F.);
#9545=ORIENTED_EDGE('',*,*,#6826,.F.);
#9546=ORIENTED_EDGE('',*,*,#6839,.T.);
#9547=ORIENTED_EDGE('',*,*,#6840,.F.);
#9548=ORIENTED_EDGE('',*,*,#6833,.F.);
#9549=ORIENTED_EDGE('',*,*,#6840,.T.);
#9550=ORIENTED_EDGE('',*,*,#6838,.T.);
#9551=ORIENTED_EDGE('',*,*,#6836,.T.);
#9552=ORIENTED_EDGE('',*,*,#6834,.T.);
#9553=ORIENTED_EDGE('',*,*,#6841,.F.);
#9554=ORIENTED_EDGE('',*,*,#6842,.F.);
#9555=ORIENTED_EDGE('',*,*,#6843,.F.);
#9556=ORIENTED_EDGE('',*,*,#6844,.F.);
#9557=ORIENTED_EDGE('',*,*,#6841,.T.);
#9558=ORIENTED_EDGE('',*,*,#6845,.T.);
#9559=ORIENTED_EDGE('',*,*,#6846,.F.);
#9560=ORIENTED_EDGE('',*,*,#6847,.F.);
#9561=ORIENTED_EDGE('',*,*,#6844,.T.);
#9562=ORIENTED_EDGE('',*,*,#6848,.T.);
#9563=ORIENTED_EDGE('',*,*,#6849,.F.);
#9564=ORIENTED_EDGE('',*,*,#6845,.F.);
#9565=ORIENTED_EDGE('',*,*,#6843,.T.);
#9566=ORIENTED_EDGE('',*,*,#6850,.T.);
#9567=ORIENTED_EDGE('',*,*,#6851,.F.);
#9568=ORIENTED_EDGE('',*,*,#6848,.F.);
#9569=ORIENTED_EDGE('',*,*,#6842,.T.);
#9570=ORIENTED_EDGE('',*,*,#6847,.T.);
#9571=ORIENTED_EDGE('',*,*,#6852,.F.);
#9572=ORIENTED_EDGE('',*,*,#6850,.F.);
#9573=ORIENTED_EDGE('',*,*,#6849,.T.);
#9574=ORIENTED_EDGE('',*,*,#6853,.T.);
#9575=ORIENTED_EDGE('',*,*,#6854,.T.);
#9576=ORIENTED_EDGE('',*,*,#6855,.F.);
#9577=ORIENTED_EDGE('',*,*,#6851,.T.);
#9578=ORIENTED_EDGE('',*,*,#6856,.T.);
#9579=ORIENTED_EDGE('',*,*,#6857,.T.);
#9580=ORIENTED_EDGE('',*,*,#6853,.F.);
#9581=ORIENTED_EDGE('',*,*,#6852,.T.);
#9582=ORIENTED_EDGE('',*,*,#6858,.T.);
#9583=ORIENTED_EDGE('',*,*,#6859,.T.);
#9584=ORIENTED_EDGE('',*,*,#6856,.F.);
#9585=ORIENTED_EDGE('',*,*,#6846,.T.);
#9586=ORIENTED_EDGE('',*,*,#6855,.T.);
#9587=ORIENTED_EDGE('',*,*,#6860,.T.);
#9588=ORIENTED_EDGE('',*,*,#6858,.F.);
#9589=ORIENTED_EDGE('',*,*,#6860,.F.);
#9590=ORIENTED_EDGE('',*,*,#6854,.F.);
#9591=ORIENTED_EDGE('',*,*,#6857,.F.);
#9592=ORIENTED_EDGE('',*,*,#6859,.F.);
#9593=ORIENTED_EDGE('',*,*,#6861,.F.);
#9594=ORIENTED_EDGE('',*,*,#6862,.F.);
#9595=ORIENTED_EDGE('',*,*,#6863,.F.);
#9596=ORIENTED_EDGE('',*,*,#6864,.F.);
#9597=ORIENTED_EDGE('',*,*,#6861,.T.);
#9598=ORIENTED_EDGE('',*,*,#6865,.T.);
#9599=ORIENTED_EDGE('',*,*,#6866,.F.);
#9600=ORIENTED_EDGE('',*,*,#6867,.F.);
#9601=ORIENTED_EDGE('',*,*,#6864,.T.);
#9602=ORIENTED_EDGE('',*,*,#6868,.T.);
#9603=ORIENTED_EDGE('',*,*,#6869,.F.);
#9604=ORIENTED_EDGE('',*,*,#6865,.F.);
#9605=ORIENTED_EDGE('',*,*,#6863,.T.);
#9606=ORIENTED_EDGE('',*,*,#6870,.T.);
#9607=ORIENTED_EDGE('',*,*,#6871,.F.);
#9608=ORIENTED_EDGE('',*,*,#6868,.F.);
#9609=ORIENTED_EDGE('',*,*,#6862,.T.);
#9610=ORIENTED_EDGE('',*,*,#6867,.T.);
#9611=ORIENTED_EDGE('',*,*,#6872,.F.);
#9612=ORIENTED_EDGE('',*,*,#6870,.F.);
#9613=ORIENTED_EDGE('',*,*,#6869,.T.);
#9614=ORIENTED_EDGE('',*,*,#6873,.T.);
#9615=ORIENTED_EDGE('',*,*,#6874,.T.);
#9616=ORIENTED_EDGE('',*,*,#6875,.F.);
#9617=ORIENTED_EDGE('',*,*,#6871,.T.);
#9618=ORIENTED_EDGE('',*,*,#6876,.T.);
#9619=ORIENTED_EDGE('',*,*,#6877,.T.);
#9620=ORIENTED_EDGE('',*,*,#6873,.F.);
#9621=ORIENTED_EDGE('',*,*,#6872,.T.);
#9622=ORIENTED_EDGE('',*,*,#6878,.T.);
#9623=ORIENTED_EDGE('',*,*,#6879,.T.);
#9624=ORIENTED_EDGE('',*,*,#6876,.F.);
#9625=ORIENTED_EDGE('',*,*,#6866,.T.);
#9626=ORIENTED_EDGE('',*,*,#6875,.T.);
#9627=ORIENTED_EDGE('',*,*,#6880,.T.);
#9628=ORIENTED_EDGE('',*,*,#6878,.F.);
#9629=ORIENTED_EDGE('',*,*,#6880,.F.);
#9630=ORIENTED_EDGE('',*,*,#6874,.F.);
#9631=ORIENTED_EDGE('',*,*,#6877,.F.);
#9632=ORIENTED_EDGE('',*,*,#6879,.F.);
#9633=ORIENTED_EDGE('',*,*,#6881,.T.);
#9634=ORIENTED_EDGE('',*,*,#6882,.T.);
#9635=ORIENTED_EDGE('',*,*,#6883,.T.);
#9636=ORIENTED_EDGE('',*,*,#6884,.T.);
#9637=ORIENTED_EDGE('',*,*,#6881,.F.);
#9638=ORIENTED_EDGE('',*,*,#6885,.T.);
#9639=ORIENTED_EDGE('',*,*,#6886,.T.);
#9640=ORIENTED_EDGE('',*,*,#6887,.F.);
#9641=ORIENTED_EDGE('',*,*,#6882,.F.);
#9642=ORIENTED_EDGE('',*,*,#6887,.T.);
#9643=ORIENTED_EDGE('',*,*,#6888,.T.);
#9644=ORIENTED_EDGE('',*,*,#6889,.F.);
#9645=ORIENTED_EDGE('',*,*,#6883,.F.);
#9646=ORIENTED_EDGE('',*,*,#6889,.T.);
#9647=ORIENTED_EDGE('',*,*,#6890,.T.);
#9648=ORIENTED_EDGE('',*,*,#6891,.F.);
#9649=ORIENTED_EDGE('',*,*,#6884,.F.);
#9650=ORIENTED_EDGE('',*,*,#6891,.T.);
#9651=ORIENTED_EDGE('',*,*,#6892,.T.);
#9652=ORIENTED_EDGE('',*,*,#6885,.F.);
#9653=ORIENTED_EDGE('',*,*,#6888,.F.);
#9654=ORIENTED_EDGE('',*,*,#6893,.T.);
#9655=ORIENTED_EDGE('',*,*,#6894,.F.);
#9656=ORIENTED_EDGE('',*,*,#6895,.F.);
#9657=ORIENTED_EDGE('',*,*,#6890,.F.);
#9658=ORIENTED_EDGE('',*,*,#6895,.T.);
#9659=ORIENTED_EDGE('',*,*,#6896,.F.);
#9660=ORIENTED_EDGE('',*,*,#6897,.F.);
#9661=ORIENTED_EDGE('',*,*,#6892,.F.);
#9662=ORIENTED_EDGE('',*,*,#6897,.T.);
#9663=ORIENTED_EDGE('',*,*,#6898,.F.);
#9664=ORIENTED_EDGE('',*,*,#6899,.F.);
#9665=ORIENTED_EDGE('',*,*,#6886,.F.);
#9666=ORIENTED_EDGE('',*,*,#6899,.T.);
#9667=ORIENTED_EDGE('',*,*,#6900,.F.);
#9668=ORIENTED_EDGE('',*,*,#6893,.F.);
#9669=ORIENTED_EDGE('',*,*,#6900,.T.);
#9670=ORIENTED_EDGE('',*,*,#6898,.T.);
#9671=ORIENTED_EDGE('',*,*,#6896,.T.);
#9672=ORIENTED_EDGE('',*,*,#6894,.T.);
#9673=ORIENTED_EDGE('',*,*,#6901,.T.);
#9674=ORIENTED_EDGE('',*,*,#6902,.T.);
#9675=ORIENTED_EDGE('',*,*,#6903,.T.);
#9676=ORIENTED_EDGE('',*,*,#6904,.T.);
#9677=ORIENTED_EDGE('',*,*,#6901,.F.);
#9678=ORIENTED_EDGE('',*,*,#6905,.T.);
#9679=ORIENTED_EDGE('',*,*,#6906,.T.);
#9680=ORIENTED_EDGE('',*,*,#6907,.F.);
#9681=ORIENTED_EDGE('',*,*,#6902,.F.);
#9682=ORIENTED_EDGE('',*,*,#6907,.T.);
#9683=ORIENTED_EDGE('',*,*,#6908,.T.);
#9684=ORIENTED_EDGE('',*,*,#6909,.F.);
#9685=ORIENTED_EDGE('',*,*,#6903,.F.);
#9686=ORIENTED_EDGE('',*,*,#6909,.T.);
#9687=ORIENTED_EDGE('',*,*,#6910,.T.);
#9688=ORIENTED_EDGE('',*,*,#6911,.F.);
#9689=ORIENTED_EDGE('',*,*,#6904,.F.);
#9690=ORIENTED_EDGE('',*,*,#6911,.T.);
#9691=ORIENTED_EDGE('',*,*,#6912,.T.);
#9692=ORIENTED_EDGE('',*,*,#6905,.F.);
#9693=ORIENTED_EDGE('',*,*,#6908,.F.);
#9694=ORIENTED_EDGE('',*,*,#6913,.T.);
#9695=ORIENTED_EDGE('',*,*,#6914,.F.);
#9696=ORIENTED_EDGE('',*,*,#6915,.F.);
#9697=ORIENTED_EDGE('',*,*,#6910,.F.);
#9698=ORIENTED_EDGE('',*,*,#6915,.T.);
#9699=ORIENTED_EDGE('',*,*,#6916,.F.);
#9700=ORIENTED_EDGE('',*,*,#6917,.F.);
#9701=ORIENTED_EDGE('',*,*,#6912,.F.);
#9702=ORIENTED_EDGE('',*,*,#6917,.T.);
#9703=ORIENTED_EDGE('',*,*,#6918,.F.);
#9704=ORIENTED_EDGE('',*,*,#6919,.F.);
#9705=ORIENTED_EDGE('',*,*,#6906,.F.);
#9706=ORIENTED_EDGE('',*,*,#6919,.T.);
#9707=ORIENTED_EDGE('',*,*,#6920,.F.);
#9708=ORIENTED_EDGE('',*,*,#6913,.F.);
#9709=ORIENTED_EDGE('',*,*,#6920,.T.);
#9710=ORIENTED_EDGE('',*,*,#6918,.T.);
#9711=ORIENTED_EDGE('',*,*,#6916,.T.);
#9712=ORIENTED_EDGE('',*,*,#6914,.T.);
#9713=ORIENTED_EDGE('',*,*,#6921,.F.);
#9714=ORIENTED_EDGE('',*,*,#6922,.F.);
#9715=ORIENTED_EDGE('',*,*,#6923,.F.);
#9716=ORIENTED_EDGE('',*,*,#6924,.F.);
#9717=ORIENTED_EDGE('',*,*,#6921,.T.);
#9718=ORIENTED_EDGE('',*,*,#6925,.T.);
#9719=ORIENTED_EDGE('',*,*,#6926,.F.);
#9720=ORIENTED_EDGE('',*,*,#6927,.F.);
#9721=ORIENTED_EDGE('',*,*,#6924,.T.);
#9722=ORIENTED_EDGE('',*,*,#6928,.T.);
#9723=ORIENTED_EDGE('',*,*,#6929,.F.);
#9724=ORIENTED_EDGE('',*,*,#6925,.F.);
#9725=ORIENTED_EDGE('',*,*,#6923,.T.);
#9726=ORIENTED_EDGE('',*,*,#6930,.T.);
#9727=ORIENTED_EDGE('',*,*,#6931,.F.);
#9728=ORIENTED_EDGE('',*,*,#6928,.F.);
#9729=ORIENTED_EDGE('',*,*,#6922,.T.);
#9730=ORIENTED_EDGE('',*,*,#6927,.T.);
#9731=ORIENTED_EDGE('',*,*,#6932,.F.);
#9732=ORIENTED_EDGE('',*,*,#6930,.F.);
#9733=ORIENTED_EDGE('',*,*,#6929,.T.);
#9734=ORIENTED_EDGE('',*,*,#6933,.T.);
#9735=ORIENTED_EDGE('',*,*,#6934,.T.);
#9736=ORIENTED_EDGE('',*,*,#6935,.F.);
#9737=ORIENTED_EDGE('',*,*,#6931,.T.);
#9738=ORIENTED_EDGE('',*,*,#6936,.T.);
#9739=ORIENTED_EDGE('',*,*,#6937,.T.);
#9740=ORIENTED_EDGE('',*,*,#6933,.F.);
#9741=ORIENTED_EDGE('',*,*,#6932,.T.);
#9742=ORIENTED_EDGE('',*,*,#6938,.T.);
#9743=ORIENTED_EDGE('',*,*,#6939,.T.);
#9744=ORIENTED_EDGE('',*,*,#6936,.F.);
#9745=ORIENTED_EDGE('',*,*,#6926,.T.);
#9746=ORIENTED_EDGE('',*,*,#6935,.T.);
#9747=ORIENTED_EDGE('',*,*,#6940,.T.);
#9748=ORIENTED_EDGE('',*,*,#6938,.F.);
#9749=ORIENTED_EDGE('',*,*,#6940,.F.);
#9750=ORIENTED_EDGE('',*,*,#6934,.F.);
#9751=ORIENTED_EDGE('',*,*,#6937,.F.);
#9752=ORIENTED_EDGE('',*,*,#6939,.F.);
#9753=ORIENTED_EDGE('',*,*,#6941,.T.);
#9754=ORIENTED_EDGE('',*,*,#6942,.T.);
#9755=ORIENTED_EDGE('',*,*,#6943,.T.);
#9756=ORIENTED_EDGE('',*,*,#6944,.T.);
#9757=ORIENTED_EDGE('',*,*,#6941,.F.);
#9758=ORIENTED_EDGE('',*,*,#6945,.T.);
#9759=ORIENTED_EDGE('',*,*,#6946,.T.);
#9760=ORIENTED_EDGE('',*,*,#6947,.F.);
#9761=ORIENTED_EDGE('',*,*,#6942,.F.);
#9762=ORIENTED_EDGE('',*,*,#6947,.T.);
#9763=ORIENTED_EDGE('',*,*,#6948,.T.);
#9764=ORIENTED_EDGE('',*,*,#6949,.F.);
#9765=ORIENTED_EDGE('',*,*,#6943,.F.);
#9766=ORIENTED_EDGE('',*,*,#6949,.T.);
#9767=ORIENTED_EDGE('',*,*,#6950,.T.);
#9768=ORIENTED_EDGE('',*,*,#6951,.F.);
#9769=ORIENTED_EDGE('',*,*,#6944,.F.);
#9770=ORIENTED_EDGE('',*,*,#6951,.T.);
#9771=ORIENTED_EDGE('',*,*,#6952,.T.);
#9772=ORIENTED_EDGE('',*,*,#6945,.F.);
#9773=ORIENTED_EDGE('',*,*,#6948,.F.);
#9774=ORIENTED_EDGE('',*,*,#6953,.T.);
#9775=ORIENTED_EDGE('',*,*,#6954,.F.);
#9776=ORIENTED_EDGE('',*,*,#6955,.F.);
#9777=ORIENTED_EDGE('',*,*,#6950,.F.);
#9778=ORIENTED_EDGE('',*,*,#6955,.T.);
#9779=ORIENTED_EDGE('',*,*,#6956,.F.);
#9780=ORIENTED_EDGE('',*,*,#6957,.F.);
#9781=ORIENTED_EDGE('',*,*,#6952,.F.);
#9782=ORIENTED_EDGE('',*,*,#6957,.T.);
#9783=ORIENTED_EDGE('',*,*,#6958,.F.);
#9784=ORIENTED_EDGE('',*,*,#6959,.F.);
#9785=ORIENTED_EDGE('',*,*,#6946,.F.);
#9786=ORIENTED_EDGE('',*,*,#6959,.T.);
#9787=ORIENTED_EDGE('',*,*,#6960,.F.);
#9788=ORIENTED_EDGE('',*,*,#6953,.F.);
#9789=ORIENTED_EDGE('',*,*,#6960,.T.);
#9790=ORIENTED_EDGE('',*,*,#6958,.T.);
#9791=ORIENTED_EDGE('',*,*,#6956,.T.);
#9792=ORIENTED_EDGE('',*,*,#6954,.T.);
#9793=ORIENTED_EDGE('',*,*,#6961,.F.);
#9794=ORIENTED_EDGE('',*,*,#6962,.F.);
#9795=ORIENTED_EDGE('',*,*,#6963,.F.);
#9796=ORIENTED_EDGE('',*,*,#6964,.F.);
#9797=ORIENTED_EDGE('',*,*,#6961,.T.);
#9798=ORIENTED_EDGE('',*,*,#6965,.T.);
#9799=ORIENTED_EDGE('',*,*,#6966,.F.);
#9800=ORIENTED_EDGE('',*,*,#6967,.F.);
#9801=ORIENTED_EDGE('',*,*,#6964,.T.);
#9802=ORIENTED_EDGE('',*,*,#6968,.T.);
#9803=ORIENTED_EDGE('',*,*,#6969,.F.);
#9804=ORIENTED_EDGE('',*,*,#6965,.F.);
#9805=ORIENTED_EDGE('',*,*,#6963,.T.);
#9806=ORIENTED_EDGE('',*,*,#6970,.T.);
#9807=ORIENTED_EDGE('',*,*,#6971,.F.);
#9808=ORIENTED_EDGE('',*,*,#6968,.F.);
#9809=ORIENTED_EDGE('',*,*,#6962,.T.);
#9810=ORIENTED_EDGE('',*,*,#6967,.T.);
#9811=ORIENTED_EDGE('',*,*,#6972,.F.);
#9812=ORIENTED_EDGE('',*,*,#6970,.F.);
#9813=ORIENTED_EDGE('',*,*,#6969,.T.);
#9814=ORIENTED_EDGE('',*,*,#6973,.T.);
#9815=ORIENTED_EDGE('',*,*,#6974,.T.);
#9816=ORIENTED_EDGE('',*,*,#6975,.F.);
#9817=ORIENTED_EDGE('',*,*,#6971,.T.);
#9818=ORIENTED_EDGE('',*,*,#6976,.T.);
#9819=ORIENTED_EDGE('',*,*,#6977,.T.);
#9820=ORIENTED_EDGE('',*,*,#6973,.F.);
#9821=ORIENTED_EDGE('',*,*,#6972,.T.);
#9822=ORIENTED_EDGE('',*,*,#6978,.T.);
#9823=ORIENTED_EDGE('',*,*,#6979,.T.);
#9824=ORIENTED_EDGE('',*,*,#6976,.F.);
#9825=ORIENTED_EDGE('',*,*,#6966,.T.);
#9826=ORIENTED_EDGE('',*,*,#6975,.T.);
#9827=ORIENTED_EDGE('',*,*,#6980,.T.);
#9828=ORIENTED_EDGE('',*,*,#6978,.F.);
#9829=ORIENTED_EDGE('',*,*,#6980,.F.);
#9830=ORIENTED_EDGE('',*,*,#6974,.F.);
#9831=ORIENTED_EDGE('',*,*,#6977,.F.);
#9832=ORIENTED_EDGE('',*,*,#6979,.F.);
#9833=ORIENTED_EDGE('',*,*,#6981,.F.);
#9834=ORIENTED_EDGE('',*,*,#6982,.F.);
#9835=ORIENTED_EDGE('',*,*,#6983,.F.);
#9836=ORIENTED_EDGE('',*,*,#6984,.F.);
#9837=ORIENTED_EDGE('',*,*,#6981,.T.);
#9838=ORIENTED_EDGE('',*,*,#6985,.T.);
#9839=ORIENTED_EDGE('',*,*,#6986,.F.);
#9840=ORIENTED_EDGE('',*,*,#6987,.F.);
#9841=ORIENTED_EDGE('',*,*,#6984,.T.);
#9842=ORIENTED_EDGE('',*,*,#6988,.T.);
#9843=ORIENTED_EDGE('',*,*,#6989,.F.);
#9844=ORIENTED_EDGE('',*,*,#6985,.F.);
#9845=ORIENTED_EDGE('',*,*,#6983,.T.);
#9846=ORIENTED_EDGE('',*,*,#6990,.T.);
#9847=ORIENTED_EDGE('',*,*,#6991,.F.);
#9848=ORIENTED_EDGE('',*,*,#6988,.F.);
#9849=ORIENTED_EDGE('',*,*,#6982,.T.);
#9850=ORIENTED_EDGE('',*,*,#6987,.T.);
#9851=ORIENTED_EDGE('',*,*,#6992,.F.);
#9852=ORIENTED_EDGE('',*,*,#6990,.F.);
#9853=ORIENTED_EDGE('',*,*,#6989,.T.);
#9854=ORIENTED_EDGE('',*,*,#6993,.T.);
#9855=ORIENTED_EDGE('',*,*,#6994,.T.);
#9856=ORIENTED_EDGE('',*,*,#6995,.F.);
#9857=ORIENTED_EDGE('',*,*,#6991,.T.);
#9858=ORIENTED_EDGE('',*,*,#6996,.T.);
#9859=ORIENTED_EDGE('',*,*,#6997,.T.);
#9860=ORIENTED_EDGE('',*,*,#6993,.F.);
#9861=ORIENTED_EDGE('',*,*,#6992,.T.);
#9862=ORIENTED_EDGE('',*,*,#6998,.T.);
#9863=ORIENTED_EDGE('',*,*,#6999,.T.);
#9864=ORIENTED_EDGE('',*,*,#6996,.F.);
#9865=ORIENTED_EDGE('',*,*,#6986,.T.);
#9866=ORIENTED_EDGE('',*,*,#6995,.T.);
#9867=ORIENTED_EDGE('',*,*,#7000,.T.);
#9868=ORIENTED_EDGE('',*,*,#6998,.F.);
#9869=ORIENTED_EDGE('',*,*,#7000,.F.);
#9870=ORIENTED_EDGE('',*,*,#6994,.F.);
#9871=ORIENTED_EDGE('',*,*,#6997,.F.);
#9872=ORIENTED_EDGE('',*,*,#6999,.F.);
#9873=ORIENTED_EDGE('',*,*,#7001,.T.);
#9874=ORIENTED_EDGE('',*,*,#7002,.T.);
#9875=ORIENTED_EDGE('',*,*,#7003,.T.);
#9876=ORIENTED_EDGE('',*,*,#7004,.T.);
#9877=ORIENTED_EDGE('',*,*,#7001,.F.);
#9878=ORIENTED_EDGE('',*,*,#7005,.T.);
#9879=ORIENTED_EDGE('',*,*,#7006,.T.);
#9880=ORIENTED_EDGE('',*,*,#7007,.F.);
#9881=ORIENTED_EDGE('',*,*,#7002,.F.);
#9882=ORIENTED_EDGE('',*,*,#7007,.T.);
#9883=ORIENTED_EDGE('',*,*,#7008,.T.);
#9884=ORIENTED_EDGE('',*,*,#7009,.F.);
#9885=ORIENTED_EDGE('',*,*,#7003,.F.);
#9886=ORIENTED_EDGE('',*,*,#7009,.T.);
#9887=ORIENTED_EDGE('',*,*,#7010,.T.);
#9888=ORIENTED_EDGE('',*,*,#7011,.F.);
#9889=ORIENTED_EDGE('',*,*,#7004,.F.);
#9890=ORIENTED_EDGE('',*,*,#7011,.T.);
#9891=ORIENTED_EDGE('',*,*,#7012,.T.);
#9892=ORIENTED_EDGE('',*,*,#7005,.F.);
#9893=ORIENTED_EDGE('',*,*,#7008,.F.);
#9894=ORIENTED_EDGE('',*,*,#7013,.T.);
#9895=ORIENTED_EDGE('',*,*,#7014,.F.);
#9896=ORIENTED_EDGE('',*,*,#7015,.F.);
#9897=ORIENTED_EDGE('',*,*,#7010,.F.);
#9898=ORIENTED_EDGE('',*,*,#7015,.T.);
#9899=ORIENTED_EDGE('',*,*,#7016,.F.);
#9900=ORIENTED_EDGE('',*,*,#7017,.F.);
#9901=ORIENTED_EDGE('',*,*,#7012,.F.);
#9902=ORIENTED_EDGE('',*,*,#7017,.T.);
#9903=ORIENTED_EDGE('',*,*,#7018,.F.);
#9904=ORIENTED_EDGE('',*,*,#7019,.F.);
#9905=ORIENTED_EDGE('',*,*,#7006,.F.);
#9906=ORIENTED_EDGE('',*,*,#7019,.T.);
#9907=ORIENTED_EDGE('',*,*,#7020,.F.);
#9908=ORIENTED_EDGE('',*,*,#7013,.F.);
#9909=ORIENTED_EDGE('',*,*,#7020,.T.);
#9910=ORIENTED_EDGE('',*,*,#7018,.T.);
#9911=ORIENTED_EDGE('',*,*,#7016,.T.);
#9912=ORIENTED_EDGE('',*,*,#7014,.T.);
#9913=ORIENTED_EDGE('',*,*,#7021,.F.);
#9914=ORIENTED_EDGE('',*,*,#7022,.F.);
#9915=ORIENTED_EDGE('',*,*,#7023,.F.);
#9916=ORIENTED_EDGE('',*,*,#7024,.F.);
#9917=ORIENTED_EDGE('',*,*,#7021,.T.);
#9918=ORIENTED_EDGE('',*,*,#7025,.T.);
#9919=ORIENTED_EDGE('',*,*,#7026,.F.);
#9920=ORIENTED_EDGE('',*,*,#7027,.F.);
#9921=ORIENTED_EDGE('',*,*,#7024,.T.);
#9922=ORIENTED_EDGE('',*,*,#7028,.T.);
#9923=ORIENTED_EDGE('',*,*,#7029,.F.);
#9924=ORIENTED_EDGE('',*,*,#7025,.F.);
#9925=ORIENTED_EDGE('',*,*,#7023,.T.);
#9926=ORIENTED_EDGE('',*,*,#7030,.T.);
#9927=ORIENTED_EDGE('',*,*,#7031,.F.);
#9928=ORIENTED_EDGE('',*,*,#7028,.F.);
#9929=ORIENTED_EDGE('',*,*,#7022,.T.);
#9930=ORIENTED_EDGE('',*,*,#7027,.T.);
#9931=ORIENTED_EDGE('',*,*,#7032,.F.);
#9932=ORIENTED_EDGE('',*,*,#7030,.F.);
#9933=ORIENTED_EDGE('',*,*,#7029,.T.);
#9934=ORIENTED_EDGE('',*,*,#7033,.T.);
#9935=ORIENTED_EDGE('',*,*,#7034,.T.);
#9936=ORIENTED_EDGE('',*,*,#7035,.F.);
#9937=ORIENTED_EDGE('',*,*,#7031,.T.);
#9938=ORIENTED_EDGE('',*,*,#7036,.T.);
#9939=ORIENTED_EDGE('',*,*,#7037,.T.);
#9940=ORIENTED_EDGE('',*,*,#7033,.F.);
#9941=ORIENTED_EDGE('',*,*,#7032,.T.);
#9942=ORIENTED_EDGE('',*,*,#7038,.T.);
#9943=ORIENTED_EDGE('',*,*,#7039,.T.);
#9944=ORIENTED_EDGE('',*,*,#7036,.F.);
#9945=ORIENTED_EDGE('',*,*,#7026,.T.);
#9946=ORIENTED_EDGE('',*,*,#7035,.T.);
#9947=ORIENTED_EDGE('',*,*,#7040,.T.);
#9948=ORIENTED_EDGE('',*,*,#7038,.F.);
#9949=ORIENTED_EDGE('',*,*,#7040,.F.);
#9950=ORIENTED_EDGE('',*,*,#7034,.F.);
#9951=ORIENTED_EDGE('',*,*,#7037,.F.);
#9952=ORIENTED_EDGE('',*,*,#7039,.F.);
#9953=ORIENTED_EDGE('',*,*,#7041,.T.);
#9954=ORIENTED_EDGE('',*,*,#7042,.T.);
#9955=ORIENTED_EDGE('',*,*,#7043,.T.);
#9956=ORIENTED_EDGE('',*,*,#7044,.T.);
#9957=ORIENTED_EDGE('',*,*,#7041,.F.);
#9958=ORIENTED_EDGE('',*,*,#7045,.T.);
#9959=ORIENTED_EDGE('',*,*,#7046,.T.);
#9960=ORIENTED_EDGE('',*,*,#7047,.F.);
#9961=ORIENTED_EDGE('',*,*,#7042,.F.);
#9962=ORIENTED_EDGE('',*,*,#7047,.T.);
#9963=ORIENTED_EDGE('',*,*,#7048,.T.);
#9964=ORIENTED_EDGE('',*,*,#7049,.F.);
#9965=ORIENTED_EDGE('',*,*,#7043,.F.);
#9966=ORIENTED_EDGE('',*,*,#7049,.T.);
#9967=ORIENTED_EDGE('',*,*,#7050,.T.);
#9968=ORIENTED_EDGE('',*,*,#7051,.F.);
#9969=ORIENTED_EDGE('',*,*,#7044,.F.);
#9970=ORIENTED_EDGE('',*,*,#7051,.T.);
#9971=ORIENTED_EDGE('',*,*,#7052,.T.);
#9972=ORIENTED_EDGE('',*,*,#7045,.F.);
#9973=ORIENTED_EDGE('',*,*,#7048,.F.);
#9974=ORIENTED_EDGE('',*,*,#7053,.T.);
#9975=ORIENTED_EDGE('',*,*,#7054,.F.);
#9976=ORIENTED_EDGE('',*,*,#7055,.F.);
#9977=ORIENTED_EDGE('',*,*,#7050,.F.);
#9978=ORIENTED_EDGE('',*,*,#7055,.T.);
#9979=ORIENTED_EDGE('',*,*,#7056,.F.);
#9980=ORIENTED_EDGE('',*,*,#7057,.F.);
#9981=ORIENTED_EDGE('',*,*,#7052,.F.);
#9982=ORIENTED_EDGE('',*,*,#7057,.T.);
#9983=ORIENTED_EDGE('',*,*,#7058,.F.);
#9984=ORIENTED_EDGE('',*,*,#7059,.F.);
#9985=ORIENTED_EDGE('',*,*,#7046,.F.);
#9986=ORIENTED_EDGE('',*,*,#7059,.T.);
#9987=ORIENTED_EDGE('',*,*,#7060,.F.);
#9988=ORIENTED_EDGE('',*,*,#7053,.F.);
#9989=ORIENTED_EDGE('',*,*,#7060,.T.);
#9990=ORIENTED_EDGE('',*,*,#7058,.T.);
#9991=ORIENTED_EDGE('',*,*,#7056,.T.);
#9992=ORIENTED_EDGE('',*,*,#7054,.T.);
#9993=ORIENTED_EDGE('',*,*,#7061,.T.);
#9994=ORIENTED_EDGE('',*,*,#7062,.T.);
#9995=ORIENTED_EDGE('',*,*,#7063,.T.);
#9996=ORIENTED_EDGE('',*,*,#7064,.T.);
#9997=ORIENTED_EDGE('',*,*,#7061,.F.);
#9998=ORIENTED_EDGE('',*,*,#7065,.T.);
#9999=ORIENTED_EDGE('',*,*,#7066,.T.);
#10000=ORIENTED_EDGE('',*,*,#7067,.F.);
#10001=ORIENTED_EDGE('',*,*,#7062,.F.);
#10002=ORIENTED_EDGE('',*,*,#7067,.T.);
#10003=ORIENTED_EDGE('',*,*,#7068,.T.);
#10004=ORIENTED_EDGE('',*,*,#7069,.F.);
#10005=ORIENTED_EDGE('',*,*,#7063,.F.);
#10006=ORIENTED_EDGE('',*,*,#7069,.T.);
#10007=ORIENTED_EDGE('',*,*,#7070,.T.);
#10008=ORIENTED_EDGE('',*,*,#7071,.F.);
#10009=ORIENTED_EDGE('',*,*,#7064,.F.);
#10010=ORIENTED_EDGE('',*,*,#7071,.T.);
#10011=ORIENTED_EDGE('',*,*,#7072,.T.);
#10012=ORIENTED_EDGE('',*,*,#7065,.F.);
#10013=ORIENTED_EDGE('',*,*,#7068,.F.);
#10014=ORIENTED_EDGE('',*,*,#7073,.T.);
#10015=ORIENTED_EDGE('',*,*,#7074,.F.);
#10016=ORIENTED_EDGE('',*,*,#7075,.F.);
#10017=ORIENTED_EDGE('',*,*,#7070,.F.);
#10018=ORIENTED_EDGE('',*,*,#7075,.T.);
#10019=ORIENTED_EDGE('',*,*,#7076,.F.);
#10020=ORIENTED_EDGE('',*,*,#7077,.F.);
#10021=ORIENTED_EDGE('',*,*,#7072,.F.);
#10022=ORIENTED_EDGE('',*,*,#7077,.T.);
#10023=ORIENTED_EDGE('',*,*,#7078,.F.);
#10024=ORIENTED_EDGE('',*,*,#7079,.F.);
#10025=ORIENTED_EDGE('',*,*,#7066,.F.);
#10026=ORIENTED_EDGE('',*,*,#7079,.T.);
#10027=ORIENTED_EDGE('',*,*,#7080,.F.);
#10028=ORIENTED_EDGE('',*,*,#7073,.F.);
#10029=ORIENTED_EDGE('',*,*,#7080,.T.);
#10030=ORIENTED_EDGE('',*,*,#7078,.T.);
#10031=ORIENTED_EDGE('',*,*,#7076,.T.);
#10032=ORIENTED_EDGE('',*,*,#7074,.T.);
#10033=ORIENTED_EDGE('',*,*,#7081,.F.);
#10034=ORIENTED_EDGE('',*,*,#7082,.F.);
#10035=ORIENTED_EDGE('',*,*,#7083,.F.);
#10036=ORIENTED_EDGE('',*,*,#7084,.F.);
#10037=ORIENTED_EDGE('',*,*,#7081,.T.);
#10038=ORIENTED_EDGE('',*,*,#7085,.T.);
#10039=ORIENTED_EDGE('',*,*,#7086,.F.);
#10040=ORIENTED_EDGE('',*,*,#7087,.F.);
#10041=ORIENTED_EDGE('',*,*,#7084,.T.);
#10042=ORIENTED_EDGE('',*,*,#7088,.T.);
#10043=ORIENTED_EDGE('',*,*,#7089,.F.);
#10044=ORIENTED_EDGE('',*,*,#7085,.F.);
#10045=ORIENTED_EDGE('',*,*,#7083,.T.);
#10046=ORIENTED_EDGE('',*,*,#7090,.T.);
#10047=ORIENTED_EDGE('',*,*,#7091,.F.);
#10048=ORIENTED_EDGE('',*,*,#7088,.F.);
#10049=ORIENTED_EDGE('',*,*,#7082,.T.);
#10050=ORIENTED_EDGE('',*,*,#7087,.T.);
#10051=ORIENTED_EDGE('',*,*,#7092,.F.);
#10052=ORIENTED_EDGE('',*,*,#7090,.F.);
#10053=ORIENTED_EDGE('',*,*,#7089,.T.);
#10054=ORIENTED_EDGE('',*,*,#7093,.T.);
#10055=ORIENTED_EDGE('',*,*,#7094,.T.);
#10056=ORIENTED_EDGE('',*,*,#7095,.F.);
#10057=ORIENTED_EDGE('',*,*,#7091,.T.);
#10058=ORIENTED_EDGE('',*,*,#7096,.T.);
#10059=ORIENTED_EDGE('',*,*,#7097,.T.);
#10060=ORIENTED_EDGE('',*,*,#7093,.F.);
#10061=ORIENTED_EDGE('',*,*,#7092,.T.);
#10062=ORIENTED_EDGE('',*,*,#7098,.T.);
#10063=ORIENTED_EDGE('',*,*,#7099,.T.);
#10064=ORIENTED_EDGE('',*,*,#7096,.F.);
#10065=ORIENTED_EDGE('',*,*,#7086,.T.);
#10066=ORIENTED_EDGE('',*,*,#7095,.T.);
#10067=ORIENTED_EDGE('',*,*,#7100,.T.);
#10068=ORIENTED_EDGE('',*,*,#7098,.F.);
#10069=ORIENTED_EDGE('',*,*,#7100,.F.);
#10070=ORIENTED_EDGE('',*,*,#7094,.F.);
#10071=ORIENTED_EDGE('',*,*,#7097,.F.);
#10072=ORIENTED_EDGE('',*,*,#7099,.F.);
#10073=ORIENTED_EDGE('',*,*,#7101,.T.);
#10074=ORIENTED_EDGE('',*,*,#7102,.T.);
#10075=ORIENTED_EDGE('',*,*,#7103,.T.);
#10076=ORIENTED_EDGE('',*,*,#7104,.T.);
#10077=ORIENTED_EDGE('',*,*,#7101,.F.);
#10078=ORIENTED_EDGE('',*,*,#7105,.T.);
#10079=ORIENTED_EDGE('',*,*,#7106,.T.);
#10080=ORIENTED_EDGE('',*,*,#7107,.F.);
#10081=ORIENTED_EDGE('',*,*,#7102,.F.);
#10082=ORIENTED_EDGE('',*,*,#7107,.T.);
#10083=ORIENTED_EDGE('',*,*,#7108,.T.);
#10084=ORIENTED_EDGE('',*,*,#7109,.F.);
#10085=ORIENTED_EDGE('',*,*,#7103,.F.);
#10086=ORIENTED_EDGE('',*,*,#7109,.T.);
#10087=ORIENTED_EDGE('',*,*,#7110,.T.);
#10088=ORIENTED_EDGE('',*,*,#7111,.F.);
#10089=ORIENTED_EDGE('',*,*,#7104,.F.);
#10090=ORIENTED_EDGE('',*,*,#7111,.T.);
#10091=ORIENTED_EDGE('',*,*,#7112,.T.);
#10092=ORIENTED_EDGE('',*,*,#7105,.F.);
#10093=ORIENTED_EDGE('',*,*,#7108,.F.);
#10094=ORIENTED_EDGE('',*,*,#7113,.T.);
#10095=ORIENTED_EDGE('',*,*,#7114,.F.);
#10096=ORIENTED_EDGE('',*,*,#7115,.F.);
#10097=ORIENTED_EDGE('',*,*,#7110,.F.);
#10098=ORIENTED_EDGE('',*,*,#7115,.T.);
#10099=ORIENTED_EDGE('',*,*,#7116,.F.);
#10100=ORIENTED_EDGE('',*,*,#7117,.F.);
#10101=ORIENTED_EDGE('',*,*,#7112,.F.);
#10102=ORIENTED_EDGE('',*,*,#7117,.T.);
#10103=ORIENTED_EDGE('',*,*,#7118,.F.);
#10104=ORIENTED_EDGE('',*,*,#7119,.F.);
#10105=ORIENTED_EDGE('',*,*,#7106,.F.);
#10106=ORIENTED_EDGE('',*,*,#7119,.T.);
#10107=ORIENTED_EDGE('',*,*,#7120,.F.);
#10108=ORIENTED_EDGE('',*,*,#7113,.F.);
#10109=ORIENTED_EDGE('',*,*,#7120,.T.);
#10110=ORIENTED_EDGE('',*,*,#7118,.T.);
#10111=ORIENTED_EDGE('',*,*,#7116,.T.);
#10112=ORIENTED_EDGE('',*,*,#7114,.T.);
#10113=ORIENTED_EDGE('',*,*,#7121,.F.);
#10114=ORIENTED_EDGE('',*,*,#7122,.F.);
#10115=ORIENTED_EDGE('',*,*,#7123,.F.);
#10116=ORIENTED_EDGE('',*,*,#7124,.F.);
#10117=ORIENTED_EDGE('',*,*,#7121,.T.);
#10118=ORIENTED_EDGE('',*,*,#7125,.T.);
#10119=ORIENTED_EDGE('',*,*,#7126,.F.);
#10120=ORIENTED_EDGE('',*,*,#7127,.F.);
#10121=ORIENTED_EDGE('',*,*,#7124,.T.);
#10122=ORIENTED_EDGE('',*,*,#7128,.T.);
#10123=ORIENTED_EDGE('',*,*,#7129,.F.);
#10124=ORIENTED_EDGE('',*,*,#7125,.F.);
#10125=ORIENTED_EDGE('',*,*,#7123,.T.);
#10126=ORIENTED_EDGE('',*,*,#7130,.T.);
#10127=ORIENTED_EDGE('',*,*,#7131,.F.);
#10128=ORIENTED_EDGE('',*,*,#7128,.F.);
#10129=ORIENTED_EDGE('',*,*,#7122,.T.);
#10130=ORIENTED_EDGE('',*,*,#7127,.T.);
#10131=ORIENTED_EDGE('',*,*,#7132,.F.);
#10132=ORIENTED_EDGE('',*,*,#7130,.F.);
#10133=ORIENTED_EDGE('',*,*,#7129,.T.);
#10134=ORIENTED_EDGE('',*,*,#7133,.T.);
#10135=ORIENTED_EDGE('',*,*,#7134,.T.);
#10136=ORIENTED_EDGE('',*,*,#7135,.F.);
#10137=ORIENTED_EDGE('',*,*,#7131,.T.);
#10138=ORIENTED_EDGE('',*,*,#7136,.T.);
#10139=ORIENTED_EDGE('',*,*,#7137,.T.);
#10140=ORIENTED_EDGE('',*,*,#7133,.F.);
#10141=ORIENTED_EDGE('',*,*,#7132,.T.);
#10142=ORIENTED_EDGE('',*,*,#7138,.T.);
#10143=ORIENTED_EDGE('',*,*,#7139,.T.);
#10144=ORIENTED_EDGE('',*,*,#7136,.F.);
#10145=ORIENTED_EDGE('',*,*,#7126,.T.);
#10146=ORIENTED_EDGE('',*,*,#7135,.T.);
#10147=ORIENTED_EDGE('',*,*,#7140,.T.);
#10148=ORIENTED_EDGE('',*,*,#7138,.F.);
#10149=ORIENTED_EDGE('',*,*,#7140,.F.);
#10150=ORIENTED_EDGE('',*,*,#7134,.F.);
#10151=ORIENTED_EDGE('',*,*,#7137,.F.);
#10152=ORIENTED_EDGE('',*,*,#7139,.F.);
#10153=ORIENTED_EDGE('',*,*,#7141,.F.);
#10154=ORIENTED_EDGE('',*,*,#7142,.F.);
#10155=ORIENTED_EDGE('',*,*,#7143,.F.);
#10156=ORIENTED_EDGE('',*,*,#7144,.F.);
#10157=ORIENTED_EDGE('',*,*,#7141,.T.);
#10158=ORIENTED_EDGE('',*,*,#7145,.T.);
#10159=ORIENTED_EDGE('',*,*,#7146,.F.);
#10160=ORIENTED_EDGE('',*,*,#7147,.F.);
#10161=ORIENTED_EDGE('',*,*,#7144,.T.);
#10162=ORIENTED_EDGE('',*,*,#7148,.T.);
#10163=ORIENTED_EDGE('',*,*,#7149,.F.);
#10164=ORIENTED_EDGE('',*,*,#7145,.F.);
#10165=ORIENTED_EDGE('',*,*,#7143,.T.);
#10166=ORIENTED_EDGE('',*,*,#7150,.T.);
#10167=ORIENTED_EDGE('',*,*,#7151,.F.);
#10168=ORIENTED_EDGE('',*,*,#7148,.F.);
#10169=ORIENTED_EDGE('',*,*,#7142,.T.);
#10170=ORIENTED_EDGE('',*,*,#7147,.T.);
#10171=ORIENTED_EDGE('',*,*,#7152,.F.);
#10172=ORIENTED_EDGE('',*,*,#7150,.F.);
#10173=ORIENTED_EDGE('',*,*,#7149,.T.);
#10174=ORIENTED_EDGE('',*,*,#7153,.T.);
#10175=ORIENTED_EDGE('',*,*,#7154,.T.);
#10176=ORIENTED_EDGE('',*,*,#7155,.F.);
#10177=ORIENTED_EDGE('',*,*,#7151,.T.);
#10178=ORIENTED_EDGE('',*,*,#7156,.T.);
#10179=ORIENTED_EDGE('',*,*,#7157,.T.);
#10180=ORIENTED_EDGE('',*,*,#7153,.F.);
#10181=ORIENTED_EDGE('',*,*,#7152,.T.);
#10182=ORIENTED_EDGE('',*,*,#7158,.T.);
#10183=ORIENTED_EDGE('',*,*,#7159,.T.);
#10184=ORIENTED_EDGE('',*,*,#7156,.F.);
#10185=ORIENTED_EDGE('',*,*,#7146,.T.);
#10186=ORIENTED_EDGE('',*,*,#7155,.T.);
#10187=ORIENTED_EDGE('',*,*,#7160,.T.);
#10188=ORIENTED_EDGE('',*,*,#7158,.F.);
#10189=ORIENTED_EDGE('',*,*,#7160,.F.);
#10190=ORIENTED_EDGE('',*,*,#7154,.F.);
#10191=ORIENTED_EDGE('',*,*,#7157,.F.);
#10192=ORIENTED_EDGE('',*,*,#7159,.F.);
#10193=ORIENTED_EDGE('',*,*,#7161,.T.);
#10194=ORIENTED_EDGE('',*,*,#7162,.T.);
#10195=ORIENTED_EDGE('',*,*,#7163,.T.);
#10196=ORIENTED_EDGE('',*,*,#7164,.T.);
#10197=ORIENTED_EDGE('',*,*,#7161,.F.);
#10198=ORIENTED_EDGE('',*,*,#7165,.T.);
#10199=ORIENTED_EDGE('',*,*,#7166,.T.);
#10200=ORIENTED_EDGE('',*,*,#7167,.F.);
#10201=ORIENTED_EDGE('',*,*,#7162,.F.);
#10202=ORIENTED_EDGE('',*,*,#7167,.T.);
#10203=ORIENTED_EDGE('',*,*,#7168,.T.);
#10204=ORIENTED_EDGE('',*,*,#7169,.F.);
#10205=ORIENTED_EDGE('',*,*,#7163,.F.);
#10206=ORIENTED_EDGE('',*,*,#7169,.T.);
#10207=ORIENTED_EDGE('',*,*,#7170,.T.);
#10208=ORIENTED_EDGE('',*,*,#7171,.F.);
#10209=ORIENTED_EDGE('',*,*,#7164,.F.);
#10210=ORIENTED_EDGE('',*,*,#7171,.T.);
#10211=ORIENTED_EDGE('',*,*,#7172,.T.);
#10212=ORIENTED_EDGE('',*,*,#7165,.F.);
#10213=ORIENTED_EDGE('',*,*,#7168,.F.);
#10214=ORIENTED_EDGE('',*,*,#7173,.T.);
#10215=ORIENTED_EDGE('',*,*,#7174,.F.);
#10216=ORIENTED_EDGE('',*,*,#7175,.F.);
#10217=ORIENTED_EDGE('',*,*,#7170,.F.);
#10218=ORIENTED_EDGE('',*,*,#7175,.T.);
#10219=ORIENTED_EDGE('',*,*,#7176,.F.);
#10220=ORIENTED_EDGE('',*,*,#7177,.F.);
#10221=ORIENTED_EDGE('',*,*,#7172,.F.);
#10222=ORIENTED_EDGE('',*,*,#7177,.T.);
#10223=ORIENTED_EDGE('',*,*,#7178,.F.);
#10224=ORIENTED_EDGE('',*,*,#7179,.F.);
#10225=ORIENTED_EDGE('',*,*,#7166,.F.);
#10226=ORIENTED_EDGE('',*,*,#7179,.T.);
#10227=ORIENTED_EDGE('',*,*,#7180,.F.);
#10228=ORIENTED_EDGE('',*,*,#7173,.F.);
#10229=ORIENTED_EDGE('',*,*,#7180,.T.);
#10230=ORIENTED_EDGE('',*,*,#7178,.T.);
#10231=ORIENTED_EDGE('',*,*,#7176,.T.);
#10232=ORIENTED_EDGE('',*,*,#7174,.T.);
#10233=ORIENTED_EDGE('',*,*,#7181,.T.);
#10234=ORIENTED_EDGE('',*,*,#7182,.T.);
#10235=ORIENTED_EDGE('',*,*,#7183,.T.);
#10236=ORIENTED_EDGE('',*,*,#7184,.T.);
#10237=ORIENTED_EDGE('',*,*,#7181,.F.);
#10238=ORIENTED_EDGE('',*,*,#7185,.T.);
#10239=ORIENTED_EDGE('',*,*,#7186,.T.);
#10240=ORIENTED_EDGE('',*,*,#7187,.F.);
#10241=ORIENTED_EDGE('',*,*,#7182,.F.);
#10242=ORIENTED_EDGE('',*,*,#7187,.T.);
#10243=ORIENTED_EDGE('',*,*,#7188,.T.);
#10244=ORIENTED_EDGE('',*,*,#7189,.F.);
#10245=ORIENTED_EDGE('',*,*,#7183,.F.);
#10246=ORIENTED_EDGE('',*,*,#7189,.T.);
#10247=ORIENTED_EDGE('',*,*,#7190,.T.);
#10248=ORIENTED_EDGE('',*,*,#7191,.F.);
#10249=ORIENTED_EDGE('',*,*,#7184,.F.);
#10250=ORIENTED_EDGE('',*,*,#7191,.T.);
#10251=ORIENTED_EDGE('',*,*,#7192,.T.);
#10252=ORIENTED_EDGE('',*,*,#7185,.F.);
#10253=ORIENTED_EDGE('',*,*,#7188,.F.);
#10254=ORIENTED_EDGE('',*,*,#7193,.T.);
#10255=ORIENTED_EDGE('',*,*,#7194,.F.);
#10256=ORIENTED_EDGE('',*,*,#7195,.F.);
#10257=ORIENTED_EDGE('',*,*,#7190,.F.);
#10258=ORIENTED_EDGE('',*,*,#7195,.T.);
#10259=ORIENTED_EDGE('',*,*,#7196,.F.);
#10260=ORIENTED_EDGE('',*,*,#7197,.F.);
#10261=ORIENTED_EDGE('',*,*,#7192,.F.);
#10262=ORIENTED_EDGE('',*,*,#7197,.T.);
#10263=ORIENTED_EDGE('',*,*,#7198,.F.);
#10264=ORIENTED_EDGE('',*,*,#7199,.F.);
#10265=ORIENTED_EDGE('',*,*,#7186,.F.);
#10266=ORIENTED_EDGE('',*,*,#7199,.T.);
#10267=ORIENTED_EDGE('',*,*,#7200,.F.);
#10268=ORIENTED_EDGE('',*,*,#7193,.F.);
#10269=ORIENTED_EDGE('',*,*,#7200,.T.);
#10270=ORIENTED_EDGE('',*,*,#7198,.T.);
#10271=ORIENTED_EDGE('',*,*,#7196,.T.);
#10272=ORIENTED_EDGE('',*,*,#7194,.T.);
#10273=ORIENTED_EDGE('',*,*,#7201,.F.);
#10274=ORIENTED_EDGE('',*,*,#7202,.F.);
#10275=ORIENTED_EDGE('',*,*,#7203,.F.);
#10276=ORIENTED_EDGE('',*,*,#7204,.F.);
#10277=ORIENTED_EDGE('',*,*,#7201,.T.);
#10278=ORIENTED_EDGE('',*,*,#7205,.T.);
#10279=ORIENTED_EDGE('',*,*,#7206,.F.);
#10280=ORIENTED_EDGE('',*,*,#7207,.F.);
#10281=ORIENTED_EDGE('',*,*,#7204,.T.);
#10282=ORIENTED_EDGE('',*,*,#7208,.T.);
#10283=ORIENTED_EDGE('',*,*,#7209,.F.);
#10284=ORIENTED_EDGE('',*,*,#7205,.F.);
#10285=ORIENTED_EDGE('',*,*,#7203,.T.);
#10286=ORIENTED_EDGE('',*,*,#7210,.T.);
#10287=ORIENTED_EDGE('',*,*,#7211,.F.);
#10288=ORIENTED_EDGE('',*,*,#7208,.F.);
#10289=ORIENTED_EDGE('',*,*,#7202,.T.);
#10290=ORIENTED_EDGE('',*,*,#7207,.T.);
#10291=ORIENTED_EDGE('',*,*,#7212,.F.);
#10292=ORIENTED_EDGE('',*,*,#7210,.F.);
#10293=ORIENTED_EDGE('',*,*,#7209,.T.);
#10294=ORIENTED_EDGE('',*,*,#7213,.T.);
#10295=ORIENTED_EDGE('',*,*,#7214,.T.);
#10296=ORIENTED_EDGE('',*,*,#7215,.F.);
#10297=ORIENTED_EDGE('',*,*,#7211,.T.);
#10298=ORIENTED_EDGE('',*,*,#7216,.T.);
#10299=ORIENTED_EDGE('',*,*,#7217,.T.);
#10300=ORIENTED_EDGE('',*,*,#7213,.F.);
#10301=ORIENTED_EDGE('',*,*,#7212,.T.);
#10302=ORIENTED_EDGE('',*,*,#7218,.T.);
#10303=ORIENTED_EDGE('',*,*,#7219,.T.);
#10304=ORIENTED_EDGE('',*,*,#7216,.F.);
#10305=ORIENTED_EDGE('',*,*,#7206,.T.);
#10306=ORIENTED_EDGE('',*,*,#7215,.T.);
#10307=ORIENTED_EDGE('',*,*,#7220,.T.);
#10308=ORIENTED_EDGE('',*,*,#7218,.F.);
#10309=ORIENTED_EDGE('',*,*,#7220,.F.);
#10310=ORIENTED_EDGE('',*,*,#7214,.F.);
#10311=ORIENTED_EDGE('',*,*,#7217,.F.);
#10312=ORIENTED_EDGE('',*,*,#7219,.F.);
#10313=ORIENTED_EDGE('',*,*,#7221,.F.);
#10314=ORIENTED_EDGE('',*,*,#7222,.F.);
#10315=ORIENTED_EDGE('',*,*,#7223,.F.);
#10316=ORIENTED_EDGE('',*,*,#7224,.F.);
#10317=ORIENTED_EDGE('',*,*,#7221,.T.);
#10318=ORIENTED_EDGE('',*,*,#7225,.T.);
#10319=ORIENTED_EDGE('',*,*,#7226,.F.);
#10320=ORIENTED_EDGE('',*,*,#7227,.F.);
#10321=ORIENTED_EDGE('',*,*,#7224,.T.);
#10322=ORIENTED_EDGE('',*,*,#7228,.T.);
#10323=ORIENTED_EDGE('',*,*,#7229,.F.);
#10324=ORIENTED_EDGE('',*,*,#7225,.F.);
#10325=ORIENTED_EDGE('',*,*,#7223,.T.);
#10326=ORIENTED_EDGE('',*,*,#7230,.T.);
#10327=ORIENTED_EDGE('',*,*,#7231,.F.);
#10328=ORIENTED_EDGE('',*,*,#7228,.F.);
#10329=ORIENTED_EDGE('',*,*,#7222,.T.);
#10330=ORIENTED_EDGE('',*,*,#7227,.T.);
#10331=ORIENTED_EDGE('',*,*,#7232,.F.);
#10332=ORIENTED_EDGE('',*,*,#7230,.F.);
#10333=ORIENTED_EDGE('',*,*,#7229,.T.);
#10334=ORIENTED_EDGE('',*,*,#7233,.T.);
#10335=ORIENTED_EDGE('',*,*,#7234,.T.);
#10336=ORIENTED_EDGE('',*,*,#7235,.F.);
#10337=ORIENTED_EDGE('',*,*,#7231,.T.);
#10338=ORIENTED_EDGE('',*,*,#7236,.T.);
#10339=ORIENTED_EDGE('',*,*,#7237,.T.);
#10340=ORIENTED_EDGE('',*,*,#7233,.F.);
#10341=ORIENTED_EDGE('',*,*,#7232,.T.);
#10342=ORIENTED_EDGE('',*,*,#7238,.T.);
#10343=ORIENTED_EDGE('',*,*,#7239,.T.);
#10344=ORIENTED_EDGE('',*,*,#7236,.F.);
#10345=ORIENTED_EDGE('',*,*,#7226,.T.);
#10346=ORIENTED_EDGE('',*,*,#7235,.T.);
#10347=ORIENTED_EDGE('',*,*,#7240,.T.);
#10348=ORIENTED_EDGE('',*,*,#7238,.F.);
#10349=ORIENTED_EDGE('',*,*,#7240,.F.);
#10350=ORIENTED_EDGE('',*,*,#7234,.F.);
#10351=ORIENTED_EDGE('',*,*,#7237,.F.);
#10352=ORIENTED_EDGE('',*,*,#7239,.F.);
#10353=ORIENTED_EDGE('',*,*,#7241,.T.);
#10354=ORIENTED_EDGE('',*,*,#7242,.T.);
#10355=ORIENTED_EDGE('',*,*,#7243,.T.);
#10356=ORIENTED_EDGE('',*,*,#7244,.T.);
#10357=ORIENTED_EDGE('',*,*,#7241,.F.);
#10358=ORIENTED_EDGE('',*,*,#7245,.T.);
#10359=ORIENTED_EDGE('',*,*,#7246,.T.);
#10360=ORIENTED_EDGE('',*,*,#7247,.F.);
#10361=ORIENTED_EDGE('',*,*,#7242,.F.);
#10362=ORIENTED_EDGE('',*,*,#7247,.T.);
#10363=ORIENTED_EDGE('',*,*,#7248,.T.);
#10364=ORIENTED_EDGE('',*,*,#7249,.F.);
#10365=ORIENTED_EDGE('',*,*,#7243,.F.);
#10366=ORIENTED_EDGE('',*,*,#7249,.T.);
#10367=ORIENTED_EDGE('',*,*,#7250,.T.);
#10368=ORIENTED_EDGE('',*,*,#7251,.F.);
#10369=ORIENTED_EDGE('',*,*,#7244,.F.);
#10370=ORIENTED_EDGE('',*,*,#7251,.T.);
#10371=ORIENTED_EDGE('',*,*,#7252,.T.);
#10372=ORIENTED_EDGE('',*,*,#7245,.F.);
#10373=ORIENTED_EDGE('',*,*,#7248,.F.);
#10374=ORIENTED_EDGE('',*,*,#7253,.T.);
#10375=ORIENTED_EDGE('',*,*,#7254,.F.);
#10376=ORIENTED_EDGE('',*,*,#7255,.F.);
#10377=ORIENTED_EDGE('',*,*,#7250,.F.);
#10378=ORIENTED_EDGE('',*,*,#7255,.T.);
#10379=ORIENTED_EDGE('',*,*,#7256,.F.);
#10380=ORIENTED_EDGE('',*,*,#7257,.F.);
#10381=ORIENTED_EDGE('',*,*,#7252,.F.);
#10382=ORIENTED_EDGE('',*,*,#7257,.T.);
#10383=ORIENTED_EDGE('',*,*,#7258,.F.);
#10384=ORIENTED_EDGE('',*,*,#7259,.F.);
#10385=ORIENTED_EDGE('',*,*,#7246,.F.);
#10386=ORIENTED_EDGE('',*,*,#7259,.T.);
#10387=ORIENTED_EDGE('',*,*,#7260,.F.);
#10388=ORIENTED_EDGE('',*,*,#7253,.F.);
#10389=ORIENTED_EDGE('',*,*,#7260,.T.);
#10390=ORIENTED_EDGE('',*,*,#7258,.T.);
#10391=ORIENTED_EDGE('',*,*,#7256,.T.);
#10392=ORIENTED_EDGE('',*,*,#7254,.T.);
#10393=ORIENTED_EDGE('',*,*,#7261,.F.);
#10394=ORIENTED_EDGE('',*,*,#7262,.F.);
#10395=ORIENTED_EDGE('',*,*,#7263,.F.);
#10396=ORIENTED_EDGE('',*,*,#7264,.F.);
#10397=ORIENTED_EDGE('',*,*,#7261,.T.);
#10398=ORIENTED_EDGE('',*,*,#7265,.T.);
#10399=ORIENTED_EDGE('',*,*,#7266,.F.);
#10400=ORIENTED_EDGE('',*,*,#7267,.F.);
#10401=ORIENTED_EDGE('',*,*,#7264,.T.);
#10402=ORIENTED_EDGE('',*,*,#7268,.T.);
#10403=ORIENTED_EDGE('',*,*,#7269,.F.);
#10404=ORIENTED_EDGE('',*,*,#7265,.F.);
#10405=ORIENTED_EDGE('',*,*,#7263,.T.);
#10406=ORIENTED_EDGE('',*,*,#7270,.T.);
#10407=ORIENTED_EDGE('',*,*,#7271,.F.);
#10408=ORIENTED_EDGE('',*,*,#7268,.F.);
#10409=ORIENTED_EDGE('',*,*,#7262,.T.);
#10410=ORIENTED_EDGE('',*,*,#7267,.T.);
#10411=ORIENTED_EDGE('',*,*,#7272,.F.);
#10412=ORIENTED_EDGE('',*,*,#7270,.F.);
#10413=ORIENTED_EDGE('',*,*,#7269,.T.);
#10414=ORIENTED_EDGE('',*,*,#7273,.T.);
#10415=ORIENTED_EDGE('',*,*,#7274,.T.);
#10416=ORIENTED_EDGE('',*,*,#7275,.F.);
#10417=ORIENTED_EDGE('',*,*,#7271,.T.);
#10418=ORIENTED_EDGE('',*,*,#7276,.T.);
#10419=ORIENTED_EDGE('',*,*,#7277,.T.);
#10420=ORIENTED_EDGE('',*,*,#7273,.F.);
#10421=ORIENTED_EDGE('',*,*,#7272,.T.);
#10422=ORIENTED_EDGE('',*,*,#7278,.T.);
#10423=ORIENTED_EDGE('',*,*,#7279,.T.);
#10424=ORIENTED_EDGE('',*,*,#7276,.F.);
#10425=ORIENTED_EDGE('',*,*,#7266,.T.);
#10426=ORIENTED_EDGE('',*,*,#7275,.T.);
#10427=ORIENTED_EDGE('',*,*,#7280,.T.);
#10428=ORIENTED_EDGE('',*,*,#7278,.F.);
#10429=ORIENTED_EDGE('',*,*,#7280,.F.);
#10430=ORIENTED_EDGE('',*,*,#7274,.F.);
#10431=ORIENTED_EDGE('',*,*,#7277,.F.);
#10432=ORIENTED_EDGE('',*,*,#7279,.F.);
#10433=ORIENTED_EDGE('',*,*,#7281,.T.);
#10434=ORIENTED_EDGE('',*,*,#7282,.T.);
#10435=ORIENTED_EDGE('',*,*,#7283,.T.);
#10436=ORIENTED_EDGE('',*,*,#7284,.T.);
#10437=ORIENTED_EDGE('',*,*,#7281,.F.);
#10438=ORIENTED_EDGE('',*,*,#7285,.T.);
#10439=ORIENTED_EDGE('',*,*,#7286,.T.);
#10440=ORIENTED_EDGE('',*,*,#7287,.F.);
#10441=ORIENTED_EDGE('',*,*,#7282,.F.);
#10442=ORIENTED_EDGE('',*,*,#7287,.T.);
#10443=ORIENTED_EDGE('',*,*,#7288,.T.);
#10444=ORIENTED_EDGE('',*,*,#7289,.F.);
#10445=ORIENTED_EDGE('',*,*,#7283,.F.);
#10446=ORIENTED_EDGE('',*,*,#7289,.T.);
#10447=ORIENTED_EDGE('',*,*,#7290,.T.);
#10448=ORIENTED_EDGE('',*,*,#7291,.F.);
#10449=ORIENTED_EDGE('',*,*,#7284,.F.);
#10450=ORIENTED_EDGE('',*,*,#7291,.T.);
#10451=ORIENTED_EDGE('',*,*,#7292,.T.);
#10452=ORIENTED_EDGE('',*,*,#7285,.F.);
#10453=ORIENTED_EDGE('',*,*,#7288,.F.);
#10454=ORIENTED_EDGE('',*,*,#7293,.T.);
#10455=ORIENTED_EDGE('',*,*,#7294,.F.);
#10456=ORIENTED_EDGE('',*,*,#7295,.F.);
#10457=ORIENTED_EDGE('',*,*,#7290,.F.);
#10458=ORIENTED_EDGE('',*,*,#7295,.T.);
#10459=ORIENTED_EDGE('',*,*,#7296,.F.);
#10460=ORIENTED_EDGE('',*,*,#7297,.F.);
#10461=ORIENTED_EDGE('',*,*,#7292,.F.);
#10462=ORIENTED_EDGE('',*,*,#7297,.T.);
#10463=ORIENTED_EDGE('',*,*,#7298,.F.);
#10464=ORIENTED_EDGE('',*,*,#7299,.F.);
#10465=ORIENTED_EDGE('',*,*,#7286,.F.);
#10466=ORIENTED_EDGE('',*,*,#7299,.T.);
#10467=ORIENTED_EDGE('',*,*,#7300,.F.);
#10468=ORIENTED_EDGE('',*,*,#7293,.F.);
#10469=ORIENTED_EDGE('',*,*,#7300,.T.);
#10470=ORIENTED_EDGE('',*,*,#7298,.T.);
#10471=ORIENTED_EDGE('',*,*,#7296,.T.);
#10472=ORIENTED_EDGE('',*,*,#7294,.T.);
#10473=ORIENTED_EDGE('',*,*,#7301,.T.);
#10474=ORIENTED_EDGE('',*,*,#7302,.T.);
#10475=ORIENTED_EDGE('',*,*,#7303,.T.);
#10476=ORIENTED_EDGE('',*,*,#7304,.T.);
#10477=ORIENTED_EDGE('',*,*,#7301,.F.);
#10478=ORIENTED_EDGE('',*,*,#7305,.T.);
#10479=ORIENTED_EDGE('',*,*,#7306,.T.);
#10480=ORIENTED_EDGE('',*,*,#7307,.F.);
#10481=ORIENTED_EDGE('',*,*,#7302,.F.);
#10482=ORIENTED_EDGE('',*,*,#7307,.T.);
#10483=ORIENTED_EDGE('',*,*,#7308,.T.);
#10484=ORIENTED_EDGE('',*,*,#7309,.F.);
#10485=ORIENTED_EDGE('',*,*,#7303,.F.);
#10486=ORIENTED_EDGE('',*,*,#7309,.T.);
#10487=ORIENTED_EDGE('',*,*,#7310,.T.);
#10488=ORIENTED_EDGE('',*,*,#7311,.F.);
#10489=ORIENTED_EDGE('',*,*,#7304,.F.);
#10490=ORIENTED_EDGE('',*,*,#7311,.T.);
#10491=ORIENTED_EDGE('',*,*,#7312,.T.);
#10492=ORIENTED_EDGE('',*,*,#7305,.F.);
#10493=ORIENTED_EDGE('',*,*,#7308,.F.);
#10494=ORIENTED_EDGE('',*,*,#7313,.T.);
#10495=ORIENTED_EDGE('',*,*,#7314,.F.);
#10496=ORIENTED_EDGE('',*,*,#7315,.F.);
#10497=ORIENTED_EDGE('',*,*,#7310,.F.);
#10498=ORIENTED_EDGE('',*,*,#7315,.T.);
#10499=ORIENTED_EDGE('',*,*,#7316,.F.);
#10500=ORIENTED_EDGE('',*,*,#7317,.F.);
#10501=ORIENTED_EDGE('',*,*,#7312,.F.);
#10502=ORIENTED_EDGE('',*,*,#7317,.T.);
#10503=ORIENTED_EDGE('',*,*,#7318,.F.);
#10504=ORIENTED_EDGE('',*,*,#7319,.F.);
#10505=ORIENTED_EDGE('',*,*,#7306,.F.);
#10506=ORIENTED_EDGE('',*,*,#7319,.T.);
#10507=ORIENTED_EDGE('',*,*,#7320,.F.);
#10508=ORIENTED_EDGE('',*,*,#7313,.F.);
#10509=ORIENTED_EDGE('',*,*,#7320,.T.);
#10510=ORIENTED_EDGE('',*,*,#7318,.T.);
#10511=ORIENTED_EDGE('',*,*,#7316,.T.);
#10512=ORIENTED_EDGE('',*,*,#7314,.T.);
#10513=ORIENTED_EDGE('',*,*,#7321,.F.);
#10514=ORIENTED_EDGE('',*,*,#7322,.F.);
#10515=ORIENTED_EDGE('',*,*,#7323,.F.);
#10516=ORIENTED_EDGE('',*,*,#7324,.F.);
#10517=ORIENTED_EDGE('',*,*,#7321,.T.);
#10518=ORIENTED_EDGE('',*,*,#7325,.T.);
#10519=ORIENTED_EDGE('',*,*,#7326,.F.);
#10520=ORIENTED_EDGE('',*,*,#7327,.F.);
#10521=ORIENTED_EDGE('',*,*,#7324,.T.);
#10522=ORIENTED_EDGE('',*,*,#7328,.T.);
#10523=ORIENTED_EDGE('',*,*,#7329,.F.);
#10524=ORIENTED_EDGE('',*,*,#7325,.F.);
#10525=ORIENTED_EDGE('',*,*,#7323,.T.);
#10526=ORIENTED_EDGE('',*,*,#7330,.T.);
#10527=ORIENTED_EDGE('',*,*,#7331,.F.);
#10528=ORIENTED_EDGE('',*,*,#7328,.F.);
#10529=ORIENTED_EDGE('',*,*,#7322,.T.);
#10530=ORIENTED_EDGE('',*,*,#7327,.T.);
#10531=ORIENTED_EDGE('',*,*,#7332,.F.);
#10532=ORIENTED_EDGE('',*,*,#7330,.F.);
#10533=ORIENTED_EDGE('',*,*,#7329,.T.);
#10534=ORIENTED_EDGE('',*,*,#7333,.T.);
#10535=ORIENTED_EDGE('',*,*,#7334,.T.);
#10536=ORIENTED_EDGE('',*,*,#7335,.F.);
#10537=ORIENTED_EDGE('',*,*,#7331,.T.);
#10538=ORIENTED_EDGE('',*,*,#7336,.T.);
#10539=ORIENTED_EDGE('',*,*,#7337,.T.);
#10540=ORIENTED_EDGE('',*,*,#7333,.F.);
#10541=ORIENTED_EDGE('',*,*,#7332,.T.);
#10542=ORIENTED_EDGE('',*,*,#7338,.T.);
#10543=ORIENTED_EDGE('',*,*,#7339,.T.);
#10544=ORIENTED_EDGE('',*,*,#7336,.F.);
#10545=ORIENTED_EDGE('',*,*,#7326,.T.);
#10546=ORIENTED_EDGE('',*,*,#7335,.T.);
#10547=ORIENTED_EDGE('',*,*,#7340,.T.);
#10548=ORIENTED_EDGE('',*,*,#7338,.F.);
#10549=ORIENTED_EDGE('',*,*,#7340,.F.);
#10550=ORIENTED_EDGE('',*,*,#7334,.F.);
#10551=ORIENTED_EDGE('',*,*,#7337,.F.);
#10552=ORIENTED_EDGE('',*,*,#7339,.F.);
#10553=PLANE('',#11887);
#10554=PLANE('',#11888);
#10555=PLANE('',#11889);
#10556=PLANE('',#11890);
#10557=PLANE('',#11891);
#10558=PLANE('',#11892);
#10559=PLANE('',#11893);
#10560=PLANE('',#11894);
#10561=PLANE('',#11895);
#10562=PLANE('',#11896);
#10563=PLANE('',#11897);
#10564=PLANE('',#11898);
#10565=PLANE('',#11899);
#10566=PLANE('',#11900);
#10567=PLANE('',#11901);
#10568=PLANE('',#11902);
#10569=PLANE('',#11903);
#10570=PLANE('',#11904);
#10571=PLANE('',#11905);
#10572=PLANE('',#11906);
#10573=PLANE('',#11907);
#10574=PLANE('',#11908);
#10575=PLANE('',#11909);
#10576=PLANE('',#11910);
#10577=PLANE('',#11911);
#10578=PLANE('',#11912);
#10579=PLANE('',#11913);
#10580=PLANE('',#11914);
#10581=PLANE('',#11915);
#10582=PLANE('',#11916);
#10583=PLANE('',#11917);
#10584=PLANE('',#11918);
#10585=PLANE('',#11919);
#10586=PLANE('',#11920);
#10587=PLANE('',#11921);
#10588=PLANE('',#11922);
#10589=PLANE('',#11923);
#10590=PLANE('',#11924);
#10591=PLANE('',#11925);
#10592=PLANE('',#11926);
#10593=PLANE('',#11927);
#10594=PLANE('',#11928);
#10595=PLANE('',#11929);
#10596=PLANE('',#11930);
#10597=PLANE('',#11931);
#10598=PLANE('',#11932);
#10599=PLANE('',#11933);
#10600=PLANE('',#11934);
#10601=PLANE('',#11935);
#10602=PLANE('',#11936);
#10603=PLANE('',#11937);
#10604=PLANE('',#11938);
#10605=PLANE('',#11939);
#10606=PLANE('',#11940);
#10607=PLANE('',#11941);
#10608=PLANE('',#11942);
#10609=PLANE('',#11943);
#10610=PLANE('',#11944);
#10611=PLANE('',#11945);
#10612=PLANE('',#11946);
#10613=PLANE('',#11947);
#10614=PLANE('',#11948);
#10615=PLANE('',#11949);
#10616=PLANE('',#11950);
#10617=PLANE('',#11951);
#10618=PLANE('',#11952);
#10619=PLANE('',#11953);
#10620=PLANE('',#11954);
#10621=PLANE('',#11955);
#10622=PLANE('',#11956);
#10623=PLANE('',#11957);
#10624=PLANE('',#11958);
#10625=PLANE('',#11959);
#10626=PLANE('',#11960);
#10627=PLANE('',#11961);
#10628=PLANE('',#11962);
#10629=PLANE('',#11963);
#10630=PLANE('',#11964);
#10631=PLANE('',#11965);
#10632=PLANE('',#11966);
#10633=PLANE('',#11967);
#10634=PLANE('',#11968);
#10635=PLANE('',#11969);
#10636=PLANE('',#11970);
#10637=PLANE('',#11971);
#10638=PLANE('',#11972);
#10639=PLANE('',#11973);
#10640=PLANE('',#11974);
#10641=PLANE('',#11975);
#10642=PLANE('',#11976);
#10643=PLANE('',#11977);
#10644=PLANE('',#11978);
#10645=PLANE('',#11979);
#10646=PLANE('',#11980);
#10647=PLANE('',#11981);
#10648=PLANE('',#11982);
#10649=PLANE('',#11983);
#10650=PLANE('',#11984);
#10651=PLANE('',#11985);
#10652=PLANE('',#11986);
#10653=PLANE('',#11987);
#10654=PLANE('',#11988);
#10655=PLANE('',#11989);
#10656=PLANE('',#11990);
#10657=PLANE('',#11991);
#10658=PLANE('',#11992);
#10659=PLANE('',#11993);
#10660=PLANE('',#11994);
#10661=PLANE('',#11995);
#10662=PLANE('',#11996);
#10663=PLANE('',#11997);
#10664=PLANE('',#11998);
#10665=PLANE('',#11999);
#10666=PLANE('',#12000);
#10667=PLANE('',#12001);
#10668=PLANE('',#12002);
#10669=PLANE('',#12003);
#10670=PLANE('',#12004);
#10671=PLANE('',#12005);
#10672=PLANE('',#12006);
#10673=PLANE('',#12007);
#10674=PLANE('',#12008);
#10675=PLANE('',#12009);
#10676=PLANE('',#12010);
#10677=PLANE('',#12011);
#10678=PLANE('',#12012);
#10679=PLANE('',#12013);
#10680=PLANE('',#12014);
#10681=PLANE('',#12015);
#10682=PLANE('',#12016);
#10683=PLANE('',#12017);
#10684=PLANE('',#12018);
#10685=PLANE('',#12019);
#10686=PLANE('',#12020);
#10687=PLANE('',#12021);
#10688=PLANE('',#12022);
#10689=PLANE('',#12023);
#10690=PLANE('',#12024);
#10691=PLANE('',#12025);
#10692=PLANE('',#12026);
#10693=PLANE('',#12027);
#10694=PLANE('',#12028);
#10695=PLANE('',#12029);
#10696=PLANE('',#12030);
#10697=PLANE('',#12031);
#10698=PLANE('',#12032);
#10699=PLANE('',#12033);
#10700=PLANE('',#12034);
#10701=PLANE('',#12035);
#10702=PLANE('',#12036);
#10703=PLANE('',#12037);
#10704=PLANE('',#12038);
#10705=PLANE('',#12039);
#10706=PLANE('',#12040);
#10707=PLANE('',#12041);
#10708=PLANE('',#12042);
#10709=PLANE('',#12043);
#10710=PLANE('',#12044);
#10711=PLANE('',#12045);
#10712=PLANE('',#12046);
#10713=PLANE('',#12047);
#10714=PLANE('',#12048);
#10715=PLANE('',#12049);
#10716=PLANE('',#12050);
#10717=PLANE('',#12051);
#10718=PLANE('',#12052);
#10719=PLANE('',#12053);
#10720=PLANE('',#12054);
#10721=PLANE('',#12055);
#10722=PLANE('',#12056);
#10723=PLANE('',#12057);
#10724=PLANE('',#12058);
#10725=PLANE('',#12059);
#10726=PLANE('',#12060);
#10727=PLANE('',#12061);
#10728=PLANE('',#12062);
#10729=PLANE('',#12063);
#10730=PLANE('',#12064);
#10731=PLANE('',#12065);
#10732=PLANE('',#12066);
#10733=PLANE('',#12067);
#10734=PLANE('',#12068);
#10735=PLANE('',#12069);
#10736=PLANE('',#12070);
#10737=PLANE('',#12071);
#10738=PLANE('',#12072);
#10739=PLANE('',#12073);
#10740=PLANE('',#12074);
#10741=PLANE('',#12075);
#10742=PLANE('',#12076);
#10743=PLANE('',#12077);
#10744=PLANE('',#12078);
#10745=PLANE('',#12079);
#10746=PLANE('',#12080);
#10747=PLANE('',#12081);
#10748=PLANE('',#12082);
#10749=PLANE('',#12083);
#10750=PLANE('',#12084);
#10751=PLANE('',#12085);
#10752=PLANE('',#12086);
#10753=PLANE('',#12087);
#10754=PLANE('',#12088);
#10755=PLANE('',#12089);
#10756=PLANE('',#12090);
#10757=PLANE('',#12091);
#10758=PLANE('',#12092);
#10759=PLANE('',#12093);
#10760=PLANE('',#12094);
#10761=PLANE('',#12095);
#10762=PLANE('',#12096);
#10763=PLANE('',#12097);
#10764=PLANE('',#12098);
#10765=PLANE('',#12099);
#10766=PLANE('',#12100);
#10767=PLANE('',#12101);
#10768=PLANE('',#12102);
#10769=PLANE('',#12103);
#10770=PLANE('',#12104);
#10771=PLANE('',#12105);
#10772=PLANE('',#12106);
#10773=PLANE('',#12107);
#10774=PLANE('',#12108);
#10775=PLANE('',#12109);
#10776=PLANE('',#12110);
#10777=PLANE('',#12111);
#10778=PLANE('',#12112);
#10779=PLANE('',#12113);
#10780=PLANE('',#12114);
#10781=PLANE('',#12115);
#10782=PLANE('',#12116);
#10783=PLANE('',#12117);
#10784=PLANE('',#12118);
#10785=PLANE('',#12119);
#10786=PLANE('',#12120);
#10787=PLANE('',#12121);
#10788=PLANE('',#12122);
#10789=PLANE('',#12123);
#10790=PLANE('',#12124);
#10791=PLANE('',#12125);
#10792=PLANE('',#12126);
#10793=PLANE('',#12127);
#10794=PLANE('',#12128);
#10795=PLANE('',#12129);
#10796=PLANE('',#12130);
#10797=PLANE('',#12131);
#10798=PLANE('',#12132);
#10799=PLANE('',#12133);
#10800=PLANE('',#12134);
#10801=PLANE('',#12135);
#10802=PLANE('',#12136);
#10803=PLANE('',#12137);
#10804=PLANE('',#12138);
#10805=PLANE('',#12139);
#10806=PLANE('',#12140);
#10807=PLANE('',#12141);
#10808=PLANE('',#12142);
#10809=PLANE('',#12143);
#10810=PLANE('',#12144);
#10811=PLANE('',#12145);
#10812=PLANE('',#12146);
#10813=PLANE('',#12147);
#10814=PLANE('',#12148);
#10815=PLANE('',#12149);
#10816=PLANE('',#12150);
#10817=PLANE('',#12151);
#10818=PLANE('',#12152);
#10819=PLANE('',#12153);
#10820=PLANE('',#12154);
#10821=PLANE('',#12155);
#10822=PLANE('',#12156);
#10823=PLANE('',#12157);
#10824=PLANE('',#12158);
#10825=PLANE('',#12159);
#10826=PLANE('',#12160);
#10827=PLANE('',#12161);
#10828=PLANE('',#12162);
#10829=PLANE('',#12163);
#10830=PLANE('',#12164);
#10831=PLANE('',#12165);
#10832=PLANE('',#12166);
#10833=PLANE('',#12167);
#10834=PLANE('',#12168);
#10835=PLANE('',#12169);
#10836=PLANE('',#12170);
#10837=PLANE('',#12171);
#10838=PLANE('',#12172);
#10839=PLANE('',#12173);
#10840=PLANE('',#12174);
#10841=PLANE('',#12175);
#10842=PLANE('',#12176);
#10843=PLANE('',#12177);
#10844=PLANE('',#12178);
#10845=PLANE('',#12179);
#10846=PLANE('',#12180);
#10847=PLANE('',#12181);
#10848=PLANE('',#12182);
#10849=PLANE('',#12183);
#10850=PLANE('',#12184);
#10851=PLANE('',#12185);
#10852=PLANE('',#12186);
#10853=PLANE('',#12187);
#10854=PLANE('',#12188);
#10855=PLANE('',#12189);
#10856=PLANE('',#12190);
#10857=PLANE('',#12191);
#10858=PLANE('',#12192);
#10859=PLANE('',#12193);
#10860=PLANE('',#12194);
#10861=PLANE('',#12195);
#10862=PLANE('',#12196);
#10863=PLANE('',#12197);
#10864=PLANE('',#12198);
#10865=PLANE('',#12199);
#10866=PLANE('',#12200);
#10867=PLANE('',#12201);
#10868=PLANE('',#12202);
#10869=PLANE('',#12203);
#10870=PLANE('',#12204);
#10871=PLANE('',#12205);
#10872=PLANE('',#12206);
#10873=PLANE('',#12207);
#10874=PLANE('',#12208);
#10875=PLANE('',#12209);
#10876=PLANE('',#12210);
#10877=PLANE('',#12211);
#10878=PLANE('',#12212);
#10879=PLANE('',#12213);
#10880=PLANE('',#12214);
#10881=PLANE('',#12215);
#10882=PLANE('',#12216);
#10883=PLANE('',#12217);
#10884=PLANE('',#12218);
#10885=PLANE('',#12219);
#10886=PLANE('',#12220);
#10887=PLANE('',#12221);
#10888=PLANE('',#12222);
#10889=PLANE('',#12223);
#10890=PLANE('',#12224);
#10891=PLANE('',#12225);
#10892=PLANE('',#12226);
#10893=PLANE('',#12227);
#10894=PLANE('',#12228);
#10895=PLANE('',#12229);
#10896=PLANE('',#12230);
#10897=PLANE('',#12231);
#10898=PLANE('',#12232);
#10899=PLANE('',#12233);
#10900=PLANE('',#12234);
#10901=PLANE('',#12235);
#10902=PLANE('',#12236);
#10903=PLANE('',#12237);
#10904=PLANE('',#12238);
#10905=PLANE('',#12239);
#10906=PLANE('',#12240);
#10907=PLANE('',#12241);
#10908=PLANE('',#12242);
#10909=PLANE('',#12243);
#10910=PLANE('',#12244);
#10911=PLANE('',#12245);
#10912=PLANE('',#12246);
#10913=PLANE('',#12247);
#10914=PLANE('',#12248);
#10915=PLANE('',#12249);
#10916=PLANE('',#12250);
#10917=PLANE('',#12251);
#10918=PLANE('',#12252);
#10919=PLANE('',#12253);
#10920=PLANE('',#12254);
#10921=PLANE('',#12255);
#10922=PLANE('',#12256);
#10923=PLANE('',#12257);
#10924=PLANE('',#12258);
#10925=PLANE('',#12259);
#10926=PLANE('',#12260);
#10927=PLANE('',#12261);
#10928=PLANE('',#12262);
#10929=PLANE('',#12263);
#10930=PLANE('',#12264);
#10931=PLANE('',#12265);
#10932=PLANE('',#12266);
#10933=PLANE('',#12267);
#10934=PLANE('',#12268);
#10935=PLANE('',#12269);
#10936=PLANE('',#12270);
#10937=PLANE('',#12271);
#10938=PLANE('',#12272);
#10939=PLANE('',#12273);
#10940=PLANE('',#12274);
#10941=PLANE('',#12275);
#10942=PLANE('',#12276);
#10943=PLANE('',#12277);
#10944=PLANE('',#12278);
#10945=PLANE('',#12279);
#10946=PLANE('',#12280);
#10947=PLANE('',#12281);
#10948=PLANE('',#12282);
#10949=PLANE('',#12283);
#10950=PLANE('',#12284);
#10951=PLANE('',#12285);
#10952=PLANE('',#12286);
#10953=PLANE('',#12287);
#10954=PLANE('',#12288);
#10955=PLANE('',#12289);
#10956=PLANE('',#12290);
#10957=PLANE('',#12291);
#10958=PLANE('',#12292);
#10959=PLANE('',#12293);
#10960=PLANE('',#12294);
#10961=PLANE('',#12295);
#10962=PLANE('',#12296);
#10963=PLANE('',#12297);
#10964=PLANE('',#12298);
#10965=PLANE('',#12299);
#10966=PLANE('',#12300);
#10967=PLANE('',#12301);
#10968=PLANE('',#12302);
#10969=PLANE('',#12303);
#10970=PLANE('',#12304);
#10971=PLANE('',#12305);
#10972=PLANE('',#12306);
#10973=PLANE('',#12307);
#10974=PLANE('',#12308);
#10975=PLANE('',#12309);
#10976=PLANE('',#12310);
#10977=PLANE('',#12311);
#10978=PLANE('',#12312);
#10979=PLANE('',#12313);
#10980=PLANE('',#12314);
#10981=PLANE('',#12315);
#10982=PLANE('',#12316);
#10983=PLANE('',#12317);
#10984=PLANE('',#12318);
#10985=PLANE('',#12319);
#10986=PLANE('',#12320);
#10987=PLANE('',#12321);
#10988=PLANE('',#12322);
#10989=PLANE('',#12323);
#10990=PLANE('',#12324);
#10991=PLANE('',#12325);
#10992=PLANE('',#12326);
#10993=PLANE('',#12327);
#10994=PLANE('',#12328);
#10995=PLANE('',#12329);
#10996=PLANE('',#12330);
#10997=PLANE('',#12331);
#10998=PLANE('',#12332);
#10999=PLANE('',#12333);
#11000=PLANE('',#12334);
#11001=PLANE('',#12335);
#11002=PLANE('',#12336);
#11003=PLANE('',#12337);
#11004=PLANE('',#12338);
#11005=PLANE('',#12339);
#11006=PLANE('',#12340);
#11007=PLANE('',#12341);
#11008=PLANE('',#12342);
#11009=PLANE('',#12343);
#11010=PLANE('',#12344);
#11011=PLANE('',#12345);
#11012=PLANE('',#12346);
#11013=PLANE('',#12347);
#11014=PLANE('',#12348);
#11015=PLANE('',#12349);
#11016=PLANE('',#12350);
#11017=PLANE('',#12351);
#11018=PLANE('',#12352);
#11019=PLANE('',#12353);
#11020=PLANE('',#12354);
#11021=PLANE('',#12355);
#11022=PLANE('',#12356);
#11023=PLANE('',#12357);
#11024=PLANE('',#12358);
#11025=PLANE('',#12359);
#11026=PLANE('',#12360);
#11027=PLANE('',#12361);
#11028=PLANE('',#12362);
#11029=PLANE('',#12363);
#11030=PLANE('',#12364);
#11031=PLANE('',#12365);
#11032=PLANE('',#12366);
#11033=PLANE('',#12367);
#11034=PLANE('',#12368);
#11035=PLANE('',#12369);
#11036=PLANE('',#12370);
#11037=PLANE('',#12371);
#11038=PLANE('',#12372);
#11039=PLANE('',#12373);
#11040=PLANE('',#12374);
#11041=PLANE('',#12375);
#11042=PLANE('',#12376);
#11043=PLANE('',#12377);
#11044=PLANE('',#12378);
#11045=PLANE('',#12379);
#11046=PLANE('',#12380);
#11047=PLANE('',#12381);
#11048=PLANE('',#12382);
#11049=PLANE('',#12383);
#11050=PLANE('',#12384);
#11051=PLANE('',#12385);
#11052=PLANE('',#12386);
#11053=PLANE('',#12387);
#11054=PLANE('',#12388);
#11055=PLANE('',#12389);
#11056=PLANE('',#12390);
#11057=PLANE('',#12391);
#11058=PLANE('',#12392);
#11059=PLANE('',#12393);
#11060=PLANE('',#12394);
#11061=PLANE('',#12395);
#11062=PLANE('',#12396);
#11063=PLANE('',#12397);
#11064=PLANE('',#12398);
#11065=PLANE('',#12399);
#11066=PLANE('',#12400);
#11067=PLANE('',#12401);
#11068=PLANE('',#12402);
#11069=PLANE('',#12403);
#11070=PLANE('',#12404);
#11071=PLANE('',#12405);
#11072=PLANE('',#12406);
#11073=PLANE('',#12407);
#11074=PLANE('',#12408);
#11075=PLANE('',#12409);
#11076=PLANE('',#12410);
#11077=PLANE('',#12411);
#11078=PLANE('',#12412);
#11079=PLANE('',#12413);
#11080=PLANE('',#12414);
#11081=PLANE('',#12415);
#11082=PLANE('',#12416);
#11083=PLANE('',#12417);
#11084=PLANE('',#12418);
#11085=PLANE('',#12419);
#11086=PLANE('',#12420);
#11087=PLANE('',#12421);
#11088=PLANE('',#12422);
#11089=PLANE('',#12423);
#11090=PLANE('',#12424);
#11091=PLANE('',#12425);
#11092=PLANE('',#12426);
#11093=PLANE('',#12427);
#11094=PLANE('',#12428);
#11095=PLANE('',#12429);
#11096=PLANE('',#12430);
#11097=PLANE('',#12431);
#11098=PLANE('',#12432);
#11099=PLANE('',#12433);
#11100=PLANE('',#12434);
#11101=PLANE('',#12435);
#11102=PLANE('',#12436);
#11103=PLANE('',#12437);
#11104=PLANE('',#12438);
#11105=PLANE('',#12439);
#11106=PLANE('',#12440);
#11107=PLANE('',#12441);
#11108=PLANE('',#12442);
#11109=PLANE('',#12443);
#11110=PLANE('',#12444);
#11111=PLANE('',#12445);
#11112=PLANE('',#12446);
#11113=PLANE('',#12447);
#11114=PLANE('',#12448);
#11115=PLANE('',#12449);
#11116=PLANE('',#12450);
#11117=PLANE('',#12451);
#11118=PLANE('',#12452);
#11119=PLANE('',#12453);
#11120=PLANE('',#12454);
#11121=PLANE('',#12455);
#11122=PLANE('',#12456);
#11123=PLANE('',#12457);
#11124=PLANE('',#12458);
#11125=PLANE('',#12459);
#11126=PLANE('',#12460);
#11127=PLANE('',#12461);
#11128=PLANE('',#12462);
#11129=PLANE('',#12463);
#11130=PLANE('',#12464);
#11131=PLANE('',#12465);
#11132=PLANE('',#12466);
#11133=PLANE('',#12467);
#11134=PLANE('',#12468);
#11135=PLANE('',#12469);
#11136=PLANE('',#12470);
#11137=PLANE('',#12471);
#11138=PLANE('',#12472);
#11139=PLANE('',#12473);
#11140=PLANE('',#12474);
#11141=PLANE('',#12475);
#11142=PLANE('',#12476);
#11143=PLANE('',#12477);
#11144=PLANE('',#12478);
#11145=PLANE('',#12479);
#11146=PLANE('',#12480);
#11147=PLANE('',#12481);
#11148=PLANE('',#12482);
#11149=PLANE('',#12483);
#11150=PLANE('',#12484);
#11151=PLANE('',#12485);
#11152=PLANE('',#12486);
#11153=PLANE('',#12487);
#11154=PLANE('',#12488);
#11155=PLANE('',#12489);
#11156=PLANE('',#12490);
#11157=PLANE('',#12491);
#11158=PLANE('',#12492);
#11159=PLANE('',#12493);
#11160=PLANE('',#12494);
#11161=PLANE('',#12495);
#11162=PLANE('',#12496);
#11163=PLANE('',#12497);
#11164=PLANE('',#12498);
#11165=PLANE('',#12499);
#11166=PLANE('',#12500);
#11167=PLANE('',#12501);
#11168=PLANE('',#12502);
#11169=PLANE('',#12503);
#11170=PLANE('',#12504);
#11171=PLANE('',#12505);
#11172=PLANE('',#12506);
#11173=PLANE('',#12507);
#11174=PLANE('',#12508);
#11175=PLANE('',#12509);
#11176=PLANE('',#12510);
#11177=PLANE('',#12511);
#11178=PLANE('',#12512);
#11179=PLANE('',#12513);
#11180=PLANE('',#12514);
#11181=PLANE('',#12515);
#11182=PLANE('',#12516);
#11183=PLANE('',#12517);
#11184=PLANE('',#12518);
#11185=PLANE('',#12519);
#11186=PLANE('',#12520);
#11187=PLANE('',#12521);
#11188=PLANE('',#12522);
#11189=PLANE('',#12523);
#11190=PLANE('',#12524);
#11191=PLANE('',#12525);
#11192=PLANE('',#12526);
#11193=PLANE('',#12527);
#11194=PLANE('',#12528);
#11195=PLANE('',#12529);
#11196=PLANE('',#12530);
#11197=ADVANCED_FACE('',(#143),#10553,.F.);
#11198=ADVANCED_FACE('',(#144),#10554,.F.);
#11199=ADVANCED_FACE('',(#145),#10555,.F.);
#11200=ADVANCED_FACE('',(#146),#10556,.F.);
#11201=ADVANCED_FACE('',(#147),#10557,.F.);
#11202=ADVANCED_FACE('',(#148),#10558,.T.);
#11203=ADVANCED_FACE('',(#149),#10559,.T.);
#11204=ADVANCED_FACE('',(#150),#10560,.T.);
#11205=ADVANCED_FACE('',(#151),#10561,.T.);
#11206=ADVANCED_FACE('',(#152),#10562,.T.);
#11207=ADVANCED_FACE('',(#153),#10563,.F.);
#11208=ADVANCED_FACE('',(#154),#10564,.F.);
#11209=ADVANCED_FACE('',(#155),#10565,.F.);
#11210=ADVANCED_FACE('',(#156),#10566,.F.);
#11211=ADVANCED_FACE('',(#157),#10567,.F.);
#11212=ADVANCED_FACE('',(#158),#10568,.F.);
#11213=ADVANCED_FACE('',(#159),#10569,.F.);
#11214=ADVANCED_FACE('',(#160),#10570,.F.);
#11215=ADVANCED_FACE('',(#161),#10571,.F.);
#11216=ADVANCED_FACE('',(#162),#10572,.F.);
#11217=ADVANCED_FACE('',(#163),#10573,.T.);
#11218=ADVANCED_FACE('',(#164),#10574,.T.);
#11219=ADVANCED_FACE('',(#165),#10575,.T.);
#11220=ADVANCED_FACE('',(#166),#10576,.T.);
#11221=ADVANCED_FACE('',(#167),#10577,.T.);
#11222=ADVANCED_FACE('',(#168),#10578,.T.);
#11223=ADVANCED_FACE('',(#169),#10579,.T.);
#11224=ADVANCED_FACE('',(#170),#10580,.T.);
#11225=ADVANCED_FACE('',(#171),#10581,.T.);
#11226=ADVANCED_FACE('',(#172),#10582,.T.);
#11227=ADVANCED_FACE('',(#173),#10583,.T.);
#11228=ADVANCED_FACE('',(#174),#10584,.T.);
#11229=ADVANCED_FACE('',(#175),#10585,.T.);
#11230=ADVANCED_FACE('',(#176),#10586,.T.);
#11231=ADVANCED_FACE('',(#177),#10587,.T.);
#11232=ADVANCED_FACE('',(#178),#10588,.T.);
#11233=ADVANCED_FACE('',(#179),#10589,.T.);
#11234=ADVANCED_FACE('',(#180),#10590,.T.);
#11235=ADVANCED_FACE('',(#181),#10591,.T.);
#11236=ADVANCED_FACE('',(#182),#10592,.T.);
#11237=ADVANCED_FACE('',(#183),#10593,.F.);
#11238=ADVANCED_FACE('',(#184),#10594,.F.);
#11239=ADVANCED_FACE('',(#185),#10595,.F.);
#11240=ADVANCED_FACE('',(#186),#10596,.F.);
#11241=ADVANCED_FACE('',(#187),#10597,.F.);
#11242=ADVANCED_FACE('',(#188),#10598,.F.);
#11243=ADVANCED_FACE('',(#189),#10599,.F.);
#11244=ADVANCED_FACE('',(#190),#10600,.F.);
#11245=ADVANCED_FACE('',(#191),#10601,.F.);
#11246=ADVANCED_FACE('',(#192),#10602,.F.);
#11247=ADVANCED_FACE('',(#193),#10603,.T.);
#11248=ADVANCED_FACE('',(#194),#10604,.T.);
#11249=ADVANCED_FACE('',(#195),#10605,.T.);
#11250=ADVANCED_FACE('',(#196),#10606,.T.);
#11251=ADVANCED_FACE('',(#197),#10607,.T.);
#11252=ADVANCED_FACE('',(#198),#10608,.T.);
#11253=ADVANCED_FACE('',(#199),#10609,.T.);
#11254=ADVANCED_FACE('',(#200),#10610,.T.);
#11255=ADVANCED_FACE('',(#201),#10611,.T.);
#11256=ADVANCED_FACE('',(#202),#10612,.T.);
#11257=ADVANCED_FACE('',(#203),#10613,.F.);
#11258=ADVANCED_FACE('',(#204),#10614,.F.);
#11259=ADVANCED_FACE('',(#205),#10615,.F.);
#11260=ADVANCED_FACE('',(#206),#10616,.F.);
#11261=ADVANCED_FACE('',(#207),#10617,.F.);
#11262=ADVANCED_FACE('',(#208),#10618,.F.);
#11263=ADVANCED_FACE('',(#209),#10619,.F.);
#11264=ADVANCED_FACE('',(#210),#10620,.F.);
#11265=ADVANCED_FACE('',(#211),#10621,.F.);
#11266=ADVANCED_FACE('',(#212),#10622,.F.);
#11267=ADVANCED_FACE('',(#213),#10623,.F.);
#11268=ADVANCED_FACE('',(#214),#10624,.F.);
#11269=ADVANCED_FACE('',(#215),#10625,.F.);
#11270=ADVANCED_FACE('',(#216),#10626,.F.);
#11271=ADVANCED_FACE('',(#217),#10627,.F.);
#11272=ADVANCED_FACE('',(#218),#10628,.F.);
#11273=ADVANCED_FACE('',(#219),#10629,.F.);
#11274=ADVANCED_FACE('',(#220),#10630,.F.);
#11275=ADVANCED_FACE('',(#221),#10631,.F.);
#11276=ADVANCED_FACE('',(#222),#10632,.F.);
#11277=ADVANCED_FACE('',(#223),#10633,.T.);
#11278=ADVANCED_FACE('',(#224),#10634,.T.);
#11279=ADVANCED_FACE('',(#225),#10635,.T.);
#11280=ADVANCED_FACE('',(#226),#10636,.T.);
#11281=ADVANCED_FACE('',(#227),#10637,.T.);
#11282=ADVANCED_FACE('',(#228),#10638,.T.);
#11283=ADVANCED_FACE('',(#229),#10639,.T.);
#11284=ADVANCED_FACE('',(#230),#10640,.T.);
#11285=ADVANCED_FACE('',(#231),#10641,.T.);
#11286=ADVANCED_FACE('',(#232),#10642,.T.);
#11287=ADVANCED_FACE('',(#233),#10643,.T.);
#11288=ADVANCED_FACE('',(#234),#10644,.T.);
#11289=ADVANCED_FACE('',(#235),#10645,.T.);
#11290=ADVANCED_FACE('',(#236),#10646,.T.);
#11291=ADVANCED_FACE('',(#237),#10647,.T.);
#11292=ADVANCED_FACE('',(#238),#10648,.T.);
#11293=ADVANCED_FACE('',(#239),#10649,.T.);
#11294=ADVANCED_FACE('',(#240),#10650,.T.);
#11295=ADVANCED_FACE('',(#241),#10651,.T.);
#11296=ADVANCED_FACE('',(#242),#10652,.T.);
#11297=ADVANCED_FACE('',(#243),#10653,.F.);
#11298=ADVANCED_FACE('',(#244),#10654,.F.);
#11299=ADVANCED_FACE('',(#245),#10655,.F.);
#11300=ADVANCED_FACE('',(#246),#10656,.F.);
#11301=ADVANCED_FACE('',(#247),#10657,.F.);
#11302=ADVANCED_FACE('',(#248),#10658,.F.);
#11303=ADVANCED_FACE('',(#249),#10659,.F.);
#11304=ADVANCED_FACE('',(#250),#10660,.F.);
#11305=ADVANCED_FACE('',(#251),#10661,.F.);
#11306=ADVANCED_FACE('',(#252),#10662,.F.);
#11307=ADVANCED_FACE('',(#253),#10663,.F.);
#11308=ADVANCED_FACE('',(#254),#10664,.F.);
#11309=ADVANCED_FACE('',(#255),#10665,.F.);
#11310=ADVANCED_FACE('',(#256),#10666,.F.);
#11311=ADVANCED_FACE('',(#257),#10667,.F.);
#11312=ADVANCED_FACE('',(#258),#10668,.F.);
#11313=ADVANCED_FACE('',(#259),#10669,.F.);
#11314=ADVANCED_FACE('',(#260),#10670,.F.);
#11315=ADVANCED_FACE('',(#261),#10671,.F.);
#11316=ADVANCED_FACE('',(#262),#10672,.F.);
#11317=ADVANCED_FACE('',(#263),#10673,.T.);
#11318=ADVANCED_FACE('',(#264),#10674,.T.);
#11319=ADVANCED_FACE('',(#265),#10675,.T.);
#11320=ADVANCED_FACE('',(#266),#10676,.T.);
#11321=ADVANCED_FACE('',(#267),#10677,.T.);
#11322=ADVANCED_FACE('',(#268),#10678,.T.);
#11323=ADVANCED_FACE('',(#269),#10679,.T.);
#11324=ADVANCED_FACE('',(#270),#10680,.T.);
#11325=ADVANCED_FACE('',(#271),#10681,.T.);
#11326=ADVANCED_FACE('',(#272),#10682,.T.);
#11327=ADVANCED_FACE('',(#273),#10683,.F.);
#11328=ADVANCED_FACE('',(#274),#10684,.F.);
#11329=ADVANCED_FACE('',(#275),#10685,.F.);
#11330=ADVANCED_FACE('',(#276),#10686,.F.);
#11331=ADVANCED_FACE('',(#277),#10687,.F.);
#11332=ADVANCED_FACE('',(#278),#10688,.F.);
#11333=ADVANCED_FACE('',(#279),#10689,.F.);
#11334=ADVANCED_FACE('',(#280),#10690,.F.);
#11335=ADVANCED_FACE('',(#281),#10691,.F.);
#11336=ADVANCED_FACE('',(#282),#10692,.F.);
#11337=ADVANCED_FACE('',(#283),#10693,.T.);
#11338=ADVANCED_FACE('',(#284),#10694,.T.);
#11339=ADVANCED_FACE('',(#285),#10695,.T.);
#11340=ADVANCED_FACE('',(#286),#10696,.T.);
#11341=ADVANCED_FACE('',(#287),#10697,.T.);
#11342=ADVANCED_FACE('',(#288),#10698,.T.);
#11343=ADVANCED_FACE('',(#289),#10699,.T.);
#11344=ADVANCED_FACE('',(#290),#10700,.T.);
#11345=ADVANCED_FACE('',(#291),#10701,.T.);
#11346=ADVANCED_FACE('',(#292),#10702,.T.);
#11347=ADVANCED_FACE('',(#293),#10703,.T.);
#11348=ADVANCED_FACE('',(#294),#10704,.T.);
#11349=ADVANCED_FACE('',(#295),#10705,.T.);
#11350=ADVANCED_FACE('',(#296),#10706,.T.);
#11351=ADVANCED_FACE('',(#297),#10707,.T.);
#11352=ADVANCED_FACE('',(#298),#10708,.T.);
#11353=ADVANCED_FACE('',(#299),#10709,.T.);
#11354=ADVANCED_FACE('',(#300),#10710,.T.);
#11355=ADVANCED_FACE('',(#301),#10711,.T.);
#11356=ADVANCED_FACE('',(#302),#10712,.T.);
#11357=ADVANCED_FACE('',(#303),#10713,.F.);
#11358=ADVANCED_FACE('',(#304),#10714,.F.);
#11359=ADVANCED_FACE('',(#305),#10715,.F.);
#11360=ADVANCED_FACE('',(#306),#10716,.F.);
#11361=ADVANCED_FACE('',(#307),#10717,.F.);
#11362=ADVANCED_FACE('',(#308),#10718,.F.);
#11363=ADVANCED_FACE('',(#309),#10719,.F.);
#11364=ADVANCED_FACE('',(#310),#10720,.F.);
#11365=ADVANCED_FACE('',(#311),#10721,.F.);
#11366=ADVANCED_FACE('',(#312),#10722,.F.);
#11367=ADVANCED_FACE('',(#313),#10723,.F.);
#11368=ADVANCED_FACE('',(#314),#10724,.T.);
#11369=ADVANCED_FACE('',(#315),#10725,.T.);
#11370=ADVANCED_FACE('',(#316),#10726,.T.);
#11371=ADVANCED_FACE('',(#317),#10727,.T.);
#11372=ADVANCED_FACE('',(#318),#10728,.T.);
#11373=ADVANCED_FACE('',(#319),#10729,.T.);
#11374=ADVANCED_FACE('',(#320),#10730,.T.);
#11375=ADVANCED_FACE('',(#321),#10731,.T.);
#11376=ADVANCED_FACE('',(#322),#10732,.T.);
#11377=ADVANCED_FACE('',(#323),#10733,.T.);
#11378=ADVANCED_FACE('',(#324),#10734,.F.);
#11379=ADVANCED_FACE('',(#325),#10735,.F.);
#11380=ADVANCED_FACE('',(#326),#10736,.F.);
#11381=ADVANCED_FACE('',(#327),#10737,.F.);
#11382=ADVANCED_FACE('',(#328),#10738,.F.);
#11383=ADVANCED_FACE('',(#329),#10739,.F.);
#11384=ADVANCED_FACE('',(#330),#10740,.F.);
#11385=ADVANCED_FACE('',(#331),#10741,.F.);
#11386=ADVANCED_FACE('',(#332),#10742,.F.);
#11387=ADVANCED_FACE('',(#333),#10743,.F.);
#11388=ADVANCED_FACE('',(#334),#10744,.F.);
#11389=ADVANCED_FACE('',(#335),#10745,.F.);
#11390=ADVANCED_FACE('',(#336),#10746,.F.);
#11391=ADVANCED_FACE('',(#337),#10747,.F.);
#11392=ADVANCED_FACE('',(#338),#10748,.F.);
#11393=ADVANCED_FACE('',(#339),#10749,.F.);
#11394=ADVANCED_FACE('',(#340),#10750,.F.);
#11395=ADVANCED_FACE('',(#341),#10751,.F.);
#11396=ADVANCED_FACE('',(#342),#10752,.F.);
#11397=ADVANCED_FACE('',(#343),#10753,.F.);
#11398=ADVANCED_FACE('',(#344),#10754,.T.);
#11399=ADVANCED_FACE('',(#345),#10755,.T.);
#11400=ADVANCED_FACE('',(#346),#10756,.T.);
#11401=ADVANCED_FACE('',(#347),#10757,.T.);
#11402=ADVANCED_FACE('',(#348),#10758,.T.);
#11403=ADVANCED_FACE('',(#349),#10759,.T.);
#11404=ADVANCED_FACE('',(#350),#10760,.T.);
#11405=ADVANCED_FACE('',(#351),#10761,.T.);
#11406=ADVANCED_FACE('',(#352),#10762,.T.);
#11407=ADVANCED_FACE('',(#353),#10763,.T.);
#11408=ADVANCED_FACE('',(#354),#10764,.F.);
#11409=ADVANCED_FACE('',(#355),#10765,.F.);
#11410=ADVANCED_FACE('',(#356),#10766,.F.);
#11411=ADVANCED_FACE('',(#357),#10767,.F.);
#11412=ADVANCED_FACE('',(#358),#10768,.F.);
#11413=ADVANCED_FACE('',(#359),#10769,.F.);
#11414=ADVANCED_FACE('',(#360),#10770,.F.);
#11415=ADVANCED_FACE('',(#361),#10771,.F.);
#11416=ADVANCED_FACE('',(#362),#10772,.F.);
#11417=ADVANCED_FACE('',(#363),#10773,.F.);
#11418=ADVANCED_FACE('',(#364),#10774,.T.);
#11419=ADVANCED_FACE('',(#365),#10775,.T.);
#11420=ADVANCED_FACE('',(#366),#10776,.T.);
#11421=ADVANCED_FACE('',(#367),#10777,.T.);
#11422=ADVANCED_FACE('',(#368),#10778,.T.);
#11423=ADVANCED_FACE('',(#369),#10779,.T.);
#11424=ADVANCED_FACE('',(#370),#10780,.T.);
#11425=ADVANCED_FACE('',(#371),#10781,.T.);
#11426=ADVANCED_FACE('',(#372),#10782,.T.);
#11427=ADVANCED_FACE('',(#373),#10783,.T.);
#11428=ADVANCED_FACE('',(#374),#10784,.T.);
#11429=ADVANCED_FACE('',(#375),#10785,.T.);
#11430=ADVANCED_FACE('',(#376),#10786,.T.);
#11431=ADVANCED_FACE('',(#377),#10787,.T.);
#11432=ADVANCED_FACE('',(#378),#10788,.T.);
#11433=ADVANCED_FACE('',(#379),#10789,.T.);
#11434=ADVANCED_FACE('',(#380),#10790,.T.);
#11435=ADVANCED_FACE('',(#381),#10791,.T.);
#11436=ADVANCED_FACE('',(#382),#10792,.T.);
#11437=ADVANCED_FACE('',(#383),#10793,.T.);
#11438=ADVANCED_FACE('',(#384),#10794,.F.);
#11439=ADVANCED_FACE('',(#385),#10795,.F.);
#11440=ADVANCED_FACE('',(#386),#10796,.F.);
#11441=ADVANCED_FACE('',(#387),#10797,.F.);
#11442=ADVANCED_FACE('',(#388),#10798,.F.);
#11443=ADVANCED_FACE('',(#389),#10799,.F.);
#11444=ADVANCED_FACE('',(#390),#10800,.F.);
#11445=ADVANCED_FACE('',(#391),#10801,.F.);
#11446=ADVANCED_FACE('',(#392),#10802,.F.);
#11447=ADVANCED_FACE('',(#393),#10803,.F.);
#11448=ADVANCED_FACE('',(#394),#10804,.F.);
#11449=ADVANCED_FACE('',(#395),#10805,.F.);
#11450=ADVANCED_FACE('',(#396),#10806,.F.);
#11451=ADVANCED_FACE('',(#397),#10807,.F.);
#11452=ADVANCED_FACE('',(#398),#10808,.F.);
#11453=ADVANCED_FACE('',(#399),#10809,.F.);
#11454=ADVANCED_FACE('',(#400),#10810,.F.);
#11455=ADVANCED_FACE('',(#401),#10811,.F.);
#11456=ADVANCED_FACE('',(#402),#10812,.F.);
#11457=ADVANCED_FACE('',(#403),#10813,.F.);
#11458=ADVANCED_FACE('',(#404),#10814,.T.);
#11459=ADVANCED_FACE('',(#405),#10815,.T.);
#11460=ADVANCED_FACE('',(#406),#10816,.T.);
#11461=ADVANCED_FACE('',(#407),#10817,.T.);
#11462=ADVANCED_FACE('',(#408),#10818,.T.);
#11463=ADVANCED_FACE('',(#409),#10819,.T.);
#11464=ADVANCED_FACE('',(#410),#10820,.T.);
#11465=ADVANCED_FACE('',(#411),#10821,.T.);
#11466=ADVANCED_FACE('',(#412),#10822,.T.);
#11467=ADVANCED_FACE('',(#413),#10823,.T.);
#11468=ADVANCED_FACE('',(#414),#10824,.T.);
#11469=ADVANCED_FACE('',(#415),#10825,.T.);
#11470=ADVANCED_FACE('',(#416),#10826,.T.);
#11471=ADVANCED_FACE('',(#417),#10827,.T.);
#11472=ADVANCED_FACE('',(#418),#10828,.T.);
#11473=ADVANCED_FACE('',(#419),#10829,.T.);
#11474=ADVANCED_FACE('',(#420),#10830,.T.);
#11475=ADVANCED_FACE('',(#421),#10831,.T.);
#11476=ADVANCED_FACE('',(#422),#10832,.T.);
#11477=ADVANCED_FACE('',(#423),#10833,.T.);
#11478=ADVANCED_FACE('',(#424),#10834,.F.);
#11479=ADVANCED_FACE('',(#425),#10835,.F.);
#11480=ADVANCED_FACE('',(#426),#10836,.F.);
#11481=ADVANCED_FACE('',(#427),#10837,.F.);
#11482=ADVANCED_FACE('',(#428),#10838,.F.);
#11483=ADVANCED_FACE('',(#429),#10839,.F.);
#11484=ADVANCED_FACE('',(#430),#10840,.F.);
#11485=ADVANCED_FACE('',(#431),#10841,.F.);
#11486=ADVANCED_FACE('',(#432),#10842,.F.);
#11487=ADVANCED_FACE('',(#433),#10843,.F.);
#11488=ADVANCED_FACE('',(#434),#10844,.T.);
#11489=ADVANCED_FACE('',(#435),#10845,.T.);
#11490=ADVANCED_FACE('',(#436),#10846,.T.);
#11491=ADVANCED_FACE('',(#437),#10847,.T.);
#11492=ADVANCED_FACE('',(#438),#10848,.T.);
#11493=ADVANCED_FACE('',(#439),#10849,.T.);
#11494=ADVANCED_FACE('',(#440),#10850,.T.);
#11495=ADVANCED_FACE('',(#441),#10851,.T.);
#11496=ADVANCED_FACE('',(#442),#10852,.T.);
#11497=ADVANCED_FACE('',(#443),#10853,.T.);
#11498=ADVANCED_FACE('',(#444),#10854,.F.);
#11499=ADVANCED_FACE('',(#445),#10855,.F.);
#11500=ADVANCED_FACE('',(#446),#10856,.F.);
#11501=ADVANCED_FACE('',(#447),#10857,.F.);
#11502=ADVANCED_FACE('',(#448),#10858,.F.);
#11503=ADVANCED_FACE('',(#449),#10859,.F.);
#11504=ADVANCED_FACE('',(#450),#10860,.F.);
#11505=ADVANCED_FACE('',(#451),#10861,.F.);
#11506=ADVANCED_FACE('',(#452),#10862,.F.);
#11507=ADVANCED_FACE('',(#453),#10863,.F.);
#11508=ADVANCED_FACE('',(#454),#10864,.F.);
#11509=ADVANCED_FACE('',(#455),#10865,.F.);
#11510=ADVANCED_FACE('',(#456),#10866,.F.);
#11511=ADVANCED_FACE('',(#457),#10867,.F.);
#11512=ADVANCED_FACE('',(#458),#10868,.F.);
#11513=ADVANCED_FACE('',(#459),#10869,.F.);
#11514=ADVANCED_FACE('',(#460),#10870,.F.);
#11515=ADVANCED_FACE('',(#461),#10871,.F.);
#11516=ADVANCED_FACE('',(#462),#10872,.F.);
#11517=ADVANCED_FACE('',(#463),#10873,.F.);
#11518=ADVANCED_FACE('',(#464),#10874,.T.);
#11519=ADVANCED_FACE('',(#465,#13,#14,#15,#16,#17,#18,#19,#20,#21,#22,#23,
#24,#25,#26,#27,#28,#29,#30,#31,#32,#33,#34,#35,#36,#37,#38,#39,#40,#41,
#42,#43,#44),#10875,.F.);
#11520=ADVANCED_FACE('',(#466),#10876,.T.);
#11521=ADVANCED_FACE('',(#467),#10877,.T.);
#11522=ADVANCED_FACE('',(#468),#10878,.T.);
#11523=ADVANCED_FACE('',(#469),#10879,.T.);
#11524=ADVANCED_FACE('',(#470),#10880,.T.);
#11525=ADVANCED_FACE('',(#471),#10881,.T.);
#11526=ADVANCED_FACE('',(#472),#10882,.T.);
#11527=ADVANCED_FACE('',(#473),#10883,.T.);
#11528=ADVANCED_FACE('',(#474),#10884,.T.);
#11529=ADVANCED_FACE('',(#475),#10885,.T.);
#11530=ADVANCED_FACE('',(#476,#45,#46,#47,#48,#49,#50,#51,#52,#53,#54,#55,
#56,#57,#58,#59,#60,#61,#62,#63,#64,#65,#66,#67,#68,#69,#70,#71,#72,#73,
#74,#75,#76),#10886,.T.);
#11531=ADVANCED_FACE('',(#477),#10887,.T.);
#11532=ADVANCED_FACE('',(#478),#10888,.T.);
#11533=ADVANCED_FACE('',(#479),#10889,.T.);
#11534=ADVANCED_FACE('',(#480),#10890,.T.);
#11535=ADVANCED_FACE('',(#481),#10891,.T.);
#11536=ADVANCED_FACE('',(#482),#10892,.F.);
#11537=ADVANCED_FACE('',(#483),#10893,.F.);
#11538=ADVANCED_FACE('',(#484),#10894,.F.);
#11539=ADVANCED_FACE('',(#485),#10895,.F.);
#11540=ADVANCED_FACE('',(#486),#10896,.F.);
#11541=ADVANCED_FACE('',(#487),#10897,.T.);
#11542=ADVANCED_FACE('',(#488),#10898,.T.);
#11543=ADVANCED_FACE('',(#489),#10899,.T.);
#11544=ADVANCED_FACE('',(#490),#10900,.T.);
#11545=ADVANCED_FACE('',(#491),#10901,.T.);
#11546=ADVANCED_FACE('',(#492),#10902,.F.);
#11547=ADVANCED_FACE('',(#493),#10903,.F.);
#11548=ADVANCED_FACE('',(#494),#10904,.F.);
#11549=ADVANCED_FACE('',(#495),#10905,.F.);
#11550=ADVANCED_FACE('',(#496),#10906,.F.);
#11551=ADVANCED_FACE('',(#497),#10907,.F.);
#11552=ADVANCED_FACE('',(#498),#10908,.F.);
#11553=ADVANCED_FACE('',(#499),#10909,.F.);
#11554=ADVANCED_FACE('',(#500),#10910,.F.);
#11555=ADVANCED_FACE('',(#501),#10911,.F.);
#11556=ADVANCED_FACE('',(#502),#10912,.T.);
#11557=ADVANCED_FACE('',(#503),#10913,.T.);
#11558=ADVANCED_FACE('',(#504),#10914,.T.);
#11559=ADVANCED_FACE('',(#505),#10915,.T.);
#11560=ADVANCED_FACE('',(#506),#10916,.T.);
#11561=ADVANCED_FACE('',(#507),#10917,.T.);
#11562=ADVANCED_FACE('',(#508),#10918,.T.);
#11563=ADVANCED_FACE('',(#509),#10919,.T.);
#11564=ADVANCED_FACE('',(#510),#10920,.T.);
#11565=ADVANCED_FACE('',(#511),#10921,.T.);
#11566=ADVANCED_FACE('',(#512),#10922,.F.);
#11567=ADVANCED_FACE('',(#513),#10923,.F.);
#11568=ADVANCED_FACE('',(#514),#10924,.F.);
#11569=ADVANCED_FACE('',(#515),#10925,.F.);
#11570=ADVANCED_FACE('',(#516),#10926,.F.);
#11571=ADVANCED_FACE('',(#517),#10927,.F.);
#11572=ADVANCED_FACE('',(#518),#10928,.F.);
#11573=ADVANCED_FACE('',(#519),#10929,.F.);
#11574=ADVANCED_FACE('',(#520),#10930,.F.);
#11575=ADVANCED_FACE('',(#521),#10931,.F.);
#11576=ADVANCED_FACE('',(#522),#10932,.T.);
#11577=ADVANCED_FACE('',(#523),#10933,.T.);
#11578=ADVANCED_FACE('',(#524),#10934,.T.);
#11579=ADVANCED_FACE('',(#525),#10935,.T.);
#11580=ADVANCED_FACE('',(#526),#10936,.T.);
#11581=ADVANCED_FACE('',(#527),#10937,.F.);
#11582=ADVANCED_FACE('',(#528),#10938,.F.);
#11583=ADVANCED_FACE('',(#529),#10939,.F.);
#11584=ADVANCED_FACE('',(#530),#10940,.F.);
#11585=ADVANCED_FACE('',(#531),#10941,.F.);
#11586=ADVANCED_FACE('',(#532),#10942,.T.);
#11587=ADVANCED_FACE('',(#533),#10943,.T.);
#11588=ADVANCED_FACE('',(#534),#10944,.T.);
#11589=ADVANCED_FACE('',(#535),#10945,.T.);
#11590=ADVANCED_FACE('',(#536),#10946,.T.);
#11591=ADVANCED_FACE('',(#537),#10947,.T.);
#11592=ADVANCED_FACE('',(#538),#10948,.T.);
#11593=ADVANCED_FACE('',(#539),#10949,.T.);
#11594=ADVANCED_FACE('',(#540),#10950,.T.);
#11595=ADVANCED_FACE('',(#541),#10951,.T.);
#11596=ADVANCED_FACE('',(#542),#10952,.F.);
#11597=ADVANCED_FACE('',(#543),#10953,.F.);
#11598=ADVANCED_FACE('',(#544),#10954,.F.);
#11599=ADVANCED_FACE('',(#545),#10955,.F.);
#11600=ADVANCED_FACE('',(#546),#10956,.F.);
#11601=ADVANCED_FACE('',(#547),#10957,.T.);
#11602=ADVANCED_FACE('',(#548),#10958,.T.);
#11603=ADVANCED_FACE('',(#549),#10959,.T.);
#11604=ADVANCED_FACE('',(#550),#10960,.T.);
#11605=ADVANCED_FACE('',(#551),#10961,.T.);
#11606=ADVANCED_FACE('',(#552),#10962,.F.);
#11607=ADVANCED_FACE('',(#553),#10963,.F.);
#11608=ADVANCED_FACE('',(#554),#10964,.F.);
#11609=ADVANCED_FACE('',(#555),#10965,.F.);
#11610=ADVANCED_FACE('',(#556),#10966,.F.);
#11611=ADVANCED_FACE('',(#557),#10967,.F.);
#11612=ADVANCED_FACE('',(#558),#10968,.F.);
#11613=ADVANCED_FACE('',(#559),#10969,.F.);
#11614=ADVANCED_FACE('',(#560),#10970,.F.);
#11615=ADVANCED_FACE('',(#561),#10971,.F.);
#11616=ADVANCED_FACE('',(#562),#10972,.T.);
#11617=ADVANCED_FACE('',(#563),#10973,.T.);
#11618=ADVANCED_FACE('',(#564),#10974,.T.);
#11619=ADVANCED_FACE('',(#565),#10975,.T.);
#11620=ADVANCED_FACE('',(#566),#10976,.T.);
#11621=ADVANCED_FACE('',(#567),#10977,.F.);
#11622=ADVANCED_FACE('',(#568),#10978,.F.);
#11623=ADVANCED_FACE('',(#569),#10979,.F.);
#11624=ADVANCED_FACE('',(#570),#10980,.F.);
#11625=ADVANCED_FACE('',(#571),#10981,.F.);
#11626=ADVANCED_FACE('',(#572),#10982,.T.);
#11627=ADVANCED_FACE('',(#573),#10983,.T.);
#11628=ADVANCED_FACE('',(#574),#10984,.T.);
#11629=ADVANCED_FACE('',(#575),#10985,.T.);
#11630=ADVANCED_FACE('',(#576),#10986,.T.);
#11631=ADVANCED_FACE('',(#577),#10987,.T.);
#11632=ADVANCED_FACE('',(#578),#10988,.T.);
#11633=ADVANCED_FACE('',(#579),#10989,.T.);
#11634=ADVANCED_FACE('',(#580),#10990,.T.);
#11635=ADVANCED_FACE('',(#581),#10991,.T.);
#11636=ADVANCED_FACE('',(#582),#10992,.F.);
#11637=ADVANCED_FACE('',(#583),#10993,.F.);
#11638=ADVANCED_FACE('',(#584),#10994,.F.);
#11639=ADVANCED_FACE('',(#585),#10995,.F.);
#11640=ADVANCED_FACE('',(#586),#10996,.F.);
#11641=ADVANCED_FACE('',(#587),#10997,.F.);
#11642=ADVANCED_FACE('',(#588),#10998,.F.);
#11643=ADVANCED_FACE('',(#589),#10999,.F.);
#11644=ADVANCED_FACE('',(#590),#11000,.F.);
#11645=ADVANCED_FACE('',(#591),#11001,.F.);
#11646=ADVANCED_FACE('',(#592),#11002,.T.);
#11647=ADVANCED_FACE('',(#593),#11003,.T.);
#11648=ADVANCED_FACE('',(#594),#11004,.T.);
#11649=ADVANCED_FACE('',(#595),#11005,.T.);
#11650=ADVANCED_FACE('',(#596),#11006,.T.);
#11651=ADVANCED_FACE('',(#597),#11007,.T.);
#11652=ADVANCED_FACE('',(#598),#11008,.T.);
#11653=ADVANCED_FACE('',(#599),#11009,.T.);
#11654=ADVANCED_FACE('',(#600),#11010,.T.);
#11655=ADVANCED_FACE('',(#601),#11011,.T.);
#11656=ADVANCED_FACE('',(#602),#11012,.F.);
#11657=ADVANCED_FACE('',(#603),#11013,.F.);
#11658=ADVANCED_FACE('',(#604),#11014,.F.);
#11659=ADVANCED_FACE('',(#605),#11015,.F.);
#11660=ADVANCED_FACE('',(#606),#11016,.F.);
#11661=ADVANCED_FACE('',(#607),#11017,.T.);
#11662=ADVANCED_FACE('',(#608),#11018,.T.);
#11663=ADVANCED_FACE('',(#609),#11019,.T.);
#11664=ADVANCED_FACE('',(#610),#11020,.T.);
#11665=ADVANCED_FACE('',(#611),#11021,.T.);
#11666=ADVANCED_FACE('',(#612),#11022,.F.);
#11667=ADVANCED_FACE('',(#613),#11023,.F.);
#11668=ADVANCED_FACE('',(#614),#11024,.F.);
#11669=ADVANCED_FACE('',(#615),#11025,.F.);
#11670=ADVANCED_FACE('',(#616),#11026,.F.);
#11671=ADVANCED_FACE('',(#617),#11027,.F.);
#11672=ADVANCED_FACE('',(#618),#11028,.F.);
#11673=ADVANCED_FACE('',(#619),#11029,.F.);
#11674=ADVANCED_FACE('',(#620),#11030,.F.);
#11675=ADVANCED_FACE('',(#621),#11031,.F.);
#11676=ADVANCED_FACE('',(#622),#11032,.T.);
#11677=ADVANCED_FACE('',(#623),#11033,.T.);
#11678=ADVANCED_FACE('',(#624),#11034,.T.);
#11679=ADVANCED_FACE('',(#625),#11035,.T.);
#11680=ADVANCED_FACE('',(#626),#11036,.T.);
#11681=ADVANCED_FACE('',(#627),#11037,.T.);
#11682=ADVANCED_FACE('',(#628),#11038,.T.);
#11683=ADVANCED_FACE('',(#629),#11039,.T.);
#11684=ADVANCED_FACE('',(#630),#11040,.T.);
#11685=ADVANCED_FACE('',(#631),#11041,.T.);
#11686=ADVANCED_FACE('',(#632),#11042,.F.);
#11687=ADVANCED_FACE('',(#633),#11043,.F.);
#11688=ADVANCED_FACE('',(#634),#11044,.F.);
#11689=ADVANCED_FACE('',(#635),#11045,.F.);
#11690=ADVANCED_FACE('',(#636),#11046,.F.);
#11691=ADVANCED_FACE('',(#637),#11047,.F.);
#11692=ADVANCED_FACE('',(#638),#11048,.F.);
#11693=ADVANCED_FACE('',(#639),#11049,.F.);
#11694=ADVANCED_FACE('',(#640),#11050,.F.);
#11695=ADVANCED_FACE('',(#641),#11051,.F.);
#11696=ADVANCED_FACE('',(#642),#11052,.T.);
#11697=ADVANCED_FACE('',(#643),#11053,.T.);
#11698=ADVANCED_FACE('',(#644),#11054,.T.);
#11699=ADVANCED_FACE('',(#645),#11055,.T.);
#11700=ADVANCED_FACE('',(#646),#11056,.T.);
#11701=ADVANCED_FACE('',(#647),#11057,.F.);
#11702=ADVANCED_FACE('',(#648),#11058,.F.);
#11703=ADVANCED_FACE('',(#649),#11059,.F.);
#11704=ADVANCED_FACE('',(#650),#11060,.F.);
#11705=ADVANCED_FACE('',(#651),#11061,.F.);
#11706=ADVANCED_FACE('',(#652),#11062,.T.);
#11707=ADVANCED_FACE('',(#653),#11063,.T.);
#11708=ADVANCED_FACE('',(#654),#11064,.T.);
#11709=ADVANCED_FACE('',(#655),#11065,.T.);
#11710=ADVANCED_FACE('',(#656),#11066,.T.);
#11711=ADVANCED_FACE('',(#657),#11067,.T.);
#11712=ADVANCED_FACE('',(#658),#11068,.T.);
#11713=ADVANCED_FACE('',(#659),#11069,.T.);
#11714=ADVANCED_FACE('',(#660),#11070,.T.);
#11715=ADVANCED_FACE('',(#661),#11071,.T.);
#11716=ADVANCED_FACE('',(#662),#11072,.F.);
#11717=ADVANCED_FACE('',(#663),#11073,.F.);
#11718=ADVANCED_FACE('',(#664),#11074,.F.);
#11719=ADVANCED_FACE('',(#665),#11075,.F.);
#11720=ADVANCED_FACE('',(#666),#11076,.F.);
#11721=ADVANCED_FACE('',(#667),#11077,.F.);
#11722=ADVANCED_FACE('',(#668),#11078,.F.);
#11723=ADVANCED_FACE('',(#669),#11079,.F.);
#11724=ADVANCED_FACE('',(#670),#11080,.F.);
#11725=ADVANCED_FACE('',(#671),#11081,.F.);
#11726=ADVANCED_FACE('',(#672),#11082,.T.);
#11727=ADVANCED_FACE('',(#673),#11083,.T.);
#11728=ADVANCED_FACE('',(#674),#11084,.T.);
#11729=ADVANCED_FACE('',(#675),#11085,.T.);
#11730=ADVANCED_FACE('',(#676),#11086,.T.);
#11731=ADVANCED_FACE('',(#677),#11087,.T.);
#11732=ADVANCED_FACE('',(#678),#11088,.T.);
#11733=ADVANCED_FACE('',(#679),#11089,.T.);
#11734=ADVANCED_FACE('',(#680),#11090,.T.);
#11735=ADVANCED_FACE('',(#681),#11091,.T.);
#11736=ADVANCED_FACE('',(#682),#11092,.F.);
#11737=ADVANCED_FACE('',(#683),#11093,.F.);
#11738=ADVANCED_FACE('',(#684),#11094,.F.);
#11739=ADVANCED_FACE('',(#685),#11095,.F.);
#11740=ADVANCED_FACE('',(#686),#11096,.F.);
#11741=ADVANCED_FACE('',(#687),#11097,.T.);
#11742=ADVANCED_FACE('',(#688),#11098,.T.);
#11743=ADVANCED_FACE('',(#689),#11099,.T.);
#11744=ADVANCED_FACE('',(#690),#11100,.T.);
#11745=ADVANCED_FACE('',(#691),#11101,.T.);
#11746=ADVANCED_FACE('',(#692),#11102,.F.);
#11747=ADVANCED_FACE('',(#693),#11103,.F.);
#11748=ADVANCED_FACE('',(#694),#11104,.F.);
#11749=ADVANCED_FACE('',(#695),#11105,.F.);
#11750=ADVANCED_FACE('',(#696),#11106,.F.);
#11751=ADVANCED_FACE('',(#697),#11107,.F.);
#11752=ADVANCED_FACE('',(#698),#11108,.F.);
#11753=ADVANCED_FACE('',(#699),#11109,.F.);
#11754=ADVANCED_FACE('',(#700),#11110,.F.);
#11755=ADVANCED_FACE('',(#701),#11111,.F.);
#11756=ADVANCED_FACE('',(#702),#11112,.T.);
#11757=ADVANCED_FACE('',(#703),#11113,.T.);
#11758=ADVANCED_FACE('',(#704),#11114,.T.);
#11759=ADVANCED_FACE('',(#705),#11115,.T.);
#11760=ADVANCED_FACE('',(#706),#11116,.T.);
#11761=ADVANCED_FACE('',(#707),#11117,.F.);
#11762=ADVANCED_FACE('',(#708),#11118,.F.);
#11763=ADVANCED_FACE('',(#709),#11119,.F.);
#11764=ADVANCED_FACE('',(#710),#11120,.F.);
#11765=ADVANCED_FACE('',(#711),#11121,.F.);
#11766=ADVANCED_FACE('',(#712),#11122,.T.);
#11767=ADVANCED_FACE('',(#713),#11123,.T.);
#11768=ADVANCED_FACE('',(#714),#11124,.T.);
#11769=ADVANCED_FACE('',(#715),#11125,.T.);
#11770=ADVANCED_FACE('',(#716),#11126,.T.);
#11771=ADVANCED_FACE('',(#717),#11127,.T.);
#11772=ADVANCED_FACE('',(#718),#11128,.T.);
#11773=ADVANCED_FACE('',(#719),#11129,.T.);
#11774=ADVANCED_FACE('',(#720),#11130,.T.);
#11775=ADVANCED_FACE('',(#721),#11131,.T.);
#11776=ADVANCED_FACE('',(#722),#11132,.F.);
#11777=ADVANCED_FACE('',(#723),#11133,.F.);
#11778=ADVANCED_FACE('',(#724),#11134,.F.);
#11779=ADVANCED_FACE('',(#725),#11135,.F.);
#11780=ADVANCED_FACE('',(#726),#11136,.F.);
#11781=ADVANCED_FACE('',(#727),#11137,.T.);
#11782=ADVANCED_FACE('',(#728),#11138,.T.);
#11783=ADVANCED_FACE('',(#729),#11139,.T.);
#11784=ADVANCED_FACE('',(#730),#11140,.T.);
#11785=ADVANCED_FACE('',(#731),#11141,.T.);
#11786=ADVANCED_FACE('',(#732),#11142,.F.);
#11787=ADVANCED_FACE('',(#733),#11143,.F.);
#11788=ADVANCED_FACE('',(#734),#11144,.F.);
#11789=ADVANCED_FACE('',(#735),#11145,.F.);
#11790=ADVANCED_FACE('',(#736),#11146,.F.);
#11791=ADVANCED_FACE('',(#737),#11147,.F.);
#11792=ADVANCED_FACE('',(#738),#11148,.F.);
#11793=ADVANCED_FACE('',(#739),#11149,.F.);
#11794=ADVANCED_FACE('',(#740),#11150,.F.);
#11795=ADVANCED_FACE('',(#741),#11151,.F.);
#11796=ADVANCED_FACE('',(#742),#11152,.T.);
#11797=ADVANCED_FACE('',(#743),#11153,.T.);
#11798=ADVANCED_FACE('',(#744),#11154,.T.);
#11799=ADVANCED_FACE('',(#745),#11155,.T.);
#11800=ADVANCED_FACE('',(#746),#11156,.T.);
#11801=ADVANCED_FACE('',(#747),#11157,.T.);
#11802=ADVANCED_FACE('',(#748),#11158,.T.);
#11803=ADVANCED_FACE('',(#749),#11159,.T.);
#11804=ADVANCED_FACE('',(#750),#11160,.T.);
#11805=ADVANCED_FACE('',(#751),#11161,.T.);
#11806=ADVANCED_FACE('',(#752),#11162,.F.);
#11807=ADVANCED_FACE('',(#753),#11163,.F.);
#11808=ADVANCED_FACE('',(#754),#11164,.F.);
#11809=ADVANCED_FACE('',(#755),#11165,.F.);
#11810=ADVANCED_FACE('',(#756),#11166,.F.);
#11811=ADVANCED_FACE('',(#757),#11167,.F.);
#11812=ADVANCED_FACE('',(#758),#11168,.F.);
#11813=ADVANCED_FACE('',(#759),#11169,.F.);
#11814=ADVANCED_FACE('',(#760),#11170,.F.);
#11815=ADVANCED_FACE('',(#761),#11171,.F.);
#11816=ADVANCED_FACE('',(#762),#11172,.T.);
#11817=ADVANCED_FACE('',(#763),#11173,.T.);
#11818=ADVANCED_FACE('',(#764),#11174,.T.);
#11819=ADVANCED_FACE('',(#765),#11175,.T.);
#11820=ADVANCED_FACE('',(#766),#11176,.T.);
#11821=ADVANCED_FACE('',(#767),#11177,.F.);
#11822=ADVANCED_FACE('',(#768),#11178,.F.);
#11823=ADVANCED_FACE('',(#769),#11179,.F.);
#11824=ADVANCED_FACE('',(#770),#11180,.F.);
#11825=ADVANCED_FACE('',(#771),#11181,.F.);
#11826=ADVANCED_FACE('',(#772),#11182,.T.);
#11827=ADVANCED_FACE('',(#773),#11183,.T.);
#11828=ADVANCED_FACE('',(#774),#11184,.T.);
#11829=ADVANCED_FACE('',(#775),#11185,.T.);
#11830=ADVANCED_FACE('',(#776),#11186,.T.);
#11831=ADVANCED_FACE('',(#777),#11187,.T.);
#11832=ADVANCED_FACE('',(#778),#11188,.T.);
#11833=ADVANCED_FACE('',(#779),#11189,.T.);
#11834=ADVANCED_FACE('',(#780),#11190,.T.);
#11835=ADVANCED_FACE('',(#781),#11191,.T.);
#11836=ADVANCED_FACE('',(#782),#11192,.F.);
#11837=ADVANCED_FACE('',(#783),#11193,.F.);
#11838=ADVANCED_FACE('',(#784),#11194,.F.);
#11839=ADVANCED_FACE('',(#785),#11195,.F.);
#11840=ADVANCED_FACE('',(#786),#11196,.F.);
#11841=CLOSED_SHELL('',(#11197,#11198,#11199,#11200,#11201,#11202,#11203,
#11204,#11205,#11206));
#11842=CLOSED_SHELL('',(#11207,#11208,#11209,#11210,#11211,#11212,#11213,
#11214,#11215,#11216,#11217,#11218,#11219,#11220,#11221,#11222,#11223,#11224,
#11225,#11226,#11227,#11228,#11229,#11230,#11231,#11232,#11233,#11234,#11235,
#11236,#11237,#11238,#11239,#11240,#11241,#11242,#11243,#11244,#11245,#11246,
#11247,#11248,#11249,#11250,#11251,#11252,#11253,#11254,#11255,#11256,#11257,
#11258,#11259,#11260,#11261,#11262,#11263,#11264,#11265,#11266,#11267,#11268,
#11269,#11270,#11271,#11272,#11273,#11274,#11275,#11276,#11277,#11278,#11279,
#11280,#11281,#11282,#11283,#11284,#11285,#11286,#11287,#11288,#11289,#11290,
#11291,#11292,#11293,#11294,#11295,#11296,#11297,#11298,#11299,#11300,#11301,
#11302,#11303,#11304,#11305,#11306,#11307,#11308,#11309,#11310,#11311,#11312,
#11313,#11314,#11315,#11316,#11317,#11318,#11319,#11320,#11321,#11322,#11323,
#11324,#11325,#11326,#11327,#11328,#11329,#11330,#11331,#11332,#11333,#11334,
#11335,#11336,#11337,#11338,#11339,#11340,#11341,#11342,#11343,#11344,#11345,
#11346,#11347,#11348,#11349,#11350,#11351,#11352,#11353,#11354,#11355,#11356,
#11357,#11358,#11359,#11360,#11361,#11362,#11363,#11364,#11365,#11366,#11367,
#11368,#11369,#11370,#11371,#11372,#11373,#11374,#11375,#11376,#11377,#11378,
#11379,#11380,#11381,#11382,#11383,#11384,#11385,#11386,#11387,#11388,#11389,
#11390,#11391,#11392,#11393,#11394,#11395,#11396,#11397,#11398,#11399,#11400,
#11401,#11402,#11403,#11404,#11405,#11406,#11407,#11408,#11409,#11410,#11411,
#11412,#11413,#11414,#11415,#11416,#11417,#11418,#11419,#11420,#11421,#11422,
#11423,#11424,#11425,#11426,#11427,#11428,#11429,#11430,#11431,#11432,#11433,
#11434,#11435,#11436,#11437,#11438,#11439,#11440,#11441,#11442,#11443,#11444,
#11445,#11446,#11447,#11448,#11449,#11450,#11451,#11452,#11453,#11454,#11455,
#11456,#11457,#11458,#11459,#11460,#11461,#11462,#11463,#11464,#11465,#11466,
#11467,#11468,#11469,#11470,#11471,#11472,#11473,#11474,#11475,#11476,#11477,
#11478,#11479,#11480,#11481,#11482,#11483,#11484,#11485,#11486,#11487,#11488,
#11489,#11490,#11491,#11492,#11493,#11494,#11495,#11496,#11497,#11498,#11499,
#11500,#11501,#11502,#11503,#11504,#11505,#11506,#11507,#11508,#11509,#11510,
#11511,#11512,#11513,#11514,#11515,#11516,#11517,#11518,#11519,#11520,#11521,
#11522,#11523,#11524,#11525,#11526,#11527,#11528,#11529,#11530));
#11843=CLOSED_SHELL('',(#11531,#11532,#11533,#11534,#11535,#11536,#11537,
#11538,#11539,#11540));
#11844=CLOSED_SHELL('',(#11541,#11542,#11543,#11544,#11545,#11546,#11547,
#11548,#11549,#11550));
#11845=CLOSED_SHELL('',(#11551,#11552,#11553,#11554,#11555,#11556,#11557,
#11558,#11559,#11560));
#11846=CLOSED_SHELL('',(#11561,#11562,#11563,#11564,#11565,#11566,#11567,
#11568,#11569,#11570));
#11847=CLOSED_SHELL('',(#11571,#11572,#11573,#11574,#11575,#11576,#11577,
#11578,#11579,#11580));
#11848=CLOSED_SHELL('',(#11581,#11582,#11583,#11584,#11585,#11586,#11587,
#11588,#11589,#11590));
#11849=CLOSED_SHELL('',(#11591,#11592,#11593,#11594,#11595,#11596,#11597,
#11598,#11599,#11600));
#11850=CLOSED_SHELL('',(#11601,#11602,#11603,#11604,#11605,#11606,#11607,
#11608,#11609,#11610));
#11851=CLOSED_SHELL('',(#11611,#11612,#11613,#11614,#11615,#11616,#11617,
#11618,#11619,#11620));
#11852=CLOSED_SHELL('',(#11621,#11622,#11623,#11624,#11625,#11626,#11627,
#11628,#11629,#11630));
#11853=CLOSED_SHELL('',(#11631,#11632,#11633,#11634,#11635,#11636,#11637,
#11638,#11639,#11640));
#11854=CLOSED_SHELL('',(#11641,#11642,#11643,#11644,#11645,#11646,#11647,
#11648,#11649,#11650));
#11855=CLOSED_SHELL('',(#11651,#11652,#11653,#11654,#11655,#11656,#11657,
#11658,#11659,#11660));
#11856=CLOSED_SHELL('',(#11661,#11662,#11663,#11664,#11665,#11666,#11667,
#11668,#11669,#11670));
#11857=CLOSED_SHELL('',(#11671,#11672,#11673,#11674,#11675,#11676,#11677,
#11678,#11679,#11680));
#11858=CLOSED_SHELL('',(#11681,#11682,#11683,#11684,#11685,#11686,#11687,
#11688,#11689,#11690));
#11859=CLOSED_SHELL('',(#11691,#11692,#11693,#11694,#11695,#11696,#11697,
#11698,#11699,#11700));
#11860=CLOSED_SHELL('',(#11701,#11702,#11703,#11704,#11705,#11706,#11707,
#11708,#11709,#11710));
#11861=CLOSED_SHELL('',(#11711,#11712,#11713,#11714,#11715,#11716,#11717,
#11718,#11719,#11720));
#11862=CLOSED_SHELL('',(#11721,#11722,#11723,#11724,#11725,#11726,#11727,
#11728,#11729,#11730));
#11863=CLOSED_SHELL('',(#11731,#11732,#11733,#11734,#11735,#11736,#11737,
#11738,#11739,#11740));
#11864=CLOSED_SHELL('',(#11741,#11742,#11743,#11744,#11745,#11746,#11747,
#11748,#11749,#11750));
#11865=CLOSED_SHELL('',(#11751,#11752,#11753,#11754,#11755,#11756,#11757,
#11758,#11759,#11760));
#11866=CLOSED_SHELL('',(#11761,#11762,#11763,#11764,#11765,#11766,#11767,
#11768,#11769,#11770));
#11867=CLOSED_SHELL('',(#11771,#11772,#11773,#11774,#11775,#11776,#11777,
#11778,#11779,#11780));
#11868=CLOSED_SHELL('',(#11781,#11782,#11783,#11784,#11785,#11786,#11787,
#11788,#11789,#11790));
#11869=CLOSED_SHELL('',(#11791,#11792,#11793,#11794,#11795,#11796,#11797,
#11798,#11799,#11800));
#11870=CLOSED_SHELL('',(#11801,#11802,#11803,#11804,#11805,#11806,#11807,
#11808,#11809,#11810));
#11871=CLOSED_SHELL('',(#11811,#11812,#11813,#11814,#11815,#11816,#11817,
#11818,#11819,#11820));
#11872=CLOSED_SHELL('',(#11821,#11822,#11823,#11824,#11825,#11826,#11827,
#11828,#11829,#11830));
#11873=CLOSED_SHELL('',(#11831,#11832,#11833,#11834,#11835,#11836,#11837,
#11838,#11839,#11840));
#11874=DERIVED_UNIT_ELEMENT(#11876,1.);
#11875=DERIVED_UNIT_ELEMENT(#18711,-3.);
#11876=(
MASS_UNIT()
NAMED_UNIT(*)
SI_UNIT(.KILO.,.GRAM.)
);
#11877=DERIVED_UNIT((#11874,#11875));
#11878=MEASURE_REPRESENTATION_ITEM('density measure',
POSITIVE_RATIO_MEASURE(7850.),#11877);
#11879=PROPERTY_DEFINITION_REPRESENTATION(#11884,#11881);
#11880=PROPERTY_DEFINITION_REPRESENTATION(#11885,#11882);
#11881=REPRESENTATION('material name',(#11883),#18708);
#11882=REPRESENTATION('density',(#11878),#18708);
#11883=DESCRIPTIVE_REPRESENTATION_ITEM('Steel','Steel');
#11884=PROPERTY_DEFINITION('material property','material name',#18718);
#11885=PROPERTY_DEFINITION('material property','density of part',#18718);
#11886=AXIS2_PLACEMENT_3D('',#15427,#12531,#12532);
#11887=AXIS2_PLACEMENT_3D('',#15428,#12533,#12534);
#11888=AXIS2_PLACEMENT_3D('',#15437,#12539,#12540);
#11889=AXIS2_PLACEMENT_3D('',#15443,#12544,#12545);
#11890=AXIS2_PLACEMENT_3D('',#15447,#12548,#12549);
#11891=AXIS2_PLACEMENT_3D('',#15451,#12552,#12553);
#11892=AXIS2_PLACEMENT_3D('',#15453,#12555,#12556);
#11893=AXIS2_PLACEMENT_3D('',#15459,#12560,#12561);
#11894=AXIS2_PLACEMENT_3D('',#15463,#12564,#12565);
#11895=AXIS2_PLACEMENT_3D('',#15467,#12568,#12569);
#11896=AXIS2_PLACEMENT_3D('',#15469,#12571,#12572);
#11897=AXIS2_PLACEMENT_3D('',#15470,#12573,#12574);
#11898=AXIS2_PLACEMENT_3D('',#15479,#12579,#12580);
#11899=AXIS2_PLACEMENT_3D('',#15485,#12584,#12585);
#11900=AXIS2_PLACEMENT_3D('',#15491,#12589,#12590);
#11901=AXIS2_PLACEMENT_3D('',#15500,#12595,#12596);
#11902=AXIS2_PLACEMENT_3D('',#15506,#12600,#12601);
#11903=AXIS2_PLACEMENT_3D('',#15512,#12605,#12606);
#11904=AXIS2_PLACEMENT_3D('',#15521,#12611,#12612);
#11905=AXIS2_PLACEMENT_3D('',#15527,#12616,#12617);
#11906=AXIS2_PLACEMENT_3D('',#15533,#12621,#12622);
#11907=AXIS2_PLACEMENT_3D('',#15536,#12625,#12626);
#11908=AXIS2_PLACEMENT_3D('',#15542,#12630,#12631);
#11909=AXIS2_PLACEMENT_3D('',#15548,#12635,#12636);
#11910=AXIS2_PLACEMENT_3D('',#15554,#12640,#12641);
#11911=AXIS2_PLACEMENT_3D('',#15560,#12645,#12646);
#11912=AXIS2_PLACEMENT_3D('',#15566,#12650,#12651);
#11913=AXIS2_PLACEMENT_3D('',#15572,#12655,#12656);
#11914=AXIS2_PLACEMENT_3D('',#15581,#12661,#12662);
#11915=AXIS2_PLACEMENT_3D('',#15587,#12666,#12667);
#11916=AXIS2_PLACEMENT_3D('',#15593,#12671,#12672);
#11917=AXIS2_PLACEMENT_3D('',#15596,#12675,#12676);
#11918=AXIS2_PLACEMENT_3D('',#15605,#12681,#12682);
#11919=AXIS2_PLACEMENT_3D('',#15611,#12686,#12687);
#11920=AXIS2_PLACEMENT_3D('',#15614,#12690,#12691);
#11921=AXIS2_PLACEMENT_3D('',#15623,#12696,#12697);
#11922=AXIS2_PLACEMENT_3D('',#15629,#12701,#12702);
#11923=AXIS2_PLACEMENT_3D('',#15632,#12705,#12706);
#11924=AXIS2_PLACEMENT_3D('',#15641,#12711,#12712);
#11925=AXIS2_PLACEMENT_3D('',#15647,#12716,#12717);
#11926=AXIS2_PLACEMENT_3D('',#15653,#12721,#12722);
#11927=AXIS2_PLACEMENT_3D('',#15656,#12725,#12726);
#11928=AXIS2_PLACEMENT_3D('',#15662,#12730,#12731);
#11929=AXIS2_PLACEMENT_3D('',#15668,#12735,#12736);
#11930=AXIS2_PLACEMENT_3D('',#15674,#12740,#12741);
#11931=AXIS2_PLACEMENT_3D('',#15680,#12745,#12746);
#11932=AXIS2_PLACEMENT_3D('',#15686,#12750,#12751);
#11933=AXIS2_PLACEMENT_3D('',#15692,#12755,#12756);
#11934=AXIS2_PLACEMENT_3D('',#15701,#12761,#12762);
#11935=AXIS2_PLACEMENT_3D('',#15707,#12766,#12767);
#11936=AXIS2_PLACEMENT_3D('',#15713,#12771,#12772);
#11937=AXIS2_PLACEMENT_3D('',#15716,#12775,#12776);
#11938=AXIS2_PLACEMENT_3D('',#15725,#12781,#12782);
#11939=AXIS2_PLACEMENT_3D('',#15731,#12786,#12787);
#11940=AXIS2_PLACEMENT_3D('',#15737,#12791,#12792);
#11941=AXIS2_PLACEMENT_3D('',#15746,#12797,#12798);
#11942=AXIS2_PLACEMENT_3D('',#15752,#12802,#12803);
#11943=AXIS2_PLACEMENT_3D('',#15758,#12807,#12808);
#11944=AXIS2_PLACEMENT_3D('',#15767,#12813,#12814);
#11945=AXIS2_PLACEMENT_3D('',#15773,#12818,#12819);
#11946=AXIS2_PLACEMENT_3D('',#15779,#12823,#12824);
#11947=AXIS2_PLACEMENT_3D('',#15782,#12827,#12828);
#11948=AXIS2_PLACEMENT_3D('',#15788,#12832,#12833);
#11949=AXIS2_PLACEMENT_3D('',#15794,#12837,#12838);
#11950=AXIS2_PLACEMENT_3D('',#15797,#12841,#12842);
#11951=AXIS2_PLACEMENT_3D('',#15803,#12846,#12847);
#11952=AXIS2_PLACEMENT_3D('',#15809,#12851,#12852);
#11953=AXIS2_PLACEMENT_3D('',#15812,#12855,#12856);
#11954=AXIS2_PLACEMENT_3D('',#15821,#12861,#12862);
#11955=AXIS2_PLACEMENT_3D('',#15827,#12866,#12867);
#11956=AXIS2_PLACEMENT_3D('',#15833,#12871,#12872);
#11957=AXIS2_PLACEMENT_3D('',#15836,#12875,#12876);
#11958=AXIS2_PLACEMENT_3D('',#15845,#12881,#12882);
#11959=AXIS2_PLACEMENT_3D('',#15851,#12886,#12887);
#11960=AXIS2_PLACEMENT_3D('',#15854,#12890,#12891);
#11961=AXIS2_PLACEMENT_3D('',#15863,#12896,#12897);
#11962=AXIS2_PLACEMENT_3D('',#15869,#12901,#12902);
#11963=AXIS2_PLACEMENT_3D('',#15872,#12905,#12906);
#11964=AXIS2_PLACEMENT_3D('',#15881,#12911,#12912);
#11965=AXIS2_PLACEMENT_3D('',#15887,#12916,#12917);
#11966=AXIS2_PLACEMENT_3D('',#15893,#12921,#12922);
#11967=AXIS2_PLACEMENT_3D('',#15896,#12925,#12926);
#11968=AXIS2_PLACEMENT_3D('',#15902,#12930,#12931);
#11969=AXIS2_PLACEMENT_3D('',#15908,#12935,#12936);
#11970=AXIS2_PLACEMENT_3D('',#15914,#12940,#12941);
#11971=AXIS2_PLACEMENT_3D('',#15920,#12945,#12946);
#11972=AXIS2_PLACEMENT_3D('',#15926,#12950,#12951);
#11973=AXIS2_PLACEMENT_3D('',#15932,#12955,#12956);
#11974=AXIS2_PLACEMENT_3D('',#15941,#12961,#12962);
#11975=AXIS2_PLACEMENT_3D('',#15947,#12966,#12967);
#11976=AXIS2_PLACEMENT_3D('',#15953,#12971,#12972);
#11977=AXIS2_PLACEMENT_3D('',#15956,#12975,#12976);
#11978=AXIS2_PLACEMENT_3D('',#15965,#12981,#12982);
#11979=AXIS2_PLACEMENT_3D('',#15971,#12986,#12987);
#11980=AXIS2_PLACEMENT_3D('',#15977,#12991,#12992);
#11981=AXIS2_PLACEMENT_3D('',#15986,#12997,#12998);
#11982=AXIS2_PLACEMENT_3D('',#15992,#13002,#13003);
#11983=AXIS2_PLACEMENT_3D('',#15998,#13007,#13008);
#11984=AXIS2_PLACEMENT_3D('',#16007,#13013,#13014);
#11985=AXIS2_PLACEMENT_3D('',#16013,#13018,#13019);
#11986=AXIS2_PLACEMENT_3D('',#16019,#13023,#13024);
#11987=AXIS2_PLACEMENT_3D('',#16022,#13027,#13028);
#11988=AXIS2_PLACEMENT_3D('',#16028,#13032,#13033);
#11989=AXIS2_PLACEMENT_3D('',#16034,#13037,#13038);
#11990=AXIS2_PLACEMENT_3D('',#16040,#13042,#13043);
#11991=AXIS2_PLACEMENT_3D('',#16046,#13047,#13048);
#11992=AXIS2_PLACEMENT_3D('',#16052,#13052,#13053);
#11993=AXIS2_PLACEMENT_3D('',#16058,#13057,#13058);
#11994=AXIS2_PLACEMENT_3D('',#16067,#13063,#13064);
#11995=AXIS2_PLACEMENT_3D('',#16073,#13068,#13069);
#11996=AXIS2_PLACEMENT_3D('',#16079,#13073,#13074);
#11997=AXIS2_PLACEMENT_3D('',#16082,#13077,#13078);
#11998=AXIS2_PLACEMENT_3D('',#16091,#13083,#13084);
#11999=AXIS2_PLACEMENT_3D('',#16097,#13088,#13089);
#12000=AXIS2_PLACEMENT_3D('',#16100,#13092,#13093);
#12001=AXIS2_PLACEMENT_3D('',#16109,#13098,#13099);
#12002=AXIS2_PLACEMENT_3D('',#16115,#13103,#13104);
#12003=AXIS2_PLACEMENT_3D('',#16118,#13107,#13108);
#12004=AXIS2_PLACEMENT_3D('',#16127,#13113,#13114);
#12005=AXIS2_PLACEMENT_3D('',#16133,#13118,#13119);
#12006=AXIS2_PLACEMENT_3D('',#16139,#13123,#13124);
#12007=AXIS2_PLACEMENT_3D('',#16142,#13127,#13128);
#12008=AXIS2_PLACEMENT_3D('',#16148,#13132,#13133);
#12009=AXIS2_PLACEMENT_3D('',#16154,#13137,#13138);
#12010=AXIS2_PLACEMENT_3D('',#16157,#13141,#13142);
#12011=AXIS2_PLACEMENT_3D('',#16163,#13146,#13147);
#12012=AXIS2_PLACEMENT_3D('',#16169,#13151,#13152);
#12013=AXIS2_PLACEMENT_3D('',#16172,#13155,#13156);
#12014=AXIS2_PLACEMENT_3D('',#16181,#13161,#13162);
#12015=AXIS2_PLACEMENT_3D('',#16187,#13166,#13167);
#12016=AXIS2_PLACEMENT_3D('',#16193,#13171,#13172);
#12017=AXIS2_PLACEMENT_3D('',#16196,#13175,#13176);
#12018=AXIS2_PLACEMENT_3D('',#16205,#13181,#13182);
#12019=AXIS2_PLACEMENT_3D('',#16211,#13186,#13187);
#12020=AXIS2_PLACEMENT_3D('',#16217,#13191,#13192);
#12021=AXIS2_PLACEMENT_3D('',#16226,#13197,#13198);
#12022=AXIS2_PLACEMENT_3D('',#16232,#13202,#13203);
#12023=AXIS2_PLACEMENT_3D('',#16238,#13207,#13208);
#12024=AXIS2_PLACEMENT_3D('',#16247,#13213,#13214);
#12025=AXIS2_PLACEMENT_3D('',#16253,#13218,#13219);
#12026=AXIS2_PLACEMENT_3D('',#16259,#13223,#13224);
#12027=AXIS2_PLACEMENT_3D('',#16262,#13227,#13228);
#12028=AXIS2_PLACEMENT_3D('',#16268,#13232,#13233);
#12029=AXIS2_PLACEMENT_3D('',#16274,#13237,#13238);
#12030=AXIS2_PLACEMENT_3D('',#16277,#13241,#13242);
#12031=AXIS2_PLACEMENT_3D('',#16283,#13246,#13247);
#12032=AXIS2_PLACEMENT_3D('',#16289,#13251,#13252);
#12033=AXIS2_PLACEMENT_3D('',#16292,#13255,#13256);
#12034=AXIS2_PLACEMENT_3D('',#16301,#13261,#13262);
#12035=AXIS2_PLACEMENT_3D('',#16307,#13266,#13267);
#12036=AXIS2_PLACEMENT_3D('',#16313,#13271,#13272);
#12037=AXIS2_PLACEMENT_3D('',#16316,#13275,#13276);
#12038=AXIS2_PLACEMENT_3D('',#16325,#13281,#13282);
#12039=AXIS2_PLACEMENT_3D('',#16331,#13286,#13287);
#12040=AXIS2_PLACEMENT_3D('',#16334,#13290,#13291);
#12041=AXIS2_PLACEMENT_3D('',#16343,#13296,#13297);
#12042=AXIS2_PLACEMENT_3D('',#16349,#13301,#13302);
#12043=AXIS2_PLACEMENT_3D('',#16352,#13305,#13306);
#12044=AXIS2_PLACEMENT_3D('',#16361,#13311,#13312);
#12045=AXIS2_PLACEMENT_3D('',#16367,#13316,#13317);
#12046=AXIS2_PLACEMENT_3D('',#16373,#13321,#13322);
#12047=AXIS2_PLACEMENT_3D('',#16376,#13325,#13326);
#12048=AXIS2_PLACEMENT_3D('',#16382,#13330,#13331);
#12049=AXIS2_PLACEMENT_3D('',#16388,#13335,#13336);
#12050=AXIS2_PLACEMENT_3D('',#16394,#13340,#13341);
#12051=AXIS2_PLACEMENT_3D('',#16400,#13345,#13346);
#12052=AXIS2_PLACEMENT_3D('',#16406,#13350,#13351);
#12053=AXIS2_PLACEMENT_3D('',#16412,#13355,#13356);
#12054=AXIS2_PLACEMENT_3D('',#16421,#13361,#13362);
#12055=AXIS2_PLACEMENT_3D('',#16427,#13366,#13367);
#12056=AXIS2_PLACEMENT_3D('',#16433,#13371,#13372);
#12057=AXIS2_PLACEMENT_3D('',#16436,#13375,#13376);
#12058=AXIS2_PLACEMENT_3D('',#16439,#13379,#13380);
#12059=AXIS2_PLACEMENT_3D('',#16448,#13385,#13386);
#12060=AXIS2_PLACEMENT_3D('',#16454,#13390,#13391);
#12061=AXIS2_PLACEMENT_3D('',#16460,#13395,#13396);
#12062=AXIS2_PLACEMENT_3D('',#16469,#13401,#13402);
#12063=AXIS2_PLACEMENT_3D('',#16475,#13406,#13407);
#12064=AXIS2_PLACEMENT_3D('',#16481,#13411,#13412);
#12065=AXIS2_PLACEMENT_3D('',#16490,#13417,#13418);
#12066=AXIS2_PLACEMENT_3D('',#16496,#13422,#13423);
#12067=AXIS2_PLACEMENT_3D('',#16502,#13427,#13428);
#12068=AXIS2_PLACEMENT_3D('',#16505,#13431,#13432);
#12069=AXIS2_PLACEMENT_3D('',#16511,#13436,#13437);
#12070=AXIS2_PLACEMENT_3D('',#16517,#13441,#13442);
#12071=AXIS2_PLACEMENT_3D('',#16523,#13446,#13447);
#12072=AXIS2_PLACEMENT_3D('',#16529,#13451,#13452);
#12073=AXIS2_PLACEMENT_3D('',#16535,#13456,#13457);
#12074=AXIS2_PLACEMENT_3D('',#16541,#13461,#13462);
#12075=AXIS2_PLACEMENT_3D('',#16550,#13467,#13468);
#12076=AXIS2_PLACEMENT_3D('',#16556,#13472,#13473);
#12077=AXIS2_PLACEMENT_3D('',#16562,#13477,#13478);
#12078=AXIS2_PLACEMENT_3D('',#16565,#13481,#13482);
#12079=AXIS2_PLACEMENT_3D('',#16574,#13487,#13488);
#12080=AXIS2_PLACEMENT_3D('',#16580,#13492,#13493);
#12081=AXIS2_PLACEMENT_3D('',#16583,#13496,#13497);
#12082=AXIS2_PLACEMENT_3D('',#16592,#13502,#13503);
#12083=AXIS2_PLACEMENT_3D('',#16598,#13507,#13508);
#12084=AXIS2_PLACEMENT_3D('',#16601,#13511,#13512);
#12085=AXIS2_PLACEMENT_3D('',#16610,#13517,#13518);
#12086=AXIS2_PLACEMENT_3D('',#16616,#13522,#13523);
#12087=AXIS2_PLACEMENT_3D('',#16622,#13527,#13528);
#12088=AXIS2_PLACEMENT_3D('',#16625,#13531,#13532);
#12089=AXIS2_PLACEMENT_3D('',#16631,#13536,#13537);
#12090=AXIS2_PLACEMENT_3D('',#16637,#13541,#13542);
#12091=AXIS2_PLACEMENT_3D('',#16643,#13546,#13547);
#12092=AXIS2_PLACEMENT_3D('',#16649,#13551,#13552);
#12093=AXIS2_PLACEMENT_3D('',#16655,#13556,#13557);
#12094=AXIS2_PLACEMENT_3D('',#16661,#13561,#13562);
#12095=AXIS2_PLACEMENT_3D('',#16670,#13567,#13568);
#12096=AXIS2_PLACEMENT_3D('',#16676,#13572,#13573);
#12097=AXIS2_PLACEMENT_3D('',#16682,#13577,#13578);
#12098=AXIS2_PLACEMENT_3D('',#16685,#13581,#13582);
#12099=AXIS2_PLACEMENT_3D('',#16694,#13587,#13588);
#12100=AXIS2_PLACEMENT_3D('',#16700,#13592,#13593);
#12101=AXIS2_PLACEMENT_3D('',#16706,#13597,#13598);
#12102=AXIS2_PLACEMENT_3D('',#16715,#13603,#13604);
#12103=AXIS2_PLACEMENT_3D('',#16721,#13608,#13609);
#12104=AXIS2_PLACEMENT_3D('',#16727,#13613,#13614);
#12105=AXIS2_PLACEMENT_3D('',#16736,#13619,#13620);
#12106=AXIS2_PLACEMENT_3D('',#16742,#13624,#13625);
#12107=AXIS2_PLACEMENT_3D('',#16748,#13629,#13630);
#12108=AXIS2_PLACEMENT_3D('',#16751,#13633,#13634);
#12109=AXIS2_PLACEMENT_3D('',#16757,#13638,#13639);
#12110=AXIS2_PLACEMENT_3D('',#16763,#13643,#13644);
#12111=AXIS2_PLACEMENT_3D('',#16766,#13647,#13648);
#12112=AXIS2_PLACEMENT_3D('',#16772,#13652,#13653);
#12113=AXIS2_PLACEMENT_3D('',#16778,#13657,#13658);
#12114=AXIS2_PLACEMENT_3D('',#16781,#13661,#13662);
#12115=AXIS2_PLACEMENT_3D('',#16790,#13667,#13668);
#12116=AXIS2_PLACEMENT_3D('',#16796,#13672,#13673);
#12117=AXIS2_PLACEMENT_3D('',#16802,#13677,#13678);
#12118=AXIS2_PLACEMENT_3D('',#16805,#13681,#13682);
#12119=AXIS2_PLACEMENT_3D('',#16814,#13687,#13688);
#12120=AXIS2_PLACEMENT_3D('',#16820,#13692,#13693);
#12121=AXIS2_PLACEMENT_3D('',#16823,#13696,#13697);
#12122=AXIS2_PLACEMENT_3D('',#16832,#13702,#13703);
#12123=AXIS2_PLACEMENT_3D('',#16838,#13707,#13708);
#12124=AXIS2_PLACEMENT_3D('',#16841,#13711,#13712);
#12125=AXIS2_PLACEMENT_3D('',#16850,#13717,#13718);
#12126=AXIS2_PLACEMENT_3D('',#16856,#13722,#13723);
#12127=AXIS2_PLACEMENT_3D('',#16862,#13727,#13728);
#12128=AXIS2_PLACEMENT_3D('',#16865,#13731,#13732);
#12129=AXIS2_PLACEMENT_3D('',#16871,#13736,#13737);
#12130=AXIS2_PLACEMENT_3D('',#16877,#13741,#13742);
#12131=AXIS2_PLACEMENT_3D('',#16880,#13745,#13746);
#12132=AXIS2_PLACEMENT_3D('',#16886,#13750,#13751);
#12133=AXIS2_PLACEMENT_3D('',#16892,#13755,#13756);
#12134=AXIS2_PLACEMENT_3D('',#16895,#13759,#13760);
#12135=AXIS2_PLACEMENT_3D('',#16904,#13765,#13766);
#12136=AXIS2_PLACEMENT_3D('',#16910,#13770,#13771);
#12137=AXIS2_PLACEMENT_3D('',#16916,#13775,#13776);
#12138=AXIS2_PLACEMENT_3D('',#16919,#13779,#13780);
#12139=AXIS2_PLACEMENT_3D('',#16928,#13785,#13786);
#12140=AXIS2_PLACEMENT_3D('',#16934,#13790,#13791);
#12141=AXIS2_PLACEMENT_3D('',#16940,#13795,#13796);
#12142=AXIS2_PLACEMENT_3D('',#16949,#13801,#13802);
#12143=AXIS2_PLACEMENT_3D('',#16955,#13806,#13807);
#12144=AXIS2_PLACEMENT_3D('',#16961,#13811,#13812);
#12145=AXIS2_PLACEMENT_3D('',#16970,#13817,#13818);
#12146=AXIS2_PLACEMENT_3D('',#16976,#13822,#13823);
#12147=AXIS2_PLACEMENT_3D('',#16982,#13827,#13828);
#12148=AXIS2_PLACEMENT_3D('',#16985,#13831,#13832);
#12149=AXIS2_PLACEMENT_3D('',#16991,#13836,#13837);
#12150=AXIS2_PLACEMENT_3D('',#16997,#13841,#13842);
#12151=AXIS2_PLACEMENT_3D('',#17003,#13846,#13847);
#12152=AXIS2_PLACEMENT_3D('',#17009,#13851,#13852);
#12153=AXIS2_PLACEMENT_3D('',#17015,#13856,#13857);
#12154=AXIS2_PLACEMENT_3D('',#17021,#13861,#13862);
#12155=AXIS2_PLACEMENT_3D('',#17030,#13867,#13868);
#12156=AXIS2_PLACEMENT_3D('',#17036,#13872,#13873);
#12157=AXIS2_PLACEMENT_3D('',#17042,#13877,#13878);
#12158=AXIS2_PLACEMENT_3D('',#17045,#13881,#13882);
#12159=AXIS2_PLACEMENT_3D('',#17054,#13887,#13888);
#12160=AXIS2_PLACEMENT_3D('',#17060,#13892,#13893);
#12161=AXIS2_PLACEMENT_3D('',#17063,#13896,#13897);
#12162=AXIS2_PLACEMENT_3D('',#17072,#13902,#13903);
#12163=AXIS2_PLACEMENT_3D('',#17078,#13907,#13908);
#12164=AXIS2_PLACEMENT_3D('',#17081,#13911,#13912);
#12165=AXIS2_PLACEMENT_3D('',#17090,#13917,#13918);
#12166=AXIS2_PLACEMENT_3D('',#17096,#13922,#13923);
#12167=AXIS2_PLACEMENT_3D('',#17102,#13927,#13928);
#12168=AXIS2_PLACEMENT_3D('',#17105,#13931,#13932);
#12169=AXIS2_PLACEMENT_3D('',#17111,#13936,#13937);
#12170=AXIS2_PLACEMENT_3D('',#17117,#13941,#13942);
#12171=AXIS2_PLACEMENT_3D('',#17120,#13945,#13946);
#12172=AXIS2_PLACEMENT_3D('',#17126,#13950,#13951);
#12173=AXIS2_PLACEMENT_3D('',#17132,#13955,#13956);
#12174=AXIS2_PLACEMENT_3D('',#17135,#13959,#13960);
#12175=AXIS2_PLACEMENT_3D('',#17144,#13965,#13966);
#12176=AXIS2_PLACEMENT_3D('',#17150,#13970,#13971);
#12177=AXIS2_PLACEMENT_3D('',#17156,#13975,#13976);
#12178=AXIS2_PLACEMENT_3D('',#17159,#13979,#13980);
#12179=AXIS2_PLACEMENT_3D('',#17168,#13985,#13986);
#12180=AXIS2_PLACEMENT_3D('',#17174,#13990,#13991);
#12181=AXIS2_PLACEMENT_3D('',#17180,#13995,#13996);
#12182=AXIS2_PLACEMENT_3D('',#17189,#14001,#14002);
#12183=AXIS2_PLACEMENT_3D('',#17195,#14006,#14007);
#12184=AXIS2_PLACEMENT_3D('',#17201,#14011,#14012);
#12185=AXIS2_PLACEMENT_3D('',#17210,#14017,#14018);
#12186=AXIS2_PLACEMENT_3D('',#17216,#14022,#14023);
#12187=AXIS2_PLACEMENT_3D('',#17222,#14027,#14028);
#12188=AXIS2_PLACEMENT_3D('',#17225,#14031,#14032);
#12189=AXIS2_PLACEMENT_3D('',#17231,#14036,#14037);
#12190=AXIS2_PLACEMENT_3D('',#17237,#14041,#14042);
#12191=AXIS2_PLACEMENT_3D('',#17240,#14045,#14046);
#12192=AXIS2_PLACEMENT_3D('',#17246,#14050,#14051);
#12193=AXIS2_PLACEMENT_3D('',#17252,#14055,#14056);
#12194=AXIS2_PLACEMENT_3D('',#17255,#14059,#14060);
#12195=AXIS2_PLACEMENT_3D('',#17264,#14065,#14066);
#12196=AXIS2_PLACEMENT_3D('',#17270,#14070,#14071);
#12197=AXIS2_PLACEMENT_3D('',#17276,#14075,#14076);
#12198=AXIS2_PLACEMENT_3D('',#17279,#14079,#14080);
#12199=AXIS2_PLACEMENT_3D('',#17288,#14085,#14086);
#12200=AXIS2_PLACEMENT_3D('',#17294,#14090,#14091);
#12201=AXIS2_PLACEMENT_3D('',#17297,#14094,#14095);
#12202=AXIS2_PLACEMENT_3D('',#17306,#14100,#14101);
#12203=AXIS2_PLACEMENT_3D('',#17312,#14105,#14106);
#12204=AXIS2_PLACEMENT_3D('',#17315,#14109,#14110);
#12205=AXIS2_PLACEMENT_3D('',#17324,#14115,#14116);
#12206=AXIS2_PLACEMENT_3D('',#17330,#14120,#14121);
#12207=AXIS2_PLACEMENT_3D('',#17336,#14125,#14126);
#12208=AXIS2_PLACEMENT_3D('',#17339,#14129,#14130);
#12209=AXIS2_PLACEMENT_3D('',#17345,#14134,#14135);
#12210=AXIS2_PLACEMENT_3D('',#17365,#14146,#14147);
#12211=AXIS2_PLACEMENT_3D('',#17369,#14150,#14151);
#12212=AXIS2_PLACEMENT_3D('',#17373,#14154,#14155);
#12213=AXIS2_PLACEMENT_3D('',#17377,#14158,#14159);
#12214=AXIS2_PLACEMENT_3D('',#17381,#14162,#14163);
#12215=AXIS2_PLACEMENT_3D('',#17385,#14166,#14167);
#12216=AXIS2_PLACEMENT_3D('',#17391,#14171,#14172);
#12217=AXIS2_PLACEMENT_3D('',#17395,#14175,#14176);
#12218=AXIS2_PLACEMENT_3D('',#17399,#14179,#14180);
#12219=AXIS2_PLACEMENT_3D('',#17401,#14182,#14183);
#12220=AXIS2_PLACEMENT_3D('',#17403,#14185,#14186);
#12221=AXIS2_PLACEMENT_3D('',#17404,#14187,#14188);
#12222=AXIS2_PLACEMENT_3D('',#17413,#14193,#14194);
#12223=AXIS2_PLACEMENT_3D('',#17419,#14198,#14199);
#12224=AXIS2_PLACEMENT_3D('',#17423,#14202,#14203);
#12225=AXIS2_PLACEMENT_3D('',#17427,#14206,#14207);
#12226=AXIS2_PLACEMENT_3D('',#17429,#14209,#14210);
#12227=AXIS2_PLACEMENT_3D('',#17435,#14214,#14215);
#12228=AXIS2_PLACEMENT_3D('',#17439,#14218,#14219);
#12229=AXIS2_PLACEMENT_3D('',#17443,#14222,#14223);
#12230=AXIS2_PLACEMENT_3D('',#17445,#14225,#14226);
#12231=AXIS2_PLACEMENT_3D('',#17446,#14227,#14228);
#12232=AXIS2_PLACEMENT_3D('',#17455,#14233,#14234);
#12233=AXIS2_PLACEMENT_3D('',#17461,#14238,#14239);
#12234=AXIS2_PLACEMENT_3D('',#17465,#14242,#14243);
#12235=AXIS2_PLACEMENT_3D('',#17469,#14246,#14247);
#12236=AXIS2_PLACEMENT_3D('',#17471,#14249,#14250);
#12237=AXIS2_PLACEMENT_3D('',#17477,#14254,#14255);
#12238=AXIS2_PLACEMENT_3D('',#17481,#14258,#14259);
#12239=AXIS2_PLACEMENT_3D('',#17485,#14262,#14263);
#12240=AXIS2_PLACEMENT_3D('',#17487,#14265,#14266);
#12241=AXIS2_PLACEMENT_3D('',#17488,#14267,#14268);
#12242=AXIS2_PLACEMENT_3D('',#17497,#14273,#14274);
#12243=AXIS2_PLACEMENT_3D('',#17503,#14278,#14279);
#12244=AXIS2_PLACEMENT_3D('',#17507,#14282,#14283);
#12245=AXIS2_PLACEMENT_3D('',#17511,#14286,#14287);
#12246=AXIS2_PLACEMENT_3D('',#17513,#14289,#14290);
#12247=AXIS2_PLACEMENT_3D('',#17519,#14294,#14295);
#12248=AXIS2_PLACEMENT_3D('',#17523,#14298,#14299);
#12249=AXIS2_PLACEMENT_3D('',#17527,#14302,#14303);
#12250=AXIS2_PLACEMENT_3D('',#17529,#14305,#14306);
#12251=AXIS2_PLACEMENT_3D('',#17530,#14307,#14308);
#12252=AXIS2_PLACEMENT_3D('',#17539,#14313,#14314);
#12253=AXIS2_PLACEMENT_3D('',#17545,#14318,#14319);
#12254=AXIS2_PLACEMENT_3D('',#17549,#14322,#14323);
#12255=AXIS2_PLACEMENT_3D('',#17553,#14326,#14327);
#12256=AXIS2_PLACEMENT_3D('',#17555,#14329,#14330);
#12257=AXIS2_PLACEMENT_3D('',#17561,#14334,#14335);
#12258=AXIS2_PLACEMENT_3D('',#17565,#14338,#14339);
#12259=AXIS2_PLACEMENT_3D('',#17569,#14342,#14343);
#12260=AXIS2_PLACEMENT_3D('',#17571,#14345,#14346);
#12261=AXIS2_PLACEMENT_3D('',#17572,#14347,#14348);
#12262=AXIS2_PLACEMENT_3D('',#17581,#14353,#14354);
#12263=AXIS2_PLACEMENT_3D('',#17587,#14358,#14359);
#12264=AXIS2_PLACEMENT_3D('',#17591,#14362,#14363);
#12265=AXIS2_PLACEMENT_3D('',#17595,#14366,#14367);
#12266=AXIS2_PLACEMENT_3D('',#17597,#14369,#14370);
#12267=AXIS2_PLACEMENT_3D('',#17603,#14374,#14375);
#12268=AXIS2_PLACEMENT_3D('',#17607,#14378,#14379);
#12269=AXIS2_PLACEMENT_3D('',#17611,#14382,#14383);
#12270=AXIS2_PLACEMENT_3D('',#17613,#14385,#14386);
#12271=AXIS2_PLACEMENT_3D('',#17614,#14387,#14388);
#12272=AXIS2_PLACEMENT_3D('',#17623,#14393,#14394);
#12273=AXIS2_PLACEMENT_3D('',#17629,#14398,#14399);
#12274=AXIS2_PLACEMENT_3D('',#17633,#14402,#14403);
#12275=AXIS2_PLACEMENT_3D('',#17637,#14406,#14407);
#12276=AXIS2_PLACEMENT_3D('',#17639,#14409,#14410);
#12277=AXIS2_PLACEMENT_3D('',#17645,#14414,#14415);
#12278=AXIS2_PLACEMENT_3D('',#17649,#14418,#14419);
#12279=AXIS2_PLACEMENT_3D('',#17653,#14422,#14423);
#12280=AXIS2_PLACEMENT_3D('',#17655,#14425,#14426);
#12281=AXIS2_PLACEMENT_3D('',#17656,#14427,#14428);
#12282=AXIS2_PLACEMENT_3D('',#17665,#14433,#14434);
#12283=AXIS2_PLACEMENT_3D('',#17671,#14438,#14439);
#12284=AXIS2_PLACEMENT_3D('',#17675,#14442,#14443);
#12285=AXIS2_PLACEMENT_3D('',#17679,#14446,#14447);
#12286=AXIS2_PLACEMENT_3D('',#17681,#14449,#14450);
#12287=AXIS2_PLACEMENT_3D('',#17687,#14454,#14455);
#12288=AXIS2_PLACEMENT_3D('',#17691,#14458,#14459);
#12289=AXIS2_PLACEMENT_3D('',#17695,#14462,#14463);
#12290=AXIS2_PLACEMENT_3D('',#17697,#14465,#14466);
#12291=AXIS2_PLACEMENT_3D('',#17698,#14467,#14468);
#12292=AXIS2_PLACEMENT_3D('',#17707,#14473,#14474);
#12293=AXIS2_PLACEMENT_3D('',#17713,#14478,#14479);
#12294=AXIS2_PLACEMENT_3D('',#17717,#14482,#14483);
#12295=AXIS2_PLACEMENT_3D('',#17721,#14486,#14487);
#12296=AXIS2_PLACEMENT_3D('',#17723,#14489,#14490);
#12297=AXIS2_PLACEMENT_3D('',#17729,#14494,#14495);
#12298=AXIS2_PLACEMENT_3D('',#17733,#14498,#14499);
#12299=AXIS2_PLACEMENT_3D('',#17737,#14502,#14503);
#12300=AXIS2_PLACEMENT_3D('',#17739,#14505,#14506);
#12301=AXIS2_PLACEMENT_3D('',#17740,#14507,#14508);
#12302=AXIS2_PLACEMENT_3D('',#17749,#14513,#14514);
#12303=AXIS2_PLACEMENT_3D('',#17755,#14518,#14519);
#12304=AXIS2_PLACEMENT_3D('',#17759,#14522,#14523);
#12305=AXIS2_PLACEMENT_3D('',#17763,#14526,#14527);
#12306=AXIS2_PLACEMENT_3D('',#17765,#14529,#14530);
#12307=AXIS2_PLACEMENT_3D('',#17771,#14534,#14535);
#12308=AXIS2_PLACEMENT_3D('',#17775,#14538,#14539);
#12309=AXIS2_PLACEMENT_3D('',#17779,#14542,#14543);
#12310=AXIS2_PLACEMENT_3D('',#17781,#14545,#14546);
#12311=AXIS2_PLACEMENT_3D('',#17782,#14547,#14548);
#12312=AXIS2_PLACEMENT_3D('',#17791,#14553,#14554);
#12313=AXIS2_PLACEMENT_3D('',#17797,#14558,#14559);
#12314=AXIS2_PLACEMENT_3D('',#17801,#14562,#14563);
#12315=AXIS2_PLACEMENT_3D('',#17805,#14566,#14567);
#12316=AXIS2_PLACEMENT_3D('',#17807,#14569,#14570);
#12317=AXIS2_PLACEMENT_3D('',#17813,#14574,#14575);
#12318=AXIS2_PLACEMENT_3D('',#17817,#14578,#14579);
#12319=AXIS2_PLACEMENT_3D('',#17821,#14582,#14583);
#12320=AXIS2_PLACEMENT_3D('',#17823,#14585,#14586);
#12321=AXIS2_PLACEMENT_3D('',#17824,#14587,#14588);
#12322=AXIS2_PLACEMENT_3D('',#17833,#14593,#14594);
#12323=AXIS2_PLACEMENT_3D('',#17839,#14598,#14599);
#12324=AXIS2_PLACEMENT_3D('',#17843,#14602,#14603);
#12325=AXIS2_PLACEMENT_3D('',#17847,#14606,#14607);
#12326=AXIS2_PLACEMENT_3D('',#17849,#14609,#14610);
#12327=AXIS2_PLACEMENT_3D('',#17855,#14614,#14615);
#12328=AXIS2_PLACEMENT_3D('',#17859,#14618,#14619);
#12329=AXIS2_PLACEMENT_3D('',#17863,#14622,#14623);
#12330=AXIS2_PLACEMENT_3D('',#17865,#14625,#14626);
#12331=AXIS2_PLACEMENT_3D('',#17866,#14627,#14628);
#12332=AXIS2_PLACEMENT_3D('',#17875,#14633,#14634);
#12333=AXIS2_PLACEMENT_3D('',#17881,#14638,#14639);
#12334=AXIS2_PLACEMENT_3D('',#17885,#14642,#14643);
#12335=AXIS2_PLACEMENT_3D('',#17889,#14646,#14647);
#12336=AXIS2_PLACEMENT_3D('',#17891,#14649,#14650);
#12337=AXIS2_PLACEMENT_3D('',#17897,#14654,#14655);
#12338=AXIS2_PLACEMENT_3D('',#17901,#14658,#14659);
#12339=AXIS2_PLACEMENT_3D('',#17905,#14662,#14663);
#12340=AXIS2_PLACEMENT_3D('',#17907,#14665,#14666);
#12341=AXIS2_PLACEMENT_3D('',#17908,#14667,#14668);
#12342=AXIS2_PLACEMENT_3D('',#17917,#14673,#14674);
#12343=AXIS2_PLACEMENT_3D('',#17923,#14678,#14679);
#12344=AXIS2_PLACEMENT_3D('',#17927,#14682,#14683);
#12345=AXIS2_PLACEMENT_3D('',#17931,#14686,#14687);
#12346=AXIS2_PLACEMENT_3D('',#17933,#14689,#14690);
#12347=AXIS2_PLACEMENT_3D('',#17939,#14694,#14695);
#12348=AXIS2_PLACEMENT_3D('',#17943,#14698,#14699);
#12349=AXIS2_PLACEMENT_3D('',#17947,#14702,#14703);
#12350=AXIS2_PLACEMENT_3D('',#17949,#14705,#14706);
#12351=AXIS2_PLACEMENT_3D('',#17950,#14707,#14708);
#12352=AXIS2_PLACEMENT_3D('',#17959,#14713,#14714);
#12353=AXIS2_PLACEMENT_3D('',#17965,#14718,#14719);
#12354=AXIS2_PLACEMENT_3D('',#17969,#14722,#14723);
#12355=AXIS2_PLACEMENT_3D('',#17973,#14726,#14727);
#12356=AXIS2_PLACEMENT_3D('',#17975,#14729,#14730);
#12357=AXIS2_PLACEMENT_3D('',#17981,#14734,#14735);
#12358=AXIS2_PLACEMENT_3D('',#17985,#14738,#14739);
#12359=AXIS2_PLACEMENT_3D('',#17989,#14742,#14743);
#12360=AXIS2_PLACEMENT_3D('',#17991,#14745,#14746);
#12361=AXIS2_PLACEMENT_3D('',#17992,#14747,#14748);
#12362=AXIS2_PLACEMENT_3D('',#18001,#14753,#14754);
#12363=AXIS2_PLACEMENT_3D('',#18007,#14758,#14759);
#12364=AXIS2_PLACEMENT_3D('',#18011,#14762,#14763);
#12365=AXIS2_PLACEMENT_3D('',#18015,#14766,#14767);
#12366=AXIS2_PLACEMENT_3D('',#18017,#14769,#14770);
#12367=AXIS2_PLACEMENT_3D('',#18023,#14774,#14775);
#12368=AXIS2_PLACEMENT_3D('',#18027,#14778,#14779);
#12369=AXIS2_PLACEMENT_3D('',#18031,#14782,#14783);
#12370=AXIS2_PLACEMENT_3D('',#18033,#14785,#14786);
#12371=AXIS2_PLACEMENT_3D('',#18034,#14787,#14788);
#12372=AXIS2_PLACEMENT_3D('',#18043,#14793,#14794);
#12373=AXIS2_PLACEMENT_3D('',#18049,#14798,#14799);
#12374=AXIS2_PLACEMENT_3D('',#18053,#14802,#14803);
#12375=AXIS2_PLACEMENT_3D('',#18057,#14806,#14807);
#12376=AXIS2_PLACEMENT_3D('',#18059,#14809,#14810);
#12377=AXIS2_PLACEMENT_3D('',#18065,#14814,#14815);
#12378=AXIS2_PLACEMENT_3D('',#18069,#14818,#14819);
#12379=AXIS2_PLACEMENT_3D('',#18073,#14822,#14823);
#12380=AXIS2_PLACEMENT_3D('',#18075,#14825,#14826);
#12381=AXIS2_PLACEMENT_3D('',#18076,#14827,#14828);
#12382=AXIS2_PLACEMENT_3D('',#18085,#14833,#14834);
#12383=AXIS2_PLACEMENT_3D('',#18091,#14838,#14839);
#12384=AXIS2_PLACEMENT_3D('',#18095,#14842,#14843);
#12385=AXIS2_PLACEMENT_3D('',#18099,#14846,#14847);
#12386=AXIS2_PLACEMENT_3D('',#18101,#14849,#14850);
#12387=AXIS2_PLACEMENT_3D('',#18107,#14854,#14855);
#12388=AXIS2_PLACEMENT_3D('',#18111,#14858,#14859);
#12389=AXIS2_PLACEMENT_3D('',#18115,#14862,#14863);
#12390=AXIS2_PLACEMENT_3D('',#18117,#14865,#14866);
#12391=AXIS2_PLACEMENT_3D('',#18118,#14867,#14868);
#12392=AXIS2_PLACEMENT_3D('',#18127,#14873,#14874);
#12393=AXIS2_PLACEMENT_3D('',#18133,#14878,#14879);
#12394=AXIS2_PLACEMENT_3D('',#18137,#14882,#14883);
#12395=AXIS2_PLACEMENT_3D('',#18141,#14886,#14887);
#12396=AXIS2_PLACEMENT_3D('',#18143,#14889,#14890);
#12397=AXIS2_PLACEMENT_3D('',#18149,#14894,#14895);
#12398=AXIS2_PLACEMENT_3D('',#18153,#14898,#14899);
#12399=AXIS2_PLACEMENT_3D('',#18157,#14902,#14903);
#12400=AXIS2_PLACEMENT_3D('',#18159,#14905,#14906);
#12401=AXIS2_PLACEMENT_3D('',#18160,#14907,#14908);
#12402=AXIS2_PLACEMENT_3D('',#18169,#14913,#14914);
#12403=AXIS2_PLACEMENT_3D('',#18175,#14918,#14919);
#12404=AXIS2_PLACEMENT_3D('',#18179,#14922,#14923);
#12405=AXIS2_PLACEMENT_3D('',#18183,#14926,#14927);
#12406=AXIS2_PLACEMENT_3D('',#18185,#14929,#14930);
#12407=AXIS2_PLACEMENT_3D('',#18191,#14934,#14935);
#12408=AXIS2_PLACEMENT_3D('',#18195,#14938,#14939);
#12409=AXIS2_PLACEMENT_3D('',#18199,#14942,#14943);
#12410=AXIS2_PLACEMENT_3D('',#18201,#14945,#14946);
#12411=AXIS2_PLACEMENT_3D('',#18202,#14947,#14948);
#12412=AXIS2_PLACEMENT_3D('',#18211,#14953,#14954);
#12413=AXIS2_PLACEMENT_3D('',#18217,#14958,#14959);
#12414=AXIS2_PLACEMENT_3D('',#18221,#14962,#14963);
#12415=AXIS2_PLACEMENT_3D('',#18225,#14966,#14967);
#12416=AXIS2_PLACEMENT_3D('',#18227,#14969,#14970);
#12417=AXIS2_PLACEMENT_3D('',#18233,#14974,#14975);
#12418=AXIS2_PLACEMENT_3D('',#18237,#14978,#14979);
#12419=AXIS2_PLACEMENT_3D('',#18241,#14982,#14983);
#12420=AXIS2_PLACEMENT_3D('',#18243,#14985,#14986);
#12421=AXIS2_PLACEMENT_3D('',#18244,#14987,#14988);
#12422=AXIS2_PLACEMENT_3D('',#18253,#14993,#14994);
#12423=AXIS2_PLACEMENT_3D('',#18259,#14998,#14999);
#12424=AXIS2_PLACEMENT_3D('',#18263,#15002,#15003);
#12425=AXIS2_PLACEMENT_3D('',#18267,#15006,#15007);
#12426=AXIS2_PLACEMENT_3D('',#18269,#15009,#15010);
#12427=AXIS2_PLACEMENT_3D('',#18275,#15014,#15015);
#12428=AXIS2_PLACEMENT_3D('',#18279,#15018,#15019);
#12429=AXIS2_PLACEMENT_3D('',#18283,#15022,#15023);
#12430=AXIS2_PLACEMENT_3D('',#18285,#15025,#15026);
#12431=AXIS2_PLACEMENT_3D('',#18286,#15027,#15028);
#12432=AXIS2_PLACEMENT_3D('',#18295,#15033,#15034);
#12433=AXIS2_PLACEMENT_3D('',#18301,#15038,#15039);
#12434=AXIS2_PLACEMENT_3D('',#18305,#15042,#15043);
#12435=AXIS2_PLACEMENT_3D('',#18309,#15046,#15047);
#12436=AXIS2_PLACEMENT_3D('',#18311,#15049,#15050);
#12437=AXIS2_PLACEMENT_3D('',#18317,#15054,#15055);
#12438=AXIS2_PLACEMENT_3D('',#18321,#15058,#15059);
#12439=AXIS2_PLACEMENT_3D('',#18325,#15062,#15063);
#12440=AXIS2_PLACEMENT_3D('',#18327,#15065,#15066);
#12441=AXIS2_PLACEMENT_3D('',#18328,#15067,#15068);
#12442=AXIS2_PLACEMENT_3D('',#18337,#15073,#15074);
#12443=AXIS2_PLACEMENT_3D('',#18343,#15078,#15079);
#12444=AXIS2_PLACEMENT_3D('',#18347,#15082,#15083);
#12445=AXIS2_PLACEMENT_3D('',#18351,#15086,#15087);
#12446=AXIS2_PLACEMENT_3D('',#18353,#15089,#15090);
#12447=AXIS2_PLACEMENT_3D('',#18359,#15094,#15095);
#12448=AXIS2_PLACEMENT_3D('',#18363,#15098,#15099);
#12449=AXIS2_PLACEMENT_3D('',#18367,#15102,#15103);
#12450=AXIS2_PLACEMENT_3D('',#18369,#15105,#15106);
#12451=AXIS2_PLACEMENT_3D('',#18370,#15107,#15108);
#12452=AXIS2_PLACEMENT_3D('',#18379,#15113,#15114);
#12453=AXIS2_PLACEMENT_3D('',#18385,#15118,#15119);
#12454=AXIS2_PLACEMENT_3D('',#18389,#15122,#15123);
#12455=AXIS2_PLACEMENT_3D('',#18393,#15126,#15127);
#12456=AXIS2_PLACEMENT_3D('',#18395,#15129,#15130);
#12457=AXIS2_PLACEMENT_3D('',#18401,#15134,#15135);
#12458=AXIS2_PLACEMENT_3D('',#18405,#15138,#15139);
#12459=AXIS2_PLACEMENT_3D('',#18409,#15142,#15143);
#12460=AXIS2_PLACEMENT_3D('',#18411,#15145,#15146);
#12461=AXIS2_PLACEMENT_3D('',#18412,#15147,#15148);
#12462=AXIS2_PLACEMENT_3D('',#18421,#15153,#15154);
#12463=AXIS2_PLACEMENT_3D('',#18427,#15158,#15159);
#12464=AXIS2_PLACEMENT_3D('',#18431,#15162,#15163);
#12465=AXIS2_PLACEMENT_3D('',#18435,#15166,#15167);
#12466=AXIS2_PLACEMENT_3D('',#18437,#15169,#15170);
#12467=AXIS2_PLACEMENT_3D('',#18443,#15174,#15175);
#12468=AXIS2_PLACEMENT_3D('',#18447,#15178,#15179);
#12469=AXIS2_PLACEMENT_3D('',#18451,#15182,#15183);
#12470=AXIS2_PLACEMENT_3D('',#18453,#15185,#15186);
#12471=AXIS2_PLACEMENT_3D('',#18454,#15187,#15188);
#12472=AXIS2_PLACEMENT_3D('',#18463,#15193,#15194);
#12473=AXIS2_PLACEMENT_3D('',#18469,#15198,#15199);
#12474=AXIS2_PLACEMENT_3D('',#18473,#15202,#15203);
#12475=AXIS2_PLACEMENT_3D('',#18477,#15206,#15207);
#12476=AXIS2_PLACEMENT_3D('',#18479,#15209,#15210);
#12477=AXIS2_PLACEMENT_3D('',#18485,#15214,#15215);
#12478=AXIS2_PLACEMENT_3D('',#18489,#15218,#15219);
#12479=AXIS2_PLACEMENT_3D('',#18493,#15222,#15223);
#12480=AXIS2_PLACEMENT_3D('',#18495,#15225,#15226);
#12481=AXIS2_PLACEMENT_3D('',#18496,#15227,#15228);
#12482=AXIS2_PLACEMENT_3D('',#18505,#15233,#15234);
#12483=AXIS2_PLACEMENT_3D('',#18511,#15238,#15239);
#12484=AXIS2_PLACEMENT_3D('',#18515,#15242,#15243);
#12485=AXIS2_PLACEMENT_3D('',#18519,#15246,#15247);
#12486=AXIS2_PLACEMENT_3D('',#18521,#15249,#15250);
#12487=AXIS2_PLACEMENT_3D('',#18527,#15254,#15255);
#12488=AXIS2_PLACEMENT_3D('',#18531,#15258,#15259);
#12489=AXIS2_PLACEMENT_3D('',#18535,#15262,#15263);
#12490=AXIS2_PLACEMENT_3D('',#18537,#15265,#15266);
#12491=AXIS2_PLACEMENT_3D('',#18538,#15267,#15268);
#12492=AXIS2_PLACEMENT_3D('',#18547,#15273,#15274);
#12493=AXIS2_PLACEMENT_3D('',#18553,#15278,#15279);
#12494=AXIS2_PLACEMENT_3D('',#18557,#15282,#15283);
#12495=AXIS2_PLACEMENT_3D('',#18561,#15286,#15287);
#12496=AXIS2_PLACEMENT_3D('',#18563,#15289,#15290);
#12497=AXIS2_PLACEMENT_3D('',#18569,#15294,#15295);
#12498=AXIS2_PLACEMENT_3D('',#18573,#15298,#15299);
#12499=AXIS2_PLACEMENT_3D('',#18577,#15302,#15303);
#12500=AXIS2_PLACEMENT_3D('',#18579,#15305,#15306);
#12501=AXIS2_PLACEMENT_3D('',#18580,#15307,#15308);
#12502=AXIS2_PLACEMENT_3D('',#18589,#15313,#15314);
#12503=AXIS2_PLACEMENT_3D('',#18595,#15318,#15319);
#12504=AXIS2_PLACEMENT_3D('',#18599,#15322,#15323);
#12505=AXIS2_PLACEMENT_3D('',#18603,#15326,#15327);
#12506=AXIS2_PLACEMENT_3D('',#18605,#15329,#15330);
#12507=AXIS2_PLACEMENT_3D('',#18611,#15334,#15335);
#12508=AXIS2_PLACEMENT_3D('',#18615,#15338,#15339);
#12509=AXIS2_PLACEMENT_3D('',#18619,#15342,#15343);
#12510=AXIS2_PLACEMENT_3D('',#18621,#15345,#15346);
#12511=AXIS2_PLACEMENT_3D('',#18622,#15347,#15348);
#12512=AXIS2_PLACEMENT_3D('',#18631,#15353,#15354);
#12513=AXIS2_PLACEMENT_3D('',#18637,#15358,#15359);
#12514=AXIS2_PLACEMENT_3D('',#18641,#15362,#15363);
#12515=AXIS2_PLACEMENT_3D('',#18645,#15366,#15367);
#12516=AXIS2_PLACEMENT_3D('',#18647,#15369,#15370);
#12517=AXIS2_PLACEMENT_3D('',#18653,#15374,#15375);
#12518=AXIS2_PLACEMENT_3D('',#18657,#15378,#15379);
#12519=AXIS2_PLACEMENT_3D('',#18661,#15382,#15383);
#12520=AXIS2_PLACEMENT_3D('',#18663,#15385,#15386);
#12521=AXIS2_PLACEMENT_3D('',#18664,#15387,#15388);
#12522=AXIS2_PLACEMENT_3D('',#18673,#15393,#15394);
#12523=AXIS2_PLACEMENT_3D('',#18679,#15398,#15399);
#12524=AXIS2_PLACEMENT_3D('',#18683,#15402,#15403);
#12525=AXIS2_PLACEMENT_3D('',#18687,#15406,#15407);
#12526=AXIS2_PLACEMENT_3D('',#18689,#15409,#15410);
#12527=AXIS2_PLACEMENT_3D('',#18695,#15414,#15415);
#12528=AXIS2_PLACEMENT_3D('',#18699,#15418,#15419);
#12529=AXIS2_PLACEMENT_3D('',#18703,#15422,#15423);
#12530=AXIS2_PLACEMENT_3D('',#18705,#15425,#15426);
#12531=DIRECTION('axis',(0.,0.,1.));
#12532=DIRECTION('refdir',(1.,0.,0.));
#12533=DIRECTION('center_axis',(0.,0.,1.));
#12534=DIRECTION('ref_axis',(1.,0.,0.));
#12535=DIRECTION('',(1.,0.,0.));
#12536=DIRECTION('',(0.,-1.,0.));
#12537=DIRECTION('',(-1.,0.,0.));
#12538=DIRECTION('',(0.,1.,0.));
#12539=DIRECTION('center_axis',(7.52646451596665E-17,-0.986393923832144,
0.164398987305357));
#12540=DIRECTION('ref_axis',(0.,-0.164398987305357,-0.986393923832144));
#12541=DIRECTION('',(-0.162221421130762,0.162221421130762,0.973328526784575));
#12542=DIRECTION('',(1.,0.,0.));
#12543=DIRECTION('',(0.162221421130762,0.162221421130762,0.973328526784575));
#12544=DIRECTION('center_axis',(-0.986393923832144,-7.52646451596665E-17,
0.164398987305357));
#12545=DIRECTION('ref_axis',(0.164398987305357,0.,0.986393923832144));
#12546=DIRECTION('',(0.,-1.,0.));
#12547=DIRECTION('',(0.162221421130762,-0.162221421130762,0.973328526784575));
#12548=DIRECTION('center_axis',(-7.52646451596665E-17,0.986393923832144,
0.164398987305357));
#12549=DIRECTION('ref_axis',(0.,-0.164398987305357,0.986393923832144));
#12550=DIRECTION('',(-1.,0.,0.));
#12551=DIRECTION('',(-0.162221421130762,-0.162221421130762,0.973328526784575));
#12552=DIRECTION('center_axis',(0.986393923832144,7.52646451596665E-17,
0.164398987305357));
#12553=DIRECTION('ref_axis',(0.164398987305357,0.,-0.986393923832144));
#12554=DIRECTION('',(0.,1.,0.));
#12555=DIRECTION('center_axis',(1.,0.,0.));
#12556=DIRECTION('ref_axis',(0.,1.,0.));
#12557=DIRECTION('',(0.,0.,1.));
#12558=DIRECTION('',(0.,1.,0.));
#12559=DIRECTION('',(0.,0.,1.));
#12560=DIRECTION('center_axis',(0.,-1.,0.));
#12561=DIRECTION('ref_axis',(1.,0.,0.));
#12562=DIRECTION('',(1.,0.,0.));
#12563=DIRECTION('',(0.,0.,1.));
#12564=DIRECTION('center_axis',(-1.,0.,0.));
#12565=DIRECTION('ref_axis',(0.,-1.,0.));
#12566=DIRECTION('',(0.,-1.,0.));
#12567=DIRECTION('',(0.,0.,1.));
#12568=DIRECTION('center_axis',(0.,1.,0.));
#12569=DIRECTION('ref_axis',(-1.,0.,0.));
#12570=DIRECTION('',(-1.,0.,0.));
#12571=DIRECTION('center_axis',(0.,0.,1.));
#12572=DIRECTION('ref_axis',(1.,0.,0.));
#12573=DIRECTION('center_axis',(-0.707106781186548,-0.707106781186548,0.));
#12574=DIRECTION('ref_axis',(0.,0.,1.));
#12575=DIRECTION('',(-0.707106781186548,0.707106781186548,0.));
#12576=DIRECTION('',(0.,0.,1.));
#12577=DIRECTION('',(0.707106781186548,-0.707106781186548,0.));
#12578=DIRECTION('',(0.,0.,-1.));
#12579=DIRECTION('center_axis',(0.,-1.,0.));
#12580=DIRECTION('ref_axis',(1.,0.,0.));
#12581=DIRECTION('',(-1.,0.,0.));
#12582=DIRECTION('',(0.,0.,1.));
#12583=DIRECTION('',(1.,0.,0.));
#12584=DIRECTION('center_axis',(0.707106781186548,-0.707106781186548,0.));
#12585=DIRECTION('ref_axis',(0.,0.,-1.));
#12586=DIRECTION('',(-0.707106781186548,-0.707106781186548,0.));
#12587=DIRECTION('',(0.707106781186548,0.707106781186548,0.));
#12588=DIRECTION('',(0.,0.,-1.));
#12589=DIRECTION('center_axis',(-0.707106781186548,0.707106781186548,0.));
#12590=DIRECTION('ref_axis',(0.,0.,1.));
#12591=DIRECTION('',(0.707106781186548,0.707106781186548,0.));
#12592=DIRECTION('',(0.,0.,1.));
#12593=DIRECTION('',(-0.707106781186548,-0.707106781186548,0.));
#12594=DIRECTION('',(0.,0.,-1.));
#12595=DIRECTION('center_axis',(0.,1.,0.));
#12596=DIRECTION('ref_axis',(-1.,0.,0.));
#12597=DIRECTION('',(-1.,0.,0.));
#12598=DIRECTION('',(0.,0.,-1.));
#12599=DIRECTION('',(1.,0.,0.));
#12600=DIRECTION('center_axis',(0.707106781186548,0.707106781186548,0.));
#12601=DIRECTION('ref_axis',(0.,0.,-1.));
#12602=DIRECTION('',(0.707106781186548,-0.707106781186548,0.));
#12603=DIRECTION('',(0.,0.,1.));
#12604=DIRECTION('',(-0.707106781186548,0.707106781186548,0.));
#12605=DIRECTION('center_axis',(1.,0.,0.));
#12606=DIRECTION('ref_axis',(0.,1.,0.));
#12607=DIRECTION('',(0.,1.,0.));
#12608=DIRECTION('',(0.,0.,1.));
#12609=DIRECTION('',(0.,1.,0.));
#12610=DIRECTION('',(0.,0.,1.));
#12611=DIRECTION('center_axis',(0.,-1.,0.));
#12612=DIRECTION('ref_axis',(1.,0.,0.));
#12613=DIRECTION('',(1.,0.,0.));
#12614=DIRECTION('',(0.,0.,1.));
#12615=DIRECTION('',(1.,0.,0.));
#12616=DIRECTION('center_axis',(-1.,0.,0.));
#12617=DIRECTION('ref_axis',(0.,-1.,0.));
#12618=DIRECTION('',(0.,-1.,0.));
#12619=DIRECTION('',(0.,0.,1.));
#12620=DIRECTION('',(0.,-1.,0.));
#12621=DIRECTION('center_axis',(0.,1.,0.));
#12622=DIRECTION('ref_axis',(-1.,0.,0.));
#12623=DIRECTION('',(-1.,0.,0.));
#12624=DIRECTION('',(-1.,0.,0.));
#12625=DIRECTION('center_axis',(-0.707106781186548,0.707106781186548,0.));
#12626=DIRECTION('ref_axis',(0.,0.,1.));
#12627=DIRECTION('',(0.707106781186548,0.707106781186548,0.));
#12628=DIRECTION('',(0.,0.,-1.));
#12629=DIRECTION('',(-0.707106781186548,-0.707106781186548,0.));
#12630=DIRECTION('center_axis',(0.,1.,0.));
#12631=DIRECTION('ref_axis',(-1.,0.,0.));
#12632=DIRECTION('',(-1.,0.,0.));
#12633=DIRECTION('',(0.,0.,1.));
#12634=DIRECTION('',(1.,0.,0.));
#12635=DIRECTION('center_axis',(0.707106781186548,0.707106781186548,0.));
#12636=DIRECTION('ref_axis',(0.,0.,-1.));
#12637=DIRECTION('',(0.707106781186548,-0.707106781186548,0.));
#12638=DIRECTION('',(0.,0.,-1.));
#12639=DIRECTION('',(-0.707106781186548,0.707106781186548,0.));
#12640=DIRECTION('center_axis',(-0.707106781186548,-0.707106781186548,0.));
#12641=DIRECTION('ref_axis',(0.,0.,1.));
#12642=DIRECTION('',(-0.707106781186548,0.707106781186548,0.));
#12643=DIRECTION('',(0.707106781186548,-0.707106781186548,0.));
#12644=DIRECTION('',(0.,0.,1.));
#12645=DIRECTION('center_axis',(0.,-1.,0.));
#12646=DIRECTION('ref_axis',(1.,0.,0.));
#12647=DIRECTION('',(-1.,0.,0.));
#12648=DIRECTION('',(0.,0.,-1.));
#12649=DIRECTION('',(1.,0.,0.));
#12650=DIRECTION('center_axis',(0.707106781186548,-0.707106781186548,0.));
#12651=DIRECTION('ref_axis',(0.,0.,-1.));
#12652=DIRECTION('',(-0.707106781186548,-0.707106781186548,0.));
#12653=DIRECTION('',(0.707106781186548,0.707106781186548,0.));
#12654=DIRECTION('',(0.,0.,1.));
#12655=DIRECTION('center_axis',(1.,0.,0.));
#12656=DIRECTION('ref_axis',(0.,1.,0.));
#12657=DIRECTION('',(0.,1.,0.));
#12658=DIRECTION('',(0.,0.,1.));
#12659=DIRECTION('',(0.,1.,0.));
#12660=DIRECTION('',(0.,0.,1.));
#12661=DIRECTION('center_axis',(0.,1.,0.));
#12662=DIRECTION('ref_axis',(-1.,0.,0.));
#12663=DIRECTION('',(-1.,0.,0.));
#12664=DIRECTION('',(-1.,0.,0.));
#12665=DIRECTION('',(0.,0.,1.));
#12666=DIRECTION('center_axis',(-1.,0.,0.));
#12667=DIRECTION('ref_axis',(0.,-1.,0.));
#12668=DIRECTION('',(0.,-1.,0.));
#12669=DIRECTION('',(0.,-1.,0.));
#12670=DIRECTION('',(0.,0.,1.));
#12671=DIRECTION('center_axis',(0.,-1.,0.));
#12672=DIRECTION('ref_axis',(1.,0.,0.));
#12673=DIRECTION('',(1.,0.,0.));
#12674=DIRECTION('',(1.,0.,0.));
#12675=DIRECTION('center_axis',(-0.707106781186548,0.707106781186548,0.));
#12676=DIRECTION('ref_axis',(0.,0.,1.));
#12677=DIRECTION('',(0.707106781186548,0.707106781186548,0.));
#12678=DIRECTION('',(0.,0.,-1.));
#12679=DIRECTION('',(-0.707106781186548,-0.707106781186548,0.));
#12680=DIRECTION('',(0.,0.,1.));
#12681=DIRECTION('center_axis',(0.,1.,0.));
#12682=DIRECTION('ref_axis',(-1.,0.,0.));
#12683=DIRECTION('',(-1.,0.,0.));
#12684=DIRECTION('',(0.,0.,1.));
#12685=DIRECTION('',(1.,0.,0.));
#12686=DIRECTION('center_axis',(0.707106781186548,0.707106781186548,0.));
#12687=DIRECTION('ref_axis',(0.,0.,-1.));
#12688=DIRECTION('',(0.707106781186548,-0.707106781186548,0.));
#12689=DIRECTION('',(-0.707106781186548,0.707106781186548,0.));
#12690=DIRECTION('center_axis',(-0.707106781186548,-0.707106781186548,0.));
#12691=DIRECTION('ref_axis',(0.,0.,1.));
#12692=DIRECTION('',(-0.707106781186548,0.707106781186548,0.));
#12693=DIRECTION('',(0.,0.,-1.));
#12694=DIRECTION('',(0.707106781186548,-0.707106781186548,0.));
#12695=DIRECTION('',(0.,0.,1.));
#12696=DIRECTION('center_axis',(0.,-1.,0.));
#12697=DIRECTION('ref_axis',(1.,0.,0.));
#12698=DIRECTION('',(-1.,0.,0.));
#12699=DIRECTION('',(0.,0.,-1.));
#12700=DIRECTION('',(1.,0.,0.));
#12701=DIRECTION('center_axis',(0.707106781186548,-0.707106781186548,0.));
#12702=DIRECTION('ref_axis',(0.,0.,-1.));
#12703=DIRECTION('',(-0.707106781186548,-0.707106781186548,0.));
#12704=DIRECTION('',(0.707106781186548,0.707106781186548,0.));
#12705=DIRECTION('center_axis',(1.,0.,0.));
#12706=DIRECTION('ref_axis',(0.,1.,0.));
#12707=DIRECTION('',(0.,1.,0.));
#12708=DIRECTION('',(0.,0.,1.));
#12709=DIRECTION('',(0.,1.,0.));
#12710=DIRECTION('',(0.,0.,1.));
#12711=DIRECTION('center_axis',(0.,1.,0.));
#12712=DIRECTION('ref_axis',(-1.,0.,0.));
#12713=DIRECTION('',(-1.,0.,0.));
#12714=DIRECTION('',(-1.,0.,0.));
#12715=DIRECTION('',(0.,0.,1.));
#12716=DIRECTION('center_axis',(-1.,0.,0.));
#12717=DIRECTION('ref_axis',(0.,-1.,0.));
#12718=DIRECTION('',(0.,-1.,0.));
#12719=DIRECTION('',(0.,-1.,0.));
#12720=DIRECTION('',(0.,0.,1.));
#12721=DIRECTION('center_axis',(0.,-1.,0.));
#12722=DIRECTION('ref_axis',(1.,0.,0.));
#12723=DIRECTION('',(1.,0.,0.));
#12724=DIRECTION('',(1.,0.,0.));
#12725=DIRECTION('center_axis',(-0.707106781186548,-0.707106781186548,0.));
#12726=DIRECTION('ref_axis',(0.,0.,1.));
#12727=DIRECTION('',(-0.707106781186548,0.707106781186548,0.));
#12728=DIRECTION('',(0.707106781186548,-0.707106781186548,0.));
#12729=DIRECTION('',(0.,0.,-1.));
#12730=DIRECTION('center_axis',(0.,-1.,0.));
#12731=DIRECTION('ref_axis',(1.,0.,0.));
#12732=DIRECTION('',(-1.,0.,0.));
#12733=DIRECTION('',(0.,0.,1.));
#12734=DIRECTION('',(1.,0.,0.));
#12735=DIRECTION('center_axis',(0.707106781186548,-0.707106781186548,0.));
#12736=DIRECTION('ref_axis',(0.,0.,-1.));
#12737=DIRECTION('',(-0.707106781186548,-0.707106781186548,0.));
#12738=DIRECTION('',(0.707106781186548,0.707106781186548,0.));
#12739=DIRECTION('',(0.,0.,-1.));
#12740=DIRECTION('center_axis',(-0.707106781186548,0.707106781186548,0.));
#12741=DIRECTION('ref_axis',(0.,0.,1.));
#12742=DIRECTION('',(0.707106781186548,0.707106781186548,0.));
#12743=DIRECTION('',(0.,0.,1.));
#12744=DIRECTION('',(-0.707106781186548,-0.707106781186548,0.));
#12745=DIRECTION('center_axis',(0.,1.,0.));
#12746=DIRECTION('ref_axis',(-1.,0.,0.));
#12747=DIRECTION('',(-1.,0.,0.));
#12748=DIRECTION('',(0.,0.,-1.));
#12749=DIRECTION('',(1.,0.,0.));
#12750=DIRECTION('center_axis',(0.707106781186548,0.707106781186548,0.));
#12751=DIRECTION('ref_axis',(0.,0.,-1.));
#12752=DIRECTION('',(0.707106781186548,-0.707106781186548,0.));
#12753=DIRECTION('',(0.,0.,1.));
#12754=DIRECTION('',(-0.707106781186548,0.707106781186548,0.));
#12755=DIRECTION('center_axis',(1.,0.,0.));
#12756=DIRECTION('ref_axis',(0.,1.,0.));
#12757=DIRECTION('',(0.,1.,0.));
#12758=DIRECTION('',(0.,0.,1.));
#12759=DIRECTION('',(0.,1.,0.));
#12760=DIRECTION('',(0.,0.,1.));
#12761=DIRECTION('center_axis',(0.,-1.,0.));
#12762=DIRECTION('ref_axis',(1.,0.,0.));
#12763=DIRECTION('',(1.,0.,0.));
#12764=DIRECTION('',(0.,0.,1.));
#12765=DIRECTION('',(1.,0.,0.));
#12766=DIRECTION('center_axis',(-1.,0.,0.));
#12767=DIRECTION('ref_axis',(0.,-1.,0.));
#12768=DIRECTION('',(0.,-1.,0.));
#12769=DIRECTION('',(0.,0.,1.));
#12770=DIRECTION('',(0.,-1.,0.));
#12771=DIRECTION('center_axis',(0.,1.,0.));
#12772=DIRECTION('ref_axis',(-1.,0.,0.));
#12773=DIRECTION('',(-1.,0.,0.));
#12774=DIRECTION('',(-1.,0.,0.));
#12775=DIRECTION('center_axis',(-0.707106781186548,0.707106781186548,0.));
#12776=DIRECTION('ref_axis',(0.,0.,1.));
#12777=DIRECTION('',(0.707106781186548,0.707106781186548,0.));
#12778=DIRECTION('',(0.,0.,-1.));
#12779=DIRECTION('',(-0.707106781186548,-0.707106781186548,0.));
#12780=DIRECTION('',(0.,0.,1.));
#12781=DIRECTION('center_axis',(0.,1.,0.));
#12782=DIRECTION('ref_axis',(-1.,0.,0.));
#12783=DIRECTION('',(-1.,0.,0.));
#12784=DIRECTION('',(0.,0.,1.));
#12785=DIRECTION('',(1.,0.,0.));
#12786=DIRECTION('center_axis',(0.707106781186548,0.707106781186548,0.));
#12787=DIRECTION('ref_axis',(0.,0.,-1.));
#12788=DIRECTION('',(0.707106781186548,-0.707106781186548,0.));
#12789=DIRECTION('',(0.,0.,-1.));
#12790=DIRECTION('',(-0.707106781186548,0.707106781186548,0.));
#12791=DIRECTION('center_axis',(-0.707106781186548,-0.707106781186548,0.));
#12792=DIRECTION('ref_axis',(0.,0.,1.));
#12793=DIRECTION('',(-0.707106781186548,0.707106781186548,0.));
#12794=DIRECTION('',(0.,0.,-1.));
#12795=DIRECTION('',(0.707106781186548,-0.707106781186548,0.));
#12796=DIRECTION('',(0.,0.,1.));
#12797=DIRECTION('center_axis',(0.,-1.,0.));
#12798=DIRECTION('ref_axis',(1.,0.,0.));
#12799=DIRECTION('',(-1.,0.,0.));
#12800=DIRECTION('',(0.,0.,-1.));
#12801=DIRECTION('',(1.,0.,0.));
#12802=DIRECTION('center_axis',(0.707106781186548,-0.707106781186548,0.));
#12803=DIRECTION('ref_axis',(0.,0.,-1.));
#12804=DIRECTION('',(-0.707106781186548,-0.707106781186548,0.));
#12805=DIRECTION('',(0.707106781186548,0.707106781186548,0.));
#12806=DIRECTION('',(0.,0.,1.));
#12807=DIRECTION('center_axis',(1.,0.,0.));
#12808=DIRECTION('ref_axis',(0.,1.,0.));
#12809=DIRECTION('',(0.,1.,0.));
#12810=DIRECTION('',(0.,0.,1.));
#12811=DIRECTION('',(0.,1.,0.));
#12812=DIRECTION('',(0.,0.,1.));
#12813=DIRECTION('center_axis',(0.,1.,0.));
#12814=DIRECTION('ref_axis',(-1.,0.,0.));
#12815=DIRECTION('',(-1.,0.,0.));
#12816=DIRECTION('',(-1.,0.,0.));
#12817=DIRECTION('',(0.,0.,1.));
#12818=DIRECTION('center_axis',(-1.,0.,0.));
#12819=DIRECTION('ref_axis',(0.,-1.,0.));
#12820=DIRECTION('',(0.,-1.,0.));
#12821=DIRECTION('',(0.,-1.,0.));
#12822=DIRECTION('',(0.,0.,1.));
#12823=DIRECTION('center_axis',(0.,-1.,0.));
#12824=DIRECTION('ref_axis',(1.,0.,0.));
#12825=DIRECTION('',(1.,0.,0.));
#12826=DIRECTION('',(1.,0.,0.));
#12827=DIRECTION('center_axis',(-0.707106781186548,-0.707106781186548,0.));
#12828=DIRECTION('ref_axis',(0.,0.,1.));
#12829=DIRECTION('',(-0.707106781186548,0.707106781186548,0.));
#12830=DIRECTION('',(0.707106781186548,-0.707106781186548,0.));
#12831=DIRECTION('',(0.,0.,-1.));
#12832=DIRECTION('center_axis',(0.,-1.,0.));
#12833=DIRECTION('ref_axis',(1.,0.,0.));
#12834=DIRECTION('',(-1.,0.,0.));
#12835=DIRECTION('',(0.,0.,1.));
#12836=DIRECTION('',(1.,0.,0.));
#12837=DIRECTION('center_axis',(0.707106781186548,-0.707106781186548,0.));
#12838=DIRECTION('ref_axis',(0.,0.,-1.));
#12839=DIRECTION('',(-0.707106781186548,-0.707106781186548,0.));
#12840=DIRECTION('',(0.707106781186548,0.707106781186548,0.));
#12841=DIRECTION('center_axis',(-0.707106781186548,0.707106781186548,0.));
#12842=DIRECTION('ref_axis',(0.,0.,1.));
#12843=DIRECTION('',(0.707106781186548,0.707106781186548,0.));
#12844=DIRECTION('',(0.,0.,1.));
#12845=DIRECTION('',(-0.707106781186548,-0.707106781186548,0.));
#12846=DIRECTION('center_axis',(0.,1.,0.));
#12847=DIRECTION('ref_axis',(-1.,0.,0.));
#12848=DIRECTION('',(-1.,0.,0.));
#12849=DIRECTION('',(0.,0.,-1.));
#12850=DIRECTION('',(1.,0.,0.));
#12851=DIRECTION('center_axis',(0.707106781186548,0.707106781186548,0.));
#12852=DIRECTION('ref_axis',(0.,0.,-1.));
#12853=DIRECTION('',(0.707106781186548,-0.707106781186548,0.));
#12854=DIRECTION('',(-0.707106781186548,0.707106781186548,0.));
#12855=DIRECTION('center_axis',(1.,0.,0.));
#12856=DIRECTION('ref_axis',(0.,1.,0.));
#12857=DIRECTION('',(0.,1.,0.));
#12858=DIRECTION('',(0.,0.,1.));
#12859=DIRECTION('',(0.,1.,0.));
#12860=DIRECTION('',(0.,0.,1.));
#12861=DIRECTION('center_axis',(0.,-1.,0.));
#12862=DIRECTION('ref_axis',(1.,0.,0.));
#12863=DIRECTION('',(1.,0.,0.));
#12864=DIRECTION('',(0.,0.,1.));
#12865=DIRECTION('',(1.,0.,0.));
#12866=DIRECTION('center_axis',(-1.,0.,0.));
#12867=DIRECTION('ref_axis',(0.,-1.,0.));
#12868=DIRECTION('',(0.,-1.,0.));
#12869=DIRECTION('',(0.,0.,1.));
#12870=DIRECTION('',(0.,-1.,0.));
#12871=DIRECTION('center_axis',(0.,1.,0.));
#12872=DIRECTION('ref_axis',(-1.,0.,0.));
#12873=DIRECTION('',(-1.,0.,0.));
#12874=DIRECTION('',(-1.,0.,0.));
#12875=DIRECTION('center_axis',(-0.707106781186548,-0.707106781186548,0.));
#12876=DIRECTION('ref_axis',(0.,0.,1.));
#12877=DIRECTION('',(-0.707106781186548,0.707106781186548,0.));
#12878=DIRECTION('',(0.,0.,1.));
#12879=DIRECTION('',(0.707106781186548,-0.707106781186548,0.));
#12880=DIRECTION('',(0.,0.,-1.));
#12881=DIRECTION('center_axis',(0.,-1.,0.));
#12882=DIRECTION('ref_axis',(1.,0.,0.));
#12883=DIRECTION('',(-1.,0.,0.));
#12884=DIRECTION('',(0.,0.,1.));
#12885=DIRECTION('',(1.,0.,0.));
#12886=DIRECTION('center_axis',(0.707106781186548,-0.707106781186548,0.));
#12887=DIRECTION('ref_axis',(0.,0.,-1.));
#12888=DIRECTION('',(-0.707106781186548,-0.707106781186548,0.));
#12889=DIRECTION('',(0.707106781186548,0.707106781186548,0.));
#12890=DIRECTION('center_axis',(-0.707106781186548,0.707106781186548,0.));
#12891=DIRECTION('ref_axis',(0.,0.,1.));
#12892=DIRECTION('',(0.707106781186548,0.707106781186548,0.));
#12893=DIRECTION('',(0.,0.,1.));
#12894=DIRECTION('',(-0.707106781186548,-0.707106781186548,0.));
#12895=DIRECTION('',(0.,0.,-1.));
#12896=DIRECTION('center_axis',(0.,1.,0.));
#12897=DIRECTION('ref_axis',(-1.,0.,0.));
#12898=DIRECTION('',(-1.,0.,0.));
#12899=DIRECTION('',(0.,0.,-1.));
#12900=DIRECTION('',(1.,0.,0.));
#12901=DIRECTION('center_axis',(0.707106781186548,0.707106781186548,0.));
#12902=DIRECTION('ref_axis',(0.,0.,-1.));
#12903=DIRECTION('',(0.707106781186548,-0.707106781186548,0.));
#12904=DIRECTION('',(-0.707106781186548,0.707106781186548,0.));
#12905=DIRECTION('center_axis',(1.,0.,0.));
#12906=DIRECTION('ref_axis',(0.,1.,0.));
#12907=DIRECTION('',(0.,1.,0.));
#12908=DIRECTION('',(0.,0.,1.));
#12909=DIRECTION('',(0.,1.,0.));
#12910=DIRECTION('',(0.,0.,1.));
#12911=DIRECTION('center_axis',(0.,-1.,0.));
#12912=DIRECTION('ref_axis',(1.,0.,0.));
#12913=DIRECTION('',(1.,0.,0.));
#12914=DIRECTION('',(0.,0.,1.));
#12915=DIRECTION('',(1.,0.,0.));
#12916=DIRECTION('center_axis',(-1.,0.,0.));
#12917=DIRECTION('ref_axis',(0.,-1.,0.));
#12918=DIRECTION('',(0.,-1.,0.));
#12919=DIRECTION('',(0.,0.,1.));
#12920=DIRECTION('',(0.,-1.,0.));
#12921=DIRECTION('center_axis',(0.,1.,0.));
#12922=DIRECTION('ref_axis',(-1.,0.,0.));
#12923=DIRECTION('',(-1.,0.,0.));
#12924=DIRECTION('',(-1.,0.,0.));
#12925=DIRECTION('center_axis',(-0.707106781186548,0.707106781186548,0.));
#12926=DIRECTION('ref_axis',(0.,0.,1.));
#12927=DIRECTION('',(0.707106781186548,0.707106781186548,0.));
#12928=DIRECTION('',(0.,0.,-1.));
#12929=DIRECTION('',(-0.707106781186548,-0.707106781186548,0.));
#12930=DIRECTION('center_axis',(0.,1.,0.));
#12931=DIRECTION('ref_axis',(-1.,0.,0.));
#12932=DIRECTION('',(-1.,0.,0.));
#12933=DIRECTION('',(0.,0.,1.));
#12934=DIRECTION('',(1.,0.,0.));
#12935=DIRECTION('center_axis',(0.707106781186548,0.707106781186548,0.));
#12936=DIRECTION('ref_axis',(0.,0.,-1.));
#12937=DIRECTION('',(0.707106781186548,-0.707106781186548,0.));
#12938=DIRECTION('',(0.,0.,-1.));
#12939=DIRECTION('',(-0.707106781186548,0.707106781186548,0.));
#12940=DIRECTION('center_axis',(-0.707106781186548,-0.707106781186548,0.));
#12941=DIRECTION('ref_axis',(0.,0.,1.));
#12942=DIRECTION('',(-0.707106781186548,0.707106781186548,0.));
#12943=DIRECTION('',(0.707106781186548,-0.707106781186548,0.));
#12944=DIRECTION('',(0.,0.,1.));
#12945=DIRECTION('center_axis',(0.,-1.,0.));
#12946=DIRECTION('ref_axis',(1.,0.,0.));
#12947=DIRECTION('',(-1.,0.,0.));
#12948=DIRECTION('',(0.,0.,-1.));
#12949=DIRECTION('',(1.,0.,0.));
#12950=DIRECTION('center_axis',(0.707106781186548,-0.707106781186548,0.));
#12951=DIRECTION('ref_axis',(0.,0.,-1.));
#12952=DIRECTION('',(-0.707106781186548,-0.707106781186548,0.));
#12953=DIRECTION('',(0.707106781186548,0.707106781186548,0.));
#12954=DIRECTION('',(0.,0.,1.));
#12955=DIRECTION('center_axis',(1.,0.,0.));
#12956=DIRECTION('ref_axis',(0.,1.,0.));
#12957=DIRECTION('',(0.,1.,0.));
#12958=DIRECTION('',(0.,0.,1.));
#12959=DIRECTION('',(0.,1.,0.));
#12960=DIRECTION('',(0.,0.,1.));
#12961=DIRECTION('center_axis',(0.,1.,0.));
#12962=DIRECTION('ref_axis',(-1.,0.,0.));
#12963=DIRECTION('',(-1.,0.,0.));
#12964=DIRECTION('',(-1.,0.,0.));
#12965=DIRECTION('',(0.,0.,1.));
#12966=DIRECTION('center_axis',(-1.,0.,0.));
#12967=DIRECTION('ref_axis',(0.,-1.,0.));
#12968=DIRECTION('',(0.,-1.,0.));
#12969=DIRECTION('',(0.,-1.,0.));
#12970=DIRECTION('',(0.,0.,1.));
#12971=DIRECTION('center_axis',(0.,-1.,0.));
#12972=DIRECTION('ref_axis',(1.,0.,0.));
#12973=DIRECTION('',(1.,0.,0.));
#12974=DIRECTION('',(1.,0.,0.));
#12975=DIRECTION('center_axis',(-0.707106781186548,0.707106781186548,0.));
#12976=DIRECTION('ref_axis',(0.,0.,1.));
#12977=DIRECTION('',(0.707106781186548,0.707106781186548,0.));
#12978=DIRECTION('',(0.,0.,-1.));
#12979=DIRECTION('',(-0.707106781186548,-0.707106781186548,0.));
#12980=DIRECTION('',(0.,0.,1.));
#12981=DIRECTION('center_axis',(0.,1.,0.));
#12982=DIRECTION('ref_axis',(-1.,0.,0.));
#12983=DIRECTION('',(-1.,0.,0.));
#12984=DIRECTION('',(0.,0.,1.));
#12985=DIRECTION('',(1.,0.,0.));
#12986=DIRECTION('center_axis',(0.707106781186548,0.707106781186548,0.));
#12987=DIRECTION('ref_axis',(0.,0.,-1.));
#12988=DIRECTION('',(0.707106781186548,-0.707106781186548,0.));
#12989=DIRECTION('',(0.,0.,-1.));
#12990=DIRECTION('',(-0.707106781186548,0.707106781186548,0.));
#12991=DIRECTION('center_axis',(-0.707106781186548,-0.707106781186548,0.));
#12992=DIRECTION('ref_axis',(0.,0.,1.));
#12993=DIRECTION('',(-0.707106781186548,0.707106781186548,0.));
#12994=DIRECTION('',(0.,0.,-1.));
#12995=DIRECTION('',(0.707106781186548,-0.707106781186548,0.));
#12996=DIRECTION('',(0.,0.,1.));
#12997=DIRECTION('center_axis',(0.,-1.,0.));
#12998=DIRECTION('ref_axis',(1.,0.,0.));
#12999=DIRECTION('',(-1.,0.,0.));
#13000=DIRECTION('',(0.,0.,-1.));
#13001=DIRECTION('',(1.,0.,0.));
#13002=DIRECTION('center_axis',(0.707106781186548,-0.707106781186548,0.));
#13003=DIRECTION('ref_axis',(0.,0.,-1.));
#13004=DIRECTION('',(-0.707106781186548,-0.707106781186548,0.));
#13005=DIRECTION('',(0.707106781186548,0.707106781186548,0.));
#13006=DIRECTION('',(0.,0.,1.));
#13007=DIRECTION('center_axis',(1.,0.,0.));
#13008=DIRECTION('ref_axis',(0.,1.,0.));
#13009=DIRECTION('',(0.,1.,0.));
#13010=DIRECTION('',(0.,0.,1.));
#13011=DIRECTION('',(0.,1.,0.));
#13012=DIRECTION('',(0.,0.,1.));
#13013=DIRECTION('center_axis',(0.,1.,0.));
#13014=DIRECTION('ref_axis',(-1.,0.,0.));
#13015=DIRECTION('',(-1.,0.,0.));
#13016=DIRECTION('',(-1.,0.,0.));
#13017=DIRECTION('',(0.,0.,1.));
#13018=DIRECTION('center_axis',(-1.,0.,0.));
#13019=DIRECTION('ref_axis',(0.,-1.,0.));
#13020=DIRECTION('',(0.,-1.,0.));
#13021=DIRECTION('',(0.,-1.,0.));
#13022=DIRECTION('',(0.,0.,1.));
#13023=DIRECTION('center_axis',(0.,-1.,0.));
#13024=DIRECTION('ref_axis',(1.,0.,0.));
#13025=DIRECTION('',(1.,0.,0.));
#13026=DIRECTION('',(1.,0.,0.));
#13027=DIRECTION('center_axis',(-0.707106781186548,-0.707106781186548,0.));
#13028=DIRECTION('ref_axis',(0.,0.,1.));
#13029=DIRECTION('',(-0.707106781186548,0.707106781186548,0.));
#13030=DIRECTION('',(0.707106781186548,-0.707106781186548,0.));
#13031=DIRECTION('',(0.,0.,-1.));
#13032=DIRECTION('center_axis',(0.,-1.,0.));
#13033=DIRECTION('ref_axis',(1.,0.,0.));
#13034=DIRECTION('',(-1.,0.,0.));
#13035=DIRECTION('',(0.,0.,1.));
#13036=DIRECTION('',(1.,0.,0.));
#13037=DIRECTION('center_axis',(0.707106781186548,-0.707106781186548,0.));
#13038=DIRECTION('ref_axis',(0.,0.,-1.));
#13039=DIRECTION('',(-0.707106781186548,-0.707106781186548,0.));
#13040=DIRECTION('',(0.707106781186548,0.707106781186548,0.));
#13041=DIRECTION('',(0.,0.,-1.));
#13042=DIRECTION('center_axis',(-0.707106781186548,0.707106781186548,0.));
#13043=DIRECTION('ref_axis',(0.,0.,1.));
#13044=DIRECTION('',(0.707106781186548,0.707106781186548,0.));
#13045=DIRECTION('',(0.,0.,1.));
#13046=DIRECTION('',(-0.707106781186548,-0.707106781186548,0.));
#13047=DIRECTION('center_axis',(0.,1.,0.));
#13048=DIRECTION('ref_axis',(-1.,0.,0.));
#13049=DIRECTION('',(-1.,0.,0.));
#13050=DIRECTION('',(0.,0.,-1.));
#13051=DIRECTION('',(1.,0.,0.));
#13052=DIRECTION('center_axis',(0.707106781186548,0.707106781186548,0.));
#13053=DIRECTION('ref_axis',(0.,0.,-1.));
#13054=DIRECTION('',(0.707106781186548,-0.707106781186548,0.));
#13055=DIRECTION('',(0.,0.,1.));
#13056=DIRECTION('',(-0.707106781186548,0.707106781186548,0.));
#13057=DIRECTION('center_axis',(1.,0.,0.));
#13058=DIRECTION('ref_axis',(0.,1.,0.));
#13059=DIRECTION('',(0.,1.,0.));
#13060=DIRECTION('',(0.,0.,1.));
#13061=DIRECTION('',(0.,1.,0.));
#13062=DIRECTION('',(0.,0.,1.));
#13063=DIRECTION('center_axis',(0.,-1.,0.));
#13064=DIRECTION('ref_axis',(1.,0.,0.));
#13065=DIRECTION('',(1.,0.,0.));
#13066=DIRECTION('',(0.,0.,1.));
#13067=DIRECTION('',(1.,0.,0.));
#13068=DIRECTION('center_axis',(-1.,0.,0.));
#13069=DIRECTION('ref_axis',(0.,-1.,0.));
#13070=DIRECTION('',(0.,-1.,0.));
#13071=DIRECTION('',(0.,0.,1.));
#13072=DIRECTION('',(0.,-1.,0.));
#13073=DIRECTION('center_axis',(0.,1.,0.));
#13074=DIRECTION('ref_axis',(-1.,0.,0.));
#13075=DIRECTION('',(-1.,0.,0.));
#13076=DIRECTION('',(-1.,0.,0.));
#13077=DIRECTION('center_axis',(-0.707106781186548,-0.707106781186548,0.));
#13078=DIRECTION('ref_axis',(0.,0.,1.));
#13079=DIRECTION('',(-0.707106781186548,0.707106781186548,0.));
#13080=DIRECTION('',(0.,0.,1.));
#13081=DIRECTION('',(0.707106781186548,-0.707106781186548,0.));
#13082=DIRECTION('',(0.,0.,-1.));
#13083=DIRECTION('center_axis',(0.,-1.,0.));
#13084=DIRECTION('ref_axis',(1.,0.,0.));
#13085=DIRECTION('',(-1.,0.,0.));
#13086=DIRECTION('',(0.,0.,1.));
#13087=DIRECTION('',(1.,0.,0.));
#13088=DIRECTION('center_axis',(0.707106781186548,-0.707106781186548,0.));
#13089=DIRECTION('ref_axis',(0.,0.,-1.));
#13090=DIRECTION('',(-0.707106781186548,-0.707106781186548,0.));
#13091=DIRECTION('',(0.707106781186548,0.707106781186548,0.));
#13092=DIRECTION('center_axis',(-0.707106781186548,0.707106781186548,0.));
#13093=DIRECTION('ref_axis',(0.,0.,1.));
#13094=DIRECTION('',(0.707106781186548,0.707106781186548,0.));
#13095=DIRECTION('',(0.,0.,1.));
#13096=DIRECTION('',(-0.707106781186548,-0.707106781186548,0.));
#13097=DIRECTION('',(0.,0.,-1.));
#13098=DIRECTION('center_axis',(0.,1.,0.));
#13099=DIRECTION('ref_axis',(-1.,0.,0.));
#13100=DIRECTION('',(-1.,0.,0.));
#13101=DIRECTION('',(0.,0.,-1.));
#13102=DIRECTION('',(1.,0.,0.));
#13103=DIRECTION('center_axis',(0.707106781186548,0.707106781186548,0.));
#13104=DIRECTION('ref_axis',(0.,0.,-1.));
#13105=DIRECTION('',(0.707106781186548,-0.707106781186548,0.));
#13106=DIRECTION('',(-0.707106781186548,0.707106781186548,0.));
#13107=DIRECTION('center_axis',(1.,0.,0.));
#13108=DIRECTION('ref_axis',(0.,1.,0.));
#13109=DIRECTION('',(0.,1.,0.));
#13110=DIRECTION('',(0.,0.,1.));
#13111=DIRECTION('',(0.,1.,0.));
#13112=DIRECTION('',(0.,0.,1.));
#13113=DIRECTION('center_axis',(0.,-1.,0.));
#13114=DIRECTION('ref_axis',(1.,0.,0.));
#13115=DIRECTION('',(1.,0.,0.));
#13116=DIRECTION('',(0.,0.,1.));
#13117=DIRECTION('',(1.,0.,0.));
#13118=DIRECTION('center_axis',(-1.,0.,0.));
#13119=DIRECTION('ref_axis',(0.,-1.,0.));
#13120=DIRECTION('',(0.,-1.,0.));
#13121=DIRECTION('',(0.,0.,1.));
#13122=DIRECTION('',(0.,-1.,0.));
#13123=DIRECTION('center_axis',(0.,1.,0.));
#13124=DIRECTION('ref_axis',(-1.,0.,0.));
#13125=DIRECTION('',(-1.,0.,0.));
#13126=DIRECTION('',(-1.,0.,0.));
#13127=DIRECTION('center_axis',(-0.707106781186548,0.707106781186548,0.));
#13128=DIRECTION('ref_axis',(0.,0.,1.));
#13129=DIRECTION('',(0.707106781186548,0.707106781186548,0.));
#13130=DIRECTION('',(0.,0.,-1.));
#13131=DIRECTION('',(-0.707106781186548,-0.707106781186548,0.));
#13132=DIRECTION('center_axis',(0.,1.,0.));
#13133=DIRECTION('ref_axis',(-1.,0.,0.));
#13134=DIRECTION('',(-1.,0.,0.));
#13135=DIRECTION('',(0.,0.,1.));
#13136=DIRECTION('',(1.,0.,0.));
#13137=DIRECTION('center_axis',(0.707106781186548,0.707106781186548,0.));
#13138=DIRECTION('ref_axis',(0.,0.,-1.));
#13139=DIRECTION('',(0.707106781186548,-0.707106781186548,0.));
#13140=DIRECTION('',(-0.707106781186548,0.707106781186548,0.));
#13141=DIRECTION('center_axis',(-0.707106781186548,-0.707106781186548,0.));
#13142=DIRECTION('ref_axis',(0.,0.,1.));
#13143=DIRECTION('',(-0.707106781186548,0.707106781186548,0.));
#13144=DIRECTION('',(0.707106781186548,-0.707106781186548,0.));
#13145=DIRECTION('',(0.,0.,1.));
#13146=DIRECTION('center_axis',(0.,-1.,0.));
#13147=DIRECTION('ref_axis',(1.,0.,0.));
#13148=DIRECTION('',(-1.,0.,0.));
#13149=DIRECTION('',(0.,0.,-1.));
#13150=DIRECTION('',(1.,0.,0.));
#13151=DIRECTION('center_axis',(0.707106781186548,-0.707106781186548,0.));
#13152=DIRECTION('ref_axis',(0.,0.,-1.));
#13153=DIRECTION('',(-0.707106781186548,-0.707106781186548,0.));
#13154=DIRECTION('',(0.707106781186548,0.707106781186548,0.));
#13155=DIRECTION('center_axis',(1.,0.,0.));
#13156=DIRECTION('ref_axis',(0.,1.,0.));
#13157=DIRECTION('',(0.,1.,0.));
#13158=DIRECTION('',(0.,0.,1.));
#13159=DIRECTION('',(0.,1.,0.));
#13160=DIRECTION('',(0.,0.,1.));
#13161=DIRECTION('center_axis',(0.,1.,0.));
#13162=DIRECTION('ref_axis',(-1.,0.,0.));
#13163=DIRECTION('',(-1.,0.,0.));
#13164=DIRECTION('',(-1.,0.,0.));
#13165=DIRECTION('',(0.,0.,1.));
#13166=DIRECTION('center_axis',(-1.,0.,0.));
#13167=DIRECTION('ref_axis',(0.,-1.,0.));
#13168=DIRECTION('',(0.,-1.,0.));
#13169=DIRECTION('',(0.,-1.,0.));
#13170=DIRECTION('',(0.,0.,1.));
#13171=DIRECTION('center_axis',(0.,-1.,0.));
#13172=DIRECTION('ref_axis',(1.,0.,0.));
#13173=DIRECTION('',(1.,0.,0.));
#13174=DIRECTION('',(1.,0.,0.));
#13175=DIRECTION('center_axis',(-0.707106781186548,-0.707106781186548,0.));
#13176=DIRECTION('ref_axis',(0.,0.,1.));
#13177=DIRECTION('',(-0.707106781186548,0.707106781186548,0.));
#13178=DIRECTION('',(0.,0.,1.));
#13179=DIRECTION('',(0.707106781186548,-0.707106781186548,0.));
#13180=DIRECTION('',(0.,0.,-1.));
#13181=DIRECTION('center_axis',(0.,-1.,0.));
#13182=DIRECTION('ref_axis',(1.,0.,0.));
#13183=DIRECTION('',(-1.,0.,0.));
#13184=DIRECTION('',(0.,0.,1.));
#13185=DIRECTION('',(1.,0.,0.));
#13186=DIRECTION('center_axis',(0.707106781186548,-0.707106781186548,0.));
#13187=DIRECTION('ref_axis',(0.,0.,-1.));
#13188=DIRECTION('',(-0.707106781186548,-0.707106781186548,0.));
#13189=DIRECTION('',(0.707106781186548,0.707106781186548,0.));
#13190=DIRECTION('',(0.,0.,-1.));
#13191=DIRECTION('center_axis',(-0.707106781186548,0.707106781186548,0.));
#13192=DIRECTION('ref_axis',(0.,0.,1.));
#13193=DIRECTION('',(0.707106781186548,0.707106781186548,0.));
#13194=DIRECTION('',(0.,0.,1.));
#13195=DIRECTION('',(-0.707106781186548,-0.707106781186548,0.));
#13196=DIRECTION('',(0.,0.,-1.));
#13197=DIRECTION('center_axis',(0.,1.,0.));
#13198=DIRECTION('ref_axis',(-1.,0.,0.));
#13199=DIRECTION('',(-1.,0.,0.));
#13200=DIRECTION('',(0.,0.,-1.));
#13201=DIRECTION('',(1.,0.,0.));
#13202=DIRECTION('center_axis',(0.707106781186548,0.707106781186548,0.));
#13203=DIRECTION('ref_axis',(0.,0.,-1.));
#13204=DIRECTION('',(0.707106781186548,-0.707106781186548,0.));
#13205=DIRECTION('',(0.,0.,1.));
#13206=DIRECTION('',(-0.707106781186548,0.707106781186548,0.));
#13207=DIRECTION('center_axis',(1.,0.,0.));
#13208=DIRECTION('ref_axis',(0.,1.,0.));
#13209=DIRECTION('',(0.,1.,0.));
#13210=DIRECTION('',(0.,0.,1.));
#13211=DIRECTION('',(0.,1.,0.));
#13212=DIRECTION('',(0.,0.,1.));
#13213=DIRECTION('center_axis',(0.,-1.,0.));
#13214=DIRECTION('ref_axis',(1.,0.,0.));
#13215=DIRECTION('',(1.,0.,0.));
#13216=DIRECTION('',(0.,0.,1.));
#13217=DIRECTION('',(1.,0.,0.));
#13218=DIRECTION('center_axis',(-1.,0.,0.));
#13219=DIRECTION('ref_axis',(0.,-1.,0.));
#13220=DIRECTION('',(0.,-1.,0.));
#13221=DIRECTION('',(0.,0.,1.));
#13222=DIRECTION('',(0.,-1.,0.));
#13223=DIRECTION('center_axis',(0.,1.,0.));
#13224=DIRECTION('ref_axis',(-1.,0.,0.));
#13225=DIRECTION('',(-1.,0.,0.));
#13226=DIRECTION('',(-1.,0.,0.));
#13227=DIRECTION('center_axis',(-0.707106781186548,0.707106781186548,0.));
#13228=DIRECTION('ref_axis',(0.,0.,1.));
#13229=DIRECTION('',(0.707106781186548,0.707106781186548,0.));
#13230=DIRECTION('',(0.,0.,-1.));
#13231=DIRECTION('',(-0.707106781186548,-0.707106781186548,0.));
#13232=DIRECTION('center_axis',(0.,1.,0.));
#13233=DIRECTION('ref_axis',(-1.,0.,0.));
#13234=DIRECTION('',(-1.,0.,0.));
#13235=DIRECTION('',(0.,0.,1.));
#13236=DIRECTION('',(1.,0.,0.));
#13237=DIRECTION('center_axis',(0.707106781186548,0.707106781186548,0.));
#13238=DIRECTION('ref_axis',(0.,0.,-1.));
#13239=DIRECTION('',(0.707106781186548,-0.707106781186548,0.));
#13240=DIRECTION('',(-0.707106781186548,0.707106781186548,0.));
#13241=DIRECTION('center_axis',(-0.707106781186548,-0.707106781186548,0.));
#13242=DIRECTION('ref_axis',(0.,0.,1.));
#13243=DIRECTION('',(-0.707106781186548,0.707106781186548,0.));
#13244=DIRECTION('',(0.707106781186548,-0.707106781186548,0.));
#13245=DIRECTION('',(0.,0.,1.));
#13246=DIRECTION('center_axis',(0.,-1.,0.));
#13247=DIRECTION('ref_axis',(1.,0.,0.));
#13248=DIRECTION('',(-1.,0.,0.));
#13249=DIRECTION('',(0.,0.,-1.));
#13250=DIRECTION('',(1.,0.,0.));
#13251=DIRECTION('center_axis',(0.707106781186548,-0.707106781186548,0.));
#13252=DIRECTION('ref_axis',(0.,0.,-1.));
#13253=DIRECTION('',(-0.707106781186548,-0.707106781186548,0.));
#13254=DIRECTION('',(0.707106781186548,0.707106781186548,0.));
#13255=DIRECTION('center_axis',(1.,0.,0.));
#13256=DIRECTION('ref_axis',(0.,1.,0.));
#13257=DIRECTION('',(0.,1.,0.));
#13258=DIRECTION('',(0.,0.,1.));
#13259=DIRECTION('',(0.,1.,0.));
#13260=DIRECTION('',(0.,0.,1.));
#13261=DIRECTION('center_axis',(0.,1.,0.));
#13262=DIRECTION('ref_axis',(-1.,0.,0.));
#13263=DIRECTION('',(-1.,0.,0.));
#13264=DIRECTION('',(-1.,0.,0.));
#13265=DIRECTION('',(0.,0.,1.));
#13266=DIRECTION('center_axis',(-1.,0.,0.));
#13267=DIRECTION('ref_axis',(0.,-1.,0.));
#13268=DIRECTION('',(0.,-1.,0.));
#13269=DIRECTION('',(0.,-1.,0.));
#13270=DIRECTION('',(0.,0.,1.));
#13271=DIRECTION('center_axis',(0.,-1.,0.));
#13272=DIRECTION('ref_axis',(1.,0.,0.));
#13273=DIRECTION('',(1.,0.,0.));
#13274=DIRECTION('',(1.,0.,0.));
#13275=DIRECTION('center_axis',(-0.707106781186548,0.707106781186548,0.));
#13276=DIRECTION('ref_axis',(0.,0.,1.));
#13277=DIRECTION('',(0.707106781186548,0.707106781186548,0.));
#13278=DIRECTION('',(0.,0.,-1.));
#13279=DIRECTION('',(-0.707106781186548,-0.707106781186548,0.));
#13280=DIRECTION('',(0.,0.,1.));
#13281=DIRECTION('center_axis',(0.,1.,0.));
#13282=DIRECTION('ref_axis',(-1.,0.,0.));
#13283=DIRECTION('',(-1.,0.,0.));
#13284=DIRECTION('',(0.,0.,1.));
#13285=DIRECTION('',(1.,0.,0.));
#13286=DIRECTION('center_axis',(0.707106781186548,0.707106781186548,0.));
#13287=DIRECTION('ref_axis',(0.,0.,-1.));
#13288=DIRECTION('',(0.707106781186548,-0.707106781186548,0.));
#13289=DIRECTION('',(-0.707106781186548,0.707106781186548,0.));
#13290=DIRECTION('center_axis',(-0.707106781186548,-0.707106781186548,0.));
#13291=DIRECTION('ref_axis',(0.,0.,1.));
#13292=DIRECTION('',(-0.707106781186548,0.707106781186548,0.));
#13293=DIRECTION('',(0.,0.,-1.));
#13294=DIRECTION('',(0.707106781186548,-0.707106781186548,0.));
#13295=DIRECTION('',(0.,0.,1.));
#13296=DIRECTION('center_axis',(0.,-1.,0.));
#13297=DIRECTION('ref_axis',(1.,0.,0.));
#13298=DIRECTION('',(-1.,0.,0.));
#13299=DIRECTION('',(0.,0.,-1.));
#13300=DIRECTION('',(1.,0.,0.));
#13301=DIRECTION('center_axis',(0.707106781186548,-0.707106781186548,0.));
#13302=DIRECTION('ref_axis',(0.,0.,-1.));
#13303=DIRECTION('',(-0.707106781186548,-0.707106781186548,0.));
#13304=DIRECTION('',(0.707106781186548,0.707106781186548,0.));
#13305=DIRECTION('center_axis',(1.,0.,0.));
#13306=DIRECTION('ref_axis',(0.,1.,0.));
#13307=DIRECTION('',(0.,1.,0.));
#13308=DIRECTION('',(0.,0.,1.));
#13309=DIRECTION('',(0.,1.,0.));
#13310=DIRECTION('',(0.,0.,1.));
#13311=DIRECTION('center_axis',(0.,1.,0.));
#13312=DIRECTION('ref_axis',(-1.,0.,0.));
#13313=DIRECTION('',(-1.,0.,0.));
#13314=DIRECTION('',(-1.,0.,0.));
#13315=DIRECTION('',(0.,0.,1.));
#13316=DIRECTION('center_axis',(-1.,0.,0.));
#13317=DIRECTION('ref_axis',(0.,-1.,0.));
#13318=DIRECTION('',(0.,-1.,0.));
#13319=DIRECTION('',(0.,-1.,0.));
#13320=DIRECTION('',(0.,0.,1.));
#13321=DIRECTION('center_axis',(0.,-1.,0.));
#13322=DIRECTION('ref_axis',(1.,0.,0.));
#13323=DIRECTION('',(1.,0.,0.));
#13324=DIRECTION('',(1.,0.,0.));
#13325=DIRECTION('center_axis',(-0.707106781186548,-0.707106781186548,0.));
#13326=DIRECTION('ref_axis',(0.,0.,1.));
#13327=DIRECTION('',(-0.707106781186548,0.707106781186548,0.));
#13328=DIRECTION('',(0.707106781186548,-0.707106781186548,0.));
#13329=DIRECTION('',(0.,0.,-1.));
#13330=DIRECTION('center_axis',(0.,-1.,0.));
#13331=DIRECTION('ref_axis',(1.,0.,0.));
#13332=DIRECTION('',(-1.,0.,0.));
#13333=DIRECTION('',(0.,0.,1.));
#13334=DIRECTION('',(1.,0.,0.));
#13335=DIRECTION('center_axis',(0.707106781186548,-0.707106781186548,0.));
#13336=DIRECTION('ref_axis',(0.,0.,-1.));
#13337=DIRECTION('',(-0.707106781186548,-0.707106781186548,0.));
#13338=DIRECTION('',(0.707106781186548,0.707106781186548,0.));
#13339=DIRECTION('',(0.,0.,-1.));
#13340=DIRECTION('center_axis',(-0.707106781186548,0.707106781186548,0.));
#13341=DIRECTION('ref_axis',(0.,0.,1.));
#13342=DIRECTION('',(0.707106781186548,0.707106781186548,0.));
#13343=DIRECTION('',(0.,0.,1.));
#13344=DIRECTION('',(-0.707106781186548,-0.707106781186548,0.));
#13345=DIRECTION('center_axis',(0.,1.,0.));
#13346=DIRECTION('ref_axis',(-1.,0.,0.));
#13347=DIRECTION('',(-1.,0.,0.));
#13348=DIRECTION('',(0.,0.,-1.));
#13349=DIRECTION('',(1.,0.,0.));
#13350=DIRECTION('center_axis',(0.707106781186548,0.707106781186548,0.));
#13351=DIRECTION('ref_axis',(0.,0.,-1.));
#13352=DIRECTION('',(0.707106781186548,-0.707106781186548,0.));
#13353=DIRECTION('',(0.,0.,1.));
#13354=DIRECTION('',(-0.707106781186548,0.707106781186548,0.));
#13355=DIRECTION('center_axis',(1.,0.,0.));
#13356=DIRECTION('ref_axis',(0.,1.,0.));
#13357=DIRECTION('',(0.,1.,0.));
#13358=DIRECTION('',(0.,0.,1.));
#13359=DIRECTION('',(0.,1.,0.));
#13360=DIRECTION('',(0.,0.,1.));
#13361=DIRECTION('center_axis',(0.,-1.,0.));
#13362=DIRECTION('ref_axis',(1.,0.,0.));
#13363=DIRECTION('',(1.,0.,0.));
#13364=DIRECTION('',(0.,0.,1.));
#13365=DIRECTION('',(1.,0.,0.));
#13366=DIRECTION('center_axis',(-1.,0.,0.));
#13367=DIRECTION('ref_axis',(0.,-1.,0.));
#13368=DIRECTION('',(0.,-1.,0.));
#13369=DIRECTION('',(0.,0.,1.));
#13370=DIRECTION('',(0.,-1.,0.));
#13371=DIRECTION('center_axis',(0.,1.,0.));
#13372=DIRECTION('ref_axis',(-1.,0.,0.));
#13373=DIRECTION('',(-1.,0.,0.));
#13374=DIRECTION('',(-1.,0.,0.));
#13375=DIRECTION('center_axis',(1.,0.,0.));
#13376=DIRECTION('ref_axis',(0.,1.,0.));
#13377=DIRECTION('',(0.,-1.,0.));
#13378=DIRECTION('',(0.,1.,0.));
#13379=DIRECTION('center_axis',(-0.707106781186548,0.707106781186548,0.));
#13380=DIRECTION('ref_axis',(0.,0.,1.));
#13381=DIRECTION('',(0.707106781186548,0.707106781186548,0.));
#13382=DIRECTION('',(0.,0.,-1.));
#13383=DIRECTION('',(-0.707106781186548,-0.707106781186548,0.));
#13384=DIRECTION('',(0.,0.,1.));
#13385=DIRECTION('center_axis',(0.,1.,0.));
#13386=DIRECTION('ref_axis',(-1.,0.,0.));
#13387=DIRECTION('',(-1.,0.,0.));
#13388=DIRECTION('',(0.,0.,1.));
#13389=DIRECTION('',(1.,0.,0.));
#13390=DIRECTION('center_axis',(0.707106781186548,0.707106781186548,0.));
#13391=DIRECTION('ref_axis',(0.,0.,-1.));
#13392=DIRECTION('',(0.707106781186548,-0.707106781186548,0.));
#13393=DIRECTION('',(0.,0.,-1.));
#13394=DIRECTION('',(-0.707106781186548,0.707106781186548,0.));
#13395=DIRECTION('center_axis',(-0.707106781186548,-0.707106781186548,0.));
#13396=DIRECTION('ref_axis',(0.,0.,1.));
#13397=DIRECTION('',(-0.707106781186548,0.707106781186548,0.));
#13398=DIRECTION('',(0.,0.,-1.));
#13399=DIRECTION('',(0.707106781186548,-0.707106781186548,0.));
#13400=DIRECTION('',(0.,0.,1.));
#13401=DIRECTION('center_axis',(0.,-1.,0.));
#13402=DIRECTION('ref_axis',(1.,0.,0.));
#13403=DIRECTION('',(-1.,0.,0.));
#13404=DIRECTION('',(0.,0.,-1.));
#13405=DIRECTION('',(1.,0.,0.));
#13406=DIRECTION('center_axis',(0.707106781186548,-0.707106781186548,0.));
#13407=DIRECTION('ref_axis',(0.,0.,-1.));
#13408=DIRECTION('',(-0.707106781186548,-0.707106781186548,0.));
#13409=DIRECTION('',(0.707106781186548,0.707106781186548,0.));
#13410=DIRECTION('',(0.,0.,1.));
#13411=DIRECTION('center_axis',(1.,0.,0.));
#13412=DIRECTION('ref_axis',(0.,1.,0.));
#13413=DIRECTION('',(0.,1.,0.));
#13414=DIRECTION('',(0.,0.,1.));
#13415=DIRECTION('',(0.,1.,0.));
#13416=DIRECTION('',(0.,0.,1.));
#13417=DIRECTION('center_axis',(0.,1.,0.));
#13418=DIRECTION('ref_axis',(-1.,0.,0.));
#13419=DIRECTION('',(-1.,0.,0.));
#13420=DIRECTION('',(-1.,0.,0.));
#13421=DIRECTION('',(0.,0.,1.));
#13422=DIRECTION('center_axis',(-1.,0.,0.));
#13423=DIRECTION('ref_axis',(0.,-1.,0.));
#13424=DIRECTION('',(0.,-1.,0.));
#13425=DIRECTION('',(0.,-1.,0.));
#13426=DIRECTION('',(0.,0.,1.));
#13427=DIRECTION('center_axis',(0.,-1.,0.));
#13428=DIRECTION('ref_axis',(1.,0.,0.));
#13429=DIRECTION('',(1.,0.,0.));
#13430=DIRECTION('',(1.,0.,0.));
#13431=DIRECTION('center_axis',(-0.707106781186548,-0.707106781186548,0.));
#13432=DIRECTION('ref_axis',(0.,0.,1.));
#13433=DIRECTION('',(-0.707106781186548,0.707106781186548,0.));
#13434=DIRECTION('',(0.707106781186548,-0.707106781186548,0.));
#13435=DIRECTION('',(0.,0.,-1.));
#13436=DIRECTION('center_axis',(0.,-1.,0.));
#13437=DIRECTION('ref_axis',(1.,0.,0.));
#13438=DIRECTION('',(-1.,0.,0.));
#13439=DIRECTION('',(0.,0.,1.));
#13440=DIRECTION('',(1.,0.,0.));
#13441=DIRECTION('center_axis',(0.707106781186548,-0.707106781186548,0.));
#13442=DIRECTION('ref_axis',(0.,0.,-1.));
#13443=DIRECTION('',(-0.707106781186548,-0.707106781186548,0.));
#13444=DIRECTION('',(0.707106781186548,0.707106781186548,0.));
#13445=DIRECTION('',(0.,0.,-1.));
#13446=DIRECTION('center_axis',(-0.707106781186548,0.707106781186548,0.));
#13447=DIRECTION('ref_axis',(0.,0.,1.));
#13448=DIRECTION('',(0.707106781186548,0.707106781186548,0.));
#13449=DIRECTION('',(0.,0.,1.));
#13450=DIRECTION('',(-0.707106781186548,-0.707106781186548,0.));
#13451=DIRECTION('center_axis',(0.,1.,0.));
#13452=DIRECTION('ref_axis',(-1.,0.,0.));
#13453=DIRECTION('',(-1.,0.,0.));
#13454=DIRECTION('',(0.,0.,-1.));
#13455=DIRECTION('',(1.,0.,0.));
#13456=DIRECTION('center_axis',(0.707106781186548,0.707106781186548,0.));
#13457=DIRECTION('ref_axis',(0.,0.,-1.));
#13458=DIRECTION('',(0.707106781186548,-0.707106781186548,0.));
#13459=DIRECTION('',(0.,0.,1.));
#13460=DIRECTION('',(-0.707106781186548,0.707106781186548,0.));
#13461=DIRECTION('center_axis',(1.,0.,0.));
#13462=DIRECTION('ref_axis',(0.,1.,0.));
#13463=DIRECTION('',(0.,1.,0.));
#13464=DIRECTION('',(0.,0.,1.));
#13465=DIRECTION('',(0.,1.,0.));
#13466=DIRECTION('',(0.,0.,1.));
#13467=DIRECTION('center_axis',(0.,-1.,0.));
#13468=DIRECTION('ref_axis',(1.,0.,0.));
#13469=DIRECTION('',(1.,0.,0.));
#13470=DIRECTION('',(0.,0.,1.));
#13471=DIRECTION('',(1.,0.,0.));
#13472=DIRECTION('center_axis',(-1.,0.,0.));
#13473=DIRECTION('ref_axis',(0.,-1.,0.));
#13474=DIRECTION('',(0.,-1.,0.));
#13475=DIRECTION('',(0.,0.,1.));
#13476=DIRECTION('',(0.,-1.,0.));
#13477=DIRECTION('center_axis',(0.,1.,0.));
#13478=DIRECTION('ref_axis',(-1.,0.,0.));
#13479=DIRECTION('',(-1.,0.,0.));
#13480=DIRECTION('',(-1.,0.,0.));
#13481=DIRECTION('center_axis',(-0.707106781186548,-0.707106781186548,0.));
#13482=DIRECTION('ref_axis',(0.,0.,1.));
#13483=DIRECTION('',(-0.707106781186548,0.707106781186548,0.));
#13484=DIRECTION('',(0.,0.,1.));
#13485=DIRECTION('',(0.707106781186548,-0.707106781186548,0.));
#13486=DIRECTION('',(0.,0.,-1.));
#13487=DIRECTION('center_axis',(0.,-1.,0.));
#13488=DIRECTION('ref_axis',(1.,0.,0.));
#13489=DIRECTION('',(-1.,0.,0.));
#13490=DIRECTION('',(0.,0.,1.));
#13491=DIRECTION('',(1.,0.,0.));
#13492=DIRECTION('center_axis',(0.707106781186548,-0.707106781186548,0.));
#13493=DIRECTION('ref_axis',(0.,0.,-1.));
#13494=DIRECTION('',(-0.707106781186548,-0.707106781186548,0.));
#13495=DIRECTION('',(0.707106781186548,0.707106781186548,0.));
#13496=DIRECTION('center_axis',(-0.707106781186548,0.707106781186548,0.));
#13497=DIRECTION('ref_axis',(0.,0.,1.));
#13498=DIRECTION('',(0.707106781186548,0.707106781186548,0.));
#13499=DIRECTION('',(0.,0.,1.));
#13500=DIRECTION('',(-0.707106781186548,-0.707106781186548,0.));
#13501=DIRECTION('',(0.,0.,-1.));
#13502=DIRECTION('center_axis',(0.,1.,0.));
#13503=DIRECTION('ref_axis',(-1.,0.,0.));
#13504=DIRECTION('',(-1.,0.,0.));
#13505=DIRECTION('',(0.,0.,-1.));
#13506=DIRECTION('',(1.,0.,0.));
#13507=DIRECTION('center_axis',(0.707106781186548,0.707106781186548,0.));
#13508=DIRECTION('ref_axis',(0.,0.,-1.));
#13509=DIRECTION('',(0.707106781186548,-0.707106781186548,0.));
#13510=DIRECTION('',(-0.707106781186548,0.707106781186548,0.));
#13511=DIRECTION('center_axis',(1.,0.,0.));
#13512=DIRECTION('ref_axis',(0.,1.,0.));
#13513=DIRECTION('',(0.,1.,0.));
#13514=DIRECTION('',(0.,0.,1.));
#13515=DIRECTION('',(0.,1.,0.));
#13516=DIRECTION('',(0.,0.,1.));
#13517=DIRECTION('center_axis',(0.,-1.,0.));
#13518=DIRECTION('ref_axis',(1.,0.,0.));
#13519=DIRECTION('',(1.,0.,0.));
#13520=DIRECTION('',(0.,0.,1.));
#13521=DIRECTION('',(1.,0.,0.));
#13522=DIRECTION('center_axis',(-1.,0.,0.));
#13523=DIRECTION('ref_axis',(0.,-1.,0.));
#13524=DIRECTION('',(0.,-1.,0.));
#13525=DIRECTION('',(0.,0.,1.));
#13526=DIRECTION('',(0.,-1.,0.));
#13527=DIRECTION('center_axis',(0.,1.,0.));
#13528=DIRECTION('ref_axis',(-1.,0.,0.));
#13529=DIRECTION('',(-1.,0.,0.));
#13530=DIRECTION('',(-1.,0.,0.));
#13531=DIRECTION('center_axis',(-0.707106781186548,0.707106781186548,0.));
#13532=DIRECTION('ref_axis',(0.,0.,1.));
#13533=DIRECTION('',(0.707106781186548,0.707106781186548,0.));
#13534=DIRECTION('',(0.,0.,-1.));
#13535=DIRECTION('',(-0.707106781186548,-0.707106781186548,0.));
#13536=DIRECTION('center_axis',(0.,1.,0.));
#13537=DIRECTION('ref_axis',(-1.,0.,0.));
#13538=DIRECTION('',(-1.,0.,0.));
#13539=DIRECTION('',(0.,0.,1.));
#13540=DIRECTION('',(1.,0.,0.));
#13541=DIRECTION('center_axis',(0.707106781186548,0.707106781186548,0.));
#13542=DIRECTION('ref_axis',(0.,0.,-1.));
#13543=DIRECTION('',(0.707106781186548,-0.707106781186548,0.));
#13544=DIRECTION('',(0.,0.,-1.));
#13545=DIRECTION('',(-0.707106781186548,0.707106781186548,0.));
#13546=DIRECTION('center_axis',(-0.707106781186548,-0.707106781186548,0.));
#13547=DIRECTION('ref_axis',(0.,0.,1.));
#13548=DIRECTION('',(-0.707106781186548,0.707106781186548,0.));
#13549=DIRECTION('',(0.707106781186548,-0.707106781186548,0.));
#13550=DIRECTION('',(0.,0.,1.));
#13551=DIRECTION('center_axis',(0.,-1.,0.));
#13552=DIRECTION('ref_axis',(1.,0.,0.));
#13553=DIRECTION('',(-1.,0.,0.));
#13554=DIRECTION('',(0.,0.,-1.));
#13555=DIRECTION('',(1.,0.,0.));
#13556=DIRECTION('center_axis',(0.707106781186548,-0.707106781186548,0.));
#13557=DIRECTION('ref_axis',(0.,0.,-1.));
#13558=DIRECTION('',(-0.707106781186548,-0.707106781186548,0.));
#13559=DIRECTION('',(0.707106781186548,0.707106781186548,0.));
#13560=DIRECTION('',(0.,0.,1.));
#13561=DIRECTION('center_axis',(1.,0.,0.));
#13562=DIRECTION('ref_axis',(0.,1.,0.));
#13563=DIRECTION('',(0.,1.,0.));
#13564=DIRECTION('',(0.,0.,1.));
#13565=DIRECTION('',(0.,1.,0.));
#13566=DIRECTION('',(0.,0.,1.));
#13567=DIRECTION('center_axis',(0.,1.,0.));
#13568=DIRECTION('ref_axis',(-1.,0.,0.));
#13569=DIRECTION('',(-1.,0.,0.));
#13570=DIRECTION('',(-1.,0.,0.));
#13571=DIRECTION('',(0.,0.,1.));
#13572=DIRECTION('center_axis',(-1.,0.,0.));
#13573=DIRECTION('ref_axis',(0.,-1.,0.));
#13574=DIRECTION('',(0.,-1.,0.));
#13575=DIRECTION('',(0.,-1.,0.));
#13576=DIRECTION('',(0.,0.,1.));
#13577=DIRECTION('center_axis',(0.,-1.,0.));
#13578=DIRECTION('ref_axis',(1.,0.,0.));
#13579=DIRECTION('',(1.,0.,0.));
#13580=DIRECTION('',(1.,0.,0.));
#13581=DIRECTION('center_axis',(-0.707106781186548,-0.707106781186548,0.));
#13582=DIRECTION('ref_axis',(0.,0.,1.));
#13583=DIRECTION('',(-0.707106781186548,0.707106781186548,0.));
#13584=DIRECTION('',(0.,0.,1.));
#13585=DIRECTION('',(0.707106781186548,-0.707106781186548,0.));
#13586=DIRECTION('',(0.,0.,-1.));
#13587=DIRECTION('center_axis',(0.,-1.,0.));
#13588=DIRECTION('ref_axis',(1.,0.,0.));
#13589=DIRECTION('',(-1.,0.,0.));
#13590=DIRECTION('',(0.,0.,1.));
#13591=DIRECTION('',(1.,0.,0.));
#13592=DIRECTION('center_axis',(0.707106781186548,-0.707106781186548,0.));
#13593=DIRECTION('ref_axis',(0.,0.,-1.));
#13594=DIRECTION('',(-0.707106781186548,-0.707106781186548,0.));
#13595=DIRECTION('',(0.707106781186548,0.707106781186548,0.));
#13596=DIRECTION('',(0.,0.,-1.));
#13597=DIRECTION('center_axis',(-0.707106781186548,0.707106781186548,0.));
#13598=DIRECTION('ref_axis',(0.,0.,1.));
#13599=DIRECTION('',(0.707106781186548,0.707106781186548,0.));
#13600=DIRECTION('',(0.,0.,1.));
#13601=DIRECTION('',(-0.707106781186548,-0.707106781186548,0.));
#13602=DIRECTION('',(0.,0.,-1.));
#13603=DIRECTION('center_axis',(0.,1.,0.));
#13604=DIRECTION('ref_axis',(-1.,0.,0.));
#13605=DIRECTION('',(-1.,0.,0.));
#13606=DIRECTION('',(0.,0.,-1.));
#13607=DIRECTION('',(1.,0.,0.));
#13608=DIRECTION('center_axis',(0.707106781186548,0.707106781186548,0.));
#13609=DIRECTION('ref_axis',(0.,0.,-1.));
#13610=DIRECTION('',(0.707106781186548,-0.707106781186548,0.));
#13611=DIRECTION('',(0.,0.,1.));
#13612=DIRECTION('',(-0.707106781186548,0.707106781186548,0.));
#13613=DIRECTION('center_axis',(1.,0.,0.));
#13614=DIRECTION('ref_axis',(0.,1.,0.));
#13615=DIRECTION('',(0.,1.,0.));
#13616=DIRECTION('',(0.,0.,1.));
#13617=DIRECTION('',(0.,1.,0.));
#13618=DIRECTION('',(0.,0.,1.));
#13619=DIRECTION('center_axis',(0.,-1.,0.));
#13620=DIRECTION('ref_axis',(1.,0.,0.));
#13621=DIRECTION('',(1.,0.,0.));
#13622=DIRECTION('',(0.,0.,1.));
#13623=DIRECTION('',(1.,0.,0.));
#13624=DIRECTION('center_axis',(-1.,0.,0.));
#13625=DIRECTION('ref_axis',(0.,-1.,0.));
#13626=DIRECTION('',(0.,-1.,0.));
#13627=DIRECTION('',(0.,0.,1.));
#13628=DIRECTION('',(0.,-1.,0.));
#13629=DIRECTION('center_axis',(0.,1.,0.));
#13630=DIRECTION('ref_axis',(-1.,0.,0.));
#13631=DIRECTION('',(-1.,0.,0.));
#13632=DIRECTION('',(-1.,0.,0.));
#13633=DIRECTION('center_axis',(-0.707106781186548,0.707106781186548,0.));
#13634=DIRECTION('ref_axis',(0.,0.,1.));
#13635=DIRECTION('',(0.707106781186548,0.707106781186548,0.));
#13636=DIRECTION('',(0.,0.,-1.));
#13637=DIRECTION('',(-0.707106781186548,-0.707106781186548,0.));
#13638=DIRECTION('center_axis',(0.,1.,0.));
#13639=DIRECTION('ref_axis',(-1.,0.,0.));
#13640=DIRECTION('',(-1.,0.,0.));
#13641=DIRECTION('',(0.,0.,1.));
#13642=DIRECTION('',(1.,0.,0.));
#13643=DIRECTION('center_axis',(0.707106781186548,0.707106781186548,0.));
#13644=DIRECTION('ref_axis',(0.,0.,-1.));
#13645=DIRECTION('',(0.707106781186548,-0.707106781186548,0.));
#13646=DIRECTION('',(-0.707106781186548,0.707106781186548,0.));
#13647=DIRECTION('center_axis',(-0.707106781186548,-0.707106781186548,0.));
#13648=DIRECTION('ref_axis',(0.,0.,1.));
#13649=DIRECTION('',(-0.707106781186548,0.707106781186548,0.));
#13650=DIRECTION('',(0.707106781186548,-0.707106781186548,0.));
#13651=DIRECTION('',(0.,0.,1.));
#13652=DIRECTION('center_axis',(0.,-1.,0.));
#13653=DIRECTION('ref_axis',(1.,0.,0.));
#13654=DIRECTION('',(-1.,0.,0.));
#13655=DIRECTION('',(0.,0.,-1.));
#13656=DIRECTION('',(1.,0.,0.));
#13657=DIRECTION('center_axis',(0.707106781186548,-0.707106781186548,0.));
#13658=DIRECTION('ref_axis',(0.,0.,-1.));
#13659=DIRECTION('',(-0.707106781186548,-0.707106781186548,0.));
#13660=DIRECTION('',(0.707106781186548,0.707106781186548,0.));
#13661=DIRECTION('center_axis',(1.,0.,0.));
#13662=DIRECTION('ref_axis',(0.,1.,0.));
#13663=DIRECTION('',(0.,1.,0.));
#13664=DIRECTION('',(0.,0.,1.));
#13665=DIRECTION('',(0.,1.,0.));
#13666=DIRECTION('',(0.,0.,1.));
#13667=DIRECTION('center_axis',(0.,1.,0.));
#13668=DIRECTION('ref_axis',(-1.,0.,0.));
#13669=DIRECTION('',(-1.,0.,0.));
#13670=DIRECTION('',(-1.,0.,0.));
#13671=DIRECTION('',(0.,0.,1.));
#13672=DIRECTION('center_axis',(-1.,0.,0.));
#13673=DIRECTION('ref_axis',(0.,-1.,0.));
#13674=DIRECTION('',(0.,-1.,0.));
#13675=DIRECTION('',(0.,-1.,0.));
#13676=DIRECTION('',(0.,0.,1.));
#13677=DIRECTION('center_axis',(0.,-1.,0.));
#13678=DIRECTION('ref_axis',(1.,0.,0.));
#13679=DIRECTION('',(1.,0.,0.));
#13680=DIRECTION('',(1.,0.,0.));
#13681=DIRECTION('center_axis',(-0.707106781186548,0.707106781186548,0.));
#13682=DIRECTION('ref_axis',(0.,0.,1.));
#13683=DIRECTION('',(0.707106781186548,0.707106781186548,0.));
#13684=DIRECTION('',(0.,0.,-1.));
#13685=DIRECTION('',(-0.707106781186548,-0.707106781186548,0.));
#13686=DIRECTION('',(0.,0.,1.));
#13687=DIRECTION('center_axis',(0.,1.,0.));
#13688=DIRECTION('ref_axis',(-1.,0.,0.));
#13689=DIRECTION('',(-1.,0.,0.));
#13690=DIRECTION('',(0.,0.,1.));
#13691=DIRECTION('',(1.,0.,0.));
#13692=DIRECTION('center_axis',(0.707106781186548,0.707106781186548,0.));
#13693=DIRECTION('ref_axis',(0.,0.,-1.));
#13694=DIRECTION('',(0.707106781186548,-0.707106781186548,0.));
#13695=DIRECTION('',(-0.707106781186548,0.707106781186548,0.));
#13696=DIRECTION('center_axis',(-0.707106781186548,-0.707106781186548,0.));
#13697=DIRECTION('ref_axis',(0.,0.,1.));
#13698=DIRECTION('',(-0.707106781186548,0.707106781186548,0.));
#13699=DIRECTION('',(0.,0.,-1.));
#13700=DIRECTION('',(0.707106781186548,-0.707106781186548,0.));
#13701=DIRECTION('',(0.,0.,1.));
#13702=DIRECTION('center_axis',(0.,-1.,0.));
#13703=DIRECTION('ref_axis',(1.,0.,0.));
#13704=DIRECTION('',(-1.,0.,0.));
#13705=DIRECTION('',(0.,0.,-1.));
#13706=DIRECTION('',(1.,0.,0.));
#13707=DIRECTION('center_axis',(0.707106781186548,-0.707106781186548,0.));
#13708=DIRECTION('ref_axis',(0.,0.,-1.));
#13709=DIRECTION('',(-0.707106781186548,-0.707106781186548,0.));
#13710=DIRECTION('',(0.707106781186548,0.707106781186548,0.));
#13711=DIRECTION('center_axis',(1.,0.,0.));
#13712=DIRECTION('ref_axis',(0.,1.,0.));
#13713=DIRECTION('',(0.,1.,0.));
#13714=DIRECTION('',(0.,0.,1.));
#13715=DIRECTION('',(0.,1.,0.));
#13716=DIRECTION('',(0.,0.,1.));
#13717=DIRECTION('center_axis',(0.,1.,0.));
#13718=DIRECTION('ref_axis',(-1.,0.,0.));
#13719=DIRECTION('',(-1.,0.,0.));
#13720=DIRECTION('',(-1.,0.,0.));
#13721=DIRECTION('',(0.,0.,1.));
#13722=DIRECTION('center_axis',(-1.,0.,0.));
#13723=DIRECTION('ref_axis',(0.,-1.,0.));
#13724=DIRECTION('',(0.,-1.,0.));
#13725=DIRECTION('',(0.,-1.,0.));
#13726=DIRECTION('',(0.,0.,1.));
#13727=DIRECTION('center_axis',(0.,-1.,0.));
#13728=DIRECTION('ref_axis',(1.,0.,0.));
#13729=DIRECTION('',(1.,0.,0.));
#13730=DIRECTION('',(1.,0.,0.));
#13731=DIRECTION('center_axis',(-0.707106781186548,-0.707106781186548,0.));
#13732=DIRECTION('ref_axis',(0.,0.,1.));
#13733=DIRECTION('',(-0.707106781186548,0.707106781186548,0.));
#13734=DIRECTION('',(0.707106781186548,-0.707106781186548,0.));
#13735=DIRECTION('',(0.,0.,-1.));
#13736=DIRECTION('center_axis',(0.,-1.,0.));
#13737=DIRECTION('ref_axis',(1.,0.,0.));
#13738=DIRECTION('',(-1.,0.,0.));
#13739=DIRECTION('',(0.,0.,1.));
#13740=DIRECTION('',(1.,0.,0.));
#13741=DIRECTION('center_axis',(0.707106781186548,-0.707106781186548,0.));
#13742=DIRECTION('ref_axis',(0.,0.,-1.));
#13743=DIRECTION('',(-0.707106781186548,-0.707106781186548,0.));
#13744=DIRECTION('',(0.707106781186548,0.707106781186548,0.));
#13745=DIRECTION('center_axis',(-0.707106781186548,0.707106781186548,0.));
#13746=DIRECTION('ref_axis',(0.,0.,1.));
#13747=DIRECTION('',(0.707106781186548,0.707106781186548,0.));
#13748=DIRECTION('',(0.,0.,1.));
#13749=DIRECTION('',(-0.707106781186548,-0.707106781186548,0.));
#13750=DIRECTION('center_axis',(0.,1.,0.));
#13751=DIRECTION('ref_axis',(-1.,0.,0.));
#13752=DIRECTION('',(-1.,0.,0.));
#13753=DIRECTION('',(0.,0.,-1.));
#13754=DIRECTION('',(1.,0.,0.));
#13755=DIRECTION('center_axis',(0.707106781186548,0.707106781186548,0.));
#13756=DIRECTION('ref_axis',(0.,0.,-1.));
#13757=DIRECTION('',(0.707106781186548,-0.707106781186548,0.));
#13758=DIRECTION('',(-0.707106781186548,0.707106781186548,0.));
#13759=DIRECTION('center_axis',(1.,0.,0.));
#13760=DIRECTION('ref_axis',(0.,1.,0.));
#13761=DIRECTION('',(0.,1.,0.));
#13762=DIRECTION('',(0.,0.,1.));
#13763=DIRECTION('',(0.,1.,0.));
#13764=DIRECTION('',(0.,0.,1.));
#13765=DIRECTION('center_axis',(0.,-1.,0.));
#13766=DIRECTION('ref_axis',(1.,0.,0.));
#13767=DIRECTION('',(1.,0.,0.));
#13768=DIRECTION('',(0.,0.,1.));
#13769=DIRECTION('',(1.,0.,0.));
#13770=DIRECTION('center_axis',(-1.,0.,0.));
#13771=DIRECTION('ref_axis',(0.,-1.,0.));
#13772=DIRECTION('',(0.,-1.,0.));
#13773=DIRECTION('',(0.,0.,1.));
#13774=DIRECTION('',(0.,-1.,0.));
#13775=DIRECTION('center_axis',(0.,1.,0.));
#13776=DIRECTION('ref_axis',(-1.,0.,0.));
#13777=DIRECTION('',(-1.,0.,0.));
#13778=DIRECTION('',(-1.,0.,0.));
#13779=DIRECTION('center_axis',(-0.707106781186548,-0.707106781186548,0.));
#13780=DIRECTION('ref_axis',(0.,0.,1.));
#13781=DIRECTION('',(-0.707106781186548,0.707106781186548,0.));
#13782=DIRECTION('',(0.,0.,1.));
#13783=DIRECTION('',(0.707106781186548,-0.707106781186548,0.));
#13784=DIRECTION('',(0.,0.,-1.));
#13785=DIRECTION('center_axis',(0.,-1.,0.));
#13786=DIRECTION('ref_axis',(1.,0.,0.));
#13787=DIRECTION('',(-1.,0.,0.));
#13788=DIRECTION('',(0.,0.,1.));
#13789=DIRECTION('',(1.,0.,0.));
#13790=DIRECTION('center_axis',(0.707106781186548,-0.707106781186548,0.));
#13791=DIRECTION('ref_axis',(0.,0.,-1.));
#13792=DIRECTION('',(-0.707106781186548,-0.707106781186548,0.));
#13793=DIRECTION('',(0.707106781186548,0.707106781186548,0.));
#13794=DIRECTION('',(0.,0.,-1.));
#13795=DIRECTION('center_axis',(-0.707106781186548,0.707106781186548,0.));
#13796=DIRECTION('ref_axis',(0.,0.,1.));
#13797=DIRECTION('',(0.707106781186548,0.707106781186548,0.));
#13798=DIRECTION('',(0.,0.,1.));
#13799=DIRECTION('',(-0.707106781186548,-0.707106781186548,0.));
#13800=DIRECTION('',(0.,0.,-1.));
#13801=DIRECTION('center_axis',(0.,1.,0.));
#13802=DIRECTION('ref_axis',(-1.,0.,0.));
#13803=DIRECTION('',(-1.,0.,0.));
#13804=DIRECTION('',(0.,0.,-1.));
#13805=DIRECTION('',(1.,0.,0.));
#13806=DIRECTION('center_axis',(0.707106781186548,0.707106781186548,0.));
#13807=DIRECTION('ref_axis',(0.,0.,-1.));
#13808=DIRECTION('',(0.707106781186548,-0.707106781186548,0.));
#13809=DIRECTION('',(0.,0.,1.));
#13810=DIRECTION('',(-0.707106781186548,0.707106781186548,0.));
#13811=DIRECTION('center_axis',(1.,0.,0.));
#13812=DIRECTION('ref_axis',(0.,1.,0.));
#13813=DIRECTION('',(0.,1.,0.));
#13814=DIRECTION('',(0.,0.,1.));
#13815=DIRECTION('',(0.,1.,0.));
#13816=DIRECTION('',(0.,0.,1.));
#13817=DIRECTION('center_axis',(0.,-1.,0.));
#13818=DIRECTION('ref_axis',(1.,0.,0.));
#13819=DIRECTION('',(1.,0.,0.));
#13820=DIRECTION('',(0.,0.,1.));
#13821=DIRECTION('',(1.,0.,0.));
#13822=DIRECTION('center_axis',(-1.,0.,0.));
#13823=DIRECTION('ref_axis',(0.,-1.,0.));
#13824=DIRECTION('',(0.,-1.,0.));
#13825=DIRECTION('',(0.,0.,1.));
#13826=DIRECTION('',(0.,-1.,0.));
#13827=DIRECTION('center_axis',(0.,1.,0.));
#13828=DIRECTION('ref_axis',(-1.,0.,0.));
#13829=DIRECTION('',(-1.,0.,0.));
#13830=DIRECTION('',(-1.,0.,0.));
#13831=DIRECTION('center_axis',(-0.707106781186548,0.707106781186548,0.));
#13832=DIRECTION('ref_axis',(0.,0.,1.));
#13833=DIRECTION('',(0.707106781186548,0.707106781186548,0.));
#13834=DIRECTION('',(0.,0.,-1.));
#13835=DIRECTION('',(-0.707106781186548,-0.707106781186548,0.));
#13836=DIRECTION('center_axis',(0.,1.,0.));
#13837=DIRECTION('ref_axis',(-1.,0.,0.));
#13838=DIRECTION('',(-1.,0.,0.));
#13839=DIRECTION('',(0.,0.,1.));
#13840=DIRECTION('',(1.,0.,0.));
#13841=DIRECTION('center_axis',(0.707106781186548,0.707106781186548,0.));
#13842=DIRECTION('ref_axis',(0.,0.,-1.));
#13843=DIRECTION('',(0.707106781186548,-0.707106781186548,0.));
#13844=DIRECTION('',(0.,0.,-1.));
#13845=DIRECTION('',(-0.707106781186548,0.707106781186548,0.));
#13846=DIRECTION('center_axis',(-0.707106781186548,-0.707106781186548,0.));
#13847=DIRECTION('ref_axis',(0.,0.,1.));
#13848=DIRECTION('',(-0.707106781186548,0.707106781186548,0.));
#13849=DIRECTION('',(0.707106781186548,-0.707106781186548,0.));
#13850=DIRECTION('',(0.,0.,1.));
#13851=DIRECTION('center_axis',(0.,-1.,0.));
#13852=DIRECTION('ref_axis',(1.,0.,0.));
#13853=DIRECTION('',(-1.,0.,0.));
#13854=DIRECTION('',(0.,0.,-1.));
#13855=DIRECTION('',(1.,0.,0.));
#13856=DIRECTION('center_axis',(0.707106781186548,-0.707106781186548,0.));
#13857=DIRECTION('ref_axis',(0.,0.,-1.));
#13858=DIRECTION('',(-0.707106781186548,-0.707106781186548,0.));
#13859=DIRECTION('',(0.707106781186548,0.707106781186548,0.));
#13860=DIRECTION('',(0.,0.,1.));
#13861=DIRECTION('center_axis',(1.,0.,0.));
#13862=DIRECTION('ref_axis',(0.,1.,0.));
#13863=DIRECTION('',(0.,1.,0.));
#13864=DIRECTION('',(0.,0.,1.));
#13865=DIRECTION('',(0.,1.,0.));
#13866=DIRECTION('',(0.,0.,1.));
#13867=DIRECTION('center_axis',(0.,1.,0.));
#13868=DIRECTION('ref_axis',(-1.,0.,0.));
#13869=DIRECTION('',(-1.,0.,0.));
#13870=DIRECTION('',(-1.,0.,0.));
#13871=DIRECTION('',(0.,0.,1.));
#13872=DIRECTION('center_axis',(-1.,0.,0.));
#13873=DIRECTION('ref_axis',(0.,-1.,0.));
#13874=DIRECTION('',(0.,-1.,0.));
#13875=DIRECTION('',(0.,-1.,0.));
#13876=DIRECTION('',(0.,0.,1.));
#13877=DIRECTION('center_axis',(0.,-1.,0.));
#13878=DIRECTION('ref_axis',(1.,0.,0.));
#13879=DIRECTION('',(1.,0.,0.));
#13880=DIRECTION('',(1.,0.,0.));
#13881=DIRECTION('center_axis',(-0.707106781186548,0.707106781186548,0.));
#13882=DIRECTION('ref_axis',(0.,0.,1.));
#13883=DIRECTION('',(0.707106781186548,0.707106781186548,0.));
#13884=DIRECTION('',(0.,0.,-1.));
#13885=DIRECTION('',(-0.707106781186548,-0.707106781186548,0.));
#13886=DIRECTION('',(0.,0.,1.));
#13887=DIRECTION('center_axis',(0.,1.,0.));
#13888=DIRECTION('ref_axis',(-1.,0.,0.));
#13889=DIRECTION('',(-1.,0.,0.));
#13890=DIRECTION('',(0.,0.,1.));
#13891=DIRECTION('',(1.,0.,0.));
#13892=DIRECTION('center_axis',(0.707106781186548,0.707106781186548,0.));
#13893=DIRECTION('ref_axis',(0.,0.,-1.));
#13894=DIRECTION('',(0.707106781186548,-0.707106781186548,0.));
#13895=DIRECTION('',(-0.707106781186548,0.707106781186548,0.));
#13896=DIRECTION('center_axis',(-0.707106781186548,-0.707106781186548,0.));
#13897=DIRECTION('ref_axis',(0.,0.,1.));
#13898=DIRECTION('',(-0.707106781186548,0.707106781186548,0.));
#13899=DIRECTION('',(0.,0.,-1.));
#13900=DIRECTION('',(0.707106781186548,-0.707106781186548,0.));
#13901=DIRECTION('',(0.,0.,1.));
#13902=DIRECTION('center_axis',(0.,-1.,0.));
#13903=DIRECTION('ref_axis',(1.,0.,0.));
#13904=DIRECTION('',(-1.,0.,0.));
#13905=DIRECTION('',(0.,0.,-1.));
#13906=DIRECTION('',(1.,0.,0.));
#13907=DIRECTION('center_axis',(0.707106781186548,-0.707106781186548,0.));
#13908=DIRECTION('ref_axis',(0.,0.,-1.));
#13909=DIRECTION('',(-0.707106781186548,-0.707106781186548,0.));
#13910=DIRECTION('',(0.707106781186548,0.707106781186548,0.));
#13911=DIRECTION('center_axis',(1.,0.,0.));
#13912=DIRECTION('ref_axis',(0.,1.,0.));
#13913=DIRECTION('',(0.,1.,0.));
#13914=DIRECTION('',(0.,0.,1.));
#13915=DIRECTION('',(0.,1.,0.));
#13916=DIRECTION('',(0.,0.,1.));
#13917=DIRECTION('center_axis',(0.,1.,0.));
#13918=DIRECTION('ref_axis',(-1.,0.,0.));
#13919=DIRECTION('',(-1.,0.,0.));
#13920=DIRECTION('',(-1.,0.,0.));
#13921=DIRECTION('',(0.,0.,1.));
#13922=DIRECTION('center_axis',(-1.,0.,0.));
#13923=DIRECTION('ref_axis',(0.,-1.,0.));
#13924=DIRECTION('',(0.,-1.,0.));
#13925=DIRECTION('',(0.,-1.,0.));
#13926=DIRECTION('',(0.,0.,1.));
#13927=DIRECTION('center_axis',(0.,-1.,0.));
#13928=DIRECTION('ref_axis',(1.,0.,0.));
#13929=DIRECTION('',(1.,0.,0.));
#13930=DIRECTION('',(1.,0.,0.));
#13931=DIRECTION('center_axis',(-0.707106781186548,-0.707106781186548,0.));
#13932=DIRECTION('ref_axis',(0.,0.,1.));
#13933=DIRECTION('',(-0.707106781186548,0.707106781186548,0.));
#13934=DIRECTION('',(0.707106781186548,-0.707106781186548,0.));
#13935=DIRECTION('',(0.,0.,-1.));
#13936=DIRECTION('center_axis',(0.,-1.,0.));
#13937=DIRECTION('ref_axis',(1.,0.,0.));
#13938=DIRECTION('',(-1.,0.,0.));
#13939=DIRECTION('',(0.,0.,1.));
#13940=DIRECTION('',(1.,0.,0.));
#13941=DIRECTION('center_axis',(0.707106781186548,-0.707106781186548,0.));
#13942=DIRECTION('ref_axis',(0.,0.,-1.));
#13943=DIRECTION('',(-0.707106781186548,-0.707106781186548,0.));
#13944=DIRECTION('',(0.707106781186548,0.707106781186548,0.));
#13945=DIRECTION('center_axis',(-0.707106781186548,0.707106781186548,0.));
#13946=DIRECTION('ref_axis',(0.,0.,1.));
#13947=DIRECTION('',(0.707106781186548,0.707106781186548,0.));
#13948=DIRECTION('',(0.,0.,1.));
#13949=DIRECTION('',(-0.707106781186548,-0.707106781186548,0.));
#13950=DIRECTION('center_axis',(0.,1.,0.));
#13951=DIRECTION('ref_axis',(-1.,0.,0.));
#13952=DIRECTION('',(-1.,0.,0.));
#13953=DIRECTION('',(0.,0.,-1.));
#13954=DIRECTION('',(1.,0.,0.));
#13955=DIRECTION('center_axis',(0.707106781186548,0.707106781186548,0.));
#13956=DIRECTION('ref_axis',(0.,0.,-1.));
#13957=DIRECTION('',(0.707106781186548,-0.707106781186548,0.));
#13958=DIRECTION('',(-0.707106781186548,0.707106781186548,0.));
#13959=DIRECTION('center_axis',(1.,0.,0.));
#13960=DIRECTION('ref_axis',(0.,1.,0.));
#13961=DIRECTION('',(0.,1.,0.));
#13962=DIRECTION('',(0.,0.,1.));
#13963=DIRECTION('',(0.,1.,0.));
#13964=DIRECTION('',(0.,0.,1.));
#13965=DIRECTION('center_axis',(0.,-1.,0.));
#13966=DIRECTION('ref_axis',(1.,0.,0.));
#13967=DIRECTION('',(1.,0.,0.));
#13968=DIRECTION('',(0.,0.,1.));
#13969=DIRECTION('',(1.,0.,0.));
#13970=DIRECTION('center_axis',(-1.,0.,0.));
#13971=DIRECTION('ref_axis',(0.,-1.,0.));
#13972=DIRECTION('',(0.,-1.,0.));
#13973=DIRECTION('',(0.,0.,1.));
#13974=DIRECTION('',(0.,-1.,0.));
#13975=DIRECTION('center_axis',(0.,1.,0.));
#13976=DIRECTION('ref_axis',(-1.,0.,0.));
#13977=DIRECTION('',(-1.,0.,0.));
#13978=DIRECTION('',(-1.,0.,0.));
#13979=DIRECTION('center_axis',(-0.707106781186548,0.707106781186548,0.));
#13980=DIRECTION('ref_axis',(0.,0.,1.));
#13981=DIRECTION('',(0.707106781186548,0.707106781186548,0.));
#13982=DIRECTION('',(0.,0.,-1.));
#13983=DIRECTION('',(-0.707106781186548,-0.707106781186548,0.));
#13984=DIRECTION('',(0.,0.,1.));
#13985=DIRECTION('center_axis',(0.,1.,0.));
#13986=DIRECTION('ref_axis',(-1.,0.,0.));
#13987=DIRECTION('',(-1.,0.,0.));
#13988=DIRECTION('',(0.,0.,1.));
#13989=DIRECTION('',(1.,0.,0.));
#13990=DIRECTION('center_axis',(0.707106781186548,0.707106781186548,0.));
#13991=DIRECTION('ref_axis',(0.,0.,-1.));
#13992=DIRECTION('',(0.707106781186548,-0.707106781186548,0.));
#13993=DIRECTION('',(0.,0.,-1.));
#13994=DIRECTION('',(-0.707106781186548,0.707106781186548,0.));
#13995=DIRECTION('center_axis',(-0.707106781186548,-0.707106781186548,0.));
#13996=DIRECTION('ref_axis',(0.,0.,1.));
#13997=DIRECTION('',(-0.707106781186548,0.707106781186548,0.));
#13998=DIRECTION('',(0.,0.,-1.));
#13999=DIRECTION('',(0.707106781186548,-0.707106781186548,0.));
#14000=DIRECTION('',(0.,0.,1.));
#14001=DIRECTION('center_axis',(0.,-1.,0.));
#14002=DIRECTION('ref_axis',(1.,0.,0.));
#14003=DIRECTION('',(-1.,0.,0.));
#14004=DIRECTION('',(0.,0.,-1.));
#14005=DIRECTION('',(1.,0.,0.));
#14006=DIRECTION('center_axis',(0.707106781186548,-0.707106781186548,0.));
#14007=DIRECTION('ref_axis',(0.,0.,-1.));
#14008=DIRECTION('',(-0.707106781186548,-0.707106781186548,0.));
#14009=DIRECTION('',(0.707106781186548,0.707106781186548,0.));
#14010=DIRECTION('',(0.,0.,1.));
#14011=DIRECTION('center_axis',(1.,0.,0.));
#14012=DIRECTION('ref_axis',(0.,1.,0.));
#14013=DIRECTION('',(0.,1.,0.));
#14014=DIRECTION('',(0.,0.,1.));
#14015=DIRECTION('',(0.,1.,0.));
#14016=DIRECTION('',(0.,0.,1.));
#14017=DIRECTION('center_axis',(0.,1.,0.));
#14018=DIRECTION('ref_axis',(-1.,0.,0.));
#14019=DIRECTION('',(-1.,0.,0.));
#14020=DIRECTION('',(-1.,0.,0.));
#14021=DIRECTION('',(0.,0.,1.));
#14022=DIRECTION('center_axis',(-1.,0.,0.));
#14023=DIRECTION('ref_axis',(0.,-1.,0.));
#14024=DIRECTION('',(0.,-1.,0.));
#14025=DIRECTION('',(0.,-1.,0.));
#14026=DIRECTION('',(0.,0.,1.));
#14027=DIRECTION('center_axis',(0.,-1.,0.));
#14028=DIRECTION('ref_axis',(1.,0.,0.));
#14029=DIRECTION('',(1.,0.,0.));
#14030=DIRECTION('',(1.,0.,0.));
#14031=DIRECTION('center_axis',(-0.707106781186548,-0.707106781186548,0.));
#14032=DIRECTION('ref_axis',(0.,0.,1.));
#14033=DIRECTION('',(-0.707106781186548,0.707106781186548,0.));
#14034=DIRECTION('',(0.707106781186548,-0.707106781186548,0.));
#14035=DIRECTION('',(0.,0.,-1.));
#14036=DIRECTION('center_axis',(0.,-1.,0.));
#14037=DIRECTION('ref_axis',(1.,0.,0.));
#14038=DIRECTION('',(-1.,0.,0.));
#14039=DIRECTION('',(0.,0.,1.));
#14040=DIRECTION('',(1.,0.,0.));
#14041=DIRECTION('center_axis',(0.707106781186548,-0.707106781186548,0.));
#14042=DIRECTION('ref_axis',(0.,0.,-1.));
#14043=DIRECTION('',(-0.707106781186548,-0.707106781186548,0.));
#14044=DIRECTION('',(0.707106781186548,0.707106781186548,0.));
#14045=DIRECTION('center_axis',(-0.707106781186548,0.707106781186548,0.));
#14046=DIRECTION('ref_axis',(0.,0.,1.));
#14047=DIRECTION('',(0.707106781186548,0.707106781186548,0.));
#14048=DIRECTION('',(0.,0.,1.));
#14049=DIRECTION('',(-0.707106781186548,-0.707106781186548,0.));
#14050=DIRECTION('center_axis',(0.,1.,0.));
#14051=DIRECTION('ref_axis',(-1.,0.,0.));
#14052=DIRECTION('',(-1.,0.,0.));
#14053=DIRECTION('',(0.,0.,-1.));
#14054=DIRECTION('',(1.,0.,0.));
#14055=DIRECTION('center_axis',(0.707106781186548,0.707106781186548,0.));
#14056=DIRECTION('ref_axis',(0.,0.,-1.));
#14057=DIRECTION('',(0.707106781186548,-0.707106781186548,0.));
#14058=DIRECTION('',(-0.707106781186548,0.707106781186548,0.));
#14059=DIRECTION('center_axis',(1.,0.,0.));
#14060=DIRECTION('ref_axis',(0.,1.,0.));
#14061=DIRECTION('',(0.,1.,0.));
#14062=DIRECTION('',(0.,0.,1.));
#14063=DIRECTION('',(0.,1.,0.));
#14064=DIRECTION('',(0.,0.,1.));
#14065=DIRECTION('center_axis',(0.,-1.,0.));
#14066=DIRECTION('ref_axis',(1.,0.,0.));
#14067=DIRECTION('',(1.,0.,0.));
#14068=DIRECTION('',(0.,0.,1.));
#14069=DIRECTION('',(1.,0.,0.));
#14070=DIRECTION('center_axis',(-1.,0.,0.));
#14071=DIRECTION('ref_axis',(0.,-1.,0.));
#14072=DIRECTION('',(0.,-1.,0.));
#14073=DIRECTION('',(0.,0.,1.));
#14074=DIRECTION('',(0.,-1.,0.));
#14075=DIRECTION('center_axis',(0.,1.,0.));
#14076=DIRECTION('ref_axis',(-1.,0.,0.));
#14077=DIRECTION('',(-1.,0.,0.));
#14078=DIRECTION('',(-1.,0.,0.));
#14079=DIRECTION('center_axis',(-0.707106781186548,-0.707106781186548,0.));
#14080=DIRECTION('ref_axis',(0.,0.,1.));
#14081=DIRECTION('',(-0.707106781186548,0.707106781186548,0.));
#14082=DIRECTION('',(0.,0.,1.));
#14083=DIRECTION('',(0.707106781186548,-0.707106781186548,0.));
#14084=DIRECTION('',(0.,0.,-1.));
#14085=DIRECTION('center_axis',(0.,-1.,0.));
#14086=DIRECTION('ref_axis',(1.,0.,0.));
#14087=DIRECTION('',(-1.,0.,0.));
#14088=DIRECTION('',(0.,0.,1.));
#14089=DIRECTION('',(1.,0.,0.));
#14090=DIRECTION('center_axis',(0.707106781186548,-0.707106781186548,0.));
#14091=DIRECTION('ref_axis',(0.,0.,-1.));
#14092=DIRECTION('',(-0.707106781186548,-0.707106781186548,0.));
#14093=DIRECTION('',(0.707106781186548,0.707106781186548,0.));
#14094=DIRECTION('center_axis',(-0.707106781186548,0.707106781186548,0.));
#14095=DIRECTION('ref_axis',(0.,0.,1.));
#14096=DIRECTION('',(0.707106781186548,0.707106781186548,0.));
#14097=DIRECTION('',(0.,0.,1.));
#14098=DIRECTION('',(-0.707106781186548,-0.707106781186548,0.));
#14099=DIRECTION('',(0.,0.,-1.));
#14100=DIRECTION('center_axis',(0.,1.,0.));
#14101=DIRECTION('ref_axis',(-1.,0.,0.));
#14102=DIRECTION('',(-1.,0.,0.));
#14103=DIRECTION('',(0.,0.,-1.));
#14104=DIRECTION('',(1.,0.,0.));
#14105=DIRECTION('center_axis',(0.707106781186548,0.707106781186548,0.));
#14106=DIRECTION('ref_axis',(0.,0.,-1.));
#14107=DIRECTION('',(0.707106781186548,-0.707106781186548,0.));
#14108=DIRECTION('',(-0.707106781186548,0.707106781186548,0.));
#14109=DIRECTION('center_axis',(1.,0.,0.));
#14110=DIRECTION('ref_axis',(0.,1.,0.));
#14111=DIRECTION('',(0.,1.,0.));
#14112=DIRECTION('',(0.,0.,1.));
#14113=DIRECTION('',(0.,1.,0.));
#14114=DIRECTION('',(0.,0.,1.));
#14115=DIRECTION('center_axis',(0.,-1.,0.));
#14116=DIRECTION('ref_axis',(1.,0.,0.));
#14117=DIRECTION('',(1.,0.,0.));
#14118=DIRECTION('',(0.,0.,1.));
#14119=DIRECTION('',(1.,0.,0.));
#14120=DIRECTION('center_axis',(-1.,0.,0.));
#14121=DIRECTION('ref_axis',(0.,-1.,0.));
#14122=DIRECTION('',(0.,-1.,0.));
#14123=DIRECTION('',(0.,0.,1.));
#14124=DIRECTION('',(0.,-1.,0.));
#14125=DIRECTION('center_axis',(0.,1.,0.));
#14126=DIRECTION('ref_axis',(-1.,0.,0.));
#14127=DIRECTION('',(-1.,0.,0.));
#14128=DIRECTION('',(-1.,0.,0.));
#14129=DIRECTION('center_axis',(-0.707106781186548,0.707106781186548,0.));
#14130=DIRECTION('ref_axis',(0.,0.,1.));
#14131=DIRECTION('',(0.707106781186548,0.707106781186548,0.));
#14132=DIRECTION('',(0.,0.,-1.));
#14133=DIRECTION('',(-0.707106781186548,-0.707106781186548,0.));
#14134=DIRECTION('center_axis',(0.,0.,1.));
#14135=DIRECTION('ref_axis',(1.,0.,0.));
#14136=DIRECTION('',(1.,0.,0.));
#14137=DIRECTION('',(-0.707106781186548,0.707106781186548,0.));
#14138=DIRECTION('',(0.,-1.,0.));
#14139=DIRECTION('',(0.707106781186548,0.707106781186548,0.));
#14140=DIRECTION('',(-1.,0.,0.));
#14141=DIRECTION('',(0.707106781186548,-0.707106781186548,0.));
#14142=DIRECTION('',(1.,0.,0.));
#14143=DIRECTION('',(0.,1.,0.));
#14144=DIRECTION('',(-1.,0.,0.));
#14145=DIRECTION('',(0.,-1.,0.));
#14146=DIRECTION('center_axis',(0.,1.,0.));
#14147=DIRECTION('ref_axis',(-1.,0.,0.));
#14148=DIRECTION('',(-1.,0.,0.));
#14149=DIRECTION('',(0.,0.,1.));
#14150=DIRECTION('center_axis',(0.707106781186548,0.707106781186548,0.));
#14151=DIRECTION('ref_axis',(0.,0.,-1.));
#14152=DIRECTION('',(0.707106781186548,-0.707106781186548,0.));
#14153=DIRECTION('',(0.,0.,-1.));
#14154=DIRECTION('center_axis',(-0.707106781186548,-0.707106781186548,0.));
#14155=DIRECTION('ref_axis',(0.,0.,1.));
#14156=DIRECTION('',(-0.707106781186548,0.707106781186548,0.));
#14157=DIRECTION('',(0.,0.,1.));
#14158=DIRECTION('center_axis',(0.,-1.,0.));
#14159=DIRECTION('ref_axis',(1.,0.,0.));
#14160=DIRECTION('',(0.,0.,-1.));
#14161=DIRECTION('',(1.,0.,0.));
#14162=DIRECTION('center_axis',(0.707106781186548,-0.707106781186548,0.));
#14163=DIRECTION('ref_axis',(0.,0.,-1.));
#14164=DIRECTION('',(-0.707106781186548,-0.707106781186548,0.));
#14165=DIRECTION('',(0.,0.,1.));
#14166=DIRECTION('center_axis',(1.,0.,0.));
#14167=DIRECTION('ref_axis',(0.,1.,0.));
#14168=DIRECTION('',(0.,0.,1.));
#14169=DIRECTION('',(0.,1.,0.));
#14170=DIRECTION('',(0.,0.,1.));
#14171=DIRECTION('center_axis',(0.,1.,0.));
#14172=DIRECTION('ref_axis',(-1.,0.,0.));
#14173=DIRECTION('',(-1.,0.,0.));
#14174=DIRECTION('',(0.,0.,1.));
#14175=DIRECTION('center_axis',(-1.,0.,0.));
#14176=DIRECTION('ref_axis',(0.,-1.,0.));
#14177=DIRECTION('',(0.,-1.,0.));
#14178=DIRECTION('',(0.,0.,1.));
#14179=DIRECTION('center_axis',(0.,-1.,0.));
#14180=DIRECTION('ref_axis',(1.,0.,0.));
#14181=DIRECTION('',(1.,0.,0.));
#14182=DIRECTION('center_axis',(1.,0.,0.));
#14183=DIRECTION('ref_axis',(0.,1.,0.));
#14184=DIRECTION('',(0.,1.,0.));
#14185=DIRECTION('center_axis',(0.,0.,1.));
#14186=DIRECTION('ref_axis',(1.,0.,0.));
#14187=DIRECTION('center_axis',(0.,0.,-1.));
#14188=DIRECTION('ref_axis',(-1.,0.,0.));
#14189=DIRECTION('',(-1.,0.,0.));
#14190=DIRECTION('',(0.,1.,0.));
#14191=DIRECTION('',(1.,0.,0.));
#14192=DIRECTION('',(0.,-1.,0.));
#14193=DIRECTION('center_axis',(7.52646451596665E-17,0.986393923832144,
-0.164398987305357));
#14194=DIRECTION('ref_axis',(0.,-0.164398987305357,-0.986393923832144));
#14195=DIRECTION('',(-0.162221421130762,0.162221421130762,0.973328526784575));
#14196=DIRECTION('',(-1.,0.,0.));
#14197=DIRECTION('',(0.162221421130762,0.162221421130762,0.973328526784575));
#14198=DIRECTION('center_axis',(-0.986393923832144,7.52646451596665E-17,
-0.164398987305357));
#14199=DIRECTION('ref_axis',(-0.164398987305357,0.,0.986393923832144));
#14200=DIRECTION('',(-0.162221421130762,-0.162221421130762,0.973328526784575));
#14201=DIRECTION('',(0.,-1.,0.));
#14202=DIRECTION('center_axis',(-7.52646451596665E-17,-0.986393923832144,
-0.164398987305357));
#14203=DIRECTION('ref_axis',(0.,-0.164398987305357,0.986393923832144));
#14204=DIRECTION('',(0.162221421130762,-0.162221421130762,0.973328526784575));
#14205=DIRECTION('',(1.,0.,0.));
#14206=DIRECTION('center_axis',(0.986393923832144,-7.52646451596665E-17,
-0.164398987305357));
#14207=DIRECTION('ref_axis',(-0.164398987305357,0.,-0.986393923832144));
#14208=DIRECTION('',(0.,1.,0.));
#14209=DIRECTION('center_axis',(1.,0.,0.));
#14210=DIRECTION('ref_axis',(0.,1.,0.));
#14211=DIRECTION('',(0.,0.,1.));
#14212=DIRECTION('',(0.,1.,0.));
#14213=DIRECTION('',(0.,0.,1.));
#14214=DIRECTION('center_axis',(0.,1.,0.));
#14215=DIRECTION('ref_axis',(-1.,0.,0.));
#14216=DIRECTION('',(0.,0.,1.));
#14217=DIRECTION('',(-1.,0.,0.));
#14218=DIRECTION('center_axis',(-1.,0.,0.));
#14219=DIRECTION('ref_axis',(0.,-1.,0.));
#14220=DIRECTION('',(0.,0.,1.));
#14221=DIRECTION('',(0.,-1.,0.));
#14222=DIRECTION('center_axis',(0.,-1.,0.));
#14223=DIRECTION('ref_axis',(1.,0.,0.));
#14224=DIRECTION('',(1.,0.,0.));
#14225=DIRECTION('center_axis',(0.,0.,-1.));
#14226=DIRECTION('ref_axis',(-1.,0.,0.));
#14227=DIRECTION('center_axis',(0.,0.,-1.));
#14228=DIRECTION('ref_axis',(-1.,0.,0.));
#14229=DIRECTION('',(-1.,0.,0.));
#14230=DIRECTION('',(0.,1.,0.));
#14231=DIRECTION('',(1.,0.,0.));
#14232=DIRECTION('',(0.,-1.,0.));
#14233=DIRECTION('center_axis',(7.52646451596665E-17,0.986393923832144,
-0.164398987305357));
#14234=DIRECTION('ref_axis',(0.,-0.164398987305357,-0.986393923832144));
#14235=DIRECTION('',(-0.162221421130762,0.162221421130762,0.973328526784575));
#14236=DIRECTION('',(-1.,0.,0.));
#14237=DIRECTION('',(0.162221421130762,0.162221421130762,0.973328526784575));
#14238=DIRECTION('center_axis',(-0.986393923832144,7.52646451596665E-17,
-0.164398987305357));
#14239=DIRECTION('ref_axis',(-0.164398987305357,0.,0.986393923832144));
#14240=DIRECTION('',(-0.162221421130762,-0.162221421130762,0.973328526784575));
#14241=DIRECTION('',(0.,-1.,0.));
#14242=DIRECTION('center_axis',(-7.52646451596665E-17,-0.986393923832144,
-0.164398987305357));
#14243=DIRECTION('ref_axis',(0.,-0.164398987305357,0.986393923832144));
#14244=DIRECTION('',(0.162221421130762,-0.162221421130762,0.973328526784575));
#14245=DIRECTION('',(1.,0.,0.));
#14246=DIRECTION('center_axis',(0.986393923832144,-7.52646451596665E-17,
-0.164398987305357));
#14247=DIRECTION('ref_axis',(-0.164398987305357,0.,-0.986393923832144));
#14248=DIRECTION('',(0.,1.,0.));
#14249=DIRECTION('center_axis',(1.,0.,0.));
#14250=DIRECTION('ref_axis',(0.,1.,0.));
#14251=DIRECTION('',(0.,0.,1.));
#14252=DIRECTION('',(0.,1.,0.));
#14253=DIRECTION('',(0.,0.,1.));
#14254=DIRECTION('center_axis',(0.,1.,0.));
#14255=DIRECTION('ref_axis',(-1.,0.,0.));
#14256=DIRECTION('',(0.,0.,1.));
#14257=DIRECTION('',(-1.,0.,0.));
#14258=DIRECTION('center_axis',(-1.,0.,0.));
#14259=DIRECTION('ref_axis',(0.,-1.,0.));
#14260=DIRECTION('',(0.,0.,1.));
#14261=DIRECTION('',(0.,-1.,0.));
#14262=DIRECTION('center_axis',(0.,-1.,0.));
#14263=DIRECTION('ref_axis',(1.,0.,0.));
#14264=DIRECTION('',(1.,0.,0.));
#14265=DIRECTION('center_axis',(0.,0.,-1.));
#14266=DIRECTION('ref_axis',(-1.,0.,0.));
#14267=DIRECTION('center_axis',(0.,0.,1.));
#14268=DIRECTION('ref_axis',(1.,0.,0.));
#14269=DIRECTION('',(1.,0.,0.));
#14270=DIRECTION('',(0.,-1.,0.));
#14271=DIRECTION('',(-1.,0.,0.));
#14272=DIRECTION('',(0.,1.,0.));
#14273=DIRECTION('center_axis',(7.52646451596665E-17,-0.986393923832144,
0.164398987305357));
#14274=DIRECTION('ref_axis',(0.,-0.164398987305357,-0.986393923832144));
#14275=DIRECTION('',(-0.162221421130762,0.162221421130762,0.973328526784575));
#14276=DIRECTION('',(1.,0.,0.));
#14277=DIRECTION('',(0.162221421130762,0.162221421130762,0.973328526784575));
#14278=DIRECTION('center_axis',(-0.986393923832144,-7.52646451596665E-17,
0.164398987305357));
#14279=DIRECTION('ref_axis',(0.164398987305357,0.,0.986393923832144));
#14280=DIRECTION('',(0.,-1.,0.));
#14281=DIRECTION('',(0.162221421130762,-0.162221421130762,0.973328526784575));
#14282=DIRECTION('center_axis',(-7.52646451596665E-17,0.986393923832144,
0.164398987305357));
#14283=DIRECTION('ref_axis',(0.,-0.164398987305357,0.986393923832144));
#14284=DIRECTION('',(-1.,0.,0.));
#14285=DIRECTION('',(-0.162221421130762,-0.162221421130762,0.973328526784575));
#14286=DIRECTION('center_axis',(0.986393923832144,7.52646451596665E-17,
0.164398987305357));
#14287=DIRECTION('ref_axis',(0.164398987305357,0.,-0.986393923832144));
#14288=DIRECTION('',(0.,1.,0.));
#14289=DIRECTION('center_axis',(1.,0.,0.));
#14290=DIRECTION('ref_axis',(0.,1.,0.));
#14291=DIRECTION('',(0.,0.,1.));
#14292=DIRECTION('',(0.,1.,0.));
#14293=DIRECTION('',(0.,0.,1.));
#14294=DIRECTION('center_axis',(0.,-1.,0.));
#14295=DIRECTION('ref_axis',(1.,0.,0.));
#14296=DIRECTION('',(1.,0.,0.));
#14297=DIRECTION('',(0.,0.,1.));
#14298=DIRECTION('center_axis',(-1.,0.,0.));
#14299=DIRECTION('ref_axis',(0.,-1.,0.));
#14300=DIRECTION('',(0.,-1.,0.));
#14301=DIRECTION('',(0.,0.,1.));
#14302=DIRECTION('center_axis',(0.,1.,0.));
#14303=DIRECTION('ref_axis',(-1.,0.,0.));
#14304=DIRECTION('',(-1.,0.,0.));
#14305=DIRECTION('center_axis',(0.,0.,1.));
#14306=DIRECTION('ref_axis',(1.,0.,0.));
#14307=DIRECTION('center_axis',(0.,0.,-1.));
#14308=DIRECTION('ref_axis',(-1.,0.,0.));
#14309=DIRECTION('',(-1.,0.,0.));
#14310=DIRECTION('',(0.,1.,0.));
#14311=DIRECTION('',(1.,0.,0.));
#14312=DIRECTION('',(0.,-1.,0.));
#14313=DIRECTION('center_axis',(7.52646451596665E-17,0.986393923832144,
-0.164398987305357));
#14314=DIRECTION('ref_axis',(0.,-0.164398987305357,-0.986393923832144));
#14315=DIRECTION('',(-0.162221421130762,0.162221421130762,0.973328526784575));
#14316=DIRECTION('',(-1.,0.,0.));
#14317=DIRECTION('',(0.162221421130762,0.162221421130762,0.973328526784575));
#14318=DIRECTION('center_axis',(-0.986393923832144,7.52646451596665E-17,
-0.164398987305357));
#14319=DIRECTION('ref_axis',(-0.164398987305357,0.,0.986393923832144));
#14320=DIRECTION('',(-0.162221421130762,-0.162221421130762,0.973328526784575));
#14321=DIRECTION('',(0.,-1.,0.));
#14322=DIRECTION('center_axis',(-7.52646451596665E-17,-0.986393923832144,
-0.164398987305357));
#14323=DIRECTION('ref_axis',(0.,-0.164398987305357,0.986393923832144));
#14324=DIRECTION('',(0.162221421130762,-0.162221421130762,0.973328526784575));
#14325=DIRECTION('',(1.,0.,0.));
#14326=DIRECTION('center_axis',(0.986393923832144,-7.52646451596665E-17,
-0.164398987305357));
#14327=DIRECTION('ref_axis',(-0.164398987305357,0.,-0.986393923832144));
#14328=DIRECTION('',(0.,1.,0.));
#14329=DIRECTION('center_axis',(1.,0.,0.));
#14330=DIRECTION('ref_axis',(0.,1.,0.));
#14331=DIRECTION('',(0.,0.,1.));
#14332=DIRECTION('',(0.,1.,0.));
#14333=DIRECTION('',(0.,0.,1.));
#14334=DIRECTION('center_axis',(0.,1.,0.));
#14335=DIRECTION('ref_axis',(-1.,0.,0.));
#14336=DIRECTION('',(0.,0.,1.));
#14337=DIRECTION('',(-1.,0.,0.));
#14338=DIRECTION('center_axis',(-1.,0.,0.));
#14339=DIRECTION('ref_axis',(0.,-1.,0.));
#14340=DIRECTION('',(0.,0.,1.));
#14341=DIRECTION('',(0.,-1.,0.));
#14342=DIRECTION('center_axis',(0.,-1.,0.));
#14343=DIRECTION('ref_axis',(1.,0.,0.));
#14344=DIRECTION('',(1.,0.,0.));
#14345=DIRECTION('center_axis',(0.,0.,-1.));
#14346=DIRECTION('ref_axis',(-1.,0.,0.));
#14347=DIRECTION('center_axis',(0.,0.,1.));
#14348=DIRECTION('ref_axis',(1.,0.,0.));
#14349=DIRECTION('',(1.,0.,0.));
#14350=DIRECTION('',(0.,-1.,0.));
#14351=DIRECTION('',(-1.,0.,0.));
#14352=DIRECTION('',(0.,1.,0.));
#14353=DIRECTION('center_axis',(7.52646451596665E-17,-0.986393923832144,
0.164398987305357));
#14354=DIRECTION('ref_axis',(0.,-0.164398987305357,-0.986393923832144));
#14355=DIRECTION('',(-0.162221421130762,0.162221421130762,0.973328526784575));
#14356=DIRECTION('',(1.,0.,0.));
#14357=DIRECTION('',(0.162221421130762,0.162221421130762,0.973328526784575));
#14358=DIRECTION('center_axis',(-0.986393923832144,-7.52646451596665E-17,
0.164398987305357));
#14359=DIRECTION('ref_axis',(0.164398987305357,0.,0.986393923832144));
#14360=DIRECTION('',(0.,-1.,0.));
#14361=DIRECTION('',(0.162221421130762,-0.162221421130762,0.973328526784575));
#14362=DIRECTION('center_axis',(-7.52646451596665E-17,0.986393923832144,
0.164398987305357));
#14363=DIRECTION('ref_axis',(0.,-0.164398987305357,0.986393923832144));
#14364=DIRECTION('',(-1.,0.,0.));
#14365=DIRECTION('',(-0.162221421130762,-0.162221421130762,0.973328526784575));
#14366=DIRECTION('center_axis',(0.986393923832144,7.52646451596665E-17,
0.164398987305357));
#14367=DIRECTION('ref_axis',(0.164398987305357,0.,-0.986393923832144));
#14368=DIRECTION('',(0.,1.,0.));
#14369=DIRECTION('center_axis',(1.,0.,0.));
#14370=DIRECTION('ref_axis',(0.,1.,0.));
#14371=DIRECTION('',(0.,0.,1.));
#14372=DIRECTION('',(0.,1.,0.));
#14373=DIRECTION('',(0.,0.,1.));
#14374=DIRECTION('center_axis',(0.,-1.,0.));
#14375=DIRECTION('ref_axis',(1.,0.,0.));
#14376=DIRECTION('',(1.,0.,0.));
#14377=DIRECTION('',(0.,0.,1.));
#14378=DIRECTION('center_axis',(-1.,0.,0.));
#14379=DIRECTION('ref_axis',(0.,-1.,0.));
#14380=DIRECTION('',(0.,-1.,0.));
#14381=DIRECTION('',(0.,0.,1.));
#14382=DIRECTION('center_axis',(0.,1.,0.));
#14383=DIRECTION('ref_axis',(-1.,0.,0.));
#14384=DIRECTION('',(-1.,0.,0.));
#14385=DIRECTION('center_axis',(0.,0.,1.));
#14386=DIRECTION('ref_axis',(1.,0.,0.));
#14387=DIRECTION('center_axis',(0.,0.,1.));
#14388=DIRECTION('ref_axis',(1.,0.,0.));
#14389=DIRECTION('',(1.,0.,0.));
#14390=DIRECTION('',(0.,-1.,0.));
#14391=DIRECTION('',(-1.,0.,0.));
#14392=DIRECTION('',(0.,1.,0.));
#14393=DIRECTION('center_axis',(7.52646451596665E-17,-0.986393923832144,
0.164398987305357));
#14394=DIRECTION('ref_axis',(0.,-0.164398987305357,-0.986393923832144));
#14395=DIRECTION('',(-0.162221421130762,0.162221421130762,0.973328526784575));
#14396=DIRECTION('',(1.,0.,0.));
#14397=DIRECTION('',(0.162221421130762,0.162221421130762,0.973328526784575));
#14398=DIRECTION('center_axis',(-0.986393923832144,-7.52646451596665E-17,
0.164398987305357));
#14399=DIRECTION('ref_axis',(0.164398987305357,0.,0.986393923832144));
#14400=DIRECTION('',(0.,-1.,0.));
#14401=DIRECTION('',(0.162221421130762,-0.162221421130762,0.973328526784575));
#14402=DIRECTION('center_axis',(-7.52646451596665E-17,0.986393923832144,
0.164398987305357));
#14403=DIRECTION('ref_axis',(0.,-0.164398987305357,0.986393923832144));
#14404=DIRECTION('',(-1.,0.,0.));
#14405=DIRECTION('',(-0.162221421130762,-0.162221421130762,0.973328526784575));
#14406=DIRECTION('center_axis',(0.986393923832144,7.52646451596665E-17,
0.164398987305357));
#14407=DIRECTION('ref_axis',(0.164398987305357,0.,-0.986393923832144));
#14408=DIRECTION('',(0.,1.,0.));
#14409=DIRECTION('center_axis',(1.,0.,0.));
#14410=DIRECTION('ref_axis',(0.,1.,0.));
#14411=DIRECTION('',(0.,0.,1.));
#14412=DIRECTION('',(0.,1.,0.));
#14413=DIRECTION('',(0.,0.,1.));
#14414=DIRECTION('center_axis',(0.,-1.,0.));
#14415=DIRECTION('ref_axis',(1.,0.,0.));
#14416=DIRECTION('',(1.,0.,0.));
#14417=DIRECTION('',(0.,0.,1.));
#14418=DIRECTION('center_axis',(-1.,0.,0.));
#14419=DIRECTION('ref_axis',(0.,-1.,0.));
#14420=DIRECTION('',(0.,-1.,0.));
#14421=DIRECTION('',(0.,0.,1.));
#14422=DIRECTION('center_axis',(0.,1.,0.));
#14423=DIRECTION('ref_axis',(-1.,0.,0.));
#14424=DIRECTION('',(-1.,0.,0.));
#14425=DIRECTION('center_axis',(0.,0.,1.));
#14426=DIRECTION('ref_axis',(1.,0.,0.));
#14427=DIRECTION('center_axis',(0.,0.,-1.));
#14428=DIRECTION('ref_axis',(-1.,0.,0.));
#14429=DIRECTION('',(-1.,0.,0.));
#14430=DIRECTION('',(0.,1.,0.));
#14431=DIRECTION('',(1.,0.,0.));
#14432=DIRECTION('',(0.,-1.,0.));
#14433=DIRECTION('center_axis',(7.52646451596665E-17,0.986393923832144,
-0.164398987305357));
#14434=DIRECTION('ref_axis',(0.,-0.164398987305357,-0.986393923832144));
#14435=DIRECTION('',(-0.162221421130762,0.162221421130762,0.973328526784575));
#14436=DIRECTION('',(-1.,0.,0.));
#14437=DIRECTION('',(0.162221421130762,0.162221421130762,0.973328526784575));
#14438=DIRECTION('center_axis',(-0.986393923832144,7.52646451596665E-17,
-0.164398987305357));
#14439=DIRECTION('ref_axis',(-0.164398987305357,0.,0.986393923832144));
#14440=DIRECTION('',(-0.162221421130762,-0.162221421130762,0.973328526784575));
#14441=DIRECTION('',(0.,-1.,0.));
#14442=DIRECTION('center_axis',(-7.52646451596665E-17,-0.986393923832144,
-0.164398987305357));
#14443=DIRECTION('ref_axis',(0.,-0.164398987305357,0.986393923832144));
#14444=DIRECTION('',(0.162221421130762,-0.162221421130762,0.973328526784575));
#14445=DIRECTION('',(1.,0.,0.));
#14446=DIRECTION('center_axis',(0.986393923832144,-7.52646451596665E-17,
-0.164398987305357));
#14447=DIRECTION('ref_axis',(-0.164398987305357,0.,-0.986393923832144));
#14448=DIRECTION('',(0.,1.,0.));
#14449=DIRECTION('center_axis',(1.,0.,0.));
#14450=DIRECTION('ref_axis',(0.,1.,0.));
#14451=DIRECTION('',(0.,0.,1.));
#14452=DIRECTION('',(0.,1.,0.));
#14453=DIRECTION('',(0.,0.,1.));
#14454=DIRECTION('center_axis',(0.,1.,0.));
#14455=DIRECTION('ref_axis',(-1.,0.,0.));
#14456=DIRECTION('',(0.,0.,1.));
#14457=DIRECTION('',(-1.,0.,0.));
#14458=DIRECTION('center_axis',(-1.,0.,0.));
#14459=DIRECTION('ref_axis',(0.,-1.,0.));
#14460=DIRECTION('',(0.,0.,1.));
#14461=DIRECTION('',(0.,-1.,0.));
#14462=DIRECTION('center_axis',(0.,-1.,0.));
#14463=DIRECTION('ref_axis',(1.,0.,0.));
#14464=DIRECTION('',(1.,0.,0.));
#14465=DIRECTION('center_axis',(0.,0.,-1.));
#14466=DIRECTION('ref_axis',(-1.,0.,0.));
#14467=DIRECTION('center_axis',(0.,0.,-1.));
#14468=DIRECTION('ref_axis',(-1.,0.,0.));
#14469=DIRECTION('',(-1.,0.,0.));
#14470=DIRECTION('',(0.,1.,0.));
#14471=DIRECTION('',(1.,0.,0.));
#14472=DIRECTION('',(0.,-1.,0.));
#14473=DIRECTION('center_axis',(7.52646451596665E-17,0.986393923832144,
-0.164398987305357));
#14474=DIRECTION('ref_axis',(0.,-0.164398987305357,-0.986393923832144));
#14475=DIRECTION('',(-0.162221421130762,0.162221421130762,0.973328526784575));
#14476=DIRECTION('',(-1.,0.,0.));
#14477=DIRECTION('',(0.162221421130762,0.162221421130762,0.973328526784575));
#14478=DIRECTION('center_axis',(-0.986393923832144,7.52646451596665E-17,
-0.164398987305357));
#14479=DIRECTION('ref_axis',(-0.164398987305357,0.,0.986393923832144));
#14480=DIRECTION('',(-0.162221421130762,-0.162221421130762,0.973328526784575));
#14481=DIRECTION('',(0.,-1.,0.));
#14482=DIRECTION('center_axis',(-7.52646451596665E-17,-0.986393923832144,
-0.164398987305357));
#14483=DIRECTION('ref_axis',(0.,-0.164398987305357,0.986393923832144));
#14484=DIRECTION('',(0.162221421130762,-0.162221421130762,0.973328526784575));
#14485=DIRECTION('',(1.,0.,0.));
#14486=DIRECTION('center_axis',(0.986393923832144,-7.52646451596665E-17,
-0.164398987305357));
#14487=DIRECTION('ref_axis',(-0.164398987305357,0.,-0.986393923832144));
#14488=DIRECTION('',(0.,1.,0.));
#14489=DIRECTION('center_axis',(1.,0.,0.));
#14490=DIRECTION('ref_axis',(0.,1.,0.));
#14491=DIRECTION('',(0.,0.,1.));
#14492=DIRECTION('',(0.,1.,0.));
#14493=DIRECTION('',(0.,0.,1.));
#14494=DIRECTION('center_axis',(0.,1.,0.));
#14495=DIRECTION('ref_axis',(-1.,0.,0.));
#14496=DIRECTION('',(0.,0.,1.));
#14497=DIRECTION('',(-1.,0.,0.));
#14498=DIRECTION('center_axis',(-1.,0.,0.));
#14499=DIRECTION('ref_axis',(0.,-1.,0.));
#14500=DIRECTION('',(0.,0.,1.));
#14501=DIRECTION('',(0.,-1.,0.));
#14502=DIRECTION('center_axis',(0.,-1.,0.));
#14503=DIRECTION('ref_axis',(1.,0.,0.));
#14504=DIRECTION('',(1.,0.,0.));
#14505=DIRECTION('center_axis',(0.,0.,-1.));
#14506=DIRECTION('ref_axis',(-1.,0.,0.));
#14507=DIRECTION('center_axis',(0.,0.,1.));
#14508=DIRECTION('ref_axis',(1.,0.,0.));
#14509=DIRECTION('',(1.,0.,0.));
#14510=DIRECTION('',(0.,-1.,0.));
#14511=DIRECTION('',(-1.,0.,0.));
#14512=DIRECTION('',(0.,1.,0.));
#14513=DIRECTION('center_axis',(7.52646451596665E-17,-0.986393923832144,
0.164398987305357));
#14514=DIRECTION('ref_axis',(0.,-0.164398987305357,-0.986393923832144));
#14515=DIRECTION('',(-0.162221421130762,0.162221421130762,0.973328526784575));
#14516=DIRECTION('',(1.,0.,0.));
#14517=DIRECTION('',(0.162221421130762,0.162221421130762,0.973328526784575));
#14518=DIRECTION('center_axis',(-0.986393923832144,-7.52646451596665E-17,
0.164398987305357));
#14519=DIRECTION('ref_axis',(0.164398987305357,0.,0.986393923832144));
#14520=DIRECTION('',(0.,-1.,0.));
#14521=DIRECTION('',(0.162221421130762,-0.162221421130762,0.973328526784575));
#14522=DIRECTION('center_axis',(-7.52646451596665E-17,0.986393923832144,
0.164398987305357));
#14523=DIRECTION('ref_axis',(0.,-0.164398987305357,0.986393923832144));
#14524=DIRECTION('',(-1.,0.,0.));
#14525=DIRECTION('',(-0.162221421130762,-0.162221421130762,0.973328526784575));
#14526=DIRECTION('center_axis',(0.986393923832144,7.52646451596665E-17,
0.164398987305357));
#14527=DIRECTION('ref_axis',(0.164398987305357,0.,-0.986393923832144));
#14528=DIRECTION('',(0.,1.,0.));
#14529=DIRECTION('center_axis',(1.,0.,0.));
#14530=DIRECTION('ref_axis',(0.,1.,0.));
#14531=DIRECTION('',(0.,0.,1.));
#14532=DIRECTION('',(0.,1.,0.));
#14533=DIRECTION('',(0.,0.,1.));
#14534=DIRECTION('center_axis',(0.,-1.,0.));
#14535=DIRECTION('ref_axis',(1.,0.,0.));
#14536=DIRECTION('',(1.,0.,0.));
#14537=DIRECTION('',(0.,0.,1.));
#14538=DIRECTION('center_axis',(-1.,0.,0.));
#14539=DIRECTION('ref_axis',(0.,-1.,0.));
#14540=DIRECTION('',(0.,-1.,0.));
#14541=DIRECTION('',(0.,0.,1.));
#14542=DIRECTION('center_axis',(0.,1.,0.));
#14543=DIRECTION('ref_axis',(-1.,0.,0.));
#14544=DIRECTION('',(-1.,0.,0.));
#14545=DIRECTION('center_axis',(0.,0.,1.));
#14546=DIRECTION('ref_axis',(1.,0.,0.));
#14547=DIRECTION('center_axis',(0.,0.,1.));
#14548=DIRECTION('ref_axis',(1.,0.,0.));
#14549=DIRECTION('',(1.,0.,0.));
#14550=DIRECTION('',(0.,-1.,0.));
#14551=DIRECTION('',(-1.,0.,0.));
#14552=DIRECTION('',(0.,1.,0.));
#14553=DIRECTION('center_axis',(7.52646451596665E-17,-0.986393923832144,
0.164398987305357));
#14554=DIRECTION('ref_axis',(0.,-0.164398987305357,-0.986393923832144));
#14555=DIRECTION('',(-0.162221421130762,0.162221421130762,0.973328526784575));
#14556=DIRECTION('',(1.,0.,0.));
#14557=DIRECTION('',(0.162221421130762,0.162221421130762,0.973328526784575));
#14558=DIRECTION('center_axis',(-0.986393923832144,-7.52646451596665E-17,
0.164398987305357));
#14559=DIRECTION('ref_axis',(0.164398987305357,0.,0.986393923832144));
#14560=DIRECTION('',(0.,-1.,0.));
#14561=DIRECTION('',(0.162221421130762,-0.162221421130762,0.973328526784575));
#14562=DIRECTION('center_axis',(-7.52646451596665E-17,0.986393923832144,
0.164398987305357));
#14563=DIRECTION('ref_axis',(0.,-0.164398987305357,0.986393923832144));
#14564=DIRECTION('',(-1.,0.,0.));
#14565=DIRECTION('',(-0.162221421130762,-0.162221421130762,0.973328526784575));
#14566=DIRECTION('center_axis',(0.986393923832144,7.52646451596665E-17,
0.164398987305357));
#14567=DIRECTION('ref_axis',(0.164398987305357,0.,-0.986393923832144));
#14568=DIRECTION('',(0.,1.,0.));
#14569=DIRECTION('center_axis',(1.,0.,0.));
#14570=DIRECTION('ref_axis',(0.,1.,0.));
#14571=DIRECTION('',(0.,0.,1.));
#14572=DIRECTION('',(0.,1.,0.));
#14573=DIRECTION('',(0.,0.,1.));
#14574=DIRECTION('center_axis',(0.,-1.,0.));
#14575=DIRECTION('ref_axis',(1.,0.,0.));
#14576=DIRECTION('',(1.,0.,0.));
#14577=DIRECTION('',(0.,0.,1.));
#14578=DIRECTION('center_axis',(-1.,0.,0.));
#14579=DIRECTION('ref_axis',(0.,-1.,0.));
#14580=DIRECTION('',(0.,-1.,0.));
#14581=DIRECTION('',(0.,0.,1.));
#14582=DIRECTION('center_axis',(0.,1.,0.));
#14583=DIRECTION('ref_axis',(-1.,0.,0.));
#14584=DIRECTION('',(-1.,0.,0.));
#14585=DIRECTION('center_axis',(0.,0.,1.));
#14586=DIRECTION('ref_axis',(1.,0.,0.));
#14587=DIRECTION('center_axis',(0.,0.,-1.));
#14588=DIRECTION('ref_axis',(-1.,0.,0.));
#14589=DIRECTION('',(-1.,0.,0.));
#14590=DIRECTION('',(0.,1.,0.));
#14591=DIRECTION('',(1.,0.,0.));
#14592=DIRECTION('',(0.,-1.,0.));
#14593=DIRECTION('center_axis',(7.52646451596665E-17,0.986393923832144,
-0.164398987305357));
#14594=DIRECTION('ref_axis',(0.,-0.164398987305357,-0.986393923832144));
#14595=DIRECTION('',(-0.162221421130762,0.162221421130762,0.973328526784575));
#14596=DIRECTION('',(-1.,0.,0.));
#14597=DIRECTION('',(0.162221421130762,0.162221421130762,0.973328526784575));
#14598=DIRECTION('center_axis',(-0.986393923832144,7.52646451596665E-17,
-0.164398987305357));
#14599=DIRECTION('ref_axis',(-0.164398987305357,0.,0.986393923832144));
#14600=DIRECTION('',(-0.162221421130762,-0.162221421130762,0.973328526784575));
#14601=DIRECTION('',(0.,-1.,0.));
#14602=DIRECTION('center_axis',(-7.52646451596665E-17,-0.986393923832144,
-0.164398987305357));
#14603=DIRECTION('ref_axis',(0.,-0.164398987305357,0.986393923832144));
#14604=DIRECTION('',(0.162221421130762,-0.162221421130762,0.973328526784575));
#14605=DIRECTION('',(1.,0.,0.));
#14606=DIRECTION('center_axis',(0.986393923832144,-7.52646451596665E-17,
-0.164398987305357));
#14607=DIRECTION('ref_axis',(-0.164398987305357,0.,-0.986393923832144));
#14608=DIRECTION('',(0.,1.,0.));
#14609=DIRECTION('center_axis',(1.,0.,0.));
#14610=DIRECTION('ref_axis',(0.,1.,0.));
#14611=DIRECTION('',(0.,0.,1.));
#14612=DIRECTION('',(0.,1.,0.));
#14613=DIRECTION('',(0.,0.,1.));
#14614=DIRECTION('center_axis',(0.,1.,0.));
#14615=DIRECTION('ref_axis',(-1.,0.,0.));
#14616=DIRECTION('',(0.,0.,1.));
#14617=DIRECTION('',(-1.,0.,0.));
#14618=DIRECTION('center_axis',(-1.,0.,0.));
#14619=DIRECTION('ref_axis',(0.,-1.,0.));
#14620=DIRECTION('',(0.,0.,1.));
#14621=DIRECTION('',(0.,-1.,0.));
#14622=DIRECTION('center_axis',(0.,-1.,0.));
#14623=DIRECTION('ref_axis',(1.,0.,0.));
#14624=DIRECTION('',(1.,0.,0.));
#14625=DIRECTION('center_axis',(0.,0.,-1.));
#14626=DIRECTION('ref_axis',(-1.,0.,0.));
#14627=DIRECTION('center_axis',(0.,0.,1.));
#14628=DIRECTION('ref_axis',(1.,0.,0.));
#14629=DIRECTION('',(1.,0.,0.));
#14630=DIRECTION('',(0.,-1.,0.));
#14631=DIRECTION('',(-1.,0.,0.));
#14632=DIRECTION('',(0.,1.,0.));
#14633=DIRECTION('center_axis',(7.52646451596665E-17,-0.986393923832144,
0.164398987305357));
#14634=DIRECTION('ref_axis',(0.,-0.164398987305357,-0.986393923832144));
#14635=DIRECTION('',(-0.162221421130762,0.162221421130762,0.973328526784575));
#14636=DIRECTION('',(1.,0.,0.));
#14637=DIRECTION('',(0.162221421130762,0.162221421130762,0.973328526784575));
#14638=DIRECTION('center_axis',(-0.986393923832144,-7.52646451596665E-17,
0.164398987305357));
#14639=DIRECTION('ref_axis',(0.164398987305357,0.,0.986393923832144));
#14640=DIRECTION('',(0.,-1.,0.));
#14641=DIRECTION('',(0.162221421130762,-0.162221421130762,0.973328526784575));
#14642=DIRECTION('center_axis',(-7.52646451596665E-17,0.986393923832144,
0.164398987305357));
#14643=DIRECTION('ref_axis',(0.,-0.164398987305357,0.986393923832144));
#14644=DIRECTION('',(-1.,0.,0.));
#14645=DIRECTION('',(-0.162221421130762,-0.162221421130762,0.973328526784575));
#14646=DIRECTION('center_axis',(0.986393923832144,7.52646451596665E-17,
0.164398987305357));
#14647=DIRECTION('ref_axis',(0.164398987305357,0.,-0.986393923832144));
#14648=DIRECTION('',(0.,1.,0.));
#14649=DIRECTION('center_axis',(1.,0.,0.));
#14650=DIRECTION('ref_axis',(0.,1.,0.));
#14651=DIRECTION('',(0.,0.,1.));
#14652=DIRECTION('',(0.,1.,0.));
#14653=DIRECTION('',(0.,0.,1.));
#14654=DIRECTION('center_axis',(0.,-1.,0.));
#14655=DIRECTION('ref_axis',(1.,0.,0.));
#14656=DIRECTION('',(1.,0.,0.));
#14657=DIRECTION('',(0.,0.,1.));
#14658=DIRECTION('center_axis',(-1.,0.,0.));
#14659=DIRECTION('ref_axis',(0.,-1.,0.));
#14660=DIRECTION('',(0.,-1.,0.));
#14661=DIRECTION('',(0.,0.,1.));
#14662=DIRECTION('center_axis',(0.,1.,0.));
#14663=DIRECTION('ref_axis',(-1.,0.,0.));
#14664=DIRECTION('',(-1.,0.,0.));
#14665=DIRECTION('center_axis',(0.,0.,1.));
#14666=DIRECTION('ref_axis',(1.,0.,0.));
#14667=DIRECTION('center_axis',(0.,0.,-1.));
#14668=DIRECTION('ref_axis',(-1.,0.,0.));
#14669=DIRECTION('',(-1.,0.,0.));
#14670=DIRECTION('',(0.,1.,0.));
#14671=DIRECTION('',(1.,0.,0.));
#14672=DIRECTION('',(0.,-1.,0.));
#14673=DIRECTION('center_axis',(7.52646451596665E-17,0.986393923832144,
-0.164398987305357));
#14674=DIRECTION('ref_axis',(0.,-0.164398987305357,-0.986393923832144));
#14675=DIRECTION('',(-0.162221421130762,0.162221421130762,0.973328526784575));
#14676=DIRECTION('',(-1.,0.,0.));
#14677=DIRECTION('',(0.162221421130762,0.162221421130762,0.973328526784575));
#14678=DIRECTION('center_axis',(-0.986393923832144,7.52646451596665E-17,
-0.164398987305357));
#14679=DIRECTION('ref_axis',(-0.164398987305357,0.,0.986393923832144));
#14680=DIRECTION('',(-0.162221421130762,-0.162221421130762,0.973328526784575));
#14681=DIRECTION('',(0.,-1.,0.));
#14682=DIRECTION('center_axis',(-7.52646451596665E-17,-0.986393923832144,
-0.164398987305357));
#14683=DIRECTION('ref_axis',(0.,-0.164398987305357,0.986393923832144));
#14684=DIRECTION('',(0.162221421130762,-0.162221421130762,0.973328526784575));
#14685=DIRECTION('',(1.,0.,0.));
#14686=DIRECTION('center_axis',(0.986393923832144,-7.52646451596665E-17,
-0.164398987305357));
#14687=DIRECTION('ref_axis',(-0.164398987305357,0.,-0.986393923832144));
#14688=DIRECTION('',(0.,1.,0.));
#14689=DIRECTION('center_axis',(1.,0.,0.));
#14690=DIRECTION('ref_axis',(0.,1.,0.));
#14691=DIRECTION('',(0.,0.,1.));
#14692=DIRECTION('',(0.,1.,0.));
#14693=DIRECTION('',(0.,0.,1.));
#14694=DIRECTION('center_axis',(0.,1.,0.));
#14695=DIRECTION('ref_axis',(-1.,0.,0.));
#14696=DIRECTION('',(0.,0.,1.));
#14697=DIRECTION('',(-1.,0.,0.));
#14698=DIRECTION('center_axis',(-1.,0.,0.));
#14699=DIRECTION('ref_axis',(0.,-1.,0.));
#14700=DIRECTION('',(0.,0.,1.));
#14701=DIRECTION('',(0.,-1.,0.));
#14702=DIRECTION('center_axis',(0.,-1.,0.));
#14703=DIRECTION('ref_axis',(1.,0.,0.));
#14704=DIRECTION('',(1.,0.,0.));
#14705=DIRECTION('center_axis',(0.,0.,-1.));
#14706=DIRECTION('ref_axis',(-1.,0.,0.));
#14707=DIRECTION('center_axis',(0.,0.,-1.));
#14708=DIRECTION('ref_axis',(-1.,0.,0.));
#14709=DIRECTION('',(-1.,0.,0.));
#14710=DIRECTION('',(0.,1.,0.));
#14711=DIRECTION('',(1.,0.,0.));
#14712=DIRECTION('',(0.,-1.,0.));
#14713=DIRECTION('center_axis',(7.52646451596665E-17,0.986393923832144,
-0.164398987305357));
#14714=DIRECTION('ref_axis',(0.,-0.164398987305357,-0.986393923832144));
#14715=DIRECTION('',(-0.162221421130762,0.162221421130762,0.973328526784575));
#14716=DIRECTION('',(-1.,0.,0.));
#14717=DIRECTION('',(0.162221421130762,0.162221421130762,0.973328526784575));
#14718=DIRECTION('center_axis',(-0.986393923832144,7.52646451596665E-17,
-0.164398987305357));
#14719=DIRECTION('ref_axis',(-0.164398987305357,0.,0.986393923832144));
#14720=DIRECTION('',(-0.162221421130762,-0.162221421130762,0.973328526784575));
#14721=DIRECTION('',(0.,-1.,0.));
#14722=DIRECTION('center_axis',(-7.52646451596665E-17,-0.986393923832144,
-0.164398987305357));
#14723=DIRECTION('ref_axis',(0.,-0.164398987305357,0.986393923832144));
#14724=DIRECTION('',(0.162221421130762,-0.162221421130762,0.973328526784575));
#14725=DIRECTION('',(1.,0.,0.));
#14726=DIRECTION('center_axis',(0.986393923832144,-7.52646451596665E-17,
-0.164398987305357));
#14727=DIRECTION('ref_axis',(-0.164398987305357,0.,-0.986393923832144));
#14728=DIRECTION('',(0.,1.,0.));
#14729=DIRECTION('center_axis',(1.,0.,0.));
#14730=DIRECTION('ref_axis',(0.,1.,0.));
#14731=DIRECTION('',(0.,0.,1.));
#14732=DIRECTION('',(0.,1.,0.));
#14733=DIRECTION('',(0.,0.,1.));
#14734=DIRECTION('center_axis',(0.,1.,0.));
#14735=DIRECTION('ref_axis',(-1.,0.,0.));
#14736=DIRECTION('',(0.,0.,1.));
#14737=DIRECTION('',(-1.,0.,0.));
#14738=DIRECTION('center_axis',(-1.,0.,0.));
#14739=DIRECTION('ref_axis',(0.,-1.,0.));
#14740=DIRECTION('',(0.,0.,1.));
#14741=DIRECTION('',(0.,-1.,0.));
#14742=DIRECTION('center_axis',(0.,-1.,0.));
#14743=DIRECTION('ref_axis',(1.,0.,0.));
#14744=DIRECTION('',(1.,0.,0.));
#14745=DIRECTION('center_axis',(0.,0.,-1.));
#14746=DIRECTION('ref_axis',(-1.,0.,0.));
#14747=DIRECTION('center_axis',(0.,0.,1.));
#14748=DIRECTION('ref_axis',(1.,0.,0.));
#14749=DIRECTION('',(1.,0.,0.));
#14750=DIRECTION('',(0.,-1.,0.));
#14751=DIRECTION('',(-1.,0.,0.));
#14752=DIRECTION('',(0.,1.,0.));
#14753=DIRECTION('center_axis',(7.52646451596665E-17,-0.986393923832144,
0.164398987305357));
#14754=DIRECTION('ref_axis',(0.,-0.164398987305357,-0.986393923832144));
#14755=DIRECTION('',(-0.162221421130762,0.162221421130762,0.973328526784575));
#14756=DIRECTION('',(1.,0.,0.));
#14757=DIRECTION('',(0.162221421130762,0.162221421130762,0.973328526784575));
#14758=DIRECTION('center_axis',(-0.986393923832144,-7.52646451596665E-17,
0.164398987305357));
#14759=DIRECTION('ref_axis',(0.164398987305357,0.,0.986393923832144));
#14760=DIRECTION('',(0.,-1.,0.));
#14761=DIRECTION('',(0.162221421130762,-0.162221421130762,0.973328526784575));
#14762=DIRECTION('center_axis',(-7.52646451596665E-17,0.986393923832144,
0.164398987305357));
#14763=DIRECTION('ref_axis',(0.,-0.164398987305357,0.986393923832144));
#14764=DIRECTION('',(-1.,0.,0.));
#14765=DIRECTION('',(-0.162221421130762,-0.162221421130762,0.973328526784575));
#14766=DIRECTION('center_axis',(0.986393923832144,7.52646451596665E-17,
0.164398987305357));
#14767=DIRECTION('ref_axis',(0.164398987305357,0.,-0.986393923832144));
#14768=DIRECTION('',(0.,1.,0.));
#14769=DIRECTION('center_axis',(1.,0.,0.));
#14770=DIRECTION('ref_axis',(0.,1.,0.));
#14771=DIRECTION('',(0.,0.,1.));
#14772=DIRECTION('',(0.,1.,0.));
#14773=DIRECTION('',(0.,0.,1.));
#14774=DIRECTION('center_axis',(0.,-1.,0.));
#14775=DIRECTION('ref_axis',(1.,0.,0.));
#14776=DIRECTION('',(1.,0.,0.));
#14777=DIRECTION('',(0.,0.,1.));
#14778=DIRECTION('center_axis',(-1.,0.,0.));
#14779=DIRECTION('ref_axis',(0.,-1.,0.));
#14780=DIRECTION('',(0.,-1.,0.));
#14781=DIRECTION('',(0.,0.,1.));
#14782=DIRECTION('center_axis',(0.,1.,0.));
#14783=DIRECTION('ref_axis',(-1.,0.,0.));
#14784=DIRECTION('',(-1.,0.,0.));
#14785=DIRECTION('center_axis',(0.,0.,1.));
#14786=DIRECTION('ref_axis',(1.,0.,0.));
#14787=DIRECTION('center_axis',(0.,0.,-1.));
#14788=DIRECTION('ref_axis',(-1.,0.,0.));
#14789=DIRECTION('',(-1.,0.,0.));
#14790=DIRECTION('',(0.,1.,0.));
#14791=DIRECTION('',(1.,0.,0.));
#14792=DIRECTION('',(0.,-1.,0.));
#14793=DIRECTION('center_axis',(7.52646451596665E-17,0.986393923832144,
-0.164398987305357));
#14794=DIRECTION('ref_axis',(0.,-0.164398987305357,-0.986393923832144));
#14795=DIRECTION('',(-0.162221421130762,0.162221421130762,0.973328526784575));
#14796=DIRECTION('',(-1.,0.,0.));
#14797=DIRECTION('',(0.162221421130762,0.162221421130762,0.973328526784575));
#14798=DIRECTION('center_axis',(-0.986393923832144,7.52646451596665E-17,
-0.164398987305357));
#14799=DIRECTION('ref_axis',(-0.164398987305357,0.,0.986393923832144));
#14800=DIRECTION('',(-0.162221421130762,-0.162221421130762,0.973328526784575));
#14801=DIRECTION('',(0.,-1.,0.));
#14802=DIRECTION('center_axis',(-7.52646451596665E-17,-0.986393923832144,
-0.164398987305357));
#14803=DIRECTION('ref_axis',(0.,-0.164398987305357,0.986393923832144));
#14804=DIRECTION('',(0.162221421130762,-0.162221421130762,0.973328526784575));
#14805=DIRECTION('',(1.,0.,0.));
#14806=DIRECTION('center_axis',(0.986393923832144,-7.52646451596665E-17,
-0.164398987305357));
#14807=DIRECTION('ref_axis',(-0.164398987305357,0.,-0.986393923832144));
#14808=DIRECTION('',(0.,1.,0.));
#14809=DIRECTION('center_axis',(1.,0.,0.));
#14810=DIRECTION('ref_axis',(0.,1.,0.));
#14811=DIRECTION('',(0.,0.,1.));
#14812=DIRECTION('',(0.,1.,0.));
#14813=DIRECTION('',(0.,0.,1.));
#14814=DIRECTION('center_axis',(0.,1.,0.));
#14815=DIRECTION('ref_axis',(-1.,0.,0.));
#14816=DIRECTION('',(0.,0.,1.));
#14817=DIRECTION('',(-1.,0.,0.));
#14818=DIRECTION('center_axis',(-1.,0.,0.));
#14819=DIRECTION('ref_axis',(0.,-1.,0.));
#14820=DIRECTION('',(0.,0.,1.));
#14821=DIRECTION('',(0.,-1.,0.));
#14822=DIRECTION('center_axis',(0.,-1.,0.));
#14823=DIRECTION('ref_axis',(1.,0.,0.));
#14824=DIRECTION('',(1.,0.,0.));
#14825=DIRECTION('center_axis',(0.,0.,-1.));
#14826=DIRECTION('ref_axis',(-1.,0.,0.));
#14827=DIRECTION('center_axis',(0.,0.,1.));
#14828=DIRECTION('ref_axis',(1.,0.,0.));
#14829=DIRECTION('',(1.,0.,0.));
#14830=DIRECTION('',(0.,-1.,0.));
#14831=DIRECTION('',(-1.,0.,0.));
#14832=DIRECTION('',(0.,1.,0.));
#14833=DIRECTION('center_axis',(7.52646451596665E-17,-0.986393923832144,
0.164398987305357));
#14834=DIRECTION('ref_axis',(0.,-0.164398987305357,-0.986393923832144));
#14835=DIRECTION('',(-0.162221421130762,0.162221421130762,0.973328526784575));
#14836=DIRECTION('',(1.,0.,0.));
#14837=DIRECTION('',(0.162221421130762,0.162221421130762,0.973328526784575));
#14838=DIRECTION('center_axis',(-0.986393923832144,-7.52646451596665E-17,
0.164398987305357));
#14839=DIRECTION('ref_axis',(0.164398987305357,0.,0.986393923832144));
#14840=DIRECTION('',(0.,-1.,0.));
#14841=DIRECTION('',(0.162221421130762,-0.162221421130762,0.973328526784575));
#14842=DIRECTION('center_axis',(-7.52646451596665E-17,0.986393923832144,
0.164398987305357));
#14843=DIRECTION('ref_axis',(0.,-0.164398987305357,0.986393923832144));
#14844=DIRECTION('',(-1.,0.,0.));
#14845=DIRECTION('',(-0.162221421130762,-0.162221421130762,0.973328526784575));
#14846=DIRECTION('center_axis',(0.986393923832144,7.52646451596665E-17,
0.164398987305357));
#14847=DIRECTION('ref_axis',(0.164398987305357,0.,-0.986393923832144));
#14848=DIRECTION('',(0.,1.,0.));
#14849=DIRECTION('center_axis',(1.,0.,0.));
#14850=DIRECTION('ref_axis',(0.,1.,0.));
#14851=DIRECTION('',(0.,0.,1.));
#14852=DIRECTION('',(0.,1.,0.));
#14853=DIRECTION('',(0.,0.,1.));
#14854=DIRECTION('center_axis',(0.,-1.,0.));
#14855=DIRECTION('ref_axis',(1.,0.,0.));
#14856=DIRECTION('',(1.,0.,0.));
#14857=DIRECTION('',(0.,0.,1.));
#14858=DIRECTION('center_axis',(-1.,0.,0.));
#14859=DIRECTION('ref_axis',(0.,-1.,0.));
#14860=DIRECTION('',(0.,-1.,0.));
#14861=DIRECTION('',(0.,0.,1.));
#14862=DIRECTION('center_axis',(0.,1.,0.));
#14863=DIRECTION('ref_axis',(-1.,0.,0.));
#14864=DIRECTION('',(-1.,0.,0.));
#14865=DIRECTION('center_axis',(0.,0.,1.));
#14866=DIRECTION('ref_axis',(1.,0.,0.));
#14867=DIRECTION('center_axis',(0.,0.,1.));
#14868=DIRECTION('ref_axis',(1.,0.,0.));
#14869=DIRECTION('',(1.,0.,0.));
#14870=DIRECTION('',(0.,-1.,0.));
#14871=DIRECTION('',(-1.,0.,0.));
#14872=DIRECTION('',(0.,1.,0.));
#14873=DIRECTION('center_axis',(7.52646451596665E-17,-0.986393923832144,
0.164398987305357));
#14874=DIRECTION('ref_axis',(0.,-0.164398987305357,-0.986393923832144));
#14875=DIRECTION('',(-0.162221421130762,0.162221421130762,0.973328526784575));
#14876=DIRECTION('',(1.,0.,0.));
#14877=DIRECTION('',(0.162221421130762,0.162221421130762,0.973328526784575));
#14878=DIRECTION('center_axis',(-0.986393923832144,-7.52646451596665E-17,
0.164398987305357));
#14879=DIRECTION('ref_axis',(0.164398987305357,0.,0.986393923832144));
#14880=DIRECTION('',(0.,-1.,0.));
#14881=DIRECTION('',(0.162221421130762,-0.162221421130762,0.973328526784575));
#14882=DIRECTION('center_axis',(-7.52646451596665E-17,0.986393923832144,
0.164398987305357));
#14883=DIRECTION('ref_axis',(0.,-0.164398987305357,0.986393923832144));
#14884=DIRECTION('',(-1.,0.,0.));
#14885=DIRECTION('',(-0.162221421130762,-0.162221421130762,0.973328526784575));
#14886=DIRECTION('center_axis',(0.986393923832144,7.52646451596665E-17,
0.164398987305357));
#14887=DIRECTION('ref_axis',(0.164398987305357,0.,-0.986393923832144));
#14888=DIRECTION('',(0.,1.,0.));
#14889=DIRECTION('center_axis',(1.,0.,0.));
#14890=DIRECTION('ref_axis',(0.,1.,0.));
#14891=DIRECTION('',(0.,0.,1.));
#14892=DIRECTION('',(0.,1.,0.));
#14893=DIRECTION('',(0.,0.,1.));
#14894=DIRECTION('center_axis',(0.,-1.,0.));
#14895=DIRECTION('ref_axis',(1.,0.,0.));
#14896=DIRECTION('',(1.,0.,0.));
#14897=DIRECTION('',(0.,0.,1.));
#14898=DIRECTION('center_axis',(-1.,0.,0.));
#14899=DIRECTION('ref_axis',(0.,-1.,0.));
#14900=DIRECTION('',(0.,-1.,0.));
#14901=DIRECTION('',(0.,0.,1.));
#14902=DIRECTION('center_axis',(0.,1.,0.));
#14903=DIRECTION('ref_axis',(-1.,0.,0.));
#14904=DIRECTION('',(-1.,0.,0.));
#14905=DIRECTION('center_axis',(0.,0.,1.));
#14906=DIRECTION('ref_axis',(1.,0.,0.));
#14907=DIRECTION('center_axis',(0.,0.,-1.));
#14908=DIRECTION('ref_axis',(-1.,0.,0.));
#14909=DIRECTION('',(-1.,0.,0.));
#14910=DIRECTION('',(0.,1.,0.));
#14911=DIRECTION('',(1.,0.,0.));
#14912=DIRECTION('',(0.,-1.,0.));
#14913=DIRECTION('center_axis',(7.52646451596665E-17,0.986393923832144,
-0.164398987305357));
#14914=DIRECTION('ref_axis',(0.,-0.164398987305357,-0.986393923832144));
#14915=DIRECTION('',(-0.162221421130762,0.162221421130762,0.973328526784575));
#14916=DIRECTION('',(-1.,0.,0.));
#14917=DIRECTION('',(0.162221421130762,0.162221421130762,0.973328526784575));
#14918=DIRECTION('center_axis',(-0.986393923832144,7.52646451596665E-17,
-0.164398987305357));
#14919=DIRECTION('ref_axis',(-0.164398987305357,0.,0.986393923832144));
#14920=DIRECTION('',(-0.162221421130762,-0.162221421130762,0.973328526784575));
#14921=DIRECTION('',(0.,-1.,0.));
#14922=DIRECTION('center_axis',(-7.52646451596665E-17,-0.986393923832144,
-0.164398987305357));
#14923=DIRECTION('ref_axis',(0.,-0.164398987305357,0.986393923832144));
#14924=DIRECTION('',(0.162221421130762,-0.162221421130762,0.973328526784575));
#14925=DIRECTION('',(1.,0.,0.));
#14926=DIRECTION('center_axis',(0.986393923832144,-7.52646451596665E-17,
-0.164398987305357));
#14927=DIRECTION('ref_axis',(-0.164398987305357,0.,-0.986393923832144));
#14928=DIRECTION('',(0.,1.,0.));
#14929=DIRECTION('center_axis',(1.,0.,0.));
#14930=DIRECTION('ref_axis',(0.,1.,0.));
#14931=DIRECTION('',(0.,0.,1.));
#14932=DIRECTION('',(0.,1.,0.));
#14933=DIRECTION('',(0.,0.,1.));
#14934=DIRECTION('center_axis',(0.,1.,0.));
#14935=DIRECTION('ref_axis',(-1.,0.,0.));
#14936=DIRECTION('',(0.,0.,1.));
#14937=DIRECTION('',(-1.,0.,0.));
#14938=DIRECTION('center_axis',(-1.,0.,0.));
#14939=DIRECTION('ref_axis',(0.,-1.,0.));
#14940=DIRECTION('',(0.,0.,1.));
#14941=DIRECTION('',(0.,-1.,0.));
#14942=DIRECTION('center_axis',(0.,-1.,0.));
#14943=DIRECTION('ref_axis',(1.,0.,0.));
#14944=DIRECTION('',(1.,0.,0.));
#14945=DIRECTION('center_axis',(0.,0.,-1.));
#14946=DIRECTION('ref_axis',(-1.,0.,0.));
#14947=DIRECTION('center_axis',(0.,0.,1.));
#14948=DIRECTION('ref_axis',(1.,0.,0.));
#14949=DIRECTION('',(1.,0.,0.));
#14950=DIRECTION('',(0.,-1.,0.));
#14951=DIRECTION('',(-1.,0.,0.));
#14952=DIRECTION('',(0.,1.,0.));
#14953=DIRECTION('center_axis',(7.52646451596665E-17,-0.986393923832144,
0.164398987305357));
#14954=DIRECTION('ref_axis',(0.,-0.164398987305357,-0.986393923832144));
#14955=DIRECTION('',(-0.162221421130762,0.162221421130762,0.973328526784575));
#14956=DIRECTION('',(1.,0.,0.));
#14957=DIRECTION('',(0.162221421130762,0.162221421130762,0.973328526784575));
#14958=DIRECTION('center_axis',(-0.986393923832144,-7.52646451596665E-17,
0.164398987305357));
#14959=DIRECTION('ref_axis',(0.164398987305357,0.,0.986393923832144));
#14960=DIRECTION('',(0.,-1.,0.));
#14961=DIRECTION('',(0.162221421130762,-0.162221421130762,0.973328526784575));
#14962=DIRECTION('center_axis',(-7.52646451596665E-17,0.986393923832144,
0.164398987305357));
#14963=DIRECTION('ref_axis',(0.,-0.164398987305357,0.986393923832144));
#14964=DIRECTION('',(-1.,0.,0.));
#14965=DIRECTION('',(-0.162221421130762,-0.162221421130762,0.973328526784575));
#14966=DIRECTION('center_axis',(0.986393923832144,7.52646451596665E-17,
0.164398987305357));
#14967=DIRECTION('ref_axis',(0.164398987305357,0.,-0.986393923832144));
#14968=DIRECTION('',(0.,1.,0.));
#14969=DIRECTION('center_axis',(1.,0.,0.));
#14970=DIRECTION('ref_axis',(0.,1.,0.));
#14971=DIRECTION('',(0.,0.,1.));
#14972=DIRECTION('',(0.,1.,0.));
#14973=DIRECTION('',(0.,0.,1.));
#14974=DIRECTION('center_axis',(0.,-1.,0.));
#14975=DIRECTION('ref_axis',(1.,0.,0.));
#14976=DIRECTION('',(1.,0.,0.));
#14977=DIRECTION('',(0.,0.,1.));
#14978=DIRECTION('center_axis',(-1.,0.,0.));
#14979=DIRECTION('ref_axis',(0.,-1.,0.));
#14980=DIRECTION('',(0.,-1.,0.));
#14981=DIRECTION('',(0.,0.,1.));
#14982=DIRECTION('center_axis',(0.,1.,0.));
#14983=DIRECTION('ref_axis',(-1.,0.,0.));
#14984=DIRECTION('',(-1.,0.,0.));
#14985=DIRECTION('center_axis',(0.,0.,1.));
#14986=DIRECTION('ref_axis',(1.,0.,0.));
#14987=DIRECTION('center_axis',(0.,0.,-1.));
#14988=DIRECTION('ref_axis',(-1.,0.,0.));
#14989=DIRECTION('',(-1.,0.,0.));
#14990=DIRECTION('',(0.,1.,0.));
#14991=DIRECTION('',(1.,0.,0.));
#14992=DIRECTION('',(0.,-1.,0.));
#14993=DIRECTION('center_axis',(7.52646451596665E-17,0.986393923832144,
-0.164398987305357));
#14994=DIRECTION('ref_axis',(0.,-0.164398987305357,-0.986393923832144));
#14995=DIRECTION('',(-0.162221421130762,0.162221421130762,0.973328526784575));
#14996=DIRECTION('',(-1.,0.,0.));
#14997=DIRECTION('',(0.162221421130762,0.162221421130762,0.973328526784575));
#14998=DIRECTION('center_axis',(-0.986393923832144,7.52646451596665E-17,
-0.164398987305357));
#14999=DIRECTION('ref_axis',(-0.164398987305357,0.,0.986393923832144));
#15000=DIRECTION('',(-0.162221421130762,-0.162221421130762,0.973328526784575));
#15001=DIRECTION('',(0.,-1.,0.));
#15002=DIRECTION('center_axis',(-7.52646451596665E-17,-0.986393923832144,
-0.164398987305357));
#15003=DIRECTION('ref_axis',(0.,-0.164398987305357,0.986393923832144));
#15004=DIRECTION('',(0.162221421130762,-0.162221421130762,0.973328526784575));
#15005=DIRECTION('',(1.,0.,0.));
#15006=DIRECTION('center_axis',(0.986393923832144,-7.52646451596665E-17,
-0.164398987305357));
#15007=DIRECTION('ref_axis',(-0.164398987305357,0.,-0.986393923832144));
#15008=DIRECTION('',(0.,1.,0.));
#15009=DIRECTION('center_axis',(1.,0.,0.));
#15010=DIRECTION('ref_axis',(0.,1.,0.));
#15011=DIRECTION('',(0.,0.,1.));
#15012=DIRECTION('',(0.,1.,0.));
#15013=DIRECTION('',(0.,0.,1.));
#15014=DIRECTION('center_axis',(0.,1.,0.));
#15015=DIRECTION('ref_axis',(-1.,0.,0.));
#15016=DIRECTION('',(0.,0.,1.));
#15017=DIRECTION('',(-1.,0.,0.));
#15018=DIRECTION('center_axis',(-1.,0.,0.));
#15019=DIRECTION('ref_axis',(0.,-1.,0.));
#15020=DIRECTION('',(0.,0.,1.));
#15021=DIRECTION('',(0.,-1.,0.));
#15022=DIRECTION('center_axis',(0.,-1.,0.));
#15023=DIRECTION('ref_axis',(1.,0.,0.));
#15024=DIRECTION('',(1.,0.,0.));
#15025=DIRECTION('center_axis',(0.,0.,-1.));
#15026=DIRECTION('ref_axis',(-1.,0.,0.));
#15027=DIRECTION('center_axis',(0.,0.,-1.));
#15028=DIRECTION('ref_axis',(-1.,0.,0.));
#15029=DIRECTION('',(-1.,0.,0.));
#15030=DIRECTION('',(0.,1.,0.));
#15031=DIRECTION('',(1.,0.,0.));
#15032=DIRECTION('',(0.,-1.,0.));
#15033=DIRECTION('center_axis',(7.52646451596665E-17,0.986393923832144,
-0.164398987305357));
#15034=DIRECTION('ref_axis',(0.,-0.164398987305357,-0.986393923832144));
#15035=DIRECTION('',(-0.162221421130762,0.162221421130762,0.973328526784575));
#15036=DIRECTION('',(-1.,0.,0.));
#15037=DIRECTION('',(0.162221421130762,0.162221421130762,0.973328526784575));
#15038=DIRECTION('center_axis',(-0.986393923832144,7.52646451596665E-17,
-0.164398987305357));
#15039=DIRECTION('ref_axis',(-0.164398987305357,0.,0.986393923832144));
#15040=DIRECTION('',(-0.162221421130762,-0.162221421130762,0.973328526784575));
#15041=DIRECTION('',(0.,-1.,0.));
#15042=DIRECTION('center_axis',(-7.52646451596665E-17,-0.986393923832144,
-0.164398987305357));
#15043=DIRECTION('ref_axis',(0.,-0.164398987305357,0.986393923832144));
#15044=DIRECTION('',(0.162221421130762,-0.162221421130762,0.973328526784575));
#15045=DIRECTION('',(1.,0.,0.));
#15046=DIRECTION('center_axis',(0.986393923832144,-7.52646451596665E-17,
-0.164398987305357));
#15047=DIRECTION('ref_axis',(-0.164398987305357,0.,-0.986393923832144));
#15048=DIRECTION('',(0.,1.,0.));
#15049=DIRECTION('center_axis',(1.,0.,0.));
#15050=DIRECTION('ref_axis',(0.,1.,0.));
#15051=DIRECTION('',(0.,0.,1.));
#15052=DIRECTION('',(0.,1.,0.));
#15053=DIRECTION('',(0.,0.,1.));
#15054=DIRECTION('center_axis',(0.,1.,0.));
#15055=DIRECTION('ref_axis',(-1.,0.,0.));
#15056=DIRECTION('',(0.,0.,1.));
#15057=DIRECTION('',(-1.,0.,0.));
#15058=DIRECTION('center_axis',(-1.,0.,0.));
#15059=DIRECTION('ref_axis',(0.,-1.,0.));
#15060=DIRECTION('',(0.,0.,1.));
#15061=DIRECTION('',(0.,-1.,0.));
#15062=DIRECTION('center_axis',(0.,-1.,0.));
#15063=DIRECTION('ref_axis',(1.,0.,0.));
#15064=DIRECTION('',(1.,0.,0.));
#15065=DIRECTION('center_axis',(0.,0.,-1.));
#15066=DIRECTION('ref_axis',(-1.,0.,0.));
#15067=DIRECTION('center_axis',(0.,0.,1.));
#15068=DIRECTION('ref_axis',(1.,0.,0.));
#15069=DIRECTION('',(1.,0.,0.));
#15070=DIRECTION('',(0.,-1.,0.));
#15071=DIRECTION('',(-1.,0.,0.));
#15072=DIRECTION('',(0.,1.,0.));
#15073=DIRECTION('center_axis',(7.52646451596665E-17,-0.986393923832144,
0.164398987305357));
#15074=DIRECTION('ref_axis',(0.,-0.164398987305357,-0.986393923832144));
#15075=DIRECTION('',(-0.162221421130762,0.162221421130762,0.973328526784575));
#15076=DIRECTION('',(1.,0.,0.));
#15077=DIRECTION('',(0.162221421130762,0.162221421130762,0.973328526784575));
#15078=DIRECTION('center_axis',(-0.986393923832144,-7.52646451596665E-17,
0.164398987305357));
#15079=DIRECTION('ref_axis',(0.164398987305357,0.,0.986393923832144));
#15080=DIRECTION('',(0.,-1.,0.));
#15081=DIRECTION('',(0.162221421130762,-0.162221421130762,0.973328526784575));
#15082=DIRECTION('center_axis',(-7.52646451596665E-17,0.986393923832144,
0.164398987305357));
#15083=DIRECTION('ref_axis',(0.,-0.164398987305357,0.986393923832144));
#15084=DIRECTION('',(-1.,0.,0.));
#15085=DIRECTION('',(-0.162221421130762,-0.162221421130762,0.973328526784575));
#15086=DIRECTION('center_axis',(0.986393923832144,7.52646451596665E-17,
0.164398987305357));
#15087=DIRECTION('ref_axis',(0.164398987305357,0.,-0.986393923832144));
#15088=DIRECTION('',(0.,1.,0.));
#15089=DIRECTION('center_axis',(1.,0.,0.));
#15090=DIRECTION('ref_axis',(0.,1.,0.));
#15091=DIRECTION('',(0.,0.,1.));
#15092=DIRECTION('',(0.,1.,0.));
#15093=DIRECTION('',(0.,0.,1.));
#15094=DIRECTION('center_axis',(0.,-1.,0.));
#15095=DIRECTION('ref_axis',(1.,0.,0.));
#15096=DIRECTION('',(1.,0.,0.));
#15097=DIRECTION('',(0.,0.,1.));
#15098=DIRECTION('center_axis',(-1.,0.,0.));
#15099=DIRECTION('ref_axis',(0.,-1.,0.));
#15100=DIRECTION('',(0.,-1.,0.));
#15101=DIRECTION('',(0.,0.,1.));
#15102=DIRECTION('center_axis',(0.,1.,0.));
#15103=DIRECTION('ref_axis',(-1.,0.,0.));
#15104=DIRECTION('',(-1.,0.,0.));
#15105=DIRECTION('center_axis',(0.,0.,1.));
#15106=DIRECTION('ref_axis',(1.,0.,0.));
#15107=DIRECTION('center_axis',(0.,0.,1.));
#15108=DIRECTION('ref_axis',(1.,0.,0.));
#15109=DIRECTION('',(1.,0.,0.));
#15110=DIRECTION('',(0.,-1.,0.));
#15111=DIRECTION('',(-1.,0.,0.));
#15112=DIRECTION('',(0.,1.,0.));
#15113=DIRECTION('center_axis',(7.52646451596665E-17,-0.986393923832144,
0.164398987305357));
#15114=DIRECTION('ref_axis',(0.,-0.164398987305357,-0.986393923832144));
#15115=DIRECTION('',(-0.162221421130762,0.162221421130762,0.973328526784575));
#15116=DIRECTION('',(1.,0.,0.));
#15117=DIRECTION('',(0.162221421130762,0.162221421130762,0.973328526784575));
#15118=DIRECTION('center_axis',(-0.986393923832144,-7.52646451596665E-17,
0.164398987305357));
#15119=DIRECTION('ref_axis',(0.164398987305357,0.,0.986393923832144));
#15120=DIRECTION('',(0.,-1.,0.));
#15121=DIRECTION('',(0.162221421130762,-0.162221421130762,0.973328526784575));
#15122=DIRECTION('center_axis',(-7.52646451596665E-17,0.986393923832144,
0.164398987305357));
#15123=DIRECTION('ref_axis',(0.,-0.164398987305357,0.986393923832144));
#15124=DIRECTION('',(-1.,0.,0.));
#15125=DIRECTION('',(-0.162221421130762,-0.162221421130762,0.973328526784575));
#15126=DIRECTION('center_axis',(0.986393923832144,7.52646451596665E-17,
0.164398987305357));
#15127=DIRECTION('ref_axis',(0.164398987305357,0.,-0.986393923832144));
#15128=DIRECTION('',(0.,1.,0.));
#15129=DIRECTION('center_axis',(1.,0.,0.));
#15130=DIRECTION('ref_axis',(0.,1.,0.));
#15131=DIRECTION('',(0.,0.,1.));
#15132=DIRECTION('',(0.,1.,0.));
#15133=DIRECTION('',(0.,0.,1.));
#15134=DIRECTION('center_axis',(0.,-1.,0.));
#15135=DIRECTION('ref_axis',(1.,0.,0.));
#15136=DIRECTION('',(1.,0.,0.));
#15137=DIRECTION('',(0.,0.,1.));
#15138=DIRECTION('center_axis',(-1.,0.,0.));
#15139=DIRECTION('ref_axis',(0.,-1.,0.));
#15140=DIRECTION('',(0.,-1.,0.));
#15141=DIRECTION('',(0.,0.,1.));
#15142=DIRECTION('center_axis',(0.,1.,0.));
#15143=DIRECTION('ref_axis',(-1.,0.,0.));
#15144=DIRECTION('',(-1.,0.,0.));
#15145=DIRECTION('center_axis',(0.,0.,1.));
#15146=DIRECTION('ref_axis',(1.,0.,0.));
#15147=DIRECTION('center_axis',(0.,0.,-1.));
#15148=DIRECTION('ref_axis',(-1.,0.,0.));
#15149=DIRECTION('',(-1.,0.,0.));
#15150=DIRECTION('',(0.,1.,0.));
#15151=DIRECTION('',(1.,0.,0.));
#15152=DIRECTION('',(0.,-1.,0.));
#15153=DIRECTION('center_axis',(7.52646451596665E-17,0.986393923832144,
-0.164398987305357));
#15154=DIRECTION('ref_axis',(0.,-0.164398987305357,-0.986393923832144));
#15155=DIRECTION('',(-0.162221421130762,0.162221421130762,0.973328526784575));
#15156=DIRECTION('',(-1.,0.,0.));
#15157=DIRECTION('',(0.162221421130762,0.162221421130762,0.973328526784575));
#15158=DIRECTION('center_axis',(-0.986393923832144,7.52646451596665E-17,
-0.164398987305357));
#15159=DIRECTION('ref_axis',(-0.164398987305357,0.,0.986393923832144));
#15160=DIRECTION('',(-0.162221421130762,-0.162221421130762,0.973328526784575));
#15161=DIRECTION('',(0.,-1.,0.));
#15162=DIRECTION('center_axis',(-7.52646451596665E-17,-0.986393923832144,
-0.164398987305357));
#15163=DIRECTION('ref_axis',(0.,-0.164398987305357,0.986393923832144));
#15164=DIRECTION('',(0.162221421130762,-0.162221421130762,0.973328526784575));
#15165=DIRECTION('',(1.,0.,0.));
#15166=DIRECTION('center_axis',(0.986393923832144,-7.52646451596665E-17,
-0.164398987305357));
#15167=DIRECTION('ref_axis',(-0.164398987305357,0.,-0.986393923832144));
#15168=DIRECTION('',(0.,1.,0.));
#15169=DIRECTION('center_axis',(1.,0.,0.));
#15170=DIRECTION('ref_axis',(0.,1.,0.));
#15171=DIRECTION('',(0.,0.,1.));
#15172=DIRECTION('',(0.,1.,0.));
#15173=DIRECTION('',(0.,0.,1.));
#15174=DIRECTION('center_axis',(0.,1.,0.));
#15175=DIRECTION('ref_axis',(-1.,0.,0.));
#15176=DIRECTION('',(0.,0.,1.));
#15177=DIRECTION('',(-1.,0.,0.));
#15178=DIRECTION('center_axis',(-1.,0.,0.));
#15179=DIRECTION('ref_axis',(0.,-1.,0.));
#15180=DIRECTION('',(0.,0.,1.));
#15181=DIRECTION('',(0.,-1.,0.));
#15182=DIRECTION('center_axis',(0.,-1.,0.));
#15183=DIRECTION('ref_axis',(1.,0.,0.));
#15184=DIRECTION('',(1.,0.,0.));
#15185=DIRECTION('center_axis',(0.,0.,-1.));
#15186=DIRECTION('ref_axis',(-1.,0.,0.));
#15187=DIRECTION('center_axis',(0.,0.,-1.));
#15188=DIRECTION('ref_axis',(-1.,0.,0.));
#15189=DIRECTION('',(-1.,0.,0.));
#15190=DIRECTION('',(0.,1.,0.));
#15191=DIRECTION('',(1.,0.,0.));
#15192=DIRECTION('',(0.,-1.,0.));
#15193=DIRECTION('center_axis',(7.52646451596665E-17,0.986393923832144,
-0.164398987305357));
#15194=DIRECTION('ref_axis',(0.,-0.164398987305357,-0.986393923832144));
#15195=DIRECTION('',(-0.162221421130762,0.162221421130762,0.973328526784575));
#15196=DIRECTION('',(-1.,0.,0.));
#15197=DIRECTION('',(0.162221421130762,0.162221421130762,0.973328526784575));
#15198=DIRECTION('center_axis',(-0.986393923832144,7.52646451596665E-17,
-0.164398987305357));
#15199=DIRECTION('ref_axis',(-0.164398987305357,0.,0.986393923832144));
#15200=DIRECTION('',(-0.162221421130762,-0.162221421130762,0.973328526784575));
#15201=DIRECTION('',(0.,-1.,0.));
#15202=DIRECTION('center_axis',(-7.52646451596665E-17,-0.986393923832144,
-0.164398987305357));
#15203=DIRECTION('ref_axis',(0.,-0.164398987305357,0.986393923832144));
#15204=DIRECTION('',(0.162221421130762,-0.162221421130762,0.973328526784575));
#15205=DIRECTION('',(1.,0.,0.));
#15206=DIRECTION('center_axis',(0.986393923832144,-7.52646451596665E-17,
-0.164398987305357));
#15207=DIRECTION('ref_axis',(-0.164398987305357,0.,-0.986393923832144));
#15208=DIRECTION('',(0.,1.,0.));
#15209=DIRECTION('center_axis',(1.,0.,0.));
#15210=DIRECTION('ref_axis',(0.,1.,0.));
#15211=DIRECTION('',(0.,0.,1.));
#15212=DIRECTION('',(0.,1.,0.));
#15213=DIRECTION('',(0.,0.,1.));
#15214=DIRECTION('center_axis',(0.,1.,0.));
#15215=DIRECTION('ref_axis',(-1.,0.,0.));
#15216=DIRECTION('',(0.,0.,1.));
#15217=DIRECTION('',(-1.,0.,0.));
#15218=DIRECTION('center_axis',(-1.,0.,0.));
#15219=DIRECTION('ref_axis',(0.,-1.,0.));
#15220=DIRECTION('',(0.,0.,1.));
#15221=DIRECTION('',(0.,-1.,0.));
#15222=DIRECTION('center_axis',(0.,-1.,0.));
#15223=DIRECTION('ref_axis',(1.,0.,0.));
#15224=DIRECTION('',(1.,0.,0.));
#15225=DIRECTION('center_axis',(0.,0.,-1.));
#15226=DIRECTION('ref_axis',(-1.,0.,0.));
#15227=DIRECTION('center_axis',(0.,0.,1.));
#15228=DIRECTION('ref_axis',(1.,0.,0.));
#15229=DIRECTION('',(1.,0.,0.));
#15230=DIRECTION('',(0.,-1.,0.));
#15231=DIRECTION('',(-1.,0.,0.));
#15232=DIRECTION('',(0.,1.,0.));
#15233=DIRECTION('center_axis',(7.52646451596665E-17,-0.986393923832144,
0.164398987305357));
#15234=DIRECTION('ref_axis',(0.,-0.164398987305357,-0.986393923832144));
#15235=DIRECTION('',(-0.162221421130762,0.162221421130762,0.973328526784575));
#15236=DIRECTION('',(1.,0.,0.));
#15237=DIRECTION('',(0.162221421130762,0.162221421130762,0.973328526784575));
#15238=DIRECTION('center_axis',(-0.986393923832144,-7.52646451596665E-17,
0.164398987305357));
#15239=DIRECTION('ref_axis',(0.164398987305357,0.,0.986393923832144));
#15240=DIRECTION('',(0.,-1.,0.));
#15241=DIRECTION('',(0.162221421130762,-0.162221421130762,0.973328526784575));
#15242=DIRECTION('center_axis',(-7.52646451596665E-17,0.986393923832144,
0.164398987305357));
#15243=DIRECTION('ref_axis',(0.,-0.164398987305357,0.986393923832144));
#15244=DIRECTION('',(-1.,0.,0.));
#15245=DIRECTION('',(-0.162221421130762,-0.162221421130762,0.973328526784575));
#15246=DIRECTION('center_axis',(0.986393923832144,7.52646451596665E-17,
0.164398987305357));
#15247=DIRECTION('ref_axis',(0.164398987305357,0.,-0.986393923832144));
#15248=DIRECTION('',(0.,1.,0.));
#15249=DIRECTION('center_axis',(1.,0.,0.));
#15250=DIRECTION('ref_axis',(0.,1.,0.));
#15251=DIRECTION('',(0.,0.,1.));
#15252=DIRECTION('',(0.,1.,0.));
#15253=DIRECTION('',(0.,0.,1.));
#15254=DIRECTION('center_axis',(0.,-1.,0.));
#15255=DIRECTION('ref_axis',(1.,0.,0.));
#15256=DIRECTION('',(1.,0.,0.));
#15257=DIRECTION('',(0.,0.,1.));
#15258=DIRECTION('center_axis',(-1.,0.,0.));
#15259=DIRECTION('ref_axis',(0.,-1.,0.));
#15260=DIRECTION('',(0.,-1.,0.));
#15261=DIRECTION('',(0.,0.,1.));
#15262=DIRECTION('center_axis',(0.,1.,0.));
#15263=DIRECTION('ref_axis',(-1.,0.,0.));
#15264=DIRECTION('',(-1.,0.,0.));
#15265=DIRECTION('center_axis',(0.,0.,1.));
#15266=DIRECTION('ref_axis',(1.,0.,0.));
#15267=DIRECTION('center_axis',(0.,0.,-1.));
#15268=DIRECTION('ref_axis',(-1.,0.,0.));
#15269=DIRECTION('',(-1.,0.,0.));
#15270=DIRECTION('',(0.,1.,0.));
#15271=DIRECTION('',(1.,0.,0.));
#15272=DIRECTION('',(0.,-1.,0.));
#15273=DIRECTION('center_axis',(7.52646451596665E-17,0.986393923832144,
-0.164398987305357));
#15274=DIRECTION('ref_axis',(0.,-0.164398987305357,-0.986393923832144));
#15275=DIRECTION('',(-0.162221421130762,0.162221421130762,0.973328526784575));
#15276=DIRECTION('',(-1.,0.,0.));
#15277=DIRECTION('',(0.162221421130762,0.162221421130762,0.973328526784575));
#15278=DIRECTION('center_axis',(-0.986393923832144,7.52646451596665E-17,
-0.164398987305357));
#15279=DIRECTION('ref_axis',(-0.164398987305357,0.,0.986393923832144));
#15280=DIRECTION('',(-0.162221421130762,-0.162221421130762,0.973328526784575));
#15281=DIRECTION('',(0.,-1.,0.));
#15282=DIRECTION('center_axis',(-7.52646451596665E-17,-0.986393923832144,
-0.164398987305357));
#15283=DIRECTION('ref_axis',(0.,-0.164398987305357,0.986393923832144));
#15284=DIRECTION('',(0.162221421130762,-0.162221421130762,0.973328526784575));
#15285=DIRECTION('',(1.,0.,0.));
#15286=DIRECTION('center_axis',(0.986393923832144,-7.52646451596665E-17,
-0.164398987305357));
#15287=DIRECTION('ref_axis',(-0.164398987305357,0.,-0.986393923832144));
#15288=DIRECTION('',(0.,1.,0.));
#15289=DIRECTION('center_axis',(1.,0.,0.));
#15290=DIRECTION('ref_axis',(0.,1.,0.));
#15291=DIRECTION('',(0.,0.,1.));
#15292=DIRECTION('',(0.,1.,0.));
#15293=DIRECTION('',(0.,0.,1.));
#15294=DIRECTION('center_axis',(0.,1.,0.));
#15295=DIRECTION('ref_axis',(-1.,0.,0.));
#15296=DIRECTION('',(0.,0.,1.));
#15297=DIRECTION('',(-1.,0.,0.));
#15298=DIRECTION('center_axis',(-1.,0.,0.));
#15299=DIRECTION('ref_axis',(0.,-1.,0.));
#15300=DIRECTION('',(0.,0.,1.));
#15301=DIRECTION('',(0.,-1.,0.));
#15302=DIRECTION('center_axis',(0.,-1.,0.));
#15303=DIRECTION('ref_axis',(1.,0.,0.));
#15304=DIRECTION('',(1.,0.,0.));
#15305=DIRECTION('center_axis',(0.,0.,-1.));
#15306=DIRECTION('ref_axis',(-1.,0.,0.));
#15307=DIRECTION('center_axis',(0.,0.,1.));
#15308=DIRECTION('ref_axis',(1.,0.,0.));
#15309=DIRECTION('',(1.,0.,0.));
#15310=DIRECTION('',(0.,-1.,0.));
#15311=DIRECTION('',(-1.,0.,0.));
#15312=DIRECTION('',(0.,1.,0.));
#15313=DIRECTION('center_axis',(7.52646451596665E-17,-0.986393923832144,
0.164398987305357));
#15314=DIRECTION('ref_axis',(0.,-0.164398987305357,-0.986393923832144));
#15315=DIRECTION('',(-0.162221421130762,0.162221421130762,0.973328526784575));
#15316=DIRECTION('',(1.,0.,0.));
#15317=DIRECTION('',(0.162221421130762,0.162221421130762,0.973328526784575));
#15318=DIRECTION('center_axis',(-0.986393923832144,-7.52646451596665E-17,
0.164398987305357));
#15319=DIRECTION('ref_axis',(0.164398987305357,0.,0.986393923832144));
#15320=DIRECTION('',(0.,-1.,0.));
#15321=DIRECTION('',(0.162221421130762,-0.162221421130762,0.973328526784575));
#15322=DIRECTION('center_axis',(-7.52646451596665E-17,0.986393923832144,
0.164398987305357));
#15323=DIRECTION('ref_axis',(0.,-0.164398987305357,0.986393923832144));
#15324=DIRECTION('',(-1.,0.,0.));
#15325=DIRECTION('',(-0.162221421130762,-0.162221421130762,0.973328526784575));
#15326=DIRECTION('center_axis',(0.986393923832144,7.52646451596665E-17,
0.164398987305357));
#15327=DIRECTION('ref_axis',(0.164398987305357,0.,-0.986393923832144));
#15328=DIRECTION('',(0.,1.,0.));
#15329=DIRECTION('center_axis',(1.,0.,0.));
#15330=DIRECTION('ref_axis',(0.,1.,0.));
#15331=DIRECTION('',(0.,0.,1.));
#15332=DIRECTION('',(0.,1.,0.));
#15333=DIRECTION('',(0.,0.,1.));
#15334=DIRECTION('center_axis',(0.,-1.,0.));
#15335=DIRECTION('ref_axis',(1.,0.,0.));
#15336=DIRECTION('',(1.,0.,0.));
#15337=DIRECTION('',(0.,0.,1.));
#15338=DIRECTION('center_axis',(-1.,0.,0.));
#15339=DIRECTION('ref_axis',(0.,-1.,0.));
#15340=DIRECTION('',(0.,-1.,0.));
#15341=DIRECTION('',(0.,0.,1.));
#15342=DIRECTION('center_axis',(0.,1.,0.));
#15343=DIRECTION('ref_axis',(-1.,0.,0.));
#15344=DIRECTION('',(-1.,0.,0.));
#15345=DIRECTION('center_axis',(0.,0.,1.));
#15346=DIRECTION('ref_axis',(1.,0.,0.));
#15347=DIRECTION('center_axis',(0.,0.,1.));
#15348=DIRECTION('ref_axis',(1.,0.,0.));
#15349=DIRECTION('',(1.,0.,0.));
#15350=DIRECTION('',(0.,-1.,0.));
#15351=DIRECTION('',(-1.,0.,0.));
#15352=DIRECTION('',(0.,1.,0.));
#15353=DIRECTION('center_axis',(7.52646451596665E-17,-0.986393923832144,
0.164398987305357));
#15354=DIRECTION('ref_axis',(0.,-0.164398987305357,-0.986393923832144));
#15355=DIRECTION('',(-0.162221421130762,0.162221421130762,0.973328526784575));
#15356=DIRECTION('',(1.,0.,0.));
#15357=DIRECTION('',(0.162221421130762,0.162221421130762,0.973328526784575));
#15358=DIRECTION('center_axis',(-0.986393923832144,-7.52646451596665E-17,
0.164398987305357));
#15359=DIRECTION('ref_axis',(0.164398987305357,0.,0.986393923832144));
#15360=DIRECTION('',(0.,-1.,0.));
#15361=DIRECTION('',(0.162221421130762,-0.162221421130762,0.973328526784575));
#15362=DIRECTION('center_axis',(-7.52646451596665E-17,0.986393923832144,
0.164398987305357));
#15363=DIRECTION('ref_axis',(0.,-0.164398987305357,0.986393923832144));
#15364=DIRECTION('',(-1.,0.,0.));
#15365=DIRECTION('',(-0.162221421130762,-0.162221421130762,0.973328526784575));
#15366=DIRECTION('center_axis',(0.986393923832144,7.52646451596665E-17,
0.164398987305357));
#15367=DIRECTION('ref_axis',(0.164398987305357,0.,-0.986393923832144));
#15368=DIRECTION('',(0.,1.,0.));
#15369=DIRECTION('center_axis',(1.,0.,0.));
#15370=DIRECTION('ref_axis',(0.,1.,0.));
#15371=DIRECTION('',(0.,0.,1.));
#15372=DIRECTION('',(0.,1.,0.));
#15373=DIRECTION('',(0.,0.,1.));
#15374=DIRECTION('center_axis',(0.,-1.,0.));
#15375=DIRECTION('ref_axis',(1.,0.,0.));
#15376=DIRECTION('',(1.,0.,0.));
#15377=DIRECTION('',(0.,0.,1.));
#15378=DIRECTION('center_axis',(-1.,0.,0.));
#15379=DIRECTION('ref_axis',(0.,-1.,0.));
#15380=DIRECTION('',(0.,-1.,0.));
#15381=DIRECTION('',(0.,0.,1.));
#15382=DIRECTION('center_axis',(0.,1.,0.));
#15383=DIRECTION('ref_axis',(-1.,0.,0.));
#15384=DIRECTION('',(-1.,0.,0.));
#15385=DIRECTION('center_axis',(0.,0.,1.));
#15386=DIRECTION('ref_axis',(1.,0.,0.));
#15387=DIRECTION('center_axis',(0.,0.,-1.));
#15388=DIRECTION('ref_axis',(-1.,0.,0.));
#15389=DIRECTION('',(-1.,0.,0.));
#15390=DIRECTION('',(0.,1.,0.));
#15391=DIRECTION('',(1.,0.,0.));
#15392=DIRECTION('',(0.,-1.,0.));
#15393=DIRECTION('center_axis',(7.52646451596665E-17,0.986393923832144,
-0.164398987305357));
#15394=DIRECTION('ref_axis',(0.,-0.164398987305357,-0.986393923832144));
#15395=DIRECTION('',(-0.162221421130762,0.162221421130762,0.973328526784575));
#15396=DIRECTION('',(-1.,0.,0.));
#15397=DIRECTION('',(0.162221421130762,0.162221421130762,0.973328526784575));
#15398=DIRECTION('center_axis',(-0.986393923832144,7.52646451596665E-17,
-0.164398987305357));
#15399=DIRECTION('ref_axis',(-0.164398987305357,0.,0.986393923832144));
#15400=DIRECTION('',(-0.162221421130762,-0.162221421130762,0.973328526784575));
#15401=DIRECTION('',(0.,-1.,0.));
#15402=DIRECTION('center_axis',(-7.52646451596665E-17,-0.986393923832144,
-0.164398987305357));
#15403=DIRECTION('ref_axis',(0.,-0.164398987305357,0.986393923832144));
#15404=DIRECTION('',(0.162221421130762,-0.162221421130762,0.973328526784575));
#15405=DIRECTION('',(1.,0.,0.));
#15406=DIRECTION('center_axis',(0.986393923832144,-7.52646451596665E-17,
-0.164398987305357));
#15407=DIRECTION('ref_axis',(-0.164398987305357,0.,-0.986393923832144));
#15408=DIRECTION('',(0.,1.,0.));
#15409=DIRECTION('center_axis',(1.,0.,0.));
#15410=DIRECTION('ref_axis',(0.,1.,0.));
#15411=DIRECTION('',(0.,0.,1.));
#15412=DIRECTION('',(0.,1.,0.));
#15413=DIRECTION('',(0.,0.,1.));
#15414=DIRECTION('center_axis',(0.,1.,0.));
#15415=DIRECTION('ref_axis',(-1.,0.,0.));
#15416=DIRECTION('',(0.,0.,1.));
#15417=DIRECTION('',(-1.,0.,0.));
#15418=DIRECTION('center_axis',(-1.,0.,0.));
#15419=DIRECTION('ref_axis',(0.,-1.,0.));
#15420=DIRECTION('',(0.,0.,1.));
#15421=DIRECTION('',(0.,-1.,0.));
#15422=DIRECTION('center_axis',(0.,-1.,0.));
#15423=DIRECTION('ref_axis',(1.,0.,0.));
#15424=DIRECTION('',(1.,0.,0.));
#15425=DIRECTION('center_axis',(0.,0.,-1.));
#15426=DIRECTION('ref_axis',(-1.,0.,0.));
#15427=CARTESIAN_POINT('',(0.,0.,0.));
#15428=CARTESIAN_POINT('Origin',(0.,3.94255335449274E-18,0.));
#15429=CARTESIAN_POINT('',(-0.265,0.265,0.));
#15430=CARTESIAN_POINT('',(0.265,0.265,0.));
#15431=CARTESIAN_POINT('',(-0.265,0.265,0.));
#15432=CARTESIAN_POINT('',(0.265,-0.265,0.));
#15433=CARTESIAN_POINT('',(0.265,0.265,0.));
#15434=CARTESIAN_POINT('',(-0.265,-0.265,0.));
#15435=CARTESIAN_POINT('',(0.265,-0.265,0.));
#15436=CARTESIAN_POINT('',(-0.265,-0.265,0.));
#15437=CARTESIAN_POINT('Origin',(-0.265,0.265,0.));
#15438=CARTESIAN_POINT('',(-0.315,0.315,0.3));
#15439=CARTESIAN_POINT('',(-0.265,0.265,0.));
#15440=CARTESIAN_POINT('',(0.315,0.315,0.3));
#15441=CARTESIAN_POINT('',(-0.315,0.315,0.3));
#15442=CARTESIAN_POINT('',(0.265,0.265,0.));
#15443=CARTESIAN_POINT('Origin',(0.265,0.265,0.));
#15444=CARTESIAN_POINT('',(0.315,-0.315,0.3));
#15445=CARTESIAN_POINT('',(0.315,0.315,0.3));
#15446=CARTESIAN_POINT('',(0.265,-0.265,0.));
#15447=CARTESIAN_POINT('Origin',(0.265,-0.265,0.));
#15448=CARTESIAN_POINT('',(-0.315,-0.315,0.3));
#15449=CARTESIAN_POINT('',(0.315,-0.315,0.3));
#15450=CARTESIAN_POINT('',(-0.265,-0.265,0.));
#15451=CARTESIAN_POINT('Origin',(-0.265,-0.265,0.));
#15452=CARTESIAN_POINT('',(-0.315,-0.315,0.3));
#15453=CARTESIAN_POINT('Origin',(0.315,-0.315,0.3));
#15454=CARTESIAN_POINT('',(0.315,0.315,11.1));
#15455=CARTESIAN_POINT('',(0.315,0.315,0.3));
#15456=CARTESIAN_POINT('',(0.315,-0.315,11.1));
#15457=CARTESIAN_POINT('',(0.315,0.315,11.1));
#15458=CARTESIAN_POINT('',(0.315,-0.315,0.3));
#15459=CARTESIAN_POINT('Origin',(-0.315,-0.315,0.3));
#15460=CARTESIAN_POINT('',(-0.315,-0.315,11.1));
#15461=CARTESIAN_POINT('',(0.315,-0.315,11.1));
#15462=CARTESIAN_POINT('',(-0.315,-0.315,0.3));
#15463=CARTESIAN_POINT('Origin',(-0.315,0.315,0.3));
#15464=CARTESIAN_POINT('',(-0.315,0.315,11.1));
#15465=CARTESIAN_POINT('',(-0.315,-0.315,11.1));
#15466=CARTESIAN_POINT('',(-0.315,0.315,0.3));
#15467=CARTESIAN_POINT('Origin',(0.315,0.315,0.3));
#15468=CARTESIAN_POINT('',(-0.315,0.315,11.1));
#15469=CARTESIAN_POINT('Origin',(0.,0.,11.1));
#15470=CARTESIAN_POINT('Origin',(-52.22,1.12,5.6));
#15471=CARTESIAN_POINT('',(-52.07,0.97,8.2));
#15472=CARTESIAN_POINT('',(-52.37,1.27,8.2));
#15473=CARTESIAN_POINT('',(-52.22,1.12,8.2));
#15474=CARTESIAN_POINT('',(-52.07,0.97,5.6));
#15475=CARTESIAN_POINT('',(-52.07,0.97,5.6));
#15476=CARTESIAN_POINT('',(-52.37,1.27,5.6));
#15477=CARTESIAN_POINT('',(-52.22,1.12,5.6));
#15478=CARTESIAN_POINT('',(-52.37,1.27,5.6));
#15479=CARTESIAN_POINT('Origin',(-54.61,1.27,5.6));
#15480=CARTESIAN_POINT('',(-54.31,1.27,5.6));
#15481=CARTESIAN_POINT('',(-52.07,1.27,5.6));
#15482=CARTESIAN_POINT('',(-54.31,1.27,8.2));
#15483=CARTESIAN_POINT('',(-54.31,1.27,5.6));
#15484=CARTESIAN_POINT('',(-52.07,1.27,8.2));
#15485=CARTESIAN_POINT('Origin',(-54.46,1.12,5.6));
#15486=CARTESIAN_POINT('',(-54.61,0.97,8.2));
#15487=CARTESIAN_POINT('',(-54.46,1.12,8.2));
#15488=CARTESIAN_POINT('',(-54.61,0.97,5.6));
#15489=CARTESIAN_POINT('',(-54.46,1.12,5.6));
#15490=CARTESIAN_POINT('',(-54.61,0.97,5.6));
#15491=CARTESIAN_POINT('Origin',(-52.22,-1.12,5.6));
#15492=CARTESIAN_POINT('',(-52.37,-1.27,8.2));
#15493=CARTESIAN_POINT('',(-52.07,-0.97,8.2));
#15494=CARTESIAN_POINT('',(-52.22,-1.12,8.2));
#15495=CARTESIAN_POINT('',(-52.37,-1.27,5.6));
#15496=CARTESIAN_POINT('',(-52.37,-1.27,5.6));
#15497=CARTESIAN_POINT('',(-52.07,-0.97,5.6));
#15498=CARTESIAN_POINT('',(-52.22,-1.12,5.6));
#15499=CARTESIAN_POINT('',(-52.07,-0.97,5.6));
#15500=CARTESIAN_POINT('Origin',(-52.07,-1.27,5.6));
#15501=CARTESIAN_POINT('',(-54.31,-1.27,8.2));
#15502=CARTESIAN_POINT('',(-54.61,-1.27,8.2));
#15503=CARTESIAN_POINT('',(-54.31,-1.27,5.6));
#15504=CARTESIAN_POINT('',(-54.31,-1.27,5.6));
#15505=CARTESIAN_POINT('',(-54.61,-1.27,5.6));
#15506=CARTESIAN_POINT('Origin',(-54.46,-1.12,5.6));
#15507=CARTESIAN_POINT('',(-54.61,-0.97,8.2));
#15508=CARTESIAN_POINT('',(-54.46,-1.12,8.2));
#15509=CARTESIAN_POINT('',(-54.61,-0.97,5.6));
#15510=CARTESIAN_POINT('',(-54.61,-0.97,5.6));
#15511=CARTESIAN_POINT('',(-54.46,-1.12,5.6));
#15512=CARTESIAN_POINT('Origin',(-53.025,-0.315,5.6));
#15513=CARTESIAN_POINT('',(-53.025,-0.315,5.6));
#15514=CARTESIAN_POINT('',(-53.025,0.315,5.6));
#15515=CARTESIAN_POINT('',(-53.025,-0.315,5.6));
#15516=CARTESIAN_POINT('',(-53.025,-0.315,8.2));
#15517=CARTESIAN_POINT('',(-53.025,-0.315,5.6));
#15518=CARTESIAN_POINT('',(-53.025,0.315,8.2));
#15519=CARTESIAN_POINT('',(-53.025,-0.315,8.2));
#15520=CARTESIAN_POINT('',(-53.025,0.315,5.6));
#15521=CARTESIAN_POINT('Origin',(-53.655,-0.315,5.6));
#15522=CARTESIAN_POINT('',(-53.655,-0.315,5.6));
#15523=CARTESIAN_POINT('',(-53.655,-0.315,5.6));
#15524=CARTESIAN_POINT('',(-53.655,-0.315,8.2));
#15525=CARTESIAN_POINT('',(-53.655,-0.315,5.6));
#15526=CARTESIAN_POINT('',(-53.655,-0.315,8.2));
#15527=CARTESIAN_POINT('Origin',(-53.655,0.315,5.6));
#15528=CARTESIAN_POINT('',(-53.655,0.315,5.6));
#15529=CARTESIAN_POINT('',(-53.655,0.315,5.6));
#15530=CARTESIAN_POINT('',(-53.655,0.315,8.2));
#15531=CARTESIAN_POINT('',(-53.655,0.315,5.6));
#15532=CARTESIAN_POINT('',(-53.655,0.315,8.2));
#15533=CARTESIAN_POINT('Origin',(-53.025,0.315,5.6));
#15534=CARTESIAN_POINT('',(-53.025,0.315,5.6));
#15535=CARTESIAN_POINT('',(-53.025,0.315,8.2));
#15536=CARTESIAN_POINT('Origin',(-51.92,1.12,5.6));
#15537=CARTESIAN_POINT('',(-51.77,1.27,8.2));
#15538=CARTESIAN_POINT('',(-51.92,1.12,8.2));
#15539=CARTESIAN_POINT('',(-51.77,1.27,5.6));
#15540=CARTESIAN_POINT('',(-51.77,1.27,5.6));
#15541=CARTESIAN_POINT('',(-51.92,1.12,5.6));
#15542=CARTESIAN_POINT('Origin',(-49.53,1.27,5.6));
#15543=CARTESIAN_POINT('',(-49.83,1.27,8.2));
#15544=CARTESIAN_POINT('',(-52.07,1.27,8.2));
#15545=CARTESIAN_POINT('',(-49.83,1.27,5.6));
#15546=CARTESIAN_POINT('',(-49.83,1.27,5.6));
#15547=CARTESIAN_POINT('',(-52.07,1.27,5.6));
#15548=CARTESIAN_POINT('Origin',(-49.68,1.12,5.6));
#15549=CARTESIAN_POINT('',(-49.53,0.97,8.2));
#15550=CARTESIAN_POINT('',(-49.68,1.12,8.2));
#15551=CARTESIAN_POINT('',(-49.53,0.97,5.6));
#15552=CARTESIAN_POINT('',(-49.53,0.97,5.6));
#15553=CARTESIAN_POINT('',(-49.68,1.12,5.6));
#15554=CARTESIAN_POINT('Origin',(-51.92,-1.12,5.6));
#15555=CARTESIAN_POINT('',(-51.77,-1.27,8.2));
#15556=CARTESIAN_POINT('',(-51.92,-1.12,8.2));
#15557=CARTESIAN_POINT('',(-51.77,-1.27,5.6));
#15558=CARTESIAN_POINT('',(-51.92,-1.12,5.6));
#15559=CARTESIAN_POINT('',(-51.77,-1.27,5.6));
#15560=CARTESIAN_POINT('Origin',(-52.07,-1.27,5.6));
#15561=CARTESIAN_POINT('',(-49.83,-1.27,5.6));
#15562=CARTESIAN_POINT('',(-49.53,-1.27,5.6));
#15563=CARTESIAN_POINT('',(-49.83,-1.27,8.2));
#15564=CARTESIAN_POINT('',(-49.83,-1.27,5.6));
#15565=CARTESIAN_POINT('',(-49.53,-1.27,8.2));
#15566=CARTESIAN_POINT('Origin',(-49.68,-1.12,5.6));
#15567=CARTESIAN_POINT('',(-49.53,-0.97,8.2));
#15568=CARTESIAN_POINT('',(-49.68,-1.12,8.2));
#15569=CARTESIAN_POINT('',(-49.53,-0.97,5.6));
#15570=CARTESIAN_POINT('',(-49.68,-1.12,5.6));
#15571=CARTESIAN_POINT('',(-49.53,-0.97,5.6));
#15572=CARTESIAN_POINT('Origin',(-51.115,-0.315,5.6));
#15573=CARTESIAN_POINT('',(-51.115,-0.315,5.6));
#15574=CARTESIAN_POINT('',(-51.115,0.315,5.6));
#15575=CARTESIAN_POINT('',(-51.115,-0.315,5.6));
#15576=CARTESIAN_POINT('',(-51.115,0.315,8.2));
#15577=CARTESIAN_POINT('',(-51.115,0.315,5.6));
#15578=CARTESIAN_POINT('',(-51.115,-0.315,8.2));
#15579=CARTESIAN_POINT('',(-51.115,-0.315,8.2));
#15580=CARTESIAN_POINT('',(-51.115,-0.315,5.6));
#15581=CARTESIAN_POINT('Origin',(-50.485,-0.315,5.6));
#15582=CARTESIAN_POINT('',(-50.485,-0.315,5.6));
#15583=CARTESIAN_POINT('',(-50.485,-0.315,5.6));
#15584=CARTESIAN_POINT('',(-50.485,-0.315,8.2));
#15585=CARTESIAN_POINT('',(-50.485,-0.315,8.2));
#15586=CARTESIAN_POINT('',(-50.485,-0.315,5.6));
#15587=CARTESIAN_POINT('Origin',(-50.485,0.315,5.6));
#15588=CARTESIAN_POINT('',(-50.485,0.315,5.6));
#15589=CARTESIAN_POINT('',(-50.485,0.315,5.6));
#15590=CARTESIAN_POINT('',(-50.485,0.315,8.2));
#15591=CARTESIAN_POINT('',(-50.485,0.315,8.2));
#15592=CARTESIAN_POINT('',(-50.485,0.315,5.6));
#15593=CARTESIAN_POINT('Origin',(-51.115,0.315,5.6));
#15594=CARTESIAN_POINT('',(-51.115,0.315,5.6));
#15595=CARTESIAN_POINT('',(-51.115,0.315,8.2));
#15596=CARTESIAN_POINT('Origin',(-57.,1.12,5.6));
#15597=CARTESIAN_POINT('',(-57.15,0.97,8.2));
#15598=CARTESIAN_POINT('',(-56.85,1.27,8.2));
#15599=CARTESIAN_POINT('',(-57.,1.12,8.2));
#15600=CARTESIAN_POINT('',(-56.85,1.27,5.6));
#15601=CARTESIAN_POINT('',(-56.85,1.27,5.6));
#15602=CARTESIAN_POINT('',(-57.15,0.97,5.6));
#15603=CARTESIAN_POINT('',(-57.,1.12,5.6));
#15604=CARTESIAN_POINT('',(-57.15,0.97,5.6));
#15605=CARTESIAN_POINT('Origin',(-54.61,1.27,5.6));
#15606=CARTESIAN_POINT('',(-54.91,1.27,8.2));
#15607=CARTESIAN_POINT('',(-57.15,1.27,8.2));
#15608=CARTESIAN_POINT('',(-54.91,1.27,5.6));
#15609=CARTESIAN_POINT('',(-54.91,1.27,5.6));
#15610=CARTESIAN_POINT('',(-57.15,1.27,5.6));
#15611=CARTESIAN_POINT('Origin',(-54.76,1.12,5.6));
#15612=CARTESIAN_POINT('',(-54.76,1.12,8.2));
#15613=CARTESIAN_POINT('',(-54.76,1.12,5.6));
#15614=CARTESIAN_POINT('Origin',(-57.,-1.12,5.6));
#15615=CARTESIAN_POINT('',(-56.85,-1.27,8.2));
#15616=CARTESIAN_POINT('',(-57.15,-0.97,8.2));
#15617=CARTESIAN_POINT('',(-57.,-1.12,8.2));
#15618=CARTESIAN_POINT('',(-57.15,-0.97,5.6));
#15619=CARTESIAN_POINT('',(-57.15,-0.97,5.6));
#15620=CARTESIAN_POINT('',(-56.85,-1.27,5.6));
#15621=CARTESIAN_POINT('',(-57.,-1.12,5.6));
#15622=CARTESIAN_POINT('',(-56.85,-1.27,5.6));
#15623=CARTESIAN_POINT('Origin',(-57.15,-1.27,5.6));
#15624=CARTESIAN_POINT('',(-54.91,-1.27,5.6));
#15625=CARTESIAN_POINT('',(-54.61,-1.27,5.6));
#15626=CARTESIAN_POINT('',(-54.91,-1.27,8.2));
#15627=CARTESIAN_POINT('',(-54.91,-1.27,5.6));
#15628=CARTESIAN_POINT('',(-54.61,-1.27,8.2));
#15629=CARTESIAN_POINT('Origin',(-54.76,-1.12,5.6));
#15630=CARTESIAN_POINT('',(-54.76,-1.12,8.2));
#15631=CARTESIAN_POINT('',(-54.76,-1.12,5.6));
#15632=CARTESIAN_POINT('Origin',(-56.195,-0.315,5.6));
#15633=CARTESIAN_POINT('',(-56.195,-0.315,5.6));
#15634=CARTESIAN_POINT('',(-56.195,0.315,5.6));
#15635=CARTESIAN_POINT('',(-56.195,-0.315,5.6));
#15636=CARTESIAN_POINT('',(-56.195,0.315,8.2));
#15637=CARTESIAN_POINT('',(-56.195,0.315,5.6));
#15638=CARTESIAN_POINT('',(-56.195,-0.315,8.2));
#15639=CARTESIAN_POINT('',(-56.195,-0.315,8.2));
#15640=CARTESIAN_POINT('',(-56.195,-0.315,5.6));
#15641=CARTESIAN_POINT('Origin',(-55.565,-0.315,5.6));
#15642=CARTESIAN_POINT('',(-55.565,-0.315,5.6));
#15643=CARTESIAN_POINT('',(-55.565,-0.315,5.6));
#15644=CARTESIAN_POINT('',(-55.565,-0.315,8.2));
#15645=CARTESIAN_POINT('',(-55.565,-0.315,8.2));
#15646=CARTESIAN_POINT('',(-55.565,-0.315,5.6));
#15647=CARTESIAN_POINT('Origin',(-55.565,0.315,5.6));
#15648=CARTESIAN_POINT('',(-55.565,0.315,5.6));
#15649=CARTESIAN_POINT('',(-55.565,0.315,5.6));
#15650=CARTESIAN_POINT('',(-55.565,0.315,8.2));
#15651=CARTESIAN_POINT('',(-55.565,0.315,8.2));
#15652=CARTESIAN_POINT('',(-55.565,0.315,5.6));
#15653=CARTESIAN_POINT('Origin',(-56.195,0.315,5.6));
#15654=CARTESIAN_POINT('',(-56.195,0.315,5.6));
#15655=CARTESIAN_POINT('',(-56.195,0.315,8.2));
#15656=CARTESIAN_POINT('Origin',(-57.3,1.12,5.6));
#15657=CARTESIAN_POINT('',(-57.45,1.27,8.2));
#15658=CARTESIAN_POINT('',(-57.3,1.12,8.2));
#15659=CARTESIAN_POINT('',(-57.45,1.27,5.6));
#15660=CARTESIAN_POINT('',(-57.3,1.12,5.6));
#15661=CARTESIAN_POINT('',(-57.45,1.27,5.6));
#15662=CARTESIAN_POINT('Origin',(-59.69,1.27,5.6));
#15663=CARTESIAN_POINT('',(-59.39,1.27,5.6));
#15664=CARTESIAN_POINT('',(-57.15,1.27,5.6));
#15665=CARTESIAN_POINT('',(-59.39,1.27,8.2));
#15666=CARTESIAN_POINT('',(-59.39,1.27,5.6));
#15667=CARTESIAN_POINT('',(-57.15,1.27,8.2));
#15668=CARTESIAN_POINT('Origin',(-59.54,1.12,5.6));
#15669=CARTESIAN_POINT('',(-59.69,0.97,8.2));
#15670=CARTESIAN_POINT('',(-59.54,1.12,8.2));
#15671=CARTESIAN_POINT('',(-59.69,0.97,5.6));
#15672=CARTESIAN_POINT('',(-59.54,1.12,5.6));
#15673=CARTESIAN_POINT('',(-59.69,0.97,5.6));
#15674=CARTESIAN_POINT('Origin',(-57.3,-1.12,5.6));
#15675=CARTESIAN_POINT('',(-57.45,-1.27,8.2));
#15676=CARTESIAN_POINT('',(-57.3,-1.12,8.2));
#15677=CARTESIAN_POINT('',(-57.45,-1.27,5.6));
#15678=CARTESIAN_POINT('',(-57.45,-1.27,5.6));
#15679=CARTESIAN_POINT('',(-57.3,-1.12,5.6));
#15680=CARTESIAN_POINT('Origin',(-57.15,-1.27,5.6));
#15681=CARTESIAN_POINT('',(-59.39,-1.27,8.2));
#15682=CARTESIAN_POINT('',(-59.69,-1.27,8.2));
#15683=CARTESIAN_POINT('',(-59.39,-1.27,5.6));
#15684=CARTESIAN_POINT('',(-59.39,-1.27,5.6));
#15685=CARTESIAN_POINT('',(-59.69,-1.27,5.6));
#15686=CARTESIAN_POINT('Origin',(-59.54,-1.12,5.6));
#15687=CARTESIAN_POINT('',(-59.69,-0.97,8.2));
#15688=CARTESIAN_POINT('',(-59.54,-1.12,8.2));
#15689=CARTESIAN_POINT('',(-59.69,-0.97,5.6));
#15690=CARTESIAN_POINT('',(-59.69,-0.97,5.6));
#15691=CARTESIAN_POINT('',(-59.54,-1.12,5.6));
#15692=CARTESIAN_POINT('Origin',(-58.105,-0.315,5.6));
#15693=CARTESIAN_POINT('',(-58.105,-0.315,5.6));
#15694=CARTESIAN_POINT('',(-58.105,0.315,5.6));
#15695=CARTESIAN_POINT('',(-58.105,-0.315,5.6));
#15696=CARTESIAN_POINT('',(-58.105,-0.315,8.2));
#15697=CARTESIAN_POINT('',(-58.105,-0.315,5.6));
#15698=CARTESIAN_POINT('',(-58.105,0.315,8.2));
#15699=CARTESIAN_POINT('',(-58.105,-0.315,8.2));
#15700=CARTESIAN_POINT('',(-58.105,0.315,5.6));
#15701=CARTESIAN_POINT('Origin',(-58.735,-0.315,5.6));
#15702=CARTESIAN_POINT('',(-58.735,-0.315,5.6));
#15703=CARTESIAN_POINT('',(-58.735,-0.315,5.6));
#15704=CARTESIAN_POINT('',(-58.735,-0.315,8.2));
#15705=CARTESIAN_POINT('',(-58.735,-0.315,5.6));
#15706=CARTESIAN_POINT('',(-58.735,-0.315,8.2));
#15707=CARTESIAN_POINT('Origin',(-58.735,0.315,5.6));
#15708=CARTESIAN_POINT('',(-58.735,0.315,5.6));
#15709=CARTESIAN_POINT('',(-58.735,0.315,5.6));
#15710=CARTESIAN_POINT('',(-58.735,0.315,8.2));
#15711=CARTESIAN_POINT('',(-58.735,0.315,5.6));
#15712=CARTESIAN_POINT('',(-58.735,0.315,8.2));
#15713=CARTESIAN_POINT('Origin',(-58.105,0.315,5.6));
#15714=CARTESIAN_POINT('',(-58.105,0.315,5.6));
#15715=CARTESIAN_POINT('',(-58.105,0.315,8.2));
#15716=CARTESIAN_POINT('Origin',(-46.84,1.12,5.6));
#15717=CARTESIAN_POINT('',(-46.99,0.97,8.2));
#15718=CARTESIAN_POINT('',(-46.69,1.27,8.2));
#15719=CARTESIAN_POINT('',(-46.84,1.12,8.2));
#15720=CARTESIAN_POINT('',(-46.69,1.27,5.6));
#15721=CARTESIAN_POINT('',(-46.69,1.27,5.6));
#15722=CARTESIAN_POINT('',(-46.99,0.97,5.6));
#15723=CARTESIAN_POINT('',(-46.84,1.12,5.6));
#15724=CARTESIAN_POINT('',(-46.99,0.97,5.6));
#15725=CARTESIAN_POINT('Origin',(-44.45,1.27,5.6));
#15726=CARTESIAN_POINT('',(-44.75,1.27,8.2));
#15727=CARTESIAN_POINT('',(-46.99,1.27,8.2));
#15728=CARTESIAN_POINT('',(-44.75,1.27,5.6));
#15729=CARTESIAN_POINT('',(-44.75,1.27,5.6));
#15730=CARTESIAN_POINT('',(-46.99,1.27,5.6));
#15731=CARTESIAN_POINT('Origin',(-44.6,1.12,5.6));
#15732=CARTESIAN_POINT('',(-44.45,0.97,8.2));
#15733=CARTESIAN_POINT('',(-44.6,1.12,8.2));
#15734=CARTESIAN_POINT('',(-44.45,0.97,5.6));
#15735=CARTESIAN_POINT('',(-44.45,0.97,5.6));
#15736=CARTESIAN_POINT('',(-44.6,1.12,5.6));
#15737=CARTESIAN_POINT('Origin',(-46.84,-1.12,5.6));
#15738=CARTESIAN_POINT('',(-46.69,-1.27,8.2));
#15739=CARTESIAN_POINT('',(-46.99,-0.97,8.2));
#15740=CARTESIAN_POINT('',(-46.84,-1.12,8.2));
#15741=CARTESIAN_POINT('',(-46.99,-0.97,5.6));
#15742=CARTESIAN_POINT('',(-46.99,-0.97,5.6));
#15743=CARTESIAN_POINT('',(-46.69,-1.27,5.6));
#15744=CARTESIAN_POINT('',(-46.84,-1.12,5.6));
#15745=CARTESIAN_POINT('',(-46.69,-1.27,5.6));
#15746=CARTESIAN_POINT('Origin',(-46.99,-1.27,5.6));
#15747=CARTESIAN_POINT('',(-44.75,-1.27,5.6));
#15748=CARTESIAN_POINT('',(-44.45,-1.27,5.6));
#15749=CARTESIAN_POINT('',(-44.75,-1.27,8.2));
#15750=CARTESIAN_POINT('',(-44.75,-1.27,5.6));
#15751=CARTESIAN_POINT('',(-44.45,-1.27,8.2));
#15752=CARTESIAN_POINT('Origin',(-44.6,-1.12,5.6));
#15753=CARTESIAN_POINT('',(-44.45,-0.97,8.2));
#15754=CARTESIAN_POINT('',(-44.6,-1.12,8.2));
#15755=CARTESIAN_POINT('',(-44.45,-0.97,5.6));
#15756=CARTESIAN_POINT('',(-44.6,-1.12,5.6));
#15757=CARTESIAN_POINT('',(-44.45,-0.97,5.6));
#15758=CARTESIAN_POINT('Origin',(-46.035,-0.315,5.6));
#15759=CARTESIAN_POINT('',(-46.035,-0.315,5.6));
#15760=CARTESIAN_POINT('',(-46.035,0.315,5.6));
#15761=CARTESIAN_POINT('',(-46.035,-0.315,5.6));
#15762=CARTESIAN_POINT('',(-46.035,0.315,8.2));
#15763=CARTESIAN_POINT('',(-46.035,0.315,5.6));
#15764=CARTESIAN_POINT('',(-46.035,-0.315,8.2));
#15765=CARTESIAN_POINT('',(-46.035,-0.315,8.2));
#15766=CARTESIAN_POINT('',(-46.035,-0.315,5.6));
#15767=CARTESIAN_POINT('Origin',(-45.405,-0.315,5.6));
#15768=CARTESIAN_POINT('',(-45.405,-0.315,5.6));
#15769=CARTESIAN_POINT('',(-45.405,-0.315,5.6));
#15770=CARTESIAN_POINT('',(-45.405,-0.315,8.2));
#15771=CARTESIAN_POINT('',(-45.405,-0.315,8.2));
#15772=CARTESIAN_POINT('',(-45.405,-0.315,5.6));
#15773=CARTESIAN_POINT('Origin',(-45.405,0.315,5.6));
#15774=CARTESIAN_POINT('',(-45.405,0.315,5.6));
#15775=CARTESIAN_POINT('',(-45.405,0.315,5.6));
#15776=CARTESIAN_POINT('',(-45.405,0.315,8.2));
#15777=CARTESIAN_POINT('',(-45.405,0.315,8.2));
#15778=CARTESIAN_POINT('',(-45.405,0.315,5.6));
#15779=CARTESIAN_POINT('Origin',(-46.035,0.315,5.6));
#15780=CARTESIAN_POINT('',(-46.035,0.315,5.6));
#15781=CARTESIAN_POINT('',(-46.035,0.315,8.2));
#15782=CARTESIAN_POINT('Origin',(-47.14,1.12,5.6));
#15783=CARTESIAN_POINT('',(-47.29,1.27,8.2));
#15784=CARTESIAN_POINT('',(-47.14,1.12,8.2));
#15785=CARTESIAN_POINT('',(-47.29,1.27,5.6));
#15786=CARTESIAN_POINT('',(-47.14,1.12,5.6));
#15787=CARTESIAN_POINT('',(-47.29,1.27,5.6));
#15788=CARTESIAN_POINT('Origin',(-49.53,1.27,5.6));
#15789=CARTESIAN_POINT('',(-49.23,1.27,5.6));
#15790=CARTESIAN_POINT('',(-46.99,1.27,5.6));
#15791=CARTESIAN_POINT('',(-49.23,1.27,8.2));
#15792=CARTESIAN_POINT('',(-49.23,1.27,5.6));
#15793=CARTESIAN_POINT('',(-46.99,1.27,8.2));
#15794=CARTESIAN_POINT('Origin',(-49.38,1.12,5.6));
#15795=CARTESIAN_POINT('',(-49.38,1.12,8.2));
#15796=CARTESIAN_POINT('',(-49.38,1.12,5.6));
#15797=CARTESIAN_POINT('Origin',(-47.14,-1.12,5.6));
#15798=CARTESIAN_POINT('',(-47.29,-1.27,8.2));
#15799=CARTESIAN_POINT('',(-47.14,-1.12,8.2));
#15800=CARTESIAN_POINT('',(-47.29,-1.27,5.6));
#15801=CARTESIAN_POINT('',(-47.29,-1.27,5.6));
#15802=CARTESIAN_POINT('',(-47.14,-1.12,5.6));
#15803=CARTESIAN_POINT('Origin',(-46.99,-1.27,5.6));
#15804=CARTESIAN_POINT('',(-49.23,-1.27,8.2));
#15805=CARTESIAN_POINT('',(-49.53,-1.27,8.2));
#15806=CARTESIAN_POINT('',(-49.23,-1.27,5.6));
#15807=CARTESIAN_POINT('',(-49.23,-1.27,5.6));
#15808=CARTESIAN_POINT('',(-49.53,-1.27,5.6));
#15809=CARTESIAN_POINT('Origin',(-49.38,-1.12,5.6));
#15810=CARTESIAN_POINT('',(-49.38,-1.12,8.2));
#15811=CARTESIAN_POINT('',(-49.38,-1.12,5.6));
#15812=CARTESIAN_POINT('Origin',(-47.945,-0.315,5.6));
#15813=CARTESIAN_POINT('',(-47.945,-0.315,5.6));
#15814=CARTESIAN_POINT('',(-47.945,0.315,5.6));
#15815=CARTESIAN_POINT('',(-47.945,-0.315,5.6));
#15816=CARTESIAN_POINT('',(-47.945,-0.315,8.2));
#15817=CARTESIAN_POINT('',(-47.945,-0.315,5.6));
#15818=CARTESIAN_POINT('',(-47.945,0.315,8.2));
#15819=CARTESIAN_POINT('',(-47.945,-0.315,8.2));
#15820=CARTESIAN_POINT('',(-47.945,0.315,5.6));
#15821=CARTESIAN_POINT('Origin',(-48.575,-0.315,5.6));
#15822=CARTESIAN_POINT('',(-48.575,-0.315,5.6));
#15823=CARTESIAN_POINT('',(-48.575,-0.315,5.6));
#15824=CARTESIAN_POINT('',(-48.575,-0.315,8.2));
#15825=CARTESIAN_POINT('',(-48.575,-0.315,5.6));
#15826=CARTESIAN_POINT('',(-48.575,-0.315,8.2));
#15827=CARTESIAN_POINT('Origin',(-48.575,0.315,5.6));
#15828=CARTESIAN_POINT('',(-48.575,0.315,5.6));
#15829=CARTESIAN_POINT('',(-48.575,0.315,5.6));
#15830=CARTESIAN_POINT('',(-48.575,0.315,8.2));
#15831=CARTESIAN_POINT('',(-48.575,0.315,5.6));
#15832=CARTESIAN_POINT('',(-48.575,0.315,8.2));
#15833=CARTESIAN_POINT('Origin',(-47.945,0.315,5.6));
#15834=CARTESIAN_POINT('',(-47.945,0.315,5.6));
#15835=CARTESIAN_POINT('',(-47.945,0.315,8.2));
#15836=CARTESIAN_POINT('Origin',(-42.06,1.12,5.6));
#15837=CARTESIAN_POINT('',(-41.91,0.97,8.2));
#15838=CARTESIAN_POINT('',(-42.21,1.27,8.2));
#15839=CARTESIAN_POINT('',(-42.06,1.12,8.2));
#15840=CARTESIAN_POINT('',(-41.91,0.97,5.6));
#15841=CARTESIAN_POINT('',(-41.91,0.97,5.6));
#15842=CARTESIAN_POINT('',(-42.21,1.27,5.6));
#15843=CARTESIAN_POINT('',(-42.06,1.12,5.6));
#15844=CARTESIAN_POINT('',(-42.21,1.27,5.6));
#15845=CARTESIAN_POINT('Origin',(-44.45,1.27,5.6));
#15846=CARTESIAN_POINT('',(-44.15,1.27,5.6));
#15847=CARTESIAN_POINT('',(-41.91,1.27,5.6));
#15848=CARTESIAN_POINT('',(-44.15,1.27,8.2));
#15849=CARTESIAN_POINT('',(-44.15,1.27,5.6));
#15850=CARTESIAN_POINT('',(-41.91,1.27,8.2));
#15851=CARTESIAN_POINT('Origin',(-44.3,1.12,5.6));
#15852=CARTESIAN_POINT('',(-44.3,1.12,8.2));
#15853=CARTESIAN_POINT('',(-44.3,1.12,5.6));
#15854=CARTESIAN_POINT('Origin',(-42.06,-1.12,5.6));
#15855=CARTESIAN_POINT('',(-42.21,-1.27,8.2));
#15856=CARTESIAN_POINT('',(-41.91,-0.97,8.2));
#15857=CARTESIAN_POINT('',(-42.06,-1.12,8.2));
#15858=CARTESIAN_POINT('',(-42.21,-1.27,5.6));
#15859=CARTESIAN_POINT('',(-42.21,-1.27,5.6));
#15860=CARTESIAN_POINT('',(-41.91,-0.97,5.6));
#15861=CARTESIAN_POINT('',(-42.06,-1.12,5.6));
#15862=CARTESIAN_POINT('',(-41.91,-0.97,5.6));
#15863=CARTESIAN_POINT('Origin',(-41.91,-1.27,5.6));
#15864=CARTESIAN_POINT('',(-44.15,-1.27,8.2));
#15865=CARTESIAN_POINT('',(-44.45,-1.27,8.2));
#15866=CARTESIAN_POINT('',(-44.15,-1.27,5.6));
#15867=CARTESIAN_POINT('',(-44.15,-1.27,5.6));
#15868=CARTESIAN_POINT('',(-44.45,-1.27,5.6));
#15869=CARTESIAN_POINT('Origin',(-44.3,-1.12,5.6));
#15870=CARTESIAN_POINT('',(-44.3,-1.12,8.2));
#15871=CARTESIAN_POINT('',(-44.3,-1.12,5.6));
#15872=CARTESIAN_POINT('Origin',(-42.865,-0.315,5.6));
#15873=CARTESIAN_POINT('',(-42.865,-0.315,5.6));
#15874=CARTESIAN_POINT('',(-42.865,0.315,5.6));
#15875=CARTESIAN_POINT('',(-42.865,-0.315,5.6));
#15876=CARTESIAN_POINT('',(-42.865,-0.315,8.2));
#15877=CARTESIAN_POINT('',(-42.865,-0.315,5.6));
#15878=CARTESIAN_POINT('',(-42.865,0.315,8.2));
#15879=CARTESIAN_POINT('',(-42.865,-0.315,8.2));
#15880=CARTESIAN_POINT('',(-42.865,0.315,5.6));
#15881=CARTESIAN_POINT('Origin',(-43.495,-0.315,5.6));
#15882=CARTESIAN_POINT('',(-43.495,-0.315,5.6));
#15883=CARTESIAN_POINT('',(-43.495,-0.315,5.6));
#15884=CARTESIAN_POINT('',(-43.495,-0.315,8.2));
#15885=CARTESIAN_POINT('',(-43.495,-0.315,5.6));
#15886=CARTESIAN_POINT('',(-43.495,-0.315,8.2));
#15887=CARTESIAN_POINT('Origin',(-43.495,0.315,5.6));
#15888=CARTESIAN_POINT('',(-43.495,0.315,5.6));
#15889=CARTESIAN_POINT('',(-43.495,0.315,5.6));
#15890=CARTESIAN_POINT('',(-43.495,0.315,8.2));
#15891=CARTESIAN_POINT('',(-43.495,0.315,5.6));
#15892=CARTESIAN_POINT('',(-43.495,0.315,8.2));
#15893=CARTESIAN_POINT('Origin',(-42.865,0.315,5.6));
#15894=CARTESIAN_POINT('',(-42.865,0.315,5.6));
#15895=CARTESIAN_POINT('',(-42.865,0.315,8.2));
#15896=CARTESIAN_POINT('Origin',(-41.76,1.12,5.6));
#15897=CARTESIAN_POINT('',(-41.61,1.27,8.2));
#15898=CARTESIAN_POINT('',(-41.76,1.12,8.2));
#15899=CARTESIAN_POINT('',(-41.61,1.27,5.6));
#15900=CARTESIAN_POINT('',(-41.61,1.27,5.6));
#15901=CARTESIAN_POINT('',(-41.76,1.12,5.6));
#15902=CARTESIAN_POINT('Origin',(-39.37,1.27,5.6));
#15903=CARTESIAN_POINT('',(-39.67,1.27,8.2));
#15904=CARTESIAN_POINT('',(-41.91,1.27,8.2));
#15905=CARTESIAN_POINT('',(-39.67,1.27,5.6));
#15906=CARTESIAN_POINT('',(-39.67,1.27,5.6));
#15907=CARTESIAN_POINT('',(-41.91,1.27,5.6));
#15908=CARTESIAN_POINT('Origin',(-39.52,1.12,5.6));
#15909=CARTESIAN_POINT('',(-39.37,0.97,8.2));
#15910=CARTESIAN_POINT('',(-39.52,1.12,8.2));
#15911=CARTESIAN_POINT('',(-39.37,0.97,5.6));
#15912=CARTESIAN_POINT('',(-39.37,0.97,5.6));
#15913=CARTESIAN_POINT('',(-39.52,1.12,5.6));
#15914=CARTESIAN_POINT('Origin',(-41.76,-1.12,5.6));
#15915=CARTESIAN_POINT('',(-41.61,-1.27,8.2));
#15916=CARTESIAN_POINT('',(-41.76,-1.12,8.2));
#15917=CARTESIAN_POINT('',(-41.61,-1.27,5.6));
#15918=CARTESIAN_POINT('',(-41.76,-1.12,5.6));
#15919=CARTESIAN_POINT('',(-41.61,-1.27,5.6));
#15920=CARTESIAN_POINT('Origin',(-41.91,-1.27,5.6));
#15921=CARTESIAN_POINT('',(-39.67,-1.27,5.6));
#15922=CARTESIAN_POINT('',(-39.37,-1.27,5.6));
#15923=CARTESIAN_POINT('',(-39.67,-1.27,8.2));
#15924=CARTESIAN_POINT('',(-39.67,-1.27,5.6));
#15925=CARTESIAN_POINT('',(-39.37,-1.27,8.2));
#15926=CARTESIAN_POINT('Origin',(-39.52,-1.12,5.6));
#15927=CARTESIAN_POINT('',(-39.37,-0.97,8.2));
#15928=CARTESIAN_POINT('',(-39.52,-1.12,8.2));
#15929=CARTESIAN_POINT('',(-39.37,-0.97,5.6));
#15930=CARTESIAN_POINT('',(-39.52,-1.12,5.6));
#15931=CARTESIAN_POINT('',(-39.37,-0.97,5.6));
#15932=CARTESIAN_POINT('Origin',(-40.955,-0.315,5.6));
#15933=CARTESIAN_POINT('',(-40.955,-0.315,5.6));
#15934=CARTESIAN_POINT('',(-40.955,0.315,5.6));
#15935=CARTESIAN_POINT('',(-40.955,-0.315,5.6));
#15936=CARTESIAN_POINT('',(-40.955,0.315,8.2));
#15937=CARTESIAN_POINT('',(-40.955,0.315,5.6));
#15938=CARTESIAN_POINT('',(-40.955,-0.315,8.2));
#15939=CARTESIAN_POINT('',(-40.955,-0.315,8.2));
#15940=CARTESIAN_POINT('',(-40.955,-0.315,5.6));
#15941=CARTESIAN_POINT('Origin',(-40.325,-0.315,5.6));
#15942=CARTESIAN_POINT('',(-40.325,-0.315,5.6));
#15943=CARTESIAN_POINT('',(-40.325,-0.315,5.6));
#15944=CARTESIAN_POINT('',(-40.325,-0.315,8.2));
#15945=CARTESIAN_POINT('',(-40.325,-0.315,8.2));
#15946=CARTESIAN_POINT('',(-40.325,-0.315,5.6));
#15947=CARTESIAN_POINT('Origin',(-40.325,0.315,5.6));
#15948=CARTESIAN_POINT('',(-40.325,0.315,5.6));
#15949=CARTESIAN_POINT('',(-40.325,0.315,5.6));
#15950=CARTESIAN_POINT('',(-40.325,0.315,8.2));
#15951=CARTESIAN_POINT('',(-40.325,0.315,8.2));
#15952=CARTESIAN_POINT('',(-40.325,0.315,5.6));
#15953=CARTESIAN_POINT('Origin',(-40.955,0.315,5.6));
#15954=CARTESIAN_POINT('',(-40.955,0.315,5.6));
#15955=CARTESIAN_POINT('',(-40.955,0.315,8.2));
#15956=CARTESIAN_POINT('Origin',(-67.16,1.12,5.6));
#15957=CARTESIAN_POINT('',(-67.31,0.97,8.2));
#15958=CARTESIAN_POINT('',(-67.01,1.27,8.2));
#15959=CARTESIAN_POINT('',(-67.16,1.12,8.2));
#15960=CARTESIAN_POINT('',(-67.01,1.27,5.6));
#15961=CARTESIAN_POINT('',(-67.01,1.27,5.6));
#15962=CARTESIAN_POINT('',(-67.31,0.97,5.6));
#15963=CARTESIAN_POINT('',(-67.16,1.12,5.6));
#15964=CARTESIAN_POINT('',(-67.31,0.97,5.6));
#15965=CARTESIAN_POINT('Origin',(-64.77,1.27,5.6));
#15966=CARTESIAN_POINT('',(-65.07,1.27,8.2));
#15967=CARTESIAN_POINT('',(-67.31,1.27,8.2));
#15968=CARTESIAN_POINT('',(-65.07,1.27,5.6));
#15969=CARTESIAN_POINT('',(-65.07,1.27,5.6));
#15970=CARTESIAN_POINT('',(-67.31,1.27,5.6));
#15971=CARTESIAN_POINT('Origin',(-64.92,1.12,5.6));
#15972=CARTESIAN_POINT('',(-64.77,0.97,8.2));
#15973=CARTESIAN_POINT('',(-64.92,1.12,8.2));
#15974=CARTESIAN_POINT('',(-64.77,0.97,5.6));
#15975=CARTESIAN_POINT('',(-64.77,0.97,5.6));
#15976=CARTESIAN_POINT('',(-64.92,1.12,5.6));
#15977=CARTESIAN_POINT('Origin',(-67.16,-1.12,5.6));
#15978=CARTESIAN_POINT('',(-67.01,-1.27,8.2));
#15979=CARTESIAN_POINT('',(-67.31,-0.97,8.2));
#15980=CARTESIAN_POINT('',(-67.16,-1.12,8.2));
#15981=CARTESIAN_POINT('',(-67.31,-0.97,5.6));
#15982=CARTESIAN_POINT('',(-67.31,-0.97,5.6));
#15983=CARTESIAN_POINT('',(-67.01,-1.27,5.6));
#15984=CARTESIAN_POINT('',(-67.16,-1.12,5.6));
#15985=CARTESIAN_POINT('',(-67.01,-1.27,5.6));
#15986=CARTESIAN_POINT('Origin',(-67.31,-1.27,5.6));
#15987=CARTESIAN_POINT('',(-65.07,-1.27,5.6));
#15988=CARTESIAN_POINT('',(-64.77,-1.27,5.6));
#15989=CARTESIAN_POINT('',(-65.07,-1.27,8.2));
#15990=CARTESIAN_POINT('',(-65.07,-1.27,5.6));
#15991=CARTESIAN_POINT('',(-64.77,-1.27,8.2));
#15992=CARTESIAN_POINT('Origin',(-64.92,-1.12,5.6));
#15993=CARTESIAN_POINT('',(-64.77,-0.97,8.2));
#15994=CARTESIAN_POINT('',(-64.92,-1.12,8.2));
#15995=CARTESIAN_POINT('',(-64.77,-0.97,5.6));
#15996=CARTESIAN_POINT('',(-64.92,-1.12,5.6));
#15997=CARTESIAN_POINT('',(-64.77,-0.97,5.6));
#15998=CARTESIAN_POINT('Origin',(-66.355,-0.315,5.6));
#15999=CARTESIAN_POINT('',(-66.355,-0.315,5.6));
#16000=CARTESIAN_POINT('',(-66.355,0.315,5.6));
#16001=CARTESIAN_POINT('',(-66.355,-0.315,5.6));
#16002=CARTESIAN_POINT('',(-66.355,0.315,8.2));
#16003=CARTESIAN_POINT('',(-66.355,0.315,5.6));
#16004=CARTESIAN_POINT('',(-66.355,-0.315,8.2));
#16005=CARTESIAN_POINT('',(-66.355,-0.315,8.2));
#16006=CARTESIAN_POINT('',(-66.355,-0.315,5.6));
#16007=CARTESIAN_POINT('Origin',(-65.725,-0.315,5.6));
#16008=CARTESIAN_POINT('',(-65.725,-0.315,5.6));
#16009=CARTESIAN_POINT('',(-65.725,-0.315,5.6));
#16010=CARTESIAN_POINT('',(-65.725,-0.315,8.2));
#16011=CARTESIAN_POINT('',(-65.725,-0.315,8.2));
#16012=CARTESIAN_POINT('',(-65.725,-0.315,5.6));
#16013=CARTESIAN_POINT('Origin',(-65.725,0.315,5.6));
#16014=CARTESIAN_POINT('',(-65.725,0.315,5.6));
#16015=CARTESIAN_POINT('',(-65.725,0.315,5.6));
#16016=CARTESIAN_POINT('',(-65.725,0.315,8.2));
#16017=CARTESIAN_POINT('',(-65.725,0.315,8.2));
#16018=CARTESIAN_POINT('',(-65.725,0.315,5.6));
#16019=CARTESIAN_POINT('Origin',(-66.355,0.315,5.6));
#16020=CARTESIAN_POINT('',(-66.355,0.315,5.6));
#16021=CARTESIAN_POINT('',(-66.355,0.315,8.2));
#16022=CARTESIAN_POINT('Origin',(-67.46,1.12,5.6));
#16023=CARTESIAN_POINT('',(-67.61,1.27,8.2));
#16024=CARTESIAN_POINT('',(-67.46,1.12,8.2));
#16025=CARTESIAN_POINT('',(-67.61,1.27,5.6));
#16026=CARTESIAN_POINT('',(-67.46,1.12,5.6));
#16027=CARTESIAN_POINT('',(-67.61,1.27,5.6));
#16028=CARTESIAN_POINT('Origin',(-69.85,1.27,5.6));
#16029=CARTESIAN_POINT('',(-69.55,1.27,5.6));
#16030=CARTESIAN_POINT('',(-67.31,1.27,5.6));
#16031=CARTESIAN_POINT('',(-69.55,1.27,8.2));
#16032=CARTESIAN_POINT('',(-69.55,1.27,5.6));
#16033=CARTESIAN_POINT('',(-67.31,1.27,8.2));
#16034=CARTESIAN_POINT('Origin',(-69.7,1.12,5.6));
#16035=CARTESIAN_POINT('',(-69.85,0.97,8.2));
#16036=CARTESIAN_POINT('',(-69.7,1.12,8.2));
#16037=CARTESIAN_POINT('',(-69.85,0.97,5.6));
#16038=CARTESIAN_POINT('',(-69.7,1.12,5.6));
#16039=CARTESIAN_POINT('',(-69.85,0.97,5.6));
#16040=CARTESIAN_POINT('Origin',(-67.46,-1.12,5.6));
#16041=CARTESIAN_POINT('',(-67.61,-1.27,8.2));
#16042=CARTESIAN_POINT('',(-67.46,-1.12,8.2));
#16043=CARTESIAN_POINT('',(-67.61,-1.27,5.6));
#16044=CARTESIAN_POINT('',(-67.61,-1.27,5.6));
#16045=CARTESIAN_POINT('',(-67.46,-1.12,5.6));
#16046=CARTESIAN_POINT('Origin',(-67.31,-1.27,5.6));
#16047=CARTESIAN_POINT('',(-69.55,-1.27,8.2));
#16048=CARTESIAN_POINT('',(-69.85,-1.27,8.2));
#16049=CARTESIAN_POINT('',(-69.55,-1.27,5.6));
#16050=CARTESIAN_POINT('',(-69.55,-1.27,5.6));
#16051=CARTESIAN_POINT('',(-69.85,-1.27,5.6));
#16052=CARTESIAN_POINT('Origin',(-69.7,-1.12,5.6));
#16053=CARTESIAN_POINT('',(-69.85,-0.97,8.2));
#16054=CARTESIAN_POINT('',(-69.7,-1.12,8.2));
#16055=CARTESIAN_POINT('',(-69.85,-0.97,5.6));
#16056=CARTESIAN_POINT('',(-69.85,-0.97,5.6));
#16057=CARTESIAN_POINT('',(-69.7,-1.12,5.6));
#16058=CARTESIAN_POINT('Origin',(-68.265,-0.315,5.6));
#16059=CARTESIAN_POINT('',(-68.265,-0.315,5.6));
#16060=CARTESIAN_POINT('',(-68.265,0.315,5.6));
#16061=CARTESIAN_POINT('',(-68.265,-0.315,5.6));
#16062=CARTESIAN_POINT('',(-68.265,-0.315,8.2));
#16063=CARTESIAN_POINT('',(-68.265,-0.315,5.6));
#16064=CARTESIAN_POINT('',(-68.265,0.315,8.2));
#16065=CARTESIAN_POINT('',(-68.265,-0.315,8.2));
#16066=CARTESIAN_POINT('',(-68.265,0.315,5.6));
#16067=CARTESIAN_POINT('Origin',(-68.895,-0.315,5.6));
#16068=CARTESIAN_POINT('',(-68.895,-0.315,5.6));
#16069=CARTESIAN_POINT('',(-68.895,-0.315,5.6));
#16070=CARTESIAN_POINT('',(-68.895,-0.315,8.2));
#16071=CARTESIAN_POINT('',(-68.895,-0.315,5.6));
#16072=CARTESIAN_POINT('',(-68.895,-0.315,8.2));
#16073=CARTESIAN_POINT('Origin',(-68.895,0.315,5.6));
#16074=CARTESIAN_POINT('',(-68.895,0.315,5.6));
#16075=CARTESIAN_POINT('',(-68.895,0.315,5.6));
#16076=CARTESIAN_POINT('',(-68.895,0.315,8.2));
#16077=CARTESIAN_POINT('',(-68.895,0.315,5.6));
#16078=CARTESIAN_POINT('',(-68.895,0.315,8.2));
#16079=CARTESIAN_POINT('Origin',(-68.265,0.315,5.6));
#16080=CARTESIAN_POINT('',(-68.265,0.315,5.6));
#16081=CARTESIAN_POINT('',(-68.265,0.315,8.2));
#16082=CARTESIAN_POINT('Origin',(-62.38,1.12,5.6));
#16083=CARTESIAN_POINT('',(-62.23,0.97,8.2));
#16084=CARTESIAN_POINT('',(-62.53,1.27,8.2));
#16085=CARTESIAN_POINT('',(-62.38,1.12,8.2));
#16086=CARTESIAN_POINT('',(-62.23,0.97,5.6));
#16087=CARTESIAN_POINT('',(-62.23,0.97,5.6));
#16088=CARTESIAN_POINT('',(-62.53,1.27,5.6));
#16089=CARTESIAN_POINT('',(-62.38,1.12,5.6));
#16090=CARTESIAN_POINT('',(-62.53,1.27,5.6));
#16091=CARTESIAN_POINT('Origin',(-64.77,1.27,5.6));
#16092=CARTESIAN_POINT('',(-64.47,1.27,5.6));
#16093=CARTESIAN_POINT('',(-62.23,1.27,5.6));
#16094=CARTESIAN_POINT('',(-64.47,1.27,8.2));
#16095=CARTESIAN_POINT('',(-64.47,1.27,5.6));
#16096=CARTESIAN_POINT('',(-62.23,1.27,8.2));
#16097=CARTESIAN_POINT('Origin',(-64.62,1.12,5.6));
#16098=CARTESIAN_POINT('',(-64.62,1.12,8.2));
#16099=CARTESIAN_POINT('',(-64.62,1.12,5.6));
#16100=CARTESIAN_POINT('Origin',(-62.38,-1.12,5.6));
#16101=CARTESIAN_POINT('',(-62.53,-1.27,8.2));
#16102=CARTESIAN_POINT('',(-62.23,-0.97,8.2));
#16103=CARTESIAN_POINT('',(-62.38,-1.12,8.2));
#16104=CARTESIAN_POINT('',(-62.53,-1.27,5.6));
#16105=CARTESIAN_POINT('',(-62.53,-1.27,5.6));
#16106=CARTESIAN_POINT('',(-62.23,-0.97,5.6));
#16107=CARTESIAN_POINT('',(-62.38,-1.12,5.6));
#16108=CARTESIAN_POINT('',(-62.23,-0.97,5.6));
#16109=CARTESIAN_POINT('Origin',(-62.23,-1.27,5.6));
#16110=CARTESIAN_POINT('',(-64.47,-1.27,8.2));
#16111=CARTESIAN_POINT('',(-64.77,-1.27,8.2));
#16112=CARTESIAN_POINT('',(-64.47,-1.27,5.6));
#16113=CARTESIAN_POINT('',(-64.47,-1.27,5.6));
#16114=CARTESIAN_POINT('',(-64.77,-1.27,5.6));
#16115=CARTESIAN_POINT('Origin',(-64.62,-1.12,5.6));
#16116=CARTESIAN_POINT('',(-64.62,-1.12,8.2));
#16117=CARTESIAN_POINT('',(-64.62,-1.12,5.6));
#16118=CARTESIAN_POINT('Origin',(-63.185,-0.315,5.6));
#16119=CARTESIAN_POINT('',(-63.185,-0.315,5.6));
#16120=CARTESIAN_POINT('',(-63.185,0.315,5.6));
#16121=CARTESIAN_POINT('',(-63.185,-0.315,5.6));
#16122=CARTESIAN_POINT('',(-63.185,-0.315,8.2));
#16123=CARTESIAN_POINT('',(-63.185,-0.315,5.6));
#16124=CARTESIAN_POINT('',(-63.185,0.315,8.2));
#16125=CARTESIAN_POINT('',(-63.185,-0.315,8.2));
#16126=CARTESIAN_POINT('',(-63.185,0.315,5.6));
#16127=CARTESIAN_POINT('Origin',(-63.815,-0.315,5.6));
#16128=CARTESIAN_POINT('',(-63.815,-0.315,5.6));
#16129=CARTESIAN_POINT('',(-63.815,-0.315,5.6));
#16130=CARTESIAN_POINT('',(-63.815,-0.315,8.2));
#16131=CARTESIAN_POINT('',(-63.815,-0.315,5.6));
#16132=CARTESIAN_POINT('',(-63.815,-0.315,8.2));
#16133=CARTESIAN_POINT('Origin',(-63.815,0.315,5.6));
#16134=CARTESIAN_POINT('',(-63.815,0.315,5.6));
#16135=CARTESIAN_POINT('',(-63.815,0.315,5.6));
#16136=CARTESIAN_POINT('',(-63.815,0.315,8.2));
#16137=CARTESIAN_POINT('',(-63.815,0.315,5.6));
#16138=CARTESIAN_POINT('',(-63.815,0.315,8.2));
#16139=CARTESIAN_POINT('Origin',(-63.185,0.315,5.6));
#16140=CARTESIAN_POINT('',(-63.185,0.315,5.6));
#16141=CARTESIAN_POINT('',(-63.185,0.315,8.2));
#16142=CARTESIAN_POINT('Origin',(-62.08,1.12,5.6));
#16143=CARTESIAN_POINT('',(-61.93,1.27,8.2));
#16144=CARTESIAN_POINT('',(-62.08,1.12,8.2));
#16145=CARTESIAN_POINT('',(-61.93,1.27,5.6));
#16146=CARTESIAN_POINT('',(-61.93,1.27,5.6));
#16147=CARTESIAN_POINT('',(-62.08,1.12,5.6));
#16148=CARTESIAN_POINT('Origin',(-59.69,1.27,5.6));
#16149=CARTESIAN_POINT('',(-59.99,1.27,8.2));
#16150=CARTESIAN_POINT('',(-62.23,1.27,8.2));
#16151=CARTESIAN_POINT('',(-59.99,1.27,5.6));
#16152=CARTESIAN_POINT('',(-59.99,1.27,5.6));
#16153=CARTESIAN_POINT('',(-62.23,1.27,5.6));
#16154=CARTESIAN_POINT('Origin',(-59.84,1.12,5.6));
#16155=CARTESIAN_POINT('',(-59.84,1.12,8.2));
#16156=CARTESIAN_POINT('',(-59.84,1.12,5.6));
#16157=CARTESIAN_POINT('Origin',(-62.08,-1.12,5.6));
#16158=CARTESIAN_POINT('',(-61.93,-1.27,8.2));
#16159=CARTESIAN_POINT('',(-62.08,-1.12,8.2));
#16160=CARTESIAN_POINT('',(-61.93,-1.27,5.6));
#16161=CARTESIAN_POINT('',(-62.08,-1.12,5.6));
#16162=CARTESIAN_POINT('',(-61.93,-1.27,5.6));
#16163=CARTESIAN_POINT('Origin',(-62.23,-1.27,5.6));
#16164=CARTESIAN_POINT('',(-59.99,-1.27,5.6));
#16165=CARTESIAN_POINT('',(-59.69,-1.27,5.6));
#16166=CARTESIAN_POINT('',(-59.99,-1.27,8.2));
#16167=CARTESIAN_POINT('',(-59.99,-1.27,5.6));
#16168=CARTESIAN_POINT('',(-59.69,-1.27,8.2));
#16169=CARTESIAN_POINT('Origin',(-59.84,-1.12,5.6));
#16170=CARTESIAN_POINT('',(-59.84,-1.12,8.2));
#16171=CARTESIAN_POINT('',(-59.84,-1.12,5.6));
#16172=CARTESIAN_POINT('Origin',(-61.275,-0.315,5.6));
#16173=CARTESIAN_POINT('',(-61.275,-0.315,5.6));
#16174=CARTESIAN_POINT('',(-61.275,0.315,5.6));
#16175=CARTESIAN_POINT('',(-61.275,-0.315,5.6));
#16176=CARTESIAN_POINT('',(-61.275,0.315,8.2));
#16177=CARTESIAN_POINT('',(-61.275,0.315,5.6));
#16178=CARTESIAN_POINT('',(-61.275,-0.315,8.2));
#16179=CARTESIAN_POINT('',(-61.275,-0.315,8.2));
#16180=CARTESIAN_POINT('',(-61.275,-0.315,5.6));
#16181=CARTESIAN_POINT('Origin',(-60.645,-0.315,5.6));
#16182=CARTESIAN_POINT('',(-60.645,-0.315,5.6));
#16183=CARTESIAN_POINT('',(-60.645,-0.315,5.6));
#16184=CARTESIAN_POINT('',(-60.645,-0.315,8.2));
#16185=CARTESIAN_POINT('',(-60.645,-0.315,8.2));
#16186=CARTESIAN_POINT('',(-60.645,-0.315,5.6));
#16187=CARTESIAN_POINT('Origin',(-60.645,0.315,5.6));
#16188=CARTESIAN_POINT('',(-60.645,0.315,5.6));
#16189=CARTESIAN_POINT('',(-60.645,0.315,5.6));
#16190=CARTESIAN_POINT('',(-60.645,0.315,8.2));
#16191=CARTESIAN_POINT('',(-60.645,0.315,8.2));
#16192=CARTESIAN_POINT('',(-60.645,0.315,5.6));
#16193=CARTESIAN_POINT('Origin',(-61.275,0.315,5.6));
#16194=CARTESIAN_POINT('',(-61.275,0.315,5.6));
#16195=CARTESIAN_POINT('',(-61.275,0.315,8.2));
#16196=CARTESIAN_POINT('Origin',(-72.54,1.12,5.6));
#16197=CARTESIAN_POINT('',(-72.39,0.97,8.2));
#16198=CARTESIAN_POINT('',(-72.69,1.27,8.2));
#16199=CARTESIAN_POINT('',(-72.54,1.12,8.2));
#16200=CARTESIAN_POINT('',(-72.39,0.97,5.6));
#16201=CARTESIAN_POINT('',(-72.39,0.97,5.6));
#16202=CARTESIAN_POINT('',(-72.69,1.27,5.6));
#16203=CARTESIAN_POINT('',(-72.54,1.12,5.6));
#16204=CARTESIAN_POINT('',(-72.69,1.27,5.6));
#16205=CARTESIAN_POINT('Origin',(-74.93,1.27,5.6));
#16206=CARTESIAN_POINT('',(-74.63,1.27,5.6));
#16207=CARTESIAN_POINT('',(-72.39,1.27,5.6));
#16208=CARTESIAN_POINT('',(-74.63,1.27,8.2));
#16209=CARTESIAN_POINT('',(-74.63,1.27,5.6));
#16210=CARTESIAN_POINT('',(-72.39,1.27,8.2));
#16211=CARTESIAN_POINT('Origin',(-74.78,1.12,5.6));
#16212=CARTESIAN_POINT('',(-74.93,0.97,8.2));
#16213=CARTESIAN_POINT('',(-74.78,1.12,8.2));
#16214=CARTESIAN_POINT('',(-74.93,0.97,5.6));
#16215=CARTESIAN_POINT('',(-74.78,1.12,5.6));
#16216=CARTESIAN_POINT('',(-74.93,0.97,5.6));
#16217=CARTESIAN_POINT('Origin',(-72.54,-1.12,5.6));
#16218=CARTESIAN_POINT('',(-72.69,-1.27,8.2));
#16219=CARTESIAN_POINT('',(-72.39,-0.97,8.2));
#16220=CARTESIAN_POINT('',(-72.54,-1.12,8.2));
#16221=CARTESIAN_POINT('',(-72.69,-1.27,5.6));
#16222=CARTESIAN_POINT('',(-72.69,-1.27,5.6));
#16223=CARTESIAN_POINT('',(-72.39,-0.97,5.6));
#16224=CARTESIAN_POINT('',(-72.54,-1.12,5.6));
#16225=CARTESIAN_POINT('',(-72.39,-0.97,5.6));
#16226=CARTESIAN_POINT('Origin',(-72.39,-1.27,5.6));
#16227=CARTESIAN_POINT('',(-74.63,-1.27,8.2));
#16228=CARTESIAN_POINT('',(-74.93,-1.27,8.2));
#16229=CARTESIAN_POINT('',(-74.63,-1.27,5.6));
#16230=CARTESIAN_POINT('',(-74.63,-1.27,5.6));
#16231=CARTESIAN_POINT('',(-74.93,-1.27,5.6));
#16232=CARTESIAN_POINT('Origin',(-74.78,-1.12,5.6));
#16233=CARTESIAN_POINT('',(-74.93,-0.97,8.2));
#16234=CARTESIAN_POINT('',(-74.78,-1.12,8.2));
#16235=CARTESIAN_POINT('',(-74.93,-0.97,5.6));
#16236=CARTESIAN_POINT('',(-74.93,-0.97,5.6));
#16237=CARTESIAN_POINT('',(-74.78,-1.12,5.6));
#16238=CARTESIAN_POINT('Origin',(-73.345,-0.315,5.6));
#16239=CARTESIAN_POINT('',(-73.345,-0.315,5.6));
#16240=CARTESIAN_POINT('',(-73.345,0.315,5.6));
#16241=CARTESIAN_POINT('',(-73.345,-0.315,5.6));
#16242=CARTESIAN_POINT('',(-73.345,-0.315,8.2));
#16243=CARTESIAN_POINT('',(-73.345,-0.315,5.6));
#16244=CARTESIAN_POINT('',(-73.345,0.315,8.2));
#16245=CARTESIAN_POINT('',(-73.345,-0.315,8.2));
#16246=CARTESIAN_POINT('',(-73.345,0.315,5.6));
#16247=CARTESIAN_POINT('Origin',(-73.975,-0.315,5.6));
#16248=CARTESIAN_POINT('',(-73.975,-0.315,5.6));
#16249=CARTESIAN_POINT('',(-73.975,-0.315,5.6));
#16250=CARTESIAN_POINT('',(-73.975,-0.315,8.2));
#16251=CARTESIAN_POINT('',(-73.975,-0.315,5.6));
#16252=CARTESIAN_POINT('',(-73.975,-0.315,8.2));
#16253=CARTESIAN_POINT('Origin',(-73.975,0.315,5.6));
#16254=CARTESIAN_POINT('',(-73.975,0.315,5.6));
#16255=CARTESIAN_POINT('',(-73.975,0.315,5.6));
#16256=CARTESIAN_POINT('',(-73.975,0.315,8.2));
#16257=CARTESIAN_POINT('',(-73.975,0.315,5.6));
#16258=CARTESIAN_POINT('',(-73.975,0.315,8.2));
#16259=CARTESIAN_POINT('Origin',(-73.345,0.315,5.6));
#16260=CARTESIAN_POINT('',(-73.345,0.315,5.6));
#16261=CARTESIAN_POINT('',(-73.345,0.315,8.2));
#16262=CARTESIAN_POINT('Origin',(-72.24,1.12,5.6));
#16263=CARTESIAN_POINT('',(-72.09,1.27,8.2));
#16264=CARTESIAN_POINT('',(-72.24,1.12,8.2));
#16265=CARTESIAN_POINT('',(-72.09,1.27,5.6));
#16266=CARTESIAN_POINT('',(-72.09,1.27,5.6));
#16267=CARTESIAN_POINT('',(-72.24,1.12,5.6));
#16268=CARTESIAN_POINT('Origin',(-69.85,1.27,5.6));
#16269=CARTESIAN_POINT('',(-70.15,1.27,8.2));
#16270=CARTESIAN_POINT('',(-72.39,1.27,8.2));
#16271=CARTESIAN_POINT('',(-70.15,1.27,5.6));
#16272=CARTESIAN_POINT('',(-70.15,1.27,5.6));
#16273=CARTESIAN_POINT('',(-72.39,1.27,5.6));
#16274=CARTESIAN_POINT('Origin',(-70.,1.12,5.6));
#16275=CARTESIAN_POINT('',(-70.,1.12,8.2));
#16276=CARTESIAN_POINT('',(-70.,1.12,5.6));
#16277=CARTESIAN_POINT('Origin',(-72.24,-1.12,5.6));
#16278=CARTESIAN_POINT('',(-72.09,-1.27,8.2));
#16279=CARTESIAN_POINT('',(-72.24,-1.12,8.2));
#16280=CARTESIAN_POINT('',(-72.09,-1.27,5.6));
#16281=CARTESIAN_POINT('',(-72.24,-1.12,5.6));
#16282=CARTESIAN_POINT('',(-72.09,-1.27,5.6));
#16283=CARTESIAN_POINT('Origin',(-72.39,-1.27,5.6));
#16284=CARTESIAN_POINT('',(-70.15,-1.27,5.6));
#16285=CARTESIAN_POINT('',(-69.85,-1.27,5.6));
#16286=CARTESIAN_POINT('',(-70.15,-1.27,8.2));
#16287=CARTESIAN_POINT('',(-70.15,-1.27,5.6));
#16288=CARTESIAN_POINT('',(-69.85,-1.27,8.2));
#16289=CARTESIAN_POINT('Origin',(-70.,-1.12,5.6));
#16290=CARTESIAN_POINT('',(-70.,-1.12,8.2));
#16291=CARTESIAN_POINT('',(-70.,-1.12,5.6));
#16292=CARTESIAN_POINT('Origin',(-71.435,-0.315,5.6));
#16293=CARTESIAN_POINT('',(-71.435,-0.315,5.6));
#16294=CARTESIAN_POINT('',(-71.435,0.315,5.6));
#16295=CARTESIAN_POINT('',(-71.435,-0.315,5.6));
#16296=CARTESIAN_POINT('',(-71.435,0.315,8.2));
#16297=CARTESIAN_POINT('',(-71.435,0.315,5.6));
#16298=CARTESIAN_POINT('',(-71.435,-0.315,8.2));
#16299=CARTESIAN_POINT('',(-71.435,-0.315,8.2));
#16300=CARTESIAN_POINT('',(-71.435,-0.315,5.6));
#16301=CARTESIAN_POINT('Origin',(-70.805,-0.315,5.6));
#16302=CARTESIAN_POINT('',(-70.805,-0.315,5.6));
#16303=CARTESIAN_POINT('',(-70.805,-0.315,5.6));
#16304=CARTESIAN_POINT('',(-70.805,-0.315,8.2));
#16305=CARTESIAN_POINT('',(-70.805,-0.315,8.2));
#16306=CARTESIAN_POINT('',(-70.805,-0.315,5.6));
#16307=CARTESIAN_POINT('Origin',(-70.805,0.315,5.6));
#16308=CARTESIAN_POINT('',(-70.805,0.315,5.6));
#16309=CARTESIAN_POINT('',(-70.805,0.315,5.6));
#16310=CARTESIAN_POINT('',(-70.805,0.315,8.2));
#16311=CARTESIAN_POINT('',(-70.805,0.315,8.2));
#16312=CARTESIAN_POINT('',(-70.805,0.315,5.6));
#16313=CARTESIAN_POINT('Origin',(-71.435,0.315,5.6));
#16314=CARTESIAN_POINT('',(-71.435,0.315,5.6));
#16315=CARTESIAN_POINT('',(-71.435,0.315,8.2));
#16316=CARTESIAN_POINT('Origin',(-77.32,1.12,5.6));
#16317=CARTESIAN_POINT('',(-77.47,0.97,8.2));
#16318=CARTESIAN_POINT('',(-77.17,1.27,8.2));
#16319=CARTESIAN_POINT('',(-77.32,1.12,8.2));
#16320=CARTESIAN_POINT('',(-77.17,1.27,5.6));
#16321=CARTESIAN_POINT('',(-77.17,1.27,5.6));
#16322=CARTESIAN_POINT('',(-77.47,0.97,5.6));
#16323=CARTESIAN_POINT('',(-77.32,1.12,5.6));
#16324=CARTESIAN_POINT('',(-77.47,0.97,5.6));
#16325=CARTESIAN_POINT('Origin',(-74.93,1.27,5.6));
#16326=CARTESIAN_POINT('',(-75.23,1.27,8.2));
#16327=CARTESIAN_POINT('',(-77.47,1.27,8.2));
#16328=CARTESIAN_POINT('',(-75.23,1.27,5.6));
#16329=CARTESIAN_POINT('',(-75.23,1.27,5.6));
#16330=CARTESIAN_POINT('',(-77.47,1.27,5.6));
#16331=CARTESIAN_POINT('Origin',(-75.08,1.12,5.6));
#16332=CARTESIAN_POINT('',(-75.08,1.12,8.2));
#16333=CARTESIAN_POINT('',(-75.08,1.12,5.6));
#16334=CARTESIAN_POINT('Origin',(-77.32,-1.12,5.6));
#16335=CARTESIAN_POINT('',(-77.17,-1.27,8.2));
#16336=CARTESIAN_POINT('',(-77.47,-0.97,8.2));
#16337=CARTESIAN_POINT('',(-77.32,-1.12,8.2));
#16338=CARTESIAN_POINT('',(-77.47,-0.97,5.6));
#16339=CARTESIAN_POINT('',(-77.47,-0.97,5.6));
#16340=CARTESIAN_POINT('',(-77.17,-1.27,5.6));
#16341=CARTESIAN_POINT('',(-77.32,-1.12,5.6));
#16342=CARTESIAN_POINT('',(-77.17,-1.27,5.6));
#16343=CARTESIAN_POINT('Origin',(-77.47,-1.27,5.6));
#16344=CARTESIAN_POINT('',(-75.23,-1.27,5.6));
#16345=CARTESIAN_POINT('',(-74.93,-1.27,5.6));
#16346=CARTESIAN_POINT('',(-75.23,-1.27,8.2));
#16347=CARTESIAN_POINT('',(-75.23,-1.27,5.6));
#16348=CARTESIAN_POINT('',(-74.93,-1.27,8.2));
#16349=CARTESIAN_POINT('Origin',(-75.08,-1.12,5.6));
#16350=CARTESIAN_POINT('',(-75.08,-1.12,8.2));
#16351=CARTESIAN_POINT('',(-75.08,-1.12,5.6));
#16352=CARTESIAN_POINT('Origin',(-76.515,-0.315,5.6));
#16353=CARTESIAN_POINT('',(-76.515,-0.315,5.6));
#16354=CARTESIAN_POINT('',(-76.515,0.315,5.6));
#16355=CARTESIAN_POINT('',(-76.515,-0.315,5.6));
#16356=CARTESIAN_POINT('',(-76.515,0.315,8.2));
#16357=CARTESIAN_POINT('',(-76.515,0.315,5.6));
#16358=CARTESIAN_POINT('',(-76.515,-0.315,8.2));
#16359=CARTESIAN_POINT('',(-76.515,-0.315,8.2));
#16360=CARTESIAN_POINT('',(-76.515,-0.315,5.6));
#16361=CARTESIAN_POINT('Origin',(-75.885,-0.315,5.6));
#16362=CARTESIAN_POINT('',(-75.885,-0.315,5.6));
#16363=CARTESIAN_POINT('',(-75.885,-0.315,5.6));
#16364=CARTESIAN_POINT('',(-75.885,-0.315,8.2));
#16365=CARTESIAN_POINT('',(-75.885,-0.315,8.2));
#16366=CARTESIAN_POINT('',(-75.885,-0.315,5.6));
#16367=CARTESIAN_POINT('Origin',(-75.885,0.315,5.6));
#16368=CARTESIAN_POINT('',(-75.885,0.315,5.6));
#16369=CARTESIAN_POINT('',(-75.885,0.315,5.6));
#16370=CARTESIAN_POINT('',(-75.885,0.315,8.2));
#16371=CARTESIAN_POINT('',(-75.885,0.315,8.2));
#16372=CARTESIAN_POINT('',(-75.885,0.315,5.6));
#16373=CARTESIAN_POINT('Origin',(-76.515,0.315,5.6));
#16374=CARTESIAN_POINT('',(-76.515,0.315,5.6));
#16375=CARTESIAN_POINT('',(-76.515,0.315,8.2));
#16376=CARTESIAN_POINT('Origin',(-77.62,1.12,5.6));
#16377=CARTESIAN_POINT('',(-77.77,1.27,8.2));
#16378=CARTESIAN_POINT('',(-77.62,1.12,8.2));
#16379=CARTESIAN_POINT('',(-77.77,1.27,5.6));
#16380=CARTESIAN_POINT('',(-77.62,1.12,5.6));
#16381=CARTESIAN_POINT('',(-77.77,1.27,5.6));
#16382=CARTESIAN_POINT('Origin',(-80.01,1.27,5.6));
#16383=CARTESIAN_POINT('',(-79.71,1.27,5.6));
#16384=CARTESIAN_POINT('',(-77.47,1.27,5.6));
#16385=CARTESIAN_POINT('',(-79.71,1.27,8.2));
#16386=CARTESIAN_POINT('',(-79.71,1.27,5.6));
#16387=CARTESIAN_POINT('',(-77.47,1.27,8.2));
#16388=CARTESIAN_POINT('Origin',(-79.86,1.12,5.6));
#16389=CARTESIAN_POINT('',(-80.01,0.97,8.2));
#16390=CARTESIAN_POINT('',(-79.86,1.12,8.2));
#16391=CARTESIAN_POINT('',(-80.01,0.97,5.6));
#16392=CARTESIAN_POINT('',(-79.86,1.12,5.6));
#16393=CARTESIAN_POINT('',(-80.01,0.97,5.6));
#16394=CARTESIAN_POINT('Origin',(-77.62,-1.12,5.6));
#16395=CARTESIAN_POINT('',(-77.77,-1.27,8.2));
#16396=CARTESIAN_POINT('',(-77.62,-1.12,8.2));
#16397=CARTESIAN_POINT('',(-77.77,-1.27,5.6));
#16398=CARTESIAN_POINT('',(-77.77,-1.27,5.6));
#16399=CARTESIAN_POINT('',(-77.62,-1.12,5.6));
#16400=CARTESIAN_POINT('Origin',(-77.47,-1.27,5.6));
#16401=CARTESIAN_POINT('',(-79.71,-1.27,8.2));
#16402=CARTESIAN_POINT('',(-80.01,-1.27,8.2));
#16403=CARTESIAN_POINT('',(-79.71,-1.27,5.6));
#16404=CARTESIAN_POINT('',(-79.71,-1.27,5.6));
#16405=CARTESIAN_POINT('',(-80.01,-1.27,5.6));
#16406=CARTESIAN_POINT('Origin',(-79.86,-1.12,5.6));
#16407=CARTESIAN_POINT('',(-80.01,-0.97,8.2));
#16408=CARTESIAN_POINT('',(-79.86,-1.12,8.2));
#16409=CARTESIAN_POINT('',(-80.01,-0.97,5.6));
#16410=CARTESIAN_POINT('',(-80.01,-0.97,5.6));
#16411=CARTESIAN_POINT('',(-79.86,-1.12,5.6));
#16412=CARTESIAN_POINT('Origin',(-78.425,-0.315,5.6));
#16413=CARTESIAN_POINT('',(-78.425,-0.315,5.6));
#16414=CARTESIAN_POINT('',(-78.425,0.315,5.6));
#16415=CARTESIAN_POINT('',(-78.425,-0.315,5.6));
#16416=CARTESIAN_POINT('',(-78.425,-0.315,8.2));
#16417=CARTESIAN_POINT('',(-78.425,-0.315,5.6));
#16418=CARTESIAN_POINT('',(-78.425,0.315,8.2));
#16419=CARTESIAN_POINT('',(-78.425,-0.315,8.2));
#16420=CARTESIAN_POINT('',(-78.425,0.315,5.6));
#16421=CARTESIAN_POINT('Origin',(-79.055,-0.315,5.6));
#16422=CARTESIAN_POINT('',(-79.055,-0.315,5.6));
#16423=CARTESIAN_POINT('',(-79.055,-0.315,5.6));
#16424=CARTESIAN_POINT('',(-79.055,-0.315,8.2));
#16425=CARTESIAN_POINT('',(-79.055,-0.315,5.6));
#16426=CARTESIAN_POINT('',(-79.055,-0.315,8.2));
#16427=CARTESIAN_POINT('Origin',(-79.055,0.315,5.6));
#16428=CARTESIAN_POINT('',(-79.055,0.315,5.6));
#16429=CARTESIAN_POINT('',(-79.055,0.315,5.6));
#16430=CARTESIAN_POINT('',(-79.055,0.315,8.2));
#16431=CARTESIAN_POINT('',(-79.055,0.315,5.6));
#16432=CARTESIAN_POINT('',(-79.055,0.315,8.2));
#16433=CARTESIAN_POINT('Origin',(-78.425,0.315,5.6));
#16434=CARTESIAN_POINT('',(-78.425,0.315,5.6));
#16435=CARTESIAN_POINT('',(-78.425,0.315,8.2));
#16436=CARTESIAN_POINT('Origin',(-80.01,-1.27,5.6));
#16437=CARTESIAN_POINT('',(-80.01,1.27,5.6));
#16438=CARTESIAN_POINT('',(-80.01,1.27,8.2));
#16439=CARTESIAN_POINT('Origin',(-26.52,1.12,5.6));
#16440=CARTESIAN_POINT('',(-26.67,0.97,8.2));
#16441=CARTESIAN_POINT('',(-26.37,1.27,8.2));
#16442=CARTESIAN_POINT('',(-26.52,1.12,8.2));
#16443=CARTESIAN_POINT('',(-26.37,1.27,5.6));
#16444=CARTESIAN_POINT('',(-26.37,1.27,5.6));
#16445=CARTESIAN_POINT('',(-26.67,0.97,5.6));
#16446=CARTESIAN_POINT('',(-26.52,1.12,5.6));
#16447=CARTESIAN_POINT('',(-26.67,0.97,5.6));
#16448=CARTESIAN_POINT('Origin',(-24.13,1.27,5.6));
#16449=CARTESIAN_POINT('',(-24.43,1.27,8.2));
#16450=CARTESIAN_POINT('',(-26.67,1.27,8.2));
#16451=CARTESIAN_POINT('',(-24.43,1.27,5.6));
#16452=CARTESIAN_POINT('',(-24.43,1.27,5.6));
#16453=CARTESIAN_POINT('',(-26.67,1.27,5.6));
#16454=CARTESIAN_POINT('Origin',(-24.28,1.12,5.6));
#16455=CARTESIAN_POINT('',(-24.13,0.97,8.2));
#16456=CARTESIAN_POINT('',(-24.28,1.12,8.2));
#16457=CARTESIAN_POINT('',(-24.13,0.97,5.6));
#16458=CARTESIAN_POINT('',(-24.13,0.97,5.6));
#16459=CARTESIAN_POINT('',(-24.28,1.12,5.6));
#16460=CARTESIAN_POINT('Origin',(-26.52,-1.12,5.6));
#16461=CARTESIAN_POINT('',(-26.37,-1.27,8.2));
#16462=CARTESIAN_POINT('',(-26.67,-0.97,8.2));
#16463=CARTESIAN_POINT('',(-26.52,-1.12,8.2));
#16464=CARTESIAN_POINT('',(-26.67,-0.97,5.6));
#16465=CARTESIAN_POINT('',(-26.67,-0.97,5.6));
#16466=CARTESIAN_POINT('',(-26.37,-1.27,5.6));
#16467=CARTESIAN_POINT('',(-26.52,-1.12,5.6));
#16468=CARTESIAN_POINT('',(-26.37,-1.27,5.6));
#16469=CARTESIAN_POINT('Origin',(-26.67,-1.27,5.6));
#16470=CARTESIAN_POINT('',(-24.43,-1.27,5.6));
#16471=CARTESIAN_POINT('',(-24.13,-1.27,5.6));
#16472=CARTESIAN_POINT('',(-24.43,-1.27,8.2));
#16473=CARTESIAN_POINT('',(-24.43,-1.27,5.6));
#16474=CARTESIAN_POINT('',(-24.13,-1.27,8.2));
#16475=CARTESIAN_POINT('Origin',(-24.28,-1.12,5.6));
#16476=CARTESIAN_POINT('',(-24.13,-0.97,8.2));
#16477=CARTESIAN_POINT('',(-24.28,-1.12,8.2));
#16478=CARTESIAN_POINT('',(-24.13,-0.97,5.6));
#16479=CARTESIAN_POINT('',(-24.28,-1.12,5.6));
#16480=CARTESIAN_POINT('',(-24.13,-0.97,5.6));
#16481=CARTESIAN_POINT('Origin',(-25.715,-0.315,5.6));
#16482=CARTESIAN_POINT('',(-25.715,-0.315,5.6));
#16483=CARTESIAN_POINT('',(-25.715,0.315,5.6));
#16484=CARTESIAN_POINT('',(-25.715,-0.315,5.6));
#16485=CARTESIAN_POINT('',(-25.715,0.315,8.2));
#16486=CARTESIAN_POINT('',(-25.715,0.315,5.6));
#16487=CARTESIAN_POINT('',(-25.715,-0.315,8.2));
#16488=CARTESIAN_POINT('',(-25.715,-0.315,8.2));
#16489=CARTESIAN_POINT('',(-25.715,-0.315,5.6));
#16490=CARTESIAN_POINT('Origin',(-25.085,-0.315,5.6));
#16491=CARTESIAN_POINT('',(-25.085,-0.315,5.6));
#16492=CARTESIAN_POINT('',(-25.085,-0.315,5.6));
#16493=CARTESIAN_POINT('',(-25.085,-0.315,8.2));
#16494=CARTESIAN_POINT('',(-25.085,-0.315,8.2));
#16495=CARTESIAN_POINT('',(-25.085,-0.315,5.6));
#16496=CARTESIAN_POINT('Origin',(-25.085,0.315,5.6));
#16497=CARTESIAN_POINT('',(-25.085,0.315,5.6));
#16498=CARTESIAN_POINT('',(-25.085,0.315,5.6));
#16499=CARTESIAN_POINT('',(-25.085,0.315,8.2));
#16500=CARTESIAN_POINT('',(-25.085,0.315,8.2));
#16501=CARTESIAN_POINT('',(-25.085,0.315,5.6));
#16502=CARTESIAN_POINT('Origin',(-25.715,0.315,5.6));
#16503=CARTESIAN_POINT('',(-25.715,0.315,5.6));
#16504=CARTESIAN_POINT('',(-25.715,0.315,8.2));
#16505=CARTESIAN_POINT('Origin',(-26.82,1.12,5.6));
#16506=CARTESIAN_POINT('',(-26.97,1.27,8.2));
#16507=CARTESIAN_POINT('',(-26.82,1.12,8.2));
#16508=CARTESIAN_POINT('',(-26.97,1.27,5.6));
#16509=CARTESIAN_POINT('',(-26.82,1.12,5.6));
#16510=CARTESIAN_POINT('',(-26.97,1.27,5.6));
#16511=CARTESIAN_POINT('Origin',(-29.21,1.27,5.6));
#16512=CARTESIAN_POINT('',(-28.91,1.27,5.6));
#16513=CARTESIAN_POINT('',(-26.67,1.27,5.6));
#16514=CARTESIAN_POINT('',(-28.91,1.27,8.2));
#16515=CARTESIAN_POINT('',(-28.91,1.27,5.6));
#16516=CARTESIAN_POINT('',(-26.67,1.27,8.2));
#16517=CARTESIAN_POINT('Origin',(-29.06,1.12,5.6));
#16518=CARTESIAN_POINT('',(-29.21,0.97,8.2));
#16519=CARTESIAN_POINT('',(-29.06,1.12,8.2));
#16520=CARTESIAN_POINT('',(-29.21,0.97,5.6));
#16521=CARTESIAN_POINT('',(-29.06,1.12,5.6));
#16522=CARTESIAN_POINT('',(-29.21,0.97,5.6));
#16523=CARTESIAN_POINT('Origin',(-26.82,-1.12,5.6));
#16524=CARTESIAN_POINT('',(-26.97,-1.27,8.2));
#16525=CARTESIAN_POINT('',(-26.82,-1.12,8.2));
#16526=CARTESIAN_POINT('',(-26.97,-1.27,5.6));
#16527=CARTESIAN_POINT('',(-26.97,-1.27,5.6));
#16528=CARTESIAN_POINT('',(-26.82,-1.12,5.6));
#16529=CARTESIAN_POINT('Origin',(-26.67,-1.27,5.6));
#16530=CARTESIAN_POINT('',(-28.91,-1.27,8.2));
#16531=CARTESIAN_POINT('',(-29.21,-1.27,8.2));
#16532=CARTESIAN_POINT('',(-28.91,-1.27,5.6));
#16533=CARTESIAN_POINT('',(-28.91,-1.27,5.6));
#16534=CARTESIAN_POINT('',(-29.21,-1.27,5.6));
#16535=CARTESIAN_POINT('Origin',(-29.06,-1.12,5.6));
#16536=CARTESIAN_POINT('',(-29.21,-0.97,8.2));
#16537=CARTESIAN_POINT('',(-29.06,-1.12,8.2));
#16538=CARTESIAN_POINT('',(-29.21,-0.97,5.6));
#16539=CARTESIAN_POINT('',(-29.21,-0.97,5.6));
#16540=CARTESIAN_POINT('',(-29.06,-1.12,5.6));
#16541=CARTESIAN_POINT('Origin',(-27.625,-0.315,5.6));
#16542=CARTESIAN_POINT('',(-27.625,-0.315,5.6));
#16543=CARTESIAN_POINT('',(-27.625,0.315,5.6));
#16544=CARTESIAN_POINT('',(-27.625,-0.315,5.6));
#16545=CARTESIAN_POINT('',(-27.625,-0.315,8.2));
#16546=CARTESIAN_POINT('',(-27.625,-0.315,5.6));
#16547=CARTESIAN_POINT('',(-27.625,0.315,8.2));
#16548=CARTESIAN_POINT('',(-27.625,-0.315,8.2));
#16549=CARTESIAN_POINT('',(-27.625,0.315,5.6));
#16550=CARTESIAN_POINT('Origin',(-28.255,-0.315,5.6));
#16551=CARTESIAN_POINT('',(-28.255,-0.315,5.6));
#16552=CARTESIAN_POINT('',(-28.255,-0.315,5.6));
#16553=CARTESIAN_POINT('',(-28.255,-0.315,8.2));
#16554=CARTESIAN_POINT('',(-28.255,-0.315,5.6));
#16555=CARTESIAN_POINT('',(-28.255,-0.315,8.2));
#16556=CARTESIAN_POINT('Origin',(-28.255,0.315,5.6));
#16557=CARTESIAN_POINT('',(-28.255,0.315,5.6));
#16558=CARTESIAN_POINT('',(-28.255,0.315,5.6));
#16559=CARTESIAN_POINT('',(-28.255,0.315,8.2));
#16560=CARTESIAN_POINT('',(-28.255,0.315,5.6));
#16561=CARTESIAN_POINT('',(-28.255,0.315,8.2));
#16562=CARTESIAN_POINT('Origin',(-27.625,0.315,5.6));
#16563=CARTESIAN_POINT('',(-27.625,0.315,5.6));
#16564=CARTESIAN_POINT('',(-27.625,0.315,8.2));
#16565=CARTESIAN_POINT('Origin',(-21.74,1.12,5.6));
#16566=CARTESIAN_POINT('',(-21.59,0.97,8.2));
#16567=CARTESIAN_POINT('',(-21.89,1.27,8.2));
#16568=CARTESIAN_POINT('',(-21.74,1.12,8.2));
#16569=CARTESIAN_POINT('',(-21.59,0.97,5.6));
#16570=CARTESIAN_POINT('',(-21.59,0.97,5.6));
#16571=CARTESIAN_POINT('',(-21.89,1.27,5.6));
#16572=CARTESIAN_POINT('',(-21.74,1.12,5.6));
#16573=CARTESIAN_POINT('',(-21.89,1.27,5.6));
#16574=CARTESIAN_POINT('Origin',(-24.13,1.27,5.6));
#16575=CARTESIAN_POINT('',(-23.83,1.27,5.6));
#16576=CARTESIAN_POINT('',(-21.59,1.27,5.6));
#16577=CARTESIAN_POINT('',(-23.83,1.27,8.2));
#16578=CARTESIAN_POINT('',(-23.83,1.27,5.6));
#16579=CARTESIAN_POINT('',(-21.59,1.27,8.2));
#16580=CARTESIAN_POINT('Origin',(-23.98,1.12,5.6));
#16581=CARTESIAN_POINT('',(-23.98,1.12,8.2));
#16582=CARTESIAN_POINT('',(-23.98,1.12,5.6));
#16583=CARTESIAN_POINT('Origin',(-21.74,-1.12,5.6));
#16584=CARTESIAN_POINT('',(-21.89,-1.27,8.2));
#16585=CARTESIAN_POINT('',(-21.59,-0.97,8.2));
#16586=CARTESIAN_POINT('',(-21.74,-1.12,8.2));
#16587=CARTESIAN_POINT('',(-21.89,-1.27,5.6));
#16588=CARTESIAN_POINT('',(-21.89,-1.27,5.6));
#16589=CARTESIAN_POINT('',(-21.59,-0.97,5.6));
#16590=CARTESIAN_POINT('',(-21.74,-1.12,5.6));
#16591=CARTESIAN_POINT('',(-21.59,-0.97,5.6));
#16592=CARTESIAN_POINT('Origin',(-21.59,-1.27,5.6));
#16593=CARTESIAN_POINT('',(-23.83,-1.27,8.2));
#16594=CARTESIAN_POINT('',(-24.13,-1.27,8.2));
#16595=CARTESIAN_POINT('',(-23.83,-1.27,5.6));
#16596=CARTESIAN_POINT('',(-23.83,-1.27,5.6));
#16597=CARTESIAN_POINT('',(-24.13,-1.27,5.6));
#16598=CARTESIAN_POINT('Origin',(-23.98,-1.12,5.6));
#16599=CARTESIAN_POINT('',(-23.98,-1.12,8.2));
#16600=CARTESIAN_POINT('',(-23.98,-1.12,5.6));
#16601=CARTESIAN_POINT('Origin',(-22.545,-0.315,5.6));
#16602=CARTESIAN_POINT('',(-22.545,-0.315,5.6));
#16603=CARTESIAN_POINT('',(-22.545,0.315,5.6));
#16604=CARTESIAN_POINT('',(-22.545,-0.315,5.6));
#16605=CARTESIAN_POINT('',(-22.545,-0.315,8.2));
#16606=CARTESIAN_POINT('',(-22.545,-0.315,5.6));
#16607=CARTESIAN_POINT('',(-22.545,0.315,8.2));
#16608=CARTESIAN_POINT('',(-22.545,-0.315,8.2));
#16609=CARTESIAN_POINT('',(-22.545,0.315,5.6));
#16610=CARTESIAN_POINT('Origin',(-23.175,-0.315,5.6));
#16611=CARTESIAN_POINT('',(-23.175,-0.315,5.6));
#16612=CARTESIAN_POINT('',(-23.175,-0.315,5.6));
#16613=CARTESIAN_POINT('',(-23.175,-0.315,8.2));
#16614=CARTESIAN_POINT('',(-23.175,-0.315,5.6));
#16615=CARTESIAN_POINT('',(-23.175,-0.315,8.2));
#16616=CARTESIAN_POINT('Origin',(-23.175,0.315,5.6));
#16617=CARTESIAN_POINT('',(-23.175,0.315,5.6));
#16618=CARTESIAN_POINT('',(-23.175,0.315,5.6));
#16619=CARTESIAN_POINT('',(-23.175,0.315,8.2));
#16620=CARTESIAN_POINT('',(-23.175,0.315,5.6));
#16621=CARTESIAN_POINT('',(-23.175,0.315,8.2));
#16622=CARTESIAN_POINT('Origin',(-22.545,0.315,5.6));
#16623=CARTESIAN_POINT('',(-22.545,0.315,5.6));
#16624=CARTESIAN_POINT('',(-22.545,0.315,8.2));
#16625=CARTESIAN_POINT('Origin',(-21.44,1.12,5.6));
#16626=CARTESIAN_POINT('',(-21.29,1.27,8.2));
#16627=CARTESIAN_POINT('',(-21.44,1.12,8.2));
#16628=CARTESIAN_POINT('',(-21.29,1.27,5.6));
#16629=CARTESIAN_POINT('',(-21.29,1.27,5.6));
#16630=CARTESIAN_POINT('',(-21.44,1.12,5.6));
#16631=CARTESIAN_POINT('Origin',(-19.05,1.27,5.6));
#16632=CARTESIAN_POINT('',(-19.35,1.27,8.2));
#16633=CARTESIAN_POINT('',(-21.59,1.27,8.2));
#16634=CARTESIAN_POINT('',(-19.35,1.27,5.6));
#16635=CARTESIAN_POINT('',(-19.35,1.27,5.6));
#16636=CARTESIAN_POINT('',(-21.59,1.27,5.6));
#16637=CARTESIAN_POINT('Origin',(-19.2,1.12,5.6));
#16638=CARTESIAN_POINT('',(-19.05,0.97,8.2));
#16639=CARTESIAN_POINT('',(-19.2,1.12,8.2));
#16640=CARTESIAN_POINT('',(-19.05,0.97,5.6));
#16641=CARTESIAN_POINT('',(-19.05,0.97,5.6));
#16642=CARTESIAN_POINT('',(-19.2,1.12,5.6));
#16643=CARTESIAN_POINT('Origin',(-21.44,-1.12,5.6));
#16644=CARTESIAN_POINT('',(-21.29,-1.27,8.2));
#16645=CARTESIAN_POINT('',(-21.44,-1.12,8.2));
#16646=CARTESIAN_POINT('',(-21.29,-1.27,5.6));
#16647=CARTESIAN_POINT('',(-21.44,-1.12,5.6));
#16648=CARTESIAN_POINT('',(-21.29,-1.27,5.6));
#16649=CARTESIAN_POINT('Origin',(-21.59,-1.27,5.6));
#16650=CARTESIAN_POINT('',(-19.35,-1.27,5.6));
#16651=CARTESIAN_POINT('',(-19.05,-1.27,5.6));
#16652=CARTESIAN_POINT('',(-19.35,-1.27,8.2));
#16653=CARTESIAN_POINT('',(-19.35,-1.27,5.6));
#16654=CARTESIAN_POINT('',(-19.05,-1.27,8.2));
#16655=CARTESIAN_POINT('Origin',(-19.2,-1.12,5.6));
#16656=CARTESIAN_POINT('',(-19.05,-0.97,8.2));
#16657=CARTESIAN_POINT('',(-19.2,-1.12,8.2));
#16658=CARTESIAN_POINT('',(-19.05,-0.97,5.6));
#16659=CARTESIAN_POINT('',(-19.2,-1.12,5.6));
#16660=CARTESIAN_POINT('',(-19.05,-0.97,5.6));
#16661=CARTESIAN_POINT('Origin',(-20.635,-0.315,5.6));
#16662=CARTESIAN_POINT('',(-20.635,-0.315,5.6));
#16663=CARTESIAN_POINT('',(-20.635,0.315,5.6));
#16664=CARTESIAN_POINT('',(-20.635,-0.315,5.6));
#16665=CARTESIAN_POINT('',(-20.635,0.315,8.2));
#16666=CARTESIAN_POINT('',(-20.635,0.315,5.6));
#16667=CARTESIAN_POINT('',(-20.635,-0.315,8.2));
#16668=CARTESIAN_POINT('',(-20.635,-0.315,8.2));
#16669=CARTESIAN_POINT('',(-20.635,-0.315,5.6));
#16670=CARTESIAN_POINT('Origin',(-20.005,-0.315,5.6));
#16671=CARTESIAN_POINT('',(-20.005,-0.315,5.6));
#16672=CARTESIAN_POINT('',(-20.005,-0.315,5.6));
#16673=CARTESIAN_POINT('',(-20.005,-0.315,8.2));
#16674=CARTESIAN_POINT('',(-20.005,-0.315,8.2));
#16675=CARTESIAN_POINT('',(-20.005,-0.315,5.6));
#16676=CARTESIAN_POINT('Origin',(-20.005,0.315,5.6));
#16677=CARTESIAN_POINT('',(-20.005,0.315,5.6));
#16678=CARTESIAN_POINT('',(-20.005,0.315,5.6));
#16679=CARTESIAN_POINT('',(-20.005,0.315,8.2));
#16680=CARTESIAN_POINT('',(-20.005,0.315,8.2));
#16681=CARTESIAN_POINT('',(-20.005,0.315,5.6));
#16682=CARTESIAN_POINT('Origin',(-20.635,0.315,5.6));
#16683=CARTESIAN_POINT('',(-20.635,0.315,5.6));
#16684=CARTESIAN_POINT('',(-20.635,0.315,8.2));
#16685=CARTESIAN_POINT('Origin',(-31.9,1.12,5.6));
#16686=CARTESIAN_POINT('',(-31.75,0.97,8.2));
#16687=CARTESIAN_POINT('',(-32.05,1.27,8.2));
#16688=CARTESIAN_POINT('',(-31.9,1.12,8.2));
#16689=CARTESIAN_POINT('',(-31.75,0.97,5.6));
#16690=CARTESIAN_POINT('',(-31.75,0.97,5.6));
#16691=CARTESIAN_POINT('',(-32.05,1.27,5.6));
#16692=CARTESIAN_POINT('',(-31.9,1.12,5.6));
#16693=CARTESIAN_POINT('',(-32.05,1.27,5.6));
#16694=CARTESIAN_POINT('Origin',(-34.29,1.27,5.6));
#16695=CARTESIAN_POINT('',(-33.99,1.27,5.6));
#16696=CARTESIAN_POINT('',(-31.75,1.27,5.6));
#16697=CARTESIAN_POINT('',(-33.99,1.27,8.2));
#16698=CARTESIAN_POINT('',(-33.99,1.27,5.6));
#16699=CARTESIAN_POINT('',(-31.75,1.27,8.2));
#16700=CARTESIAN_POINT('Origin',(-34.14,1.12,5.6));
#16701=CARTESIAN_POINT('',(-34.29,0.97,8.2));
#16702=CARTESIAN_POINT('',(-34.14,1.12,8.2));
#16703=CARTESIAN_POINT('',(-34.29,0.97,5.6));
#16704=CARTESIAN_POINT('',(-34.14,1.12,5.6));
#16705=CARTESIAN_POINT('',(-34.29,0.97,5.6));
#16706=CARTESIAN_POINT('Origin',(-31.9,-1.12,5.6));
#16707=CARTESIAN_POINT('',(-32.05,-1.27,8.2));
#16708=CARTESIAN_POINT('',(-31.75,-0.97,8.2));
#16709=CARTESIAN_POINT('',(-31.9,-1.12,8.2));
#16710=CARTESIAN_POINT('',(-32.05,-1.27,5.6));
#16711=CARTESIAN_POINT('',(-32.05,-1.27,5.6));
#16712=CARTESIAN_POINT('',(-31.75,-0.97,5.6));
#16713=CARTESIAN_POINT('',(-31.9,-1.12,5.6));
#16714=CARTESIAN_POINT('',(-31.75,-0.97,5.6));
#16715=CARTESIAN_POINT('Origin',(-31.75,-1.27,5.6));
#16716=CARTESIAN_POINT('',(-33.99,-1.27,8.2));
#16717=CARTESIAN_POINT('',(-34.29,-1.27,8.2));
#16718=CARTESIAN_POINT('',(-33.99,-1.27,5.6));
#16719=CARTESIAN_POINT('',(-33.99,-1.27,5.6));
#16720=CARTESIAN_POINT('',(-34.29,-1.27,5.6));
#16721=CARTESIAN_POINT('Origin',(-34.14,-1.12,5.6));
#16722=CARTESIAN_POINT('',(-34.29,-0.97,8.2));
#16723=CARTESIAN_POINT('',(-34.14,-1.12,8.2));
#16724=CARTESIAN_POINT('',(-34.29,-0.97,5.6));
#16725=CARTESIAN_POINT('',(-34.29,-0.97,5.6));
#16726=CARTESIAN_POINT('',(-34.14,-1.12,5.6));
#16727=CARTESIAN_POINT('Origin',(-32.705,-0.315,5.6));
#16728=CARTESIAN_POINT('',(-32.705,-0.315,5.6));
#16729=CARTESIAN_POINT('',(-32.705,0.315,5.6));
#16730=CARTESIAN_POINT('',(-32.705,-0.315,5.6));
#16731=CARTESIAN_POINT('',(-32.705,-0.315,8.2));
#16732=CARTESIAN_POINT('',(-32.705,-0.315,5.6));
#16733=CARTESIAN_POINT('',(-32.705,0.315,8.2));
#16734=CARTESIAN_POINT('',(-32.705,-0.315,8.2));
#16735=CARTESIAN_POINT('',(-32.705,0.315,5.6));
#16736=CARTESIAN_POINT('Origin',(-33.335,-0.315,5.6));
#16737=CARTESIAN_POINT('',(-33.335,-0.315,5.6));
#16738=CARTESIAN_POINT('',(-33.335,-0.315,5.6));
#16739=CARTESIAN_POINT('',(-33.335,-0.315,8.2));
#16740=CARTESIAN_POINT('',(-33.335,-0.315,5.6));
#16741=CARTESIAN_POINT('',(-33.335,-0.315,8.2));
#16742=CARTESIAN_POINT('Origin',(-33.335,0.315,5.6));
#16743=CARTESIAN_POINT('',(-33.335,0.315,5.6));
#16744=CARTESIAN_POINT('',(-33.335,0.315,5.6));
#16745=CARTESIAN_POINT('',(-33.335,0.315,8.2));
#16746=CARTESIAN_POINT('',(-33.335,0.315,5.6));
#16747=CARTESIAN_POINT('',(-33.335,0.315,8.2));
#16748=CARTESIAN_POINT('Origin',(-32.705,0.315,5.6));
#16749=CARTESIAN_POINT('',(-32.705,0.315,5.6));
#16750=CARTESIAN_POINT('',(-32.705,0.315,8.2));
#16751=CARTESIAN_POINT('Origin',(-31.6,1.12,5.6));
#16752=CARTESIAN_POINT('',(-31.45,1.27,8.2));
#16753=CARTESIAN_POINT('',(-31.6,1.12,8.2));
#16754=CARTESIAN_POINT('',(-31.45,1.27,5.6));
#16755=CARTESIAN_POINT('',(-31.45,1.27,5.6));
#16756=CARTESIAN_POINT('',(-31.6,1.12,5.6));
#16757=CARTESIAN_POINT('Origin',(-29.21,1.27,5.6));
#16758=CARTESIAN_POINT('',(-29.51,1.27,8.2));
#16759=CARTESIAN_POINT('',(-31.75,1.27,8.2));
#16760=CARTESIAN_POINT('',(-29.51,1.27,5.6));
#16761=CARTESIAN_POINT('',(-29.51,1.27,5.6));
#16762=CARTESIAN_POINT('',(-31.75,1.27,5.6));
#16763=CARTESIAN_POINT('Origin',(-29.36,1.12,5.6));
#16764=CARTESIAN_POINT('',(-29.36,1.12,8.2));
#16765=CARTESIAN_POINT('',(-29.36,1.12,5.6));
#16766=CARTESIAN_POINT('Origin',(-31.6,-1.12,5.6));
#16767=CARTESIAN_POINT('',(-31.45,-1.27,8.2));
#16768=CARTESIAN_POINT('',(-31.6,-1.12,8.2));
#16769=CARTESIAN_POINT('',(-31.45,-1.27,5.6));
#16770=CARTESIAN_POINT('',(-31.6,-1.12,5.6));
#16771=CARTESIAN_POINT('',(-31.45,-1.27,5.6));
#16772=CARTESIAN_POINT('Origin',(-31.75,-1.27,5.6));
#16773=CARTESIAN_POINT('',(-29.51,-1.27,5.6));
#16774=CARTESIAN_POINT('',(-29.21,-1.27,5.6));
#16775=CARTESIAN_POINT('',(-29.51,-1.27,8.2));
#16776=CARTESIAN_POINT('',(-29.51,-1.27,5.6));
#16777=CARTESIAN_POINT('',(-29.21,-1.27,8.2));
#16778=CARTESIAN_POINT('Origin',(-29.36,-1.12,5.6));
#16779=CARTESIAN_POINT('',(-29.36,-1.12,8.2));
#16780=CARTESIAN_POINT('',(-29.36,-1.12,5.6));
#16781=CARTESIAN_POINT('Origin',(-30.795,-0.315,5.6));
#16782=CARTESIAN_POINT('',(-30.795,-0.315,5.6));
#16783=CARTESIAN_POINT('',(-30.795,0.315,5.6));
#16784=CARTESIAN_POINT('',(-30.795,-0.315,5.6));
#16785=CARTESIAN_POINT('',(-30.795,0.315,8.2));
#16786=CARTESIAN_POINT('',(-30.795,0.315,5.6));
#16787=CARTESIAN_POINT('',(-30.795,-0.315,8.2));
#16788=CARTESIAN_POINT('',(-30.795,-0.315,8.2));
#16789=CARTESIAN_POINT('',(-30.795,-0.315,5.6));
#16790=CARTESIAN_POINT('Origin',(-30.165,-0.315,5.6));
#16791=CARTESIAN_POINT('',(-30.165,-0.315,5.6));
#16792=CARTESIAN_POINT('',(-30.165,-0.315,5.6));
#16793=CARTESIAN_POINT('',(-30.165,-0.315,8.2));
#16794=CARTESIAN_POINT('',(-30.165,-0.315,8.2));
#16795=CARTESIAN_POINT('',(-30.165,-0.315,5.6));
#16796=CARTESIAN_POINT('Origin',(-30.165,0.315,5.6));
#16797=CARTESIAN_POINT('',(-30.165,0.315,5.6));
#16798=CARTESIAN_POINT('',(-30.165,0.315,5.6));
#16799=CARTESIAN_POINT('',(-30.165,0.315,8.2));
#16800=CARTESIAN_POINT('',(-30.165,0.315,8.2));
#16801=CARTESIAN_POINT('',(-30.165,0.315,5.6));
#16802=CARTESIAN_POINT('Origin',(-30.795,0.315,5.6));
#16803=CARTESIAN_POINT('',(-30.795,0.315,5.6));
#16804=CARTESIAN_POINT('',(-30.795,0.315,8.2));
#16805=CARTESIAN_POINT('Origin',(-36.68,1.12,5.6));
#16806=CARTESIAN_POINT('',(-36.83,0.97,8.2));
#16807=CARTESIAN_POINT('',(-36.53,1.27,8.2));
#16808=CARTESIAN_POINT('',(-36.68,1.12,8.2));
#16809=CARTESIAN_POINT('',(-36.53,1.27,5.6));
#16810=CARTESIAN_POINT('',(-36.53,1.27,5.6));
#16811=CARTESIAN_POINT('',(-36.83,0.97,5.6));
#16812=CARTESIAN_POINT('',(-36.68,1.12,5.6));
#16813=CARTESIAN_POINT('',(-36.83,0.97,5.6));
#16814=CARTESIAN_POINT('Origin',(-34.29,1.27,5.6));
#16815=CARTESIAN_POINT('',(-34.59,1.27,8.2));
#16816=CARTESIAN_POINT('',(-36.83,1.27,8.2));
#16817=CARTESIAN_POINT('',(-34.59,1.27,5.6));
#16818=CARTESIAN_POINT('',(-34.59,1.27,5.6));
#16819=CARTESIAN_POINT('',(-36.83,1.27,5.6));
#16820=CARTESIAN_POINT('Origin',(-34.44,1.12,5.6));
#16821=CARTESIAN_POINT('',(-34.44,1.12,8.2));
#16822=CARTESIAN_POINT('',(-34.44,1.12,5.6));
#16823=CARTESIAN_POINT('Origin',(-36.68,-1.12,5.6));
#16824=CARTESIAN_POINT('',(-36.53,-1.27,8.2));
#16825=CARTESIAN_POINT('',(-36.83,-0.97,8.2));
#16826=CARTESIAN_POINT('',(-36.68,-1.12,8.2));
#16827=CARTESIAN_POINT('',(-36.83,-0.97,5.6));
#16828=CARTESIAN_POINT('',(-36.83,-0.97,5.6));
#16829=CARTESIAN_POINT('',(-36.53,-1.27,5.6));
#16830=CARTESIAN_POINT('',(-36.68,-1.12,5.6));
#16831=CARTESIAN_POINT('',(-36.53,-1.27,5.6));
#16832=CARTESIAN_POINT('Origin',(-36.83,-1.27,5.6));
#16833=CARTESIAN_POINT('',(-34.59,-1.27,5.6));
#16834=CARTESIAN_POINT('',(-34.29,-1.27,5.6));
#16835=CARTESIAN_POINT('',(-34.59,-1.27,8.2));
#16836=CARTESIAN_POINT('',(-34.59,-1.27,5.6));
#16837=CARTESIAN_POINT('',(-34.29,-1.27,8.2));
#16838=CARTESIAN_POINT('Origin',(-34.44,-1.12,5.6));
#16839=CARTESIAN_POINT('',(-34.44,-1.12,8.2));
#16840=CARTESIAN_POINT('',(-34.44,-1.12,5.6));
#16841=CARTESIAN_POINT('Origin',(-35.875,-0.315,5.6));
#16842=CARTESIAN_POINT('',(-35.875,-0.315,5.6));
#16843=CARTESIAN_POINT('',(-35.875,0.315,5.6));
#16844=CARTESIAN_POINT('',(-35.875,-0.315,5.6));
#16845=CARTESIAN_POINT('',(-35.875,0.315,8.2));
#16846=CARTESIAN_POINT('',(-35.875,0.315,5.6));
#16847=CARTESIAN_POINT('',(-35.875,-0.315,8.2));
#16848=CARTESIAN_POINT('',(-35.875,-0.315,8.2));
#16849=CARTESIAN_POINT('',(-35.875,-0.315,5.6));
#16850=CARTESIAN_POINT('Origin',(-35.245,-0.315,5.6));
#16851=CARTESIAN_POINT('',(-35.245,-0.315,5.6));
#16852=CARTESIAN_POINT('',(-35.245,-0.315,5.6));
#16853=CARTESIAN_POINT('',(-35.245,-0.315,8.2));
#16854=CARTESIAN_POINT('',(-35.245,-0.315,8.2));
#16855=CARTESIAN_POINT('',(-35.245,-0.315,5.6));
#16856=CARTESIAN_POINT('Origin',(-35.245,0.315,5.6));
#16857=CARTESIAN_POINT('',(-35.245,0.315,5.6));
#16858=CARTESIAN_POINT('',(-35.245,0.315,5.6));
#16859=CARTESIAN_POINT('',(-35.245,0.315,8.2));
#16860=CARTESIAN_POINT('',(-35.245,0.315,8.2));
#16861=CARTESIAN_POINT('',(-35.245,0.315,5.6));
#16862=CARTESIAN_POINT('Origin',(-35.875,0.315,5.6));
#16863=CARTESIAN_POINT('',(-35.875,0.315,5.6));
#16864=CARTESIAN_POINT('',(-35.875,0.315,8.2));
#16865=CARTESIAN_POINT('Origin',(-36.98,1.12,5.6));
#16866=CARTESIAN_POINT('',(-37.13,1.27,8.2));
#16867=CARTESIAN_POINT('',(-36.98,1.12,8.2));
#16868=CARTESIAN_POINT('',(-37.13,1.27,5.6));
#16869=CARTESIAN_POINT('',(-36.98,1.12,5.6));
#16870=CARTESIAN_POINT('',(-37.13,1.27,5.6));
#16871=CARTESIAN_POINT('Origin',(-39.37,1.27,5.6));
#16872=CARTESIAN_POINT('',(-39.07,1.27,5.6));
#16873=CARTESIAN_POINT('',(-36.83,1.27,5.6));
#16874=CARTESIAN_POINT('',(-39.07,1.27,8.2));
#16875=CARTESIAN_POINT('',(-39.07,1.27,5.6));
#16876=CARTESIAN_POINT('',(-36.83,1.27,8.2));
#16877=CARTESIAN_POINT('Origin',(-39.22,1.12,5.6));
#16878=CARTESIAN_POINT('',(-39.22,1.12,8.2));
#16879=CARTESIAN_POINT('',(-39.22,1.12,5.6));
#16880=CARTESIAN_POINT('Origin',(-36.98,-1.12,5.6));
#16881=CARTESIAN_POINT('',(-37.13,-1.27,8.2));
#16882=CARTESIAN_POINT('',(-36.98,-1.12,8.2));
#16883=CARTESIAN_POINT('',(-37.13,-1.27,5.6));
#16884=CARTESIAN_POINT('',(-37.13,-1.27,5.6));
#16885=CARTESIAN_POINT('',(-36.98,-1.12,5.6));
#16886=CARTESIAN_POINT('Origin',(-36.83,-1.27,5.6));
#16887=CARTESIAN_POINT('',(-39.07,-1.27,8.2));
#16888=CARTESIAN_POINT('',(-39.37,-1.27,8.2));
#16889=CARTESIAN_POINT('',(-39.07,-1.27,5.6));
#16890=CARTESIAN_POINT('',(-39.07,-1.27,5.6));
#16891=CARTESIAN_POINT('',(-39.37,-1.27,5.6));
#16892=CARTESIAN_POINT('Origin',(-39.22,-1.12,5.6));
#16893=CARTESIAN_POINT('',(-39.22,-1.12,8.2));
#16894=CARTESIAN_POINT('',(-39.22,-1.12,5.6));
#16895=CARTESIAN_POINT('Origin',(-37.785,-0.315,5.6));
#16896=CARTESIAN_POINT('',(-37.785,-0.315,5.6));
#16897=CARTESIAN_POINT('',(-37.785,0.315,5.6));
#16898=CARTESIAN_POINT('',(-37.785,-0.315,5.6));
#16899=CARTESIAN_POINT('',(-37.785,-0.315,8.2));
#16900=CARTESIAN_POINT('',(-37.785,-0.315,5.6));
#16901=CARTESIAN_POINT('',(-37.785,0.315,8.2));
#16902=CARTESIAN_POINT('',(-37.785,-0.315,8.2));
#16903=CARTESIAN_POINT('',(-37.785,0.315,5.6));
#16904=CARTESIAN_POINT('Origin',(-38.415,-0.315,5.6));
#16905=CARTESIAN_POINT('',(-38.415,-0.315,5.6));
#16906=CARTESIAN_POINT('',(-38.415,-0.315,5.6));
#16907=CARTESIAN_POINT('',(-38.415,-0.315,8.2));
#16908=CARTESIAN_POINT('',(-38.415,-0.315,5.6));
#16909=CARTESIAN_POINT('',(-38.415,-0.315,8.2));
#16910=CARTESIAN_POINT('Origin',(-38.415,0.315,5.6));
#16911=CARTESIAN_POINT('',(-38.415,0.315,5.6));
#16912=CARTESIAN_POINT('',(-38.415,0.315,5.6));
#16913=CARTESIAN_POINT('',(-38.415,0.315,8.2));
#16914=CARTESIAN_POINT('',(-38.415,0.315,5.6));
#16915=CARTESIAN_POINT('',(-38.415,0.315,8.2));
#16916=CARTESIAN_POINT('Origin',(-37.785,0.315,5.6));
#16917=CARTESIAN_POINT('',(-37.785,0.315,5.6));
#16918=CARTESIAN_POINT('',(-37.785,0.315,8.2));
#16919=CARTESIAN_POINT('Origin',(-11.58,1.12,5.6));
#16920=CARTESIAN_POINT('',(-11.43,0.97,8.2));
#16921=CARTESIAN_POINT('',(-11.73,1.27,8.2));
#16922=CARTESIAN_POINT('',(-11.58,1.12,8.2));
#16923=CARTESIAN_POINT('',(-11.43,0.97,5.6));
#16924=CARTESIAN_POINT('',(-11.43,0.97,5.6));
#16925=CARTESIAN_POINT('',(-11.73,1.27,5.6));
#16926=CARTESIAN_POINT('',(-11.58,1.12,5.6));
#16927=CARTESIAN_POINT('',(-11.73,1.27,5.6));
#16928=CARTESIAN_POINT('Origin',(-13.97,1.27,5.6));
#16929=CARTESIAN_POINT('',(-13.67,1.27,5.6));
#16930=CARTESIAN_POINT('',(-11.43,1.27,5.6));
#16931=CARTESIAN_POINT('',(-13.67,1.27,8.2));
#16932=CARTESIAN_POINT('',(-13.67,1.27,5.6));
#16933=CARTESIAN_POINT('',(-11.43,1.27,8.2));
#16934=CARTESIAN_POINT('Origin',(-13.82,1.12,5.6));
#16935=CARTESIAN_POINT('',(-13.97,0.97,8.2));
#16936=CARTESIAN_POINT('',(-13.82,1.12,8.2));
#16937=CARTESIAN_POINT('',(-13.97,0.97,5.6));
#16938=CARTESIAN_POINT('',(-13.82,1.12,5.6));
#16939=CARTESIAN_POINT('',(-13.97,0.97,5.6));
#16940=CARTESIAN_POINT('Origin',(-11.58,-1.12,5.6));
#16941=CARTESIAN_POINT('',(-11.73,-1.27,8.2));
#16942=CARTESIAN_POINT('',(-11.43,-0.97,8.2));
#16943=CARTESIAN_POINT('',(-11.58,-1.12,8.2));
#16944=CARTESIAN_POINT('',(-11.73,-1.27,5.6));
#16945=CARTESIAN_POINT('',(-11.73,-1.27,5.6));
#16946=CARTESIAN_POINT('',(-11.43,-0.97,5.6));
#16947=CARTESIAN_POINT('',(-11.58,-1.12,5.6));
#16948=CARTESIAN_POINT('',(-11.43,-0.97,5.6));
#16949=CARTESIAN_POINT('Origin',(-11.43,-1.27,5.6));
#16950=CARTESIAN_POINT('',(-13.67,-1.27,8.2));
#16951=CARTESIAN_POINT('',(-13.97,-1.27,8.2));
#16952=CARTESIAN_POINT('',(-13.67,-1.27,5.6));
#16953=CARTESIAN_POINT('',(-13.67,-1.27,5.6));
#16954=CARTESIAN_POINT('',(-13.97,-1.27,5.6));
#16955=CARTESIAN_POINT('Origin',(-13.82,-1.12,5.6));
#16956=CARTESIAN_POINT('',(-13.97,-0.97,8.2));
#16957=CARTESIAN_POINT('',(-13.82,-1.12,8.2));
#16958=CARTESIAN_POINT('',(-13.97,-0.97,5.6));
#16959=CARTESIAN_POINT('',(-13.97,-0.97,5.6));
#16960=CARTESIAN_POINT('',(-13.82,-1.12,5.6));
#16961=CARTESIAN_POINT('Origin',(-12.385,-0.315,5.6));
#16962=CARTESIAN_POINT('',(-12.385,-0.315,5.6));
#16963=CARTESIAN_POINT('',(-12.385,0.315,5.6));
#16964=CARTESIAN_POINT('',(-12.385,-0.315,5.6));
#16965=CARTESIAN_POINT('',(-12.385,-0.315,8.2));
#16966=CARTESIAN_POINT('',(-12.385,-0.315,5.6));
#16967=CARTESIAN_POINT('',(-12.385,0.315,8.2));
#16968=CARTESIAN_POINT('',(-12.385,-0.315,8.2));
#16969=CARTESIAN_POINT('',(-12.385,0.315,5.6));
#16970=CARTESIAN_POINT('Origin',(-13.015,-0.315,5.6));
#16971=CARTESIAN_POINT('',(-13.015,-0.315,5.6));
#16972=CARTESIAN_POINT('',(-13.015,-0.315,5.6));
#16973=CARTESIAN_POINT('',(-13.015,-0.315,8.2));
#16974=CARTESIAN_POINT('',(-13.015,-0.315,5.6));
#16975=CARTESIAN_POINT('',(-13.015,-0.315,8.2));
#16976=CARTESIAN_POINT('Origin',(-13.015,0.315,5.6));
#16977=CARTESIAN_POINT('',(-13.015,0.315,5.6));
#16978=CARTESIAN_POINT('',(-13.015,0.315,5.6));
#16979=CARTESIAN_POINT('',(-13.015,0.315,8.2));
#16980=CARTESIAN_POINT('',(-13.015,0.315,5.6));
#16981=CARTESIAN_POINT('',(-13.015,0.315,8.2));
#16982=CARTESIAN_POINT('Origin',(-12.385,0.315,5.6));
#16983=CARTESIAN_POINT('',(-12.385,0.315,5.6));
#16984=CARTESIAN_POINT('',(-12.385,0.315,8.2));
#16985=CARTESIAN_POINT('Origin',(-11.28,1.12,5.6));
#16986=CARTESIAN_POINT('',(-11.13,1.27,8.2));
#16987=CARTESIAN_POINT('',(-11.28,1.12,8.2));
#16988=CARTESIAN_POINT('',(-11.13,1.27,5.6));
#16989=CARTESIAN_POINT('',(-11.13,1.27,5.6));
#16990=CARTESIAN_POINT('',(-11.28,1.12,5.6));
#16991=CARTESIAN_POINT('Origin',(-8.89,1.27,5.6));
#16992=CARTESIAN_POINT('',(-9.19,1.27,8.2));
#16993=CARTESIAN_POINT('',(-11.43,1.27,8.2));
#16994=CARTESIAN_POINT('',(-9.19,1.27,5.6));
#16995=CARTESIAN_POINT('',(-9.19,1.27,5.6));
#16996=CARTESIAN_POINT('',(-11.43,1.27,5.6));
#16997=CARTESIAN_POINT('Origin',(-9.04,1.12,5.6));
#16998=CARTESIAN_POINT('',(-8.89,0.97,8.2));
#16999=CARTESIAN_POINT('',(-9.04,1.12,8.2));
#17000=CARTESIAN_POINT('',(-8.89,0.97,5.6));
#17001=CARTESIAN_POINT('',(-8.89,0.97,5.6));
#17002=CARTESIAN_POINT('',(-9.04,1.12,5.6));
#17003=CARTESIAN_POINT('Origin',(-11.28,-1.12,5.6));
#17004=CARTESIAN_POINT('',(-11.13,-1.27,8.2));
#17005=CARTESIAN_POINT('',(-11.28,-1.12,8.2));
#17006=CARTESIAN_POINT('',(-11.13,-1.27,5.6));
#17007=CARTESIAN_POINT('',(-11.28,-1.12,5.6));
#17008=CARTESIAN_POINT('',(-11.13,-1.27,5.6));
#17009=CARTESIAN_POINT('Origin',(-11.43,-1.27,5.6));
#17010=CARTESIAN_POINT('',(-9.19,-1.27,5.6));
#17011=CARTESIAN_POINT('',(-8.89,-1.27,5.6));
#17012=CARTESIAN_POINT('',(-9.19,-1.27,8.2));
#17013=CARTESIAN_POINT('',(-9.19,-1.27,5.6));
#17014=CARTESIAN_POINT('',(-8.89,-1.27,8.2));
#17015=CARTESIAN_POINT('Origin',(-9.04,-1.12,5.6));
#17016=CARTESIAN_POINT('',(-8.89,-0.97,8.2));
#17017=CARTESIAN_POINT('',(-9.04,-1.12,8.2));
#17018=CARTESIAN_POINT('',(-8.89,-0.97,5.6));
#17019=CARTESIAN_POINT('',(-9.04,-1.12,5.6));
#17020=CARTESIAN_POINT('',(-8.89,-0.97,5.6));
#17021=CARTESIAN_POINT('Origin',(-10.475,-0.315,5.6));
#17022=CARTESIAN_POINT('',(-10.475,-0.315,5.6));
#17023=CARTESIAN_POINT('',(-10.475,0.315,5.6));
#17024=CARTESIAN_POINT('',(-10.475,-0.315,5.6));
#17025=CARTESIAN_POINT('',(-10.475,0.315,8.2));
#17026=CARTESIAN_POINT('',(-10.475,0.315,5.6));
#17027=CARTESIAN_POINT('',(-10.475,-0.315,8.2));
#17028=CARTESIAN_POINT('',(-10.475,-0.315,8.2));
#17029=CARTESIAN_POINT('',(-10.475,-0.315,5.6));
#17030=CARTESIAN_POINT('Origin',(-9.845,-0.315,5.6));
#17031=CARTESIAN_POINT('',(-9.845,-0.315,5.6));
#17032=CARTESIAN_POINT('',(-9.845,-0.315,5.6));
#17033=CARTESIAN_POINT('',(-9.845,-0.315,8.2));
#17034=CARTESIAN_POINT('',(-9.845,-0.315,8.2));
#17035=CARTESIAN_POINT('',(-9.845,-0.315,5.6));
#17036=CARTESIAN_POINT('Origin',(-9.845,0.315,5.6));
#17037=CARTESIAN_POINT('',(-9.845,0.315,5.6));
#17038=CARTESIAN_POINT('',(-9.845,0.315,5.6));
#17039=CARTESIAN_POINT('',(-9.845,0.315,8.2));
#17040=CARTESIAN_POINT('',(-9.845,0.315,8.2));
#17041=CARTESIAN_POINT('',(-9.845,0.315,5.6));
#17042=CARTESIAN_POINT('Origin',(-10.475,0.315,5.6));
#17043=CARTESIAN_POINT('',(-10.475,0.315,5.6));
#17044=CARTESIAN_POINT('',(-10.475,0.315,8.2));
#17045=CARTESIAN_POINT('Origin',(-16.36,1.12,5.6));
#17046=CARTESIAN_POINT('',(-16.51,0.97,8.2));
#17047=CARTESIAN_POINT('',(-16.21,1.27,8.2));
#17048=CARTESIAN_POINT('',(-16.36,1.12,8.2));
#17049=CARTESIAN_POINT('',(-16.21,1.27,5.6));
#17050=CARTESIAN_POINT('',(-16.21,1.27,5.6));
#17051=CARTESIAN_POINT('',(-16.51,0.97,5.6));
#17052=CARTESIAN_POINT('',(-16.36,1.12,5.6));
#17053=CARTESIAN_POINT('',(-16.51,0.97,5.6));
#17054=CARTESIAN_POINT('Origin',(-13.97,1.27,5.6));
#17055=CARTESIAN_POINT('',(-14.27,1.27,8.2));
#17056=CARTESIAN_POINT('',(-16.51,1.27,8.2));
#17057=CARTESIAN_POINT('',(-14.27,1.27,5.6));
#17058=CARTESIAN_POINT('',(-14.27,1.27,5.6));
#17059=CARTESIAN_POINT('',(-16.51,1.27,5.6));
#17060=CARTESIAN_POINT('Origin',(-14.12,1.12,5.6));
#17061=CARTESIAN_POINT('',(-14.12,1.12,8.2));
#17062=CARTESIAN_POINT('',(-14.12,1.12,5.6));
#17063=CARTESIAN_POINT('Origin',(-16.36,-1.12,5.6));
#17064=CARTESIAN_POINT('',(-16.21,-1.27,8.2));
#17065=CARTESIAN_POINT('',(-16.51,-0.97,8.2));
#17066=CARTESIAN_POINT('',(-16.36,-1.12,8.2));
#17067=CARTESIAN_POINT('',(-16.51,-0.97,5.6));
#17068=CARTESIAN_POINT('',(-16.51,-0.97,5.6));
#17069=CARTESIAN_POINT('',(-16.21,-1.27,5.6));
#17070=CARTESIAN_POINT('',(-16.36,-1.12,5.6));
#17071=CARTESIAN_POINT('',(-16.21,-1.27,5.6));
#17072=CARTESIAN_POINT('Origin',(-16.51,-1.27,5.6));
#17073=CARTESIAN_POINT('',(-14.27,-1.27,5.6));
#17074=CARTESIAN_POINT('',(-13.97,-1.27,5.6));
#17075=CARTESIAN_POINT('',(-14.27,-1.27,8.2));
#17076=CARTESIAN_POINT('',(-14.27,-1.27,5.6));
#17077=CARTESIAN_POINT('',(-13.97,-1.27,8.2));
#17078=CARTESIAN_POINT('Origin',(-14.12,-1.12,5.6));
#17079=CARTESIAN_POINT('',(-14.12,-1.12,8.2));
#17080=CARTESIAN_POINT('',(-14.12,-1.12,5.6));
#17081=CARTESIAN_POINT('Origin',(-15.555,-0.315,5.6));
#17082=CARTESIAN_POINT('',(-15.555,-0.315,5.6));
#17083=CARTESIAN_POINT('',(-15.555,0.315,5.6));
#17084=CARTESIAN_POINT('',(-15.555,-0.315,5.6));
#17085=CARTESIAN_POINT('',(-15.555,0.315,8.2));
#17086=CARTESIAN_POINT('',(-15.555,0.315,5.6));
#17087=CARTESIAN_POINT('',(-15.555,-0.315,8.2));
#17088=CARTESIAN_POINT('',(-15.555,-0.315,8.2));
#17089=CARTESIAN_POINT('',(-15.555,-0.315,5.6));
#17090=CARTESIAN_POINT('Origin',(-14.925,-0.315,5.6));
#17091=CARTESIAN_POINT('',(-14.925,-0.315,5.6));
#17092=CARTESIAN_POINT('',(-14.925,-0.315,5.6));
#17093=CARTESIAN_POINT('',(-14.925,-0.315,8.2));
#17094=CARTESIAN_POINT('',(-14.925,-0.315,8.2));
#17095=CARTESIAN_POINT('',(-14.925,-0.315,5.6));
#17096=CARTESIAN_POINT('Origin',(-14.925,0.315,5.6));
#17097=CARTESIAN_POINT('',(-14.925,0.315,5.6));
#17098=CARTESIAN_POINT('',(-14.925,0.315,5.6));
#17099=CARTESIAN_POINT('',(-14.925,0.315,8.2));
#17100=CARTESIAN_POINT('',(-14.925,0.315,8.2));
#17101=CARTESIAN_POINT('',(-14.925,0.315,5.6));
#17102=CARTESIAN_POINT('Origin',(-15.555,0.315,5.6));
#17103=CARTESIAN_POINT('',(-15.555,0.315,5.6));
#17104=CARTESIAN_POINT('',(-15.555,0.315,8.2));
#17105=CARTESIAN_POINT('Origin',(-16.66,1.12,5.6));
#17106=CARTESIAN_POINT('',(-16.81,1.27,8.2));
#17107=CARTESIAN_POINT('',(-16.66,1.12,8.2));
#17108=CARTESIAN_POINT('',(-16.81,1.27,5.6));
#17109=CARTESIAN_POINT('',(-16.66,1.12,5.6));
#17110=CARTESIAN_POINT('',(-16.81,1.27,5.6));
#17111=CARTESIAN_POINT('Origin',(-19.05,1.27,5.6));
#17112=CARTESIAN_POINT('',(-18.75,1.27,5.6));
#17113=CARTESIAN_POINT('',(-16.51,1.27,5.6));
#17114=CARTESIAN_POINT('',(-18.75,1.27,8.2));
#17115=CARTESIAN_POINT('',(-18.75,1.27,5.6));
#17116=CARTESIAN_POINT('',(-16.51,1.27,8.2));
#17117=CARTESIAN_POINT('Origin',(-18.9,1.12,5.6));
#17118=CARTESIAN_POINT('',(-18.9,1.12,8.2));
#17119=CARTESIAN_POINT('',(-18.9,1.12,5.6));
#17120=CARTESIAN_POINT('Origin',(-16.66,-1.12,5.6));
#17121=CARTESIAN_POINT('',(-16.81,-1.27,8.2));
#17122=CARTESIAN_POINT('',(-16.66,-1.12,8.2));
#17123=CARTESIAN_POINT('',(-16.81,-1.27,5.6));
#17124=CARTESIAN_POINT('',(-16.81,-1.27,5.6));
#17125=CARTESIAN_POINT('',(-16.66,-1.12,5.6));
#17126=CARTESIAN_POINT('Origin',(-16.51,-1.27,5.6));
#17127=CARTESIAN_POINT('',(-18.75,-1.27,8.2));
#17128=CARTESIAN_POINT('',(-19.05,-1.27,8.2));
#17129=CARTESIAN_POINT('',(-18.75,-1.27,5.6));
#17130=CARTESIAN_POINT('',(-18.75,-1.27,5.6));
#17131=CARTESIAN_POINT('',(-19.05,-1.27,5.6));
#17132=CARTESIAN_POINT('Origin',(-18.9,-1.12,5.6));
#17133=CARTESIAN_POINT('',(-18.9,-1.12,8.2));
#17134=CARTESIAN_POINT('',(-18.9,-1.12,5.6));
#17135=CARTESIAN_POINT('Origin',(-17.465,-0.315,5.6));
#17136=CARTESIAN_POINT('',(-17.465,-0.315,5.6));
#17137=CARTESIAN_POINT('',(-17.465,0.315,5.6));
#17138=CARTESIAN_POINT('',(-17.465,-0.315,5.6));
#17139=CARTESIAN_POINT('',(-17.465,-0.315,8.2));
#17140=CARTESIAN_POINT('',(-17.465,-0.315,5.6));
#17141=CARTESIAN_POINT('',(-17.465,0.315,8.2));
#17142=CARTESIAN_POINT('',(-17.465,-0.315,8.2));
#17143=CARTESIAN_POINT('',(-17.465,0.315,5.6));
#17144=CARTESIAN_POINT('Origin',(-18.095,-0.315,5.6));
#17145=CARTESIAN_POINT('',(-18.095,-0.315,5.6));
#17146=CARTESIAN_POINT('',(-18.095,-0.315,5.6));
#17147=CARTESIAN_POINT('',(-18.095,-0.315,8.2));
#17148=CARTESIAN_POINT('',(-18.095,-0.315,5.6));
#17149=CARTESIAN_POINT('',(-18.095,-0.315,8.2));
#17150=CARTESIAN_POINT('Origin',(-18.095,0.315,5.6));
#17151=CARTESIAN_POINT('',(-18.095,0.315,5.6));
#17152=CARTESIAN_POINT('',(-18.095,0.315,5.6));
#17153=CARTESIAN_POINT('',(-18.095,0.315,8.2));
#17154=CARTESIAN_POINT('',(-18.095,0.315,5.6));
#17155=CARTESIAN_POINT('',(-18.095,0.315,8.2));
#17156=CARTESIAN_POINT('Origin',(-17.465,0.315,5.6));
#17157=CARTESIAN_POINT('',(-17.465,0.315,5.6));
#17158=CARTESIAN_POINT('',(-17.465,0.315,8.2));
#17159=CARTESIAN_POINT('Origin',(-6.2,1.12,5.6));
#17160=CARTESIAN_POINT('',(-6.35,0.97,8.2));
#17161=CARTESIAN_POINT('',(-6.05,1.27,8.2));
#17162=CARTESIAN_POINT('',(-6.2,1.12,8.2));
#17163=CARTESIAN_POINT('',(-6.05,1.27,5.6));
#17164=CARTESIAN_POINT('',(-6.05,1.27,5.6));
#17165=CARTESIAN_POINT('',(-6.35,0.97,5.6));
#17166=CARTESIAN_POINT('',(-6.2,1.12,5.6));
#17167=CARTESIAN_POINT('',(-6.35,0.97,5.6));
#17168=CARTESIAN_POINT('Origin',(-3.81,1.27,5.6));
#17169=CARTESIAN_POINT('',(-4.11,1.27,8.2));
#17170=CARTESIAN_POINT('',(-6.35,1.27,8.2));
#17171=CARTESIAN_POINT('',(-4.11,1.27,5.6));
#17172=CARTESIAN_POINT('',(-4.11,1.27,5.6));
#17173=CARTESIAN_POINT('',(-6.35,1.27,5.6));
#17174=CARTESIAN_POINT('Origin',(-3.96,1.12,5.6));
#17175=CARTESIAN_POINT('',(-3.81,0.97,8.2));
#17176=CARTESIAN_POINT('',(-3.96,1.12,8.2));
#17177=CARTESIAN_POINT('',(-3.81,0.97,5.6));
#17178=CARTESIAN_POINT('',(-3.81,0.97,5.6));
#17179=CARTESIAN_POINT('',(-3.96,1.12,5.6));
#17180=CARTESIAN_POINT('Origin',(-6.2,-1.12,5.6));
#17181=CARTESIAN_POINT('',(-6.05,-1.27,8.2));
#17182=CARTESIAN_POINT('',(-6.35,-0.97,8.2));
#17183=CARTESIAN_POINT('',(-6.2,-1.12,8.2));
#17184=CARTESIAN_POINT('',(-6.35,-0.97,5.6));
#17185=CARTESIAN_POINT('',(-6.35,-0.97,5.6));
#17186=CARTESIAN_POINT('',(-6.05,-1.27,5.6));
#17187=CARTESIAN_POINT('',(-6.2,-1.12,5.6));
#17188=CARTESIAN_POINT('',(-6.05,-1.27,5.6));
#17189=CARTESIAN_POINT('Origin',(-6.35,-1.27,5.6));
#17190=CARTESIAN_POINT('',(-4.11,-1.27,5.6));
#17191=CARTESIAN_POINT('',(-3.81,-1.27,5.6));
#17192=CARTESIAN_POINT('',(-4.11,-1.27,8.2));
#17193=CARTESIAN_POINT('',(-4.11,-1.27,5.6));
#17194=CARTESIAN_POINT('',(-3.81,-1.27,8.2));
#17195=CARTESIAN_POINT('Origin',(-3.96,-1.12,5.6));
#17196=CARTESIAN_POINT('',(-3.81,-0.97,8.2));
#17197=CARTESIAN_POINT('',(-3.96,-1.12,8.2));
#17198=CARTESIAN_POINT('',(-3.81,-0.97,5.6));
#17199=CARTESIAN_POINT('',(-3.96,-1.12,5.6));
#17200=CARTESIAN_POINT('',(-3.81,-0.97,5.6));
#17201=CARTESIAN_POINT('Origin',(-5.395,-0.315,5.6));
#17202=CARTESIAN_POINT('',(-5.395,-0.315,5.6));
#17203=CARTESIAN_POINT('',(-5.395,0.315,5.6));
#17204=CARTESIAN_POINT('',(-5.395,-0.315,5.6));
#17205=CARTESIAN_POINT('',(-5.395,0.315,8.2));
#17206=CARTESIAN_POINT('',(-5.395,0.315,5.6));
#17207=CARTESIAN_POINT('',(-5.395,-0.315,8.2));
#17208=CARTESIAN_POINT('',(-5.395,-0.315,8.2));
#17209=CARTESIAN_POINT('',(-5.395,-0.315,5.6));
#17210=CARTESIAN_POINT('Origin',(-4.765,-0.315,5.6));
#17211=CARTESIAN_POINT('',(-4.765,-0.315,5.6));
#17212=CARTESIAN_POINT('',(-4.765,-0.315,5.6));
#17213=CARTESIAN_POINT('',(-4.765,-0.315,8.2));
#17214=CARTESIAN_POINT('',(-4.765,-0.315,8.2));
#17215=CARTESIAN_POINT('',(-4.765,-0.315,5.6));
#17216=CARTESIAN_POINT('Origin',(-4.765,0.315,5.6));
#17217=CARTESIAN_POINT('',(-4.765,0.315,5.6));
#17218=CARTESIAN_POINT('',(-4.765,0.315,5.6));
#17219=CARTESIAN_POINT('',(-4.765,0.315,8.2));
#17220=CARTESIAN_POINT('',(-4.765,0.315,8.2));
#17221=CARTESIAN_POINT('',(-4.765,0.315,5.6));
#17222=CARTESIAN_POINT('Origin',(-5.395,0.315,5.6));
#17223=CARTESIAN_POINT('',(-5.395,0.315,5.6));
#17224=CARTESIAN_POINT('',(-5.395,0.315,8.2));
#17225=CARTESIAN_POINT('Origin',(-6.5,1.12,5.6));
#17226=CARTESIAN_POINT('',(-6.65,1.27,8.2));
#17227=CARTESIAN_POINT('',(-6.5,1.12,8.2));
#17228=CARTESIAN_POINT('',(-6.65,1.27,5.6));
#17229=CARTESIAN_POINT('',(-6.5,1.12,5.6));
#17230=CARTESIAN_POINT('',(-6.65,1.27,5.6));
#17231=CARTESIAN_POINT('Origin',(-8.89,1.27,5.6));
#17232=CARTESIAN_POINT('',(-8.59,1.27,5.6));
#17233=CARTESIAN_POINT('',(-6.35,1.27,5.6));
#17234=CARTESIAN_POINT('',(-8.59,1.27,8.2));
#17235=CARTESIAN_POINT('',(-8.59,1.27,5.6));
#17236=CARTESIAN_POINT('',(-6.35,1.27,8.2));
#17237=CARTESIAN_POINT('Origin',(-8.74,1.12,5.6));
#17238=CARTESIAN_POINT('',(-8.74,1.12,8.2));
#17239=CARTESIAN_POINT('',(-8.74,1.12,5.6));
#17240=CARTESIAN_POINT('Origin',(-6.5,-1.12,5.6));
#17241=CARTESIAN_POINT('',(-6.65,-1.27,8.2));
#17242=CARTESIAN_POINT('',(-6.5,-1.12,8.2));
#17243=CARTESIAN_POINT('',(-6.65,-1.27,5.6));
#17244=CARTESIAN_POINT('',(-6.65,-1.27,5.6));
#17245=CARTESIAN_POINT('',(-6.5,-1.12,5.6));
#17246=CARTESIAN_POINT('Origin',(-6.35,-1.27,5.6));
#17247=CARTESIAN_POINT('',(-8.59,-1.27,8.2));
#17248=CARTESIAN_POINT('',(-8.89,-1.27,8.2));
#17249=CARTESIAN_POINT('',(-8.59,-1.27,5.6));
#17250=CARTESIAN_POINT('',(-8.59,-1.27,5.6));
#17251=CARTESIAN_POINT('',(-8.89,-1.27,5.6));
#17252=CARTESIAN_POINT('Origin',(-8.74,-1.12,5.6));
#17253=CARTESIAN_POINT('',(-8.74,-1.12,8.2));
#17254=CARTESIAN_POINT('',(-8.74,-1.12,5.6));
#17255=CARTESIAN_POINT('Origin',(-7.305,-0.315,5.6));
#17256=CARTESIAN_POINT('',(-7.305,-0.315,5.6));
#17257=CARTESIAN_POINT('',(-7.305,0.315,5.6));
#17258=CARTESIAN_POINT('',(-7.305,-0.315,5.6));
#17259=CARTESIAN_POINT('',(-7.305,-0.315,8.2));
#17260=CARTESIAN_POINT('',(-7.305,-0.315,5.6));
#17261=CARTESIAN_POINT('',(-7.305,0.315,8.2));
#17262=CARTESIAN_POINT('',(-7.305,-0.315,8.2));
#17263=CARTESIAN_POINT('',(-7.305,0.315,5.6));
#17264=CARTESIAN_POINT('Origin',(-7.935,-0.315,5.6));
#17265=CARTESIAN_POINT('',(-7.935,-0.315,5.6));
#17266=CARTESIAN_POINT('',(-7.935,-0.315,5.6));
#17267=CARTESIAN_POINT('',(-7.935,-0.315,8.2));
#17268=CARTESIAN_POINT('',(-7.935,-0.315,5.6));
#17269=CARTESIAN_POINT('',(-7.935,-0.315,8.2));
#17270=CARTESIAN_POINT('Origin',(-7.935,0.315,5.6));
#17271=CARTESIAN_POINT('',(-7.935,0.315,5.6));
#17272=CARTESIAN_POINT('',(-7.935,0.315,5.6));
#17273=CARTESIAN_POINT('',(-7.935,0.315,8.2));
#17274=CARTESIAN_POINT('',(-7.935,0.315,5.6));
#17275=CARTESIAN_POINT('',(-7.935,0.315,8.2));
#17276=CARTESIAN_POINT('Origin',(-7.305,0.315,5.6));
#17277=CARTESIAN_POINT('',(-7.305,0.315,5.6));
#17278=CARTESIAN_POINT('',(-7.305,0.315,8.2));
#17279=CARTESIAN_POINT('Origin',(-1.42,1.12,5.6));
#17280=CARTESIAN_POINT('',(-1.27,0.97,8.2));
#17281=CARTESIAN_POINT('',(-1.57,1.27,8.2));
#17282=CARTESIAN_POINT('',(-1.42,1.12,8.2));
#17283=CARTESIAN_POINT('',(-1.27,0.97,5.6));
#17284=CARTESIAN_POINT('',(-1.27,0.97,5.6));
#17285=CARTESIAN_POINT('',(-1.57,1.27,5.6));
#17286=CARTESIAN_POINT('',(-1.42,1.12,5.6));
#17287=CARTESIAN_POINT('',(-1.57,1.27,5.6));
#17288=CARTESIAN_POINT('Origin',(-3.81,1.27,5.6));
#17289=CARTESIAN_POINT('',(-3.51,1.27,5.6));
#17290=CARTESIAN_POINT('',(-1.27,1.27,5.6));
#17291=CARTESIAN_POINT('',(-3.51,1.27,8.2));
#17292=CARTESIAN_POINT('',(-3.51,1.27,5.6));
#17293=CARTESIAN_POINT('',(-1.27,1.27,8.2));
#17294=CARTESIAN_POINT('Origin',(-3.66,1.12,5.6));
#17295=CARTESIAN_POINT('',(-3.66,1.12,8.2));
#17296=CARTESIAN_POINT('',(-3.66,1.12,5.6));
#17297=CARTESIAN_POINT('Origin',(-1.42,-1.12,5.6));
#17298=CARTESIAN_POINT('',(-1.57,-1.27,8.2));
#17299=CARTESIAN_POINT('',(-1.27,-0.97,8.2));
#17300=CARTESIAN_POINT('',(-1.42,-1.12,8.2));
#17301=CARTESIAN_POINT('',(-1.57,-1.27,5.6));
#17302=CARTESIAN_POINT('',(-1.57,-1.27,5.6));
#17303=CARTESIAN_POINT('',(-1.27,-0.97,5.6));
#17304=CARTESIAN_POINT('',(-1.42,-1.12,5.6));
#17305=CARTESIAN_POINT('',(-1.27,-0.97,5.6));
#17306=CARTESIAN_POINT('Origin',(-1.27,-1.27,5.6));
#17307=CARTESIAN_POINT('',(-3.51,-1.27,8.2));
#17308=CARTESIAN_POINT('',(-3.81,-1.27,8.2));
#17309=CARTESIAN_POINT('',(-3.51,-1.27,5.6));
#17310=CARTESIAN_POINT('',(-3.51,-1.27,5.6));
#17311=CARTESIAN_POINT('',(-3.81,-1.27,5.6));
#17312=CARTESIAN_POINT('Origin',(-3.66,-1.12,5.6));
#17313=CARTESIAN_POINT('',(-3.66,-1.12,8.2));
#17314=CARTESIAN_POINT('',(-3.66,-1.12,5.6));
#17315=CARTESIAN_POINT('Origin',(-2.225,-0.315,5.6));
#17316=CARTESIAN_POINT('',(-2.225,-0.315,5.6));
#17317=CARTESIAN_POINT('',(-2.225,0.315,5.6));
#17318=CARTESIAN_POINT('',(-2.225,-0.315,5.6));
#17319=CARTESIAN_POINT('',(-2.225,-0.315,8.2));
#17320=CARTESIAN_POINT('',(-2.225,-0.315,5.6));
#17321=CARTESIAN_POINT('',(-2.225,0.315,8.2));
#17322=CARTESIAN_POINT('',(-2.225,-0.315,8.2));
#17323=CARTESIAN_POINT('',(-2.225,0.315,5.6));
#17324=CARTESIAN_POINT('Origin',(-2.855,-0.315,5.6));
#17325=CARTESIAN_POINT('',(-2.855,-0.315,5.6));
#17326=CARTESIAN_POINT('',(-2.855,-0.315,5.6));
#17327=CARTESIAN_POINT('',(-2.855,-0.315,8.2));
#17328=CARTESIAN_POINT('',(-2.855,-0.315,5.6));
#17329=CARTESIAN_POINT('',(-2.855,-0.315,8.2));
#17330=CARTESIAN_POINT('Origin',(-2.855,0.315,5.6));
#17331=CARTESIAN_POINT('',(-2.855,0.315,5.6));
#17332=CARTESIAN_POINT('',(-2.855,0.315,5.6));
#17333=CARTESIAN_POINT('',(-2.855,0.315,8.2));
#17334=CARTESIAN_POINT('',(-2.855,0.315,5.6));
#17335=CARTESIAN_POINT('',(-2.855,0.315,8.2));
#17336=CARTESIAN_POINT('Origin',(-2.225,0.315,5.6));
#17337=CARTESIAN_POINT('',(-2.225,0.315,5.6));
#17338=CARTESIAN_POINT('',(-2.225,0.315,8.2));
#17339=CARTESIAN_POINT('Origin',(-1.12,1.12,5.6));
#17340=CARTESIAN_POINT('',(-0.97,1.27,8.2));
#17341=CARTESIAN_POINT('',(-1.12,1.12,8.2));
#17342=CARTESIAN_POINT('',(-0.97,1.27,5.6));
#17343=CARTESIAN_POINT('',(-0.97,1.27,5.6));
#17344=CARTESIAN_POINT('',(-1.12,1.12,5.6));
#17345=CARTESIAN_POINT('Origin',(0.,0.,5.6));
#17346=CARTESIAN_POINT('',(0.97,1.27,5.6));
#17347=CARTESIAN_POINT('',(-1.27,1.27,5.6));
#17348=CARTESIAN_POINT('',(1.27,0.97,5.6));
#17349=CARTESIAN_POINT('',(1.12,1.12,5.6));
#17350=CARTESIAN_POINT('',(1.27,-0.97,5.6));
#17351=CARTESIAN_POINT('',(1.27,1.27,5.6));
#17352=CARTESIAN_POINT('',(0.97,-1.27,5.6));
#17353=CARTESIAN_POINT('',(1.12,-1.12,5.6));
#17354=CARTESIAN_POINT('',(-0.97,-1.27,5.6));
#17355=CARTESIAN_POINT('',(1.27,-1.27,5.6));
#17356=CARTESIAN_POINT('',(-1.12,-1.12,5.6));
#17357=CARTESIAN_POINT('',(-0.315,0.315,5.6));
#17358=CARTESIAN_POINT('',(0.315,0.315,5.6));
#17359=CARTESIAN_POINT('',(-0.315,0.315,5.6));
#17360=CARTESIAN_POINT('',(-0.315,-0.315,5.6));
#17361=CARTESIAN_POINT('',(-0.315,-0.315,5.6));
#17362=CARTESIAN_POINT('',(0.315,-0.315,5.6));
#17363=CARTESIAN_POINT('',(0.315,-0.315,5.6));
#17364=CARTESIAN_POINT('',(0.315,0.315,5.6));
#17365=CARTESIAN_POINT('Origin',(1.27,1.27,5.6));
#17366=CARTESIAN_POINT('',(0.97,1.27,8.2));
#17367=CARTESIAN_POINT('',(-1.27,1.27,8.2));
#17368=CARTESIAN_POINT('',(0.97,1.27,5.6));
#17369=CARTESIAN_POINT('Origin',(1.12,1.12,5.6));
#17370=CARTESIAN_POINT('',(1.27,0.97,8.2));
#17371=CARTESIAN_POINT('',(1.12,1.12,8.2));
#17372=CARTESIAN_POINT('',(1.27,0.97,5.6));
#17373=CARTESIAN_POINT('Origin',(-1.12,-1.12,5.6));
#17374=CARTESIAN_POINT('',(-0.97,-1.27,8.2));
#17375=CARTESIAN_POINT('',(-1.12,-1.12,8.2));
#17376=CARTESIAN_POINT('',(-0.97,-1.27,5.6));
#17377=CARTESIAN_POINT('Origin',(-1.27,-1.27,5.6));
#17378=CARTESIAN_POINT('',(0.97,-1.27,8.2));
#17379=CARTESIAN_POINT('',(0.97,-1.27,5.6));
#17380=CARTESIAN_POINT('',(1.27,-1.27,8.2));
#17381=CARTESIAN_POINT('Origin',(1.12,-1.12,5.6));
#17382=CARTESIAN_POINT('',(1.27,-0.97,8.2));
#17383=CARTESIAN_POINT('',(1.12,-1.12,8.2));
#17384=CARTESIAN_POINT('',(1.27,-0.97,5.6));
#17385=CARTESIAN_POINT('Origin',(-0.315,-0.315,5.6));
#17386=CARTESIAN_POINT('',(-0.315,0.315,8.2));
#17387=CARTESIAN_POINT('',(-0.315,0.315,5.6));
#17388=CARTESIAN_POINT('',(-0.315,-0.315,8.2));
#17389=CARTESIAN_POINT('',(-0.315,-0.315,8.2));
#17390=CARTESIAN_POINT('',(-0.315,-0.315,5.6));
#17391=CARTESIAN_POINT('Origin',(0.315,-0.315,5.6));
#17392=CARTESIAN_POINT('',(0.315,-0.315,8.2));
#17393=CARTESIAN_POINT('',(0.315,-0.315,8.2));
#17394=CARTESIAN_POINT('',(0.315,-0.315,5.6));
#17395=CARTESIAN_POINT('Origin',(0.315,0.315,5.6));
#17396=CARTESIAN_POINT('',(0.315,0.315,8.2));
#17397=CARTESIAN_POINT('',(0.315,0.315,8.2));
#17398=CARTESIAN_POINT('',(0.315,0.315,5.6));
#17399=CARTESIAN_POINT('Origin',(-0.315,0.315,5.6));
#17400=CARTESIAN_POINT('',(-0.315,0.315,8.2));
#17401=CARTESIAN_POINT('Origin',(1.27,-1.27,5.6));
#17402=CARTESIAN_POINT('',(1.27,1.27,8.2));
#17403=CARTESIAN_POINT('Origin',(0.,0.,8.2));
#17404=CARTESIAN_POINT('Origin',(-2.54,3.94255335449274E-18,0.));
#17405=CARTESIAN_POINT('',(-2.275,0.265,0.));
#17406=CARTESIAN_POINT('',(-2.805,0.265,0.));
#17407=CARTESIAN_POINT('',(-2.275,0.265,0.));
#17408=CARTESIAN_POINT('',(-2.275,-0.265,0.));
#17409=CARTESIAN_POINT('',(-2.275,-0.265,0.));
#17410=CARTESIAN_POINT('',(-2.805,-0.265,0.));
#17411=CARTESIAN_POINT('',(-2.805,-0.265,0.));
#17412=CARTESIAN_POINT('',(-2.805,0.265,0.));
#17413=CARTESIAN_POINT('Origin',(-2.275,0.265,0.));
#17414=CARTESIAN_POINT('',(-2.855,0.315,0.3));
#17415=CARTESIAN_POINT('',(-2.805,0.265,0.));
#17416=CARTESIAN_POINT('',(-2.225,0.315,0.3));
#17417=CARTESIAN_POINT('',(-2.225,0.315,0.3));
#17418=CARTESIAN_POINT('',(-2.275,0.265,0.));
#17419=CARTESIAN_POINT('Origin',(-2.805,0.265,0.));
#17420=CARTESIAN_POINT('',(-2.855,-0.315,0.3));
#17421=CARTESIAN_POINT('',(-2.805,-0.265,0.));
#17422=CARTESIAN_POINT('',(-2.855,0.315,0.3));
#17423=CARTESIAN_POINT('Origin',(-2.805,-0.265,0.));
#17424=CARTESIAN_POINT('',(-2.225,-0.315,0.3));
#17425=CARTESIAN_POINT('',(-2.275,-0.265,0.));
#17426=CARTESIAN_POINT('',(-2.855,-0.315,0.3));
#17427=CARTESIAN_POINT('Origin',(-2.275,-0.265,0.));
#17428=CARTESIAN_POINT('',(-2.225,-0.315,0.3));
#17429=CARTESIAN_POINT('Origin',(-2.855,-0.315,0.3));
#17430=CARTESIAN_POINT('',(-2.855,-0.315,11.1));
#17431=CARTESIAN_POINT('',(-2.855,-0.315,0.3));
#17432=CARTESIAN_POINT('',(-2.855,0.315,11.1));
#17433=CARTESIAN_POINT('',(-2.855,0.315,11.1));
#17434=CARTESIAN_POINT('',(-2.855,0.315,0.3));
#17435=CARTESIAN_POINT('Origin',(-2.225,-0.315,0.3));
#17436=CARTESIAN_POINT('',(-2.225,-0.315,11.1));
#17437=CARTESIAN_POINT('',(-2.225,-0.315,0.3));
#17438=CARTESIAN_POINT('',(-2.855,-0.315,11.1));
#17439=CARTESIAN_POINT('Origin',(-2.225,0.315,0.3));
#17440=CARTESIAN_POINT('',(-2.225,0.315,11.1));
#17441=CARTESIAN_POINT('',(-2.225,0.315,0.3));
#17442=CARTESIAN_POINT('',(-2.225,-0.315,11.1));
#17443=CARTESIAN_POINT('Origin',(-2.855,0.315,0.3));
#17444=CARTESIAN_POINT('',(-2.225,0.315,11.1));
#17445=CARTESIAN_POINT('Origin',(-2.54,0.,11.1));
#17446=CARTESIAN_POINT('Origin',(-7.62,3.94255335449274E-18,0.));
#17447=CARTESIAN_POINT('',(-7.355,0.265,0.));
#17448=CARTESIAN_POINT('',(-7.885,0.265,0.));
#17449=CARTESIAN_POINT('',(-7.355,0.265,0.));
#17450=CARTESIAN_POINT('',(-7.355,-0.265,0.));
#17451=CARTESIAN_POINT('',(-7.355,-0.265,0.));
#17452=CARTESIAN_POINT('',(-7.885,-0.265,0.));
#17453=CARTESIAN_POINT('',(-7.885,-0.265,0.));
#17454=CARTESIAN_POINT('',(-7.885,0.265,0.));
#17455=CARTESIAN_POINT('Origin',(-7.355,0.265,0.));
#17456=CARTESIAN_POINT('',(-7.935,0.315,0.3));
#17457=CARTESIAN_POINT('',(-7.885,0.265,0.));
#17458=CARTESIAN_POINT('',(-7.305,0.315,0.3));
#17459=CARTESIAN_POINT('',(-7.305,0.315,0.3));
#17460=CARTESIAN_POINT('',(-7.355,0.265,0.));
#17461=CARTESIAN_POINT('Origin',(-7.885,0.265,0.));
#17462=CARTESIAN_POINT('',(-7.935,-0.315,0.3));
#17463=CARTESIAN_POINT('',(-7.885,-0.265,0.));
#17464=CARTESIAN_POINT('',(-7.935,0.315,0.3));
#17465=CARTESIAN_POINT('Origin',(-7.885,-0.265,0.));
#17466=CARTESIAN_POINT('',(-7.305,-0.315,0.3));
#17467=CARTESIAN_POINT('',(-7.355,-0.265,0.));
#17468=CARTESIAN_POINT('',(-7.935,-0.315,0.3));
#17469=CARTESIAN_POINT('Origin',(-7.355,-0.265,0.));
#17470=CARTESIAN_POINT('',(-7.305,-0.315,0.3));
#17471=CARTESIAN_POINT('Origin',(-7.935,-0.315,0.3));
#17472=CARTESIAN_POINT('',(-7.935,-0.315,11.1));
#17473=CARTESIAN_POINT('',(-7.935,-0.315,0.3));
#17474=CARTESIAN_POINT('',(-7.935,0.315,11.1));
#17475=CARTESIAN_POINT('',(-7.935,0.315,11.1));
#17476=CARTESIAN_POINT('',(-7.935,0.315,0.3));
#17477=CARTESIAN_POINT('Origin',(-7.305,-0.315,0.3));
#17478=CARTESIAN_POINT('',(-7.305,-0.315,11.1));
#17479=CARTESIAN_POINT('',(-7.305,-0.315,0.3));
#17480=CARTESIAN_POINT('',(-7.935,-0.315,11.1));
#17481=CARTESIAN_POINT('Origin',(-7.305,0.315,0.3));
#17482=CARTESIAN_POINT('',(-7.305,0.315,11.1));
#17483=CARTESIAN_POINT('',(-7.305,0.315,0.3));
#17484=CARTESIAN_POINT('',(-7.305,-0.315,11.1));
#17485=CARTESIAN_POINT('Origin',(-7.935,0.315,0.3));
#17486=CARTESIAN_POINT('',(-7.305,0.315,11.1));
#17487=CARTESIAN_POINT('Origin',(-7.62,0.,11.1));
#17488=CARTESIAN_POINT('Origin',(-5.08,3.94255335449274E-18,0.));
#17489=CARTESIAN_POINT('',(-5.345,0.265,0.));
#17490=CARTESIAN_POINT('',(-4.815,0.265,0.));
#17491=CARTESIAN_POINT('',(-5.345,0.265,0.));
#17492=CARTESIAN_POINT('',(-4.815,-0.265,0.));
#17493=CARTESIAN_POINT('',(-4.815,0.265,0.));
#17494=CARTESIAN_POINT('',(-5.345,-0.265,0.));
#17495=CARTESIAN_POINT('',(-4.815,-0.265,0.));
#17496=CARTESIAN_POINT('',(-5.345,-0.265,0.));
#17497=CARTESIAN_POINT('Origin',(-5.345,0.265,0.));
#17498=CARTESIAN_POINT('',(-5.395,0.315,0.3));
#17499=CARTESIAN_POINT('',(-5.345,0.265,0.));
#17500=CARTESIAN_POINT('',(-4.765,0.315,0.3));
#17501=CARTESIAN_POINT('',(-5.395,0.315,0.3));
#17502=CARTESIAN_POINT('',(-4.815,0.265,0.));
#17503=CARTESIAN_POINT('Origin',(-4.815,0.265,0.));
#17504=CARTESIAN_POINT('',(-4.765,-0.315,0.3));
#17505=CARTESIAN_POINT('',(-4.765,0.315,0.3));
#17506=CARTESIAN_POINT('',(-4.815,-0.265,0.));
#17507=CARTESIAN_POINT('Origin',(-4.815,-0.265,0.));
#17508=CARTESIAN_POINT('',(-5.395,-0.315,0.3));
#17509=CARTESIAN_POINT('',(-4.765,-0.315,0.3));
#17510=CARTESIAN_POINT('',(-5.345,-0.265,0.));
#17511=CARTESIAN_POINT('Origin',(-5.345,-0.265,0.));
#17512=CARTESIAN_POINT('',(-5.395,-0.315,0.3));
#17513=CARTESIAN_POINT('Origin',(-4.765,-0.315,0.3));
#17514=CARTESIAN_POINT('',(-4.765,0.315,11.1));
#17515=CARTESIAN_POINT('',(-4.765,0.315,0.3));
#17516=CARTESIAN_POINT('',(-4.765,-0.315,11.1));
#17517=CARTESIAN_POINT('',(-4.765,0.315,11.1));
#17518=CARTESIAN_POINT('',(-4.765,-0.315,0.3));
#17519=CARTESIAN_POINT('Origin',(-5.395,-0.315,0.3));
#17520=CARTESIAN_POINT('',(-5.395,-0.315,11.1));
#17521=CARTESIAN_POINT('',(-4.765,-0.315,11.1));
#17522=CARTESIAN_POINT('',(-5.395,-0.315,0.3));
#17523=CARTESIAN_POINT('Origin',(-5.395,0.315,0.3));
#17524=CARTESIAN_POINT('',(-5.395,0.315,11.1));
#17525=CARTESIAN_POINT('',(-5.395,-0.315,11.1));
#17526=CARTESIAN_POINT('',(-5.395,0.315,0.3));
#17527=CARTESIAN_POINT('Origin',(-4.765,0.315,0.3));
#17528=CARTESIAN_POINT('',(-5.395,0.315,11.1));
#17529=CARTESIAN_POINT('Origin',(-5.08,0.,11.1));
#17530=CARTESIAN_POINT('Origin',(-17.78,3.94255335449274E-18,0.));
#17531=CARTESIAN_POINT('',(-17.515,0.265,0.));
#17532=CARTESIAN_POINT('',(-18.045,0.265,0.));
#17533=CARTESIAN_POINT('',(-17.515,0.265,0.));
#17534=CARTESIAN_POINT('',(-17.515,-0.265,0.));
#17535=CARTESIAN_POINT('',(-17.515,-0.265,0.));
#17536=CARTESIAN_POINT('',(-18.045,-0.265,0.));
#17537=CARTESIAN_POINT('',(-18.045,-0.265,0.));
#17538=CARTESIAN_POINT('',(-18.045,0.265,0.));
#17539=CARTESIAN_POINT('Origin',(-17.515,0.265,0.));
#17540=CARTESIAN_POINT('',(-18.095,0.315,0.3));
#17541=CARTESIAN_POINT('',(-18.045,0.265,0.));
#17542=CARTESIAN_POINT('',(-17.465,0.315,0.3));
#17543=CARTESIAN_POINT('',(-17.465,0.315,0.3));
#17544=CARTESIAN_POINT('',(-17.515,0.265,0.));
#17545=CARTESIAN_POINT('Origin',(-18.045,0.265,0.));
#17546=CARTESIAN_POINT('',(-18.095,-0.315,0.3));
#17547=CARTESIAN_POINT('',(-18.045,-0.265,0.));
#17548=CARTESIAN_POINT('',(-18.095,0.315,0.3));
#17549=CARTESIAN_POINT('Origin',(-18.045,-0.265,0.));
#17550=CARTESIAN_POINT('',(-17.465,-0.315,0.3));
#17551=CARTESIAN_POINT('',(-17.515,-0.265,0.));
#17552=CARTESIAN_POINT('',(-18.095,-0.315,0.3));
#17553=CARTESIAN_POINT('Origin',(-17.515,-0.265,0.));
#17554=CARTESIAN_POINT('',(-17.465,-0.315,0.3));
#17555=CARTESIAN_POINT('Origin',(-18.095,-0.315,0.3));
#17556=CARTESIAN_POINT('',(-18.095,-0.315,11.1));
#17557=CARTESIAN_POINT('',(-18.095,-0.315,0.3));
#17558=CARTESIAN_POINT('',(-18.095,0.315,11.1));
#17559=CARTESIAN_POINT('',(-18.095,0.315,11.1));
#17560=CARTESIAN_POINT('',(-18.095,0.315,0.3));
#17561=CARTESIAN_POINT('Origin',(-17.465,-0.315,0.3));
#17562=CARTESIAN_POINT('',(-17.465,-0.315,11.1));
#17563=CARTESIAN_POINT('',(-17.465,-0.315,0.3));
#17564=CARTESIAN_POINT('',(-18.095,-0.315,11.1));
#17565=CARTESIAN_POINT('Origin',(-17.465,0.315,0.3));
#17566=CARTESIAN_POINT('',(-17.465,0.315,11.1));
#17567=CARTESIAN_POINT('',(-17.465,0.315,0.3));
#17568=CARTESIAN_POINT('',(-17.465,-0.315,11.1));
#17569=CARTESIAN_POINT('Origin',(-18.095,0.315,0.3));
#17570=CARTESIAN_POINT('',(-17.465,0.315,11.1));
#17571=CARTESIAN_POINT('Origin',(-17.78,0.,11.1));
#17572=CARTESIAN_POINT('Origin',(-15.24,3.94255335449274E-18,0.));
#17573=CARTESIAN_POINT('',(-15.505,0.265,0.));
#17574=CARTESIAN_POINT('',(-14.975,0.265,0.));
#17575=CARTESIAN_POINT('',(-15.505,0.265,0.));
#17576=CARTESIAN_POINT('',(-14.975,-0.265,0.));
#17577=CARTESIAN_POINT('',(-14.975,0.265,0.));
#17578=CARTESIAN_POINT('',(-15.505,-0.265,0.));
#17579=CARTESIAN_POINT('',(-14.975,-0.265,0.));
#17580=CARTESIAN_POINT('',(-15.505,-0.265,0.));
#17581=CARTESIAN_POINT('Origin',(-15.505,0.265,0.));
#17582=CARTESIAN_POINT('',(-15.555,0.315,0.3));
#17583=CARTESIAN_POINT('',(-15.505,0.265,0.));
#17584=CARTESIAN_POINT('',(-14.925,0.315,0.3));
#17585=CARTESIAN_POINT('',(-15.555,0.315,0.3));
#17586=CARTESIAN_POINT('',(-14.975,0.265,0.));
#17587=CARTESIAN_POINT('Origin',(-14.975,0.265,0.));
#17588=CARTESIAN_POINT('',(-14.925,-0.315,0.3));
#17589=CARTESIAN_POINT('',(-14.925,0.315,0.3));
#17590=CARTESIAN_POINT('',(-14.975,-0.265,0.));
#17591=CARTESIAN_POINT('Origin',(-14.975,-0.265,0.));
#17592=CARTESIAN_POINT('',(-15.555,-0.315,0.3));
#17593=CARTESIAN_POINT('',(-14.925,-0.315,0.3));
#17594=CARTESIAN_POINT('',(-15.505,-0.265,0.));
#17595=CARTESIAN_POINT('Origin',(-15.505,-0.265,0.));
#17596=CARTESIAN_POINT('',(-15.555,-0.315,0.3));
#17597=CARTESIAN_POINT('Origin',(-14.925,-0.315,0.3));
#17598=CARTESIAN_POINT('',(-14.925,0.315,11.1));
#17599=CARTESIAN_POINT('',(-14.925,0.315,0.3));
#17600=CARTESIAN_POINT('',(-14.925,-0.315,11.1));
#17601=CARTESIAN_POINT('',(-14.925,0.315,11.1));
#17602=CARTESIAN_POINT('',(-14.925,-0.315,0.3));
#17603=CARTESIAN_POINT('Origin',(-15.555,-0.315,0.3));
#17604=CARTESIAN_POINT('',(-15.555,-0.315,11.1));
#17605=CARTESIAN_POINT('',(-14.925,-0.315,11.1));
#17606=CARTESIAN_POINT('',(-15.555,-0.315,0.3));
#17607=CARTESIAN_POINT('Origin',(-15.555,0.315,0.3));
#17608=CARTESIAN_POINT('',(-15.555,0.315,11.1));
#17609=CARTESIAN_POINT('',(-15.555,-0.315,11.1));
#17610=CARTESIAN_POINT('',(-15.555,0.315,0.3));
#17611=CARTESIAN_POINT('Origin',(-14.925,0.315,0.3));
#17612=CARTESIAN_POINT('',(-15.555,0.315,11.1));
#17613=CARTESIAN_POINT('Origin',(-15.24,0.,11.1));
#17614=CARTESIAN_POINT('Origin',(-10.16,3.94255335449274E-18,0.));
#17615=CARTESIAN_POINT('',(-10.425,0.265,0.));
#17616=CARTESIAN_POINT('',(-9.895,0.265,0.));
#17617=CARTESIAN_POINT('',(-10.425,0.265,0.));
#17618=CARTESIAN_POINT('',(-9.895,-0.265,0.));
#17619=CARTESIAN_POINT('',(-9.895,0.265,0.));
#17620=CARTESIAN_POINT('',(-10.425,-0.265,0.));
#17621=CARTESIAN_POINT('',(-9.895,-0.265,0.));
#17622=CARTESIAN_POINT('',(-10.425,-0.265,0.));
#17623=CARTESIAN_POINT('Origin',(-10.425,0.265,0.));
#17624=CARTESIAN_POINT('',(-10.475,0.315,0.3));
#17625=CARTESIAN_POINT('',(-10.425,0.265,0.));
#17626=CARTESIAN_POINT('',(-9.845,0.315,0.3));
#17627=CARTESIAN_POINT('',(-10.475,0.315,0.3));
#17628=CARTESIAN_POINT('',(-9.895,0.265,0.));
#17629=CARTESIAN_POINT('Origin',(-9.895,0.265,0.));
#17630=CARTESIAN_POINT('',(-9.845,-0.315,0.3));
#17631=CARTESIAN_POINT('',(-9.845,0.315,0.3));
#17632=CARTESIAN_POINT('',(-9.895,-0.265,0.));
#17633=CARTESIAN_POINT('Origin',(-9.895,-0.265,0.));
#17634=CARTESIAN_POINT('',(-10.475,-0.315,0.3));
#17635=CARTESIAN_POINT('',(-9.845,-0.315,0.3));
#17636=CARTESIAN_POINT('',(-10.425,-0.265,0.));
#17637=CARTESIAN_POINT('Origin',(-10.425,-0.265,0.));
#17638=CARTESIAN_POINT('',(-10.475,-0.315,0.3));
#17639=CARTESIAN_POINT('Origin',(-9.845,-0.315,0.3));
#17640=CARTESIAN_POINT('',(-9.845,0.315,11.1));
#17641=CARTESIAN_POINT('',(-9.845,0.315,0.3));
#17642=CARTESIAN_POINT('',(-9.845,-0.315,11.1));
#17643=CARTESIAN_POINT('',(-9.845,0.315,11.1));
#17644=CARTESIAN_POINT('',(-9.845,-0.315,0.3));
#17645=CARTESIAN_POINT('Origin',(-10.475,-0.315,0.3));
#17646=CARTESIAN_POINT('',(-10.475,-0.315,11.1));
#17647=CARTESIAN_POINT('',(-9.845,-0.315,11.1));
#17648=CARTESIAN_POINT('',(-10.475,-0.315,0.3));
#17649=CARTESIAN_POINT('Origin',(-10.475,0.315,0.3));
#17650=CARTESIAN_POINT('',(-10.475,0.315,11.1));
#17651=CARTESIAN_POINT('',(-10.475,-0.315,11.1));
#17652=CARTESIAN_POINT('',(-10.475,0.315,0.3));
#17653=CARTESIAN_POINT('Origin',(-9.845,0.315,0.3));
#17654=CARTESIAN_POINT('',(-10.475,0.315,11.1));
#17655=CARTESIAN_POINT('Origin',(-10.16,0.,11.1));
#17656=CARTESIAN_POINT('Origin',(-12.7,3.94255335449274E-18,0.));
#17657=CARTESIAN_POINT('',(-12.435,0.265,0.));
#17658=CARTESIAN_POINT('',(-12.965,0.265,0.));
#17659=CARTESIAN_POINT('',(-12.435,0.265,0.));
#17660=CARTESIAN_POINT('',(-12.435,-0.265,0.));
#17661=CARTESIAN_POINT('',(-12.435,-0.265,0.));
#17662=CARTESIAN_POINT('',(-12.965,-0.265,0.));
#17663=CARTESIAN_POINT('',(-12.965,-0.265,0.));
#17664=CARTESIAN_POINT('',(-12.965,0.265,0.));
#17665=CARTESIAN_POINT('Origin',(-12.435,0.265,0.));
#17666=CARTESIAN_POINT('',(-13.015,0.315,0.3));
#17667=CARTESIAN_POINT('',(-12.965,0.265,0.));
#17668=CARTESIAN_POINT('',(-12.385,0.315,0.3));
#17669=CARTESIAN_POINT('',(-12.385,0.315,0.3));
#17670=CARTESIAN_POINT('',(-12.435,0.265,0.));
#17671=CARTESIAN_POINT('Origin',(-12.965,0.265,0.));
#17672=CARTESIAN_POINT('',(-13.015,-0.315,0.3));
#17673=CARTESIAN_POINT('',(-12.965,-0.265,0.));
#17674=CARTESIAN_POINT('',(-13.015,0.315,0.3));
#17675=CARTESIAN_POINT('Origin',(-12.965,-0.265,0.));
#17676=CARTESIAN_POINT('',(-12.385,-0.315,0.3));
#17677=CARTESIAN_POINT('',(-12.435,-0.265,0.));
#17678=CARTESIAN_POINT('',(-13.015,-0.315,0.3));
#17679=CARTESIAN_POINT('Origin',(-12.435,-0.265,0.));
#17680=CARTESIAN_POINT('',(-12.385,-0.315,0.3));
#17681=CARTESIAN_POINT('Origin',(-13.015,-0.315,0.3));
#17682=CARTESIAN_POINT('',(-13.015,-0.315,11.1));
#17683=CARTESIAN_POINT('',(-13.015,-0.315,0.3));
#17684=CARTESIAN_POINT('',(-13.015,0.315,11.1));
#17685=CARTESIAN_POINT('',(-13.015,0.315,11.1));
#17686=CARTESIAN_POINT('',(-13.015,0.315,0.3));
#17687=CARTESIAN_POINT('Origin',(-12.385,-0.315,0.3));
#17688=CARTESIAN_POINT('',(-12.385,-0.315,11.1));
#17689=CARTESIAN_POINT('',(-12.385,-0.315,0.3));
#17690=CARTESIAN_POINT('',(-13.015,-0.315,11.1));
#17691=CARTESIAN_POINT('Origin',(-12.385,0.315,0.3));
#17692=CARTESIAN_POINT('',(-12.385,0.315,11.1));
#17693=CARTESIAN_POINT('',(-12.385,0.315,0.3));
#17694=CARTESIAN_POINT('',(-12.385,-0.315,11.1));
#17695=CARTESIAN_POINT('Origin',(-13.015,0.315,0.3));
#17696=CARTESIAN_POINT('',(-12.385,0.315,11.1));
#17697=CARTESIAN_POINT('Origin',(-12.7,0.,11.1));
#17698=CARTESIAN_POINT('Origin',(-38.1,3.94255335449274E-18,0.));
#17699=CARTESIAN_POINT('',(-37.835,0.265,0.));
#17700=CARTESIAN_POINT('',(-38.365,0.265,0.));
#17701=CARTESIAN_POINT('',(-37.835,0.265,0.));
#17702=CARTESIAN_POINT('',(-37.835,-0.265,0.));
#17703=CARTESIAN_POINT('',(-37.835,-0.265,0.));
#17704=CARTESIAN_POINT('',(-38.365,-0.265,0.));
#17705=CARTESIAN_POINT('',(-38.365,-0.265,0.));
#17706=CARTESIAN_POINT('',(-38.365,0.265,0.));
#17707=CARTESIAN_POINT('Origin',(-37.835,0.265,0.));
#17708=CARTESIAN_POINT('',(-38.415,0.315,0.3));
#17709=CARTESIAN_POINT('',(-38.365,0.265,0.));
#17710=CARTESIAN_POINT('',(-37.785,0.315,0.3));
#17711=CARTESIAN_POINT('',(-37.785,0.315,0.3));
#17712=CARTESIAN_POINT('',(-37.835,0.265,0.));
#17713=CARTESIAN_POINT('Origin',(-38.365,0.265,0.));
#17714=CARTESIAN_POINT('',(-38.415,-0.315,0.3));
#17715=CARTESIAN_POINT('',(-38.365,-0.265,0.));
#17716=CARTESIAN_POINT('',(-38.415,0.315,0.3));
#17717=CARTESIAN_POINT('Origin',(-38.365,-0.265,0.));
#17718=CARTESIAN_POINT('',(-37.785,-0.315,0.3));
#17719=CARTESIAN_POINT('',(-37.835,-0.265,0.));
#17720=CARTESIAN_POINT('',(-38.415,-0.315,0.3));
#17721=CARTESIAN_POINT('Origin',(-37.835,-0.265,0.));
#17722=CARTESIAN_POINT('',(-37.785,-0.315,0.3));
#17723=CARTESIAN_POINT('Origin',(-38.415,-0.315,0.3));
#17724=CARTESIAN_POINT('',(-38.415,-0.315,11.1));
#17725=CARTESIAN_POINT('',(-38.415,-0.315,0.3));
#17726=CARTESIAN_POINT('',(-38.415,0.315,11.1));
#17727=CARTESIAN_POINT('',(-38.415,0.315,11.1));
#17728=CARTESIAN_POINT('',(-38.415,0.315,0.3));
#17729=CARTESIAN_POINT('Origin',(-37.785,-0.315,0.3));
#17730=CARTESIAN_POINT('',(-37.785,-0.315,11.1));
#17731=CARTESIAN_POINT('',(-37.785,-0.315,0.3));
#17732=CARTESIAN_POINT('',(-38.415,-0.315,11.1));
#17733=CARTESIAN_POINT('Origin',(-37.785,0.315,0.3));
#17734=CARTESIAN_POINT('',(-37.785,0.315,11.1));
#17735=CARTESIAN_POINT('',(-37.785,0.315,0.3));
#17736=CARTESIAN_POINT('',(-37.785,-0.315,11.1));
#17737=CARTESIAN_POINT('Origin',(-38.415,0.315,0.3));
#17738=CARTESIAN_POINT('',(-37.785,0.315,11.1));
#17739=CARTESIAN_POINT('Origin',(-38.1,0.,11.1));
#17740=CARTESIAN_POINT('Origin',(-35.56,3.94255335449274E-18,0.));
#17741=CARTESIAN_POINT('',(-35.825,0.265,0.));
#17742=CARTESIAN_POINT('',(-35.295,0.265,0.));
#17743=CARTESIAN_POINT('',(-35.825,0.265,0.));
#17744=CARTESIAN_POINT('',(-35.295,-0.265,0.));
#17745=CARTESIAN_POINT('',(-35.295,0.265,0.));
#17746=CARTESIAN_POINT('',(-35.825,-0.265,0.));
#17747=CARTESIAN_POINT('',(-35.295,-0.265,0.));
#17748=CARTESIAN_POINT('',(-35.825,-0.265,0.));
#17749=CARTESIAN_POINT('Origin',(-35.825,0.265,0.));
#17750=CARTESIAN_POINT('',(-35.875,0.315,0.3));
#17751=CARTESIAN_POINT('',(-35.825,0.265,0.));
#17752=CARTESIAN_POINT('',(-35.245,0.315,0.3));
#17753=CARTESIAN_POINT('',(-35.875,0.315,0.3));
#17754=CARTESIAN_POINT('',(-35.295,0.265,0.));
#17755=CARTESIAN_POINT('Origin',(-35.295,0.265,0.));
#17756=CARTESIAN_POINT('',(-35.245,-0.315,0.3));
#17757=CARTESIAN_POINT('',(-35.245,0.315,0.3));
#17758=CARTESIAN_POINT('',(-35.295,-0.265,0.));
#17759=CARTESIAN_POINT('Origin',(-35.295,-0.265,0.));
#17760=CARTESIAN_POINT('',(-35.875,-0.315,0.3));
#17761=CARTESIAN_POINT('',(-35.245,-0.315,0.3));
#17762=CARTESIAN_POINT('',(-35.825,-0.265,0.));
#17763=CARTESIAN_POINT('Origin',(-35.825,-0.265,0.));
#17764=CARTESIAN_POINT('',(-35.875,-0.315,0.3));
#17765=CARTESIAN_POINT('Origin',(-35.245,-0.315,0.3));
#17766=CARTESIAN_POINT('',(-35.245,0.315,11.1));
#17767=CARTESIAN_POINT('',(-35.245,0.315,0.3));
#17768=CARTESIAN_POINT('',(-35.245,-0.315,11.1));
#17769=CARTESIAN_POINT('',(-35.245,0.315,11.1));
#17770=CARTESIAN_POINT('',(-35.245,-0.315,0.3));
#17771=CARTESIAN_POINT('Origin',(-35.875,-0.315,0.3));
#17772=CARTESIAN_POINT('',(-35.875,-0.315,11.1));
#17773=CARTESIAN_POINT('',(-35.245,-0.315,11.1));
#17774=CARTESIAN_POINT('',(-35.875,-0.315,0.3));
#17775=CARTESIAN_POINT('Origin',(-35.875,0.315,0.3));
#17776=CARTESIAN_POINT('',(-35.875,0.315,11.1));
#17777=CARTESIAN_POINT('',(-35.875,-0.315,11.1));
#17778=CARTESIAN_POINT('',(-35.875,0.315,0.3));
#17779=CARTESIAN_POINT('Origin',(-35.245,0.315,0.3));
#17780=CARTESIAN_POINT('',(-35.875,0.315,11.1));
#17781=CARTESIAN_POINT('Origin',(-35.56,0.,11.1));
#17782=CARTESIAN_POINT('Origin',(-30.48,3.94255335449274E-18,0.));
#17783=CARTESIAN_POINT('',(-30.745,0.265,0.));
#17784=CARTESIAN_POINT('',(-30.215,0.265,0.));
#17785=CARTESIAN_POINT('',(-30.745,0.265,0.));
#17786=CARTESIAN_POINT('',(-30.215,-0.265,0.));
#17787=CARTESIAN_POINT('',(-30.215,0.265,0.));
#17788=CARTESIAN_POINT('',(-30.745,-0.265,0.));
#17789=CARTESIAN_POINT('',(-30.215,-0.265,0.));
#17790=CARTESIAN_POINT('',(-30.745,-0.265,0.));
#17791=CARTESIAN_POINT('Origin',(-30.745,0.265,0.));
#17792=CARTESIAN_POINT('',(-30.795,0.315,0.3));
#17793=CARTESIAN_POINT('',(-30.745,0.265,0.));
#17794=CARTESIAN_POINT('',(-30.165,0.315,0.3));
#17795=CARTESIAN_POINT('',(-30.795,0.315,0.3));
#17796=CARTESIAN_POINT('',(-30.215,0.265,0.));
#17797=CARTESIAN_POINT('Origin',(-30.215,0.265,0.));
#17798=CARTESIAN_POINT('',(-30.165,-0.315,0.3));
#17799=CARTESIAN_POINT('',(-30.165,0.315,0.3));
#17800=CARTESIAN_POINT('',(-30.215,-0.265,0.));
#17801=CARTESIAN_POINT('Origin',(-30.215,-0.265,0.));
#17802=CARTESIAN_POINT('',(-30.795,-0.315,0.3));
#17803=CARTESIAN_POINT('',(-30.165,-0.315,0.3));
#17804=CARTESIAN_POINT('',(-30.745,-0.265,0.));
#17805=CARTESIAN_POINT('Origin',(-30.745,-0.265,0.));
#17806=CARTESIAN_POINT('',(-30.795,-0.315,0.3));
#17807=CARTESIAN_POINT('Origin',(-30.165,-0.315,0.3));
#17808=CARTESIAN_POINT('',(-30.165,0.315,11.1));
#17809=CARTESIAN_POINT('',(-30.165,0.315,0.3));
#17810=CARTESIAN_POINT('',(-30.165,-0.315,11.1));
#17811=CARTESIAN_POINT('',(-30.165,0.315,11.1));
#17812=CARTESIAN_POINT('',(-30.165,-0.315,0.3));
#17813=CARTESIAN_POINT('Origin',(-30.795,-0.315,0.3));
#17814=CARTESIAN_POINT('',(-30.795,-0.315,11.1));
#17815=CARTESIAN_POINT('',(-30.165,-0.315,11.1));
#17816=CARTESIAN_POINT('',(-30.795,-0.315,0.3));
#17817=CARTESIAN_POINT('Origin',(-30.795,0.315,0.3));
#17818=CARTESIAN_POINT('',(-30.795,0.315,11.1));
#17819=CARTESIAN_POINT('',(-30.795,-0.315,11.1));
#17820=CARTESIAN_POINT('',(-30.795,0.315,0.3));
#17821=CARTESIAN_POINT('Origin',(-30.165,0.315,0.3));
#17822=CARTESIAN_POINT('',(-30.795,0.315,11.1));
#17823=CARTESIAN_POINT('Origin',(-30.48,0.,11.1));
#17824=CARTESIAN_POINT('Origin',(-33.02,3.94255335449274E-18,0.));
#17825=CARTESIAN_POINT('',(-32.755,0.265,0.));
#17826=CARTESIAN_POINT('',(-33.285,0.265,0.));
#17827=CARTESIAN_POINT('',(-32.755,0.265,0.));
#17828=CARTESIAN_POINT('',(-32.755,-0.265,0.));
#17829=CARTESIAN_POINT('',(-32.755,-0.265,0.));
#17830=CARTESIAN_POINT('',(-33.285,-0.265,0.));
#17831=CARTESIAN_POINT('',(-33.285,-0.265,0.));
#17832=CARTESIAN_POINT('',(-33.285,0.265,0.));
#17833=CARTESIAN_POINT('Origin',(-32.755,0.265,0.));
#17834=CARTESIAN_POINT('',(-33.335,0.315,0.3));
#17835=CARTESIAN_POINT('',(-33.285,0.265,0.));
#17836=CARTESIAN_POINT('',(-32.705,0.315,0.3));
#17837=CARTESIAN_POINT('',(-32.705,0.315,0.3));
#17838=CARTESIAN_POINT('',(-32.755,0.265,0.));
#17839=CARTESIAN_POINT('Origin',(-33.285,0.265,0.));
#17840=CARTESIAN_POINT('',(-33.335,-0.315,0.3));
#17841=CARTESIAN_POINT('',(-33.285,-0.265,0.));
#17842=CARTESIAN_POINT('',(-33.335,0.315,0.3));
#17843=CARTESIAN_POINT('Origin',(-33.285,-0.265,0.));
#17844=CARTESIAN_POINT('',(-32.705,-0.315,0.3));
#17845=CARTESIAN_POINT('',(-32.755,-0.265,0.));
#17846=CARTESIAN_POINT('',(-33.335,-0.315,0.3));
#17847=CARTESIAN_POINT('Origin',(-32.755,-0.265,0.));
#17848=CARTESIAN_POINT('',(-32.705,-0.315,0.3));
#17849=CARTESIAN_POINT('Origin',(-33.335,-0.315,0.3));
#17850=CARTESIAN_POINT('',(-33.335,-0.315,11.1));
#17851=CARTESIAN_POINT('',(-33.335,-0.315,0.3));
#17852=CARTESIAN_POINT('',(-33.335,0.315,11.1));
#17853=CARTESIAN_POINT('',(-33.335,0.315,11.1));
#17854=CARTESIAN_POINT('',(-33.335,0.315,0.3));
#17855=CARTESIAN_POINT('Origin',(-32.705,-0.315,0.3));
#17856=CARTESIAN_POINT('',(-32.705,-0.315,11.1));
#17857=CARTESIAN_POINT('',(-32.705,-0.315,0.3));
#17858=CARTESIAN_POINT('',(-33.335,-0.315,11.1));
#17859=CARTESIAN_POINT('Origin',(-32.705,0.315,0.3));
#17860=CARTESIAN_POINT('',(-32.705,0.315,11.1));
#17861=CARTESIAN_POINT('',(-32.705,0.315,0.3));
#17862=CARTESIAN_POINT('',(-32.705,-0.315,11.1));
#17863=CARTESIAN_POINT('Origin',(-33.335,0.315,0.3));
#17864=CARTESIAN_POINT('',(-32.705,0.315,11.1));
#17865=CARTESIAN_POINT('Origin',(-33.02,0.,11.1));
#17866=CARTESIAN_POINT('Origin',(-20.32,3.94255335449274E-18,0.));
#17867=CARTESIAN_POINT('',(-20.585,0.265,0.));
#17868=CARTESIAN_POINT('',(-20.055,0.265,0.));
#17869=CARTESIAN_POINT('',(-20.585,0.265,0.));
#17870=CARTESIAN_POINT('',(-20.055,-0.265,0.));
#17871=CARTESIAN_POINT('',(-20.055,0.265,0.));
#17872=CARTESIAN_POINT('',(-20.585,-0.265,0.));
#17873=CARTESIAN_POINT('',(-20.055,-0.265,0.));
#17874=CARTESIAN_POINT('',(-20.585,-0.265,0.));
#17875=CARTESIAN_POINT('Origin',(-20.585,0.265,0.));
#17876=CARTESIAN_POINT('',(-20.635,0.315,0.3));
#17877=CARTESIAN_POINT('',(-20.585,0.265,0.));
#17878=CARTESIAN_POINT('',(-20.005,0.315,0.3));
#17879=CARTESIAN_POINT('',(-20.635,0.315,0.3));
#17880=CARTESIAN_POINT('',(-20.055,0.265,0.));
#17881=CARTESIAN_POINT('Origin',(-20.055,0.265,0.));
#17882=CARTESIAN_POINT('',(-20.005,-0.315,0.3));
#17883=CARTESIAN_POINT('',(-20.005,0.315,0.3));
#17884=CARTESIAN_POINT('',(-20.055,-0.265,0.));
#17885=CARTESIAN_POINT('Origin',(-20.055,-0.265,0.));
#17886=CARTESIAN_POINT('',(-20.635,-0.315,0.3));
#17887=CARTESIAN_POINT('',(-20.005,-0.315,0.3));
#17888=CARTESIAN_POINT('',(-20.585,-0.265,0.));
#17889=CARTESIAN_POINT('Origin',(-20.585,-0.265,0.));
#17890=CARTESIAN_POINT('',(-20.635,-0.315,0.3));
#17891=CARTESIAN_POINT('Origin',(-20.005,-0.315,0.3));
#17892=CARTESIAN_POINT('',(-20.005,0.315,11.1));
#17893=CARTESIAN_POINT('',(-20.005,0.315,0.3));
#17894=CARTESIAN_POINT('',(-20.005,-0.315,11.1));
#17895=CARTESIAN_POINT('',(-20.005,0.315,11.1));
#17896=CARTESIAN_POINT('',(-20.005,-0.315,0.3));
#17897=CARTESIAN_POINT('Origin',(-20.635,-0.315,0.3));
#17898=CARTESIAN_POINT('',(-20.635,-0.315,11.1));
#17899=CARTESIAN_POINT('',(-20.005,-0.315,11.1));
#17900=CARTESIAN_POINT('',(-20.635,-0.315,0.3));
#17901=CARTESIAN_POINT('Origin',(-20.635,0.315,0.3));
#17902=CARTESIAN_POINT('',(-20.635,0.315,11.1));
#17903=CARTESIAN_POINT('',(-20.635,-0.315,11.1));
#17904=CARTESIAN_POINT('',(-20.635,0.315,0.3));
#17905=CARTESIAN_POINT('Origin',(-20.005,0.315,0.3));
#17906=CARTESIAN_POINT('',(-20.635,0.315,11.1));
#17907=CARTESIAN_POINT('Origin',(-20.32,0.,11.1));
#17908=CARTESIAN_POINT('Origin',(-22.86,3.94255335449274E-18,0.));
#17909=CARTESIAN_POINT('',(-22.595,0.265,0.));
#17910=CARTESIAN_POINT('',(-23.125,0.265,0.));
#17911=CARTESIAN_POINT('',(-22.595,0.265,0.));
#17912=CARTESIAN_POINT('',(-22.595,-0.265,0.));
#17913=CARTESIAN_POINT('',(-22.595,-0.265,0.));
#17914=CARTESIAN_POINT('',(-23.125,-0.265,0.));
#17915=CARTESIAN_POINT('',(-23.125,-0.265,0.));
#17916=CARTESIAN_POINT('',(-23.125,0.265,0.));
#17917=CARTESIAN_POINT('Origin',(-22.595,0.265,0.));
#17918=CARTESIAN_POINT('',(-23.175,0.315,0.3));
#17919=CARTESIAN_POINT('',(-23.125,0.265,0.));
#17920=CARTESIAN_POINT('',(-22.545,0.315,0.3));
#17921=CARTESIAN_POINT('',(-22.545,0.315,0.3));
#17922=CARTESIAN_POINT('',(-22.595,0.265,0.));
#17923=CARTESIAN_POINT('Origin',(-23.125,0.265,0.));
#17924=CARTESIAN_POINT('',(-23.175,-0.315,0.3));
#17925=CARTESIAN_POINT('',(-23.125,-0.265,0.));
#17926=CARTESIAN_POINT('',(-23.175,0.315,0.3));
#17927=CARTESIAN_POINT('Origin',(-23.125,-0.265,0.));
#17928=CARTESIAN_POINT('',(-22.545,-0.315,0.3));
#17929=CARTESIAN_POINT('',(-22.595,-0.265,0.));
#17930=CARTESIAN_POINT('',(-23.175,-0.315,0.3));
#17931=CARTESIAN_POINT('Origin',(-22.595,-0.265,0.));
#17932=CARTESIAN_POINT('',(-22.545,-0.315,0.3));
#17933=CARTESIAN_POINT('Origin',(-23.175,-0.315,0.3));
#17934=CARTESIAN_POINT('',(-23.175,-0.315,11.1));
#17935=CARTESIAN_POINT('',(-23.175,-0.315,0.3));
#17936=CARTESIAN_POINT('',(-23.175,0.315,11.1));
#17937=CARTESIAN_POINT('',(-23.175,0.315,11.1));
#17938=CARTESIAN_POINT('',(-23.175,0.315,0.3));
#17939=CARTESIAN_POINT('Origin',(-22.545,-0.315,0.3));
#17940=CARTESIAN_POINT('',(-22.545,-0.315,11.1));
#17941=CARTESIAN_POINT('',(-22.545,-0.315,0.3));
#17942=CARTESIAN_POINT('',(-23.175,-0.315,11.1));
#17943=CARTESIAN_POINT('Origin',(-22.545,0.315,0.3));
#17944=CARTESIAN_POINT('',(-22.545,0.315,11.1));
#17945=CARTESIAN_POINT('',(-22.545,0.315,0.3));
#17946=CARTESIAN_POINT('',(-22.545,-0.315,11.1));
#17947=CARTESIAN_POINT('Origin',(-23.175,0.315,0.3));
#17948=CARTESIAN_POINT('',(-22.545,0.315,11.1));
#17949=CARTESIAN_POINT('Origin',(-22.86,0.,11.1));
#17950=CARTESIAN_POINT('Origin',(-27.94,3.94255335449274E-18,0.));
#17951=CARTESIAN_POINT('',(-27.675,0.265,0.));
#17952=CARTESIAN_POINT('',(-28.205,0.265,0.));
#17953=CARTESIAN_POINT('',(-27.675,0.265,0.));
#17954=CARTESIAN_POINT('',(-27.675,-0.265,0.));
#17955=CARTESIAN_POINT('',(-27.675,-0.265,0.));
#17956=CARTESIAN_POINT('',(-28.205,-0.265,0.));
#17957=CARTESIAN_POINT('',(-28.205,-0.265,0.));
#17958=CARTESIAN_POINT('',(-28.205,0.265,0.));
#17959=CARTESIAN_POINT('Origin',(-27.675,0.265,0.));
#17960=CARTESIAN_POINT('',(-28.255,0.315,0.3));
#17961=CARTESIAN_POINT('',(-28.205,0.265,0.));
#17962=CARTESIAN_POINT('',(-27.625,0.315,0.3));
#17963=CARTESIAN_POINT('',(-27.625,0.315,0.3));
#17964=CARTESIAN_POINT('',(-27.675,0.265,0.));
#17965=CARTESIAN_POINT('Origin',(-28.205,0.265,0.));
#17966=CARTESIAN_POINT('',(-28.255,-0.315,0.3));
#17967=CARTESIAN_POINT('',(-28.205,-0.265,0.));
#17968=CARTESIAN_POINT('',(-28.255,0.315,0.3));
#17969=CARTESIAN_POINT('Origin',(-28.205,-0.265,0.));
#17970=CARTESIAN_POINT('',(-27.625,-0.315,0.3));
#17971=CARTESIAN_POINT('',(-27.675,-0.265,0.));
#17972=CARTESIAN_POINT('',(-28.255,-0.315,0.3));
#17973=CARTESIAN_POINT('Origin',(-27.675,-0.265,0.));
#17974=CARTESIAN_POINT('',(-27.625,-0.315,0.3));
#17975=CARTESIAN_POINT('Origin',(-28.255,-0.315,0.3));
#17976=CARTESIAN_POINT('',(-28.255,-0.315,11.1));
#17977=CARTESIAN_POINT('',(-28.255,-0.315,0.3));
#17978=CARTESIAN_POINT('',(-28.255,0.315,11.1));
#17979=CARTESIAN_POINT('',(-28.255,0.315,11.1));
#17980=CARTESIAN_POINT('',(-28.255,0.315,0.3));
#17981=CARTESIAN_POINT('Origin',(-27.625,-0.315,0.3));
#17982=CARTESIAN_POINT('',(-27.625,-0.315,11.1));
#17983=CARTESIAN_POINT('',(-27.625,-0.315,0.3));
#17984=CARTESIAN_POINT('',(-28.255,-0.315,11.1));
#17985=CARTESIAN_POINT('Origin',(-27.625,0.315,0.3));
#17986=CARTESIAN_POINT('',(-27.625,0.315,11.1));
#17987=CARTESIAN_POINT('',(-27.625,0.315,0.3));
#17988=CARTESIAN_POINT('',(-27.625,-0.315,11.1));
#17989=CARTESIAN_POINT('Origin',(-28.255,0.315,0.3));
#17990=CARTESIAN_POINT('',(-27.625,0.315,11.1));
#17991=CARTESIAN_POINT('Origin',(-27.94,0.,11.1));
#17992=CARTESIAN_POINT('Origin',(-25.4,3.94255335449274E-18,0.));
#17993=CARTESIAN_POINT('',(-25.665,0.265,0.));
#17994=CARTESIAN_POINT('',(-25.135,0.265,0.));
#17995=CARTESIAN_POINT('',(-25.665,0.265,0.));
#17996=CARTESIAN_POINT('',(-25.135,-0.265,0.));
#17997=CARTESIAN_POINT('',(-25.135,0.265,0.));
#17998=CARTESIAN_POINT('',(-25.665,-0.265,0.));
#17999=CARTESIAN_POINT('',(-25.135,-0.265,0.));
#18000=CARTESIAN_POINT('',(-25.665,-0.265,0.));
#18001=CARTESIAN_POINT('Origin',(-25.665,0.265,0.));
#18002=CARTESIAN_POINT('',(-25.715,0.315,0.3));
#18003=CARTESIAN_POINT('',(-25.665,0.265,0.));
#18004=CARTESIAN_POINT('',(-25.085,0.315,0.3));
#18005=CARTESIAN_POINT('',(-25.715,0.315,0.3));
#18006=CARTESIAN_POINT('',(-25.135,0.265,0.));
#18007=CARTESIAN_POINT('Origin',(-25.135,0.265,0.));
#18008=CARTESIAN_POINT('',(-25.085,-0.315,0.3));
#18009=CARTESIAN_POINT('',(-25.085,0.315,0.3));
#18010=CARTESIAN_POINT('',(-25.135,-0.265,0.));
#18011=CARTESIAN_POINT('Origin',(-25.135,-0.265,0.));
#18012=CARTESIAN_POINT('',(-25.715,-0.315,0.3));
#18013=CARTESIAN_POINT('',(-25.085,-0.315,0.3));
#18014=CARTESIAN_POINT('',(-25.665,-0.265,0.));
#18015=CARTESIAN_POINT('Origin',(-25.665,-0.265,0.));
#18016=CARTESIAN_POINT('',(-25.715,-0.315,0.3));
#18017=CARTESIAN_POINT('Origin',(-25.085,-0.315,0.3));
#18018=CARTESIAN_POINT('',(-25.085,0.315,11.1));
#18019=CARTESIAN_POINT('',(-25.085,0.315,0.3));
#18020=CARTESIAN_POINT('',(-25.085,-0.315,11.1));
#18021=CARTESIAN_POINT('',(-25.085,0.315,11.1));
#18022=CARTESIAN_POINT('',(-25.085,-0.315,0.3));
#18023=CARTESIAN_POINT('Origin',(-25.715,-0.315,0.3));
#18024=CARTESIAN_POINT('',(-25.715,-0.315,11.1));
#18025=CARTESIAN_POINT('',(-25.085,-0.315,11.1));
#18026=CARTESIAN_POINT('',(-25.715,-0.315,0.3));
#18027=CARTESIAN_POINT('Origin',(-25.715,0.315,0.3));
#18028=CARTESIAN_POINT('',(-25.715,0.315,11.1));
#18029=CARTESIAN_POINT('',(-25.715,-0.315,11.1));
#18030=CARTESIAN_POINT('',(-25.715,0.315,0.3));
#18031=CARTESIAN_POINT('Origin',(-25.085,0.315,0.3));
#18032=CARTESIAN_POINT('',(-25.715,0.315,11.1));
#18033=CARTESIAN_POINT('Origin',(-25.4,0.,11.1));
#18034=CARTESIAN_POINT('Origin',(-78.74,3.94255335449274E-18,0.));
#18035=CARTESIAN_POINT('',(-78.475,0.265,0.));
#18036=CARTESIAN_POINT('',(-79.005,0.265,0.));
#18037=CARTESIAN_POINT('',(-78.475,0.265,0.));
#18038=CARTESIAN_POINT('',(-78.475,-0.265,0.));
#18039=CARTESIAN_POINT('',(-78.475,-0.265,0.));
#18040=CARTESIAN_POINT('',(-79.005,-0.265,0.));
#18041=CARTESIAN_POINT('',(-79.005,-0.265,0.));
#18042=CARTESIAN_POINT('',(-79.005,0.265,0.));
#18043=CARTESIAN_POINT('Origin',(-78.475,0.265,0.));
#18044=CARTESIAN_POINT('',(-79.055,0.315,0.3));
#18045=CARTESIAN_POINT('',(-79.005,0.265,0.));
#18046=CARTESIAN_POINT('',(-78.425,0.315,0.3));
#18047=CARTESIAN_POINT('',(-78.425,0.315,0.3));
#18048=CARTESIAN_POINT('',(-78.475,0.265,0.));
#18049=CARTESIAN_POINT('Origin',(-79.005,0.265,0.));
#18050=CARTESIAN_POINT('',(-79.055,-0.315,0.3));
#18051=CARTESIAN_POINT('',(-79.005,-0.265,0.));
#18052=CARTESIAN_POINT('',(-79.055,0.315,0.3));
#18053=CARTESIAN_POINT('Origin',(-79.005,-0.265,0.));
#18054=CARTESIAN_POINT('',(-78.425,-0.315,0.3));
#18055=CARTESIAN_POINT('',(-78.475,-0.265,0.));
#18056=CARTESIAN_POINT('',(-79.055,-0.315,0.3));
#18057=CARTESIAN_POINT('Origin',(-78.475,-0.265,0.));
#18058=CARTESIAN_POINT('',(-78.425,-0.315,0.3));
#18059=CARTESIAN_POINT('Origin',(-79.055,-0.315,0.3));
#18060=CARTESIAN_POINT('',(-79.055,-0.315,11.1));
#18061=CARTESIAN_POINT('',(-79.055,-0.315,0.3));
#18062=CARTESIAN_POINT('',(-79.055,0.315,11.1));
#18063=CARTESIAN_POINT('',(-79.055,0.315,11.1));
#18064=CARTESIAN_POINT('',(-79.055,0.315,0.3));
#18065=CARTESIAN_POINT('Origin',(-78.425,-0.315,0.3));
#18066=CARTESIAN_POINT('',(-78.425,-0.315,11.1));
#18067=CARTESIAN_POINT('',(-78.425,-0.315,0.3));
#18068=CARTESIAN_POINT('',(-79.055,-0.315,11.1));
#18069=CARTESIAN_POINT('Origin',(-78.425,0.315,0.3));
#18070=CARTESIAN_POINT('',(-78.425,0.315,11.1));
#18071=CARTESIAN_POINT('',(-78.425,0.315,0.3));
#18072=CARTESIAN_POINT('',(-78.425,-0.315,11.1));
#18073=CARTESIAN_POINT('Origin',(-79.055,0.315,0.3));
#18074=CARTESIAN_POINT('',(-78.425,0.315,11.1));
#18075=CARTESIAN_POINT('Origin',(-78.74,0.,11.1));
#18076=CARTESIAN_POINT('Origin',(-76.2,3.94255335449274E-18,0.));
#18077=CARTESIAN_POINT('',(-76.465,0.265,0.));
#18078=CARTESIAN_POINT('',(-75.935,0.265,0.));
#18079=CARTESIAN_POINT('',(-76.465,0.265,0.));
#18080=CARTESIAN_POINT('',(-75.935,-0.265,0.));
#18081=CARTESIAN_POINT('',(-75.935,0.265,0.));
#18082=CARTESIAN_POINT('',(-76.465,-0.265,0.));
#18083=CARTESIAN_POINT('',(-75.935,-0.265,0.));
#18084=CARTESIAN_POINT('',(-76.465,-0.265,0.));
#18085=CARTESIAN_POINT('Origin',(-76.465,0.265,0.));
#18086=CARTESIAN_POINT('',(-76.515,0.315,0.3));
#18087=CARTESIAN_POINT('',(-76.465,0.265,0.));
#18088=CARTESIAN_POINT('',(-75.885,0.315,0.3));
#18089=CARTESIAN_POINT('',(-76.515,0.315,0.3));
#18090=CARTESIAN_POINT('',(-75.935,0.265,0.));
#18091=CARTESIAN_POINT('Origin',(-75.935,0.265,0.));
#18092=CARTESIAN_POINT('',(-75.885,-0.315,0.3));
#18093=CARTESIAN_POINT('',(-75.885,0.315,0.3));
#18094=CARTESIAN_POINT('',(-75.935,-0.265,0.));
#18095=CARTESIAN_POINT('Origin',(-75.935,-0.265,0.));
#18096=CARTESIAN_POINT('',(-76.515,-0.315,0.3));
#18097=CARTESIAN_POINT('',(-75.885,-0.315,0.3));
#18098=CARTESIAN_POINT('',(-76.465,-0.265,0.));
#18099=CARTESIAN_POINT('Origin',(-76.465,-0.265,0.));
#18100=CARTESIAN_POINT('',(-76.515,-0.315,0.3));
#18101=CARTESIAN_POINT('Origin',(-75.885,-0.315,0.3));
#18102=CARTESIAN_POINT('',(-75.885,0.315,11.1));
#18103=CARTESIAN_POINT('',(-75.885,0.315,0.3));
#18104=CARTESIAN_POINT('',(-75.885,-0.315,11.1));
#18105=CARTESIAN_POINT('',(-75.885,0.315,11.1));
#18106=CARTESIAN_POINT('',(-75.885,-0.315,0.3));
#18107=CARTESIAN_POINT('Origin',(-76.515,-0.315,0.3));
#18108=CARTESIAN_POINT('',(-76.515,-0.315,11.1));
#18109=CARTESIAN_POINT('',(-75.885,-0.315,11.1));
#18110=CARTESIAN_POINT('',(-76.515,-0.315,0.3));
#18111=CARTESIAN_POINT('Origin',(-76.515,0.315,0.3));
#18112=CARTESIAN_POINT('',(-76.515,0.315,11.1));
#18113=CARTESIAN_POINT('',(-76.515,-0.315,11.1));
#18114=CARTESIAN_POINT('',(-76.515,0.315,0.3));
#18115=CARTESIAN_POINT('Origin',(-75.885,0.315,0.3));
#18116=CARTESIAN_POINT('',(-76.515,0.315,11.1));
#18117=CARTESIAN_POINT('Origin',(-76.2,0.,11.1));
#18118=CARTESIAN_POINT('Origin',(-71.12,3.94255335449274E-18,0.));
#18119=CARTESIAN_POINT('',(-71.385,0.265,0.));
#18120=CARTESIAN_POINT('',(-70.855,0.265,0.));
#18121=CARTESIAN_POINT('',(-71.385,0.265,0.));
#18122=CARTESIAN_POINT('',(-70.855,-0.265,0.));
#18123=CARTESIAN_POINT('',(-70.855,0.265,0.));
#18124=CARTESIAN_POINT('',(-71.385,-0.265,0.));
#18125=CARTESIAN_POINT('',(-70.855,-0.265,0.));
#18126=CARTESIAN_POINT('',(-71.385,-0.265,0.));
#18127=CARTESIAN_POINT('Origin',(-71.385,0.265,0.));
#18128=CARTESIAN_POINT('',(-71.435,0.315,0.3));
#18129=CARTESIAN_POINT('',(-71.385,0.265,0.));
#18130=CARTESIAN_POINT('',(-70.805,0.315,0.3));
#18131=CARTESIAN_POINT('',(-71.435,0.315,0.3));
#18132=CARTESIAN_POINT('',(-70.855,0.265,0.));
#18133=CARTESIAN_POINT('Origin',(-70.855,0.265,0.));
#18134=CARTESIAN_POINT('',(-70.805,-0.315,0.3));
#18135=CARTESIAN_POINT('',(-70.805,0.315,0.3));
#18136=CARTESIAN_POINT('',(-70.855,-0.265,0.));
#18137=CARTESIAN_POINT('Origin',(-70.855,-0.265,0.));
#18138=CARTESIAN_POINT('',(-71.435,-0.315,0.3));
#18139=CARTESIAN_POINT('',(-70.805,-0.315,0.3));
#18140=CARTESIAN_POINT('',(-71.385,-0.265,0.));
#18141=CARTESIAN_POINT('Origin',(-71.385,-0.265,0.));
#18142=CARTESIAN_POINT('',(-71.435,-0.315,0.3));
#18143=CARTESIAN_POINT('Origin',(-70.805,-0.315,0.3));
#18144=CARTESIAN_POINT('',(-70.805,0.315,11.1));
#18145=CARTESIAN_POINT('',(-70.805,0.315,0.3));
#18146=CARTESIAN_POINT('',(-70.805,-0.315,11.1));
#18147=CARTESIAN_POINT('',(-70.805,0.315,11.1));
#18148=CARTESIAN_POINT('',(-70.805,-0.315,0.3));
#18149=CARTESIAN_POINT('Origin',(-71.435,-0.315,0.3));
#18150=CARTESIAN_POINT('',(-71.435,-0.315,11.1));
#18151=CARTESIAN_POINT('',(-70.805,-0.315,11.1));
#18152=CARTESIAN_POINT('',(-71.435,-0.315,0.3));
#18153=CARTESIAN_POINT('Origin',(-71.435,0.315,0.3));
#18154=CARTESIAN_POINT('',(-71.435,0.315,11.1));
#18155=CARTESIAN_POINT('',(-71.435,-0.315,11.1));
#18156=CARTESIAN_POINT('',(-71.435,0.315,0.3));
#18157=CARTESIAN_POINT('Origin',(-70.805,0.315,0.3));
#18158=CARTESIAN_POINT('',(-71.435,0.315,11.1));
#18159=CARTESIAN_POINT('Origin',(-71.12,0.,11.1));
#18160=CARTESIAN_POINT('Origin',(-73.66,3.94255335449274E-18,0.));
#18161=CARTESIAN_POINT('',(-73.395,0.265,0.));
#18162=CARTESIAN_POINT('',(-73.925,0.265,0.));
#18163=CARTESIAN_POINT('',(-73.395,0.265,0.));
#18164=CARTESIAN_POINT('',(-73.395,-0.265,0.));
#18165=CARTESIAN_POINT('',(-73.395,-0.265,0.));
#18166=CARTESIAN_POINT('',(-73.925,-0.265,0.));
#18167=CARTESIAN_POINT('',(-73.925,-0.265,0.));
#18168=CARTESIAN_POINT('',(-73.925,0.265,0.));
#18169=CARTESIAN_POINT('Origin',(-73.395,0.265,0.));
#18170=CARTESIAN_POINT('',(-73.975,0.315,0.3));
#18171=CARTESIAN_POINT('',(-73.925,0.265,0.));
#18172=CARTESIAN_POINT('',(-73.345,0.315,0.3));
#18173=CARTESIAN_POINT('',(-73.345,0.315,0.3));
#18174=CARTESIAN_POINT('',(-73.395,0.265,0.));
#18175=CARTESIAN_POINT('Origin',(-73.925,0.265,0.));
#18176=CARTESIAN_POINT('',(-73.975,-0.315,0.3));
#18177=CARTESIAN_POINT('',(-73.925,-0.265,0.));
#18178=CARTESIAN_POINT('',(-73.975,0.315,0.3));
#18179=CARTESIAN_POINT('Origin',(-73.925,-0.265,0.));
#18180=CARTESIAN_POINT('',(-73.345,-0.315,0.3));
#18181=CARTESIAN_POINT('',(-73.395,-0.265,0.));
#18182=CARTESIAN_POINT('',(-73.975,-0.315,0.3));
#18183=CARTESIAN_POINT('Origin',(-73.395,-0.265,0.));
#18184=CARTESIAN_POINT('',(-73.345,-0.315,0.3));
#18185=CARTESIAN_POINT('Origin',(-73.975,-0.315,0.3));
#18186=CARTESIAN_POINT('',(-73.975,-0.315,11.1));
#18187=CARTESIAN_POINT('',(-73.975,-0.315,0.3));
#18188=CARTESIAN_POINT('',(-73.975,0.315,11.1));
#18189=CARTESIAN_POINT('',(-73.975,0.315,11.1));
#18190=CARTESIAN_POINT('',(-73.975,0.315,0.3));
#18191=CARTESIAN_POINT('Origin',(-73.345,-0.315,0.3));
#18192=CARTESIAN_POINT('',(-73.345,-0.315,11.1));
#18193=CARTESIAN_POINT('',(-73.345,-0.315,0.3));
#18194=CARTESIAN_POINT('',(-73.975,-0.315,11.1));
#18195=CARTESIAN_POINT('Origin',(-73.345,0.315,0.3));
#18196=CARTESIAN_POINT('',(-73.345,0.315,11.1));
#18197=CARTESIAN_POINT('',(-73.345,0.315,0.3));
#18198=CARTESIAN_POINT('',(-73.345,-0.315,11.1));
#18199=CARTESIAN_POINT('Origin',(-73.975,0.315,0.3));
#18200=CARTESIAN_POINT('',(-73.345,0.315,11.1));
#18201=CARTESIAN_POINT('Origin',(-73.66,0.,11.1));
#18202=CARTESIAN_POINT('Origin',(-60.96,3.94255335449274E-18,0.));
#18203=CARTESIAN_POINT('',(-61.225,0.265,0.));
#18204=CARTESIAN_POINT('',(-60.695,0.265,0.));
#18205=CARTESIAN_POINT('',(-61.225,0.265,0.));
#18206=CARTESIAN_POINT('',(-60.695,-0.265,0.));
#18207=CARTESIAN_POINT('',(-60.695,0.265,0.));
#18208=CARTESIAN_POINT('',(-61.225,-0.265,0.));
#18209=CARTESIAN_POINT('',(-60.695,-0.265,0.));
#18210=CARTESIAN_POINT('',(-61.225,-0.265,0.));
#18211=CARTESIAN_POINT('Origin',(-61.225,0.265,0.));
#18212=CARTESIAN_POINT('',(-61.275,0.315,0.3));
#18213=CARTESIAN_POINT('',(-61.225,0.265,0.));
#18214=CARTESIAN_POINT('',(-60.645,0.315,0.3));
#18215=CARTESIAN_POINT('',(-61.275,0.315,0.3));
#18216=CARTESIAN_POINT('',(-60.695,0.265,0.));
#18217=CARTESIAN_POINT('Origin',(-60.695,0.265,0.));
#18218=CARTESIAN_POINT('',(-60.645,-0.315,0.3));
#18219=CARTESIAN_POINT('',(-60.645,0.315,0.3));
#18220=CARTESIAN_POINT('',(-60.695,-0.265,0.));
#18221=CARTESIAN_POINT('Origin',(-60.695,-0.265,0.));
#18222=CARTESIAN_POINT('',(-61.275,-0.315,0.3));
#18223=CARTESIAN_POINT('',(-60.645,-0.315,0.3));
#18224=CARTESIAN_POINT('',(-61.225,-0.265,0.));
#18225=CARTESIAN_POINT('Origin',(-61.225,-0.265,0.));
#18226=CARTESIAN_POINT('',(-61.275,-0.315,0.3));
#18227=CARTESIAN_POINT('Origin',(-60.645,-0.315,0.3));
#18228=CARTESIAN_POINT('',(-60.645,0.315,11.1));
#18229=CARTESIAN_POINT('',(-60.645,0.315,0.3));
#18230=CARTESIAN_POINT('',(-60.645,-0.315,11.1));
#18231=CARTESIAN_POINT('',(-60.645,0.315,11.1));
#18232=CARTESIAN_POINT('',(-60.645,-0.315,0.3));
#18233=CARTESIAN_POINT('Origin',(-61.275,-0.315,0.3));
#18234=CARTESIAN_POINT('',(-61.275,-0.315,11.1));
#18235=CARTESIAN_POINT('',(-60.645,-0.315,11.1));
#18236=CARTESIAN_POINT('',(-61.275,-0.315,0.3));
#18237=CARTESIAN_POINT('Origin',(-61.275,0.315,0.3));
#18238=CARTESIAN_POINT('',(-61.275,0.315,11.1));
#18239=CARTESIAN_POINT('',(-61.275,-0.315,11.1));
#18240=CARTESIAN_POINT('',(-61.275,0.315,0.3));
#18241=CARTESIAN_POINT('Origin',(-60.645,0.315,0.3));
#18242=CARTESIAN_POINT('',(-61.275,0.315,11.1));
#18243=CARTESIAN_POINT('Origin',(-60.96,0.,11.1));
#18244=CARTESIAN_POINT('Origin',(-63.5,3.94255335449274E-18,0.));
#18245=CARTESIAN_POINT('',(-63.235,0.265,0.));
#18246=CARTESIAN_POINT('',(-63.765,0.265,0.));
#18247=CARTESIAN_POINT('',(-63.235,0.265,0.));
#18248=CARTESIAN_POINT('',(-63.235,-0.265,0.));
#18249=CARTESIAN_POINT('',(-63.235,-0.265,0.));
#18250=CARTESIAN_POINT('',(-63.765,-0.265,0.));
#18251=CARTESIAN_POINT('',(-63.765,-0.265,0.));
#18252=CARTESIAN_POINT('',(-63.765,0.265,0.));
#18253=CARTESIAN_POINT('Origin',(-63.235,0.265,0.));
#18254=CARTESIAN_POINT('',(-63.815,0.315,0.3));
#18255=CARTESIAN_POINT('',(-63.765,0.265,0.));
#18256=CARTESIAN_POINT('',(-63.185,0.315,0.3));
#18257=CARTESIAN_POINT('',(-63.185,0.315,0.3));
#18258=CARTESIAN_POINT('',(-63.235,0.265,0.));
#18259=CARTESIAN_POINT('Origin',(-63.765,0.265,0.));
#18260=CARTESIAN_POINT('',(-63.815,-0.315,0.3));
#18261=CARTESIAN_POINT('',(-63.765,-0.265,0.));
#18262=CARTESIAN_POINT('',(-63.815,0.315,0.3));
#18263=CARTESIAN_POINT('Origin',(-63.765,-0.265,0.));
#18264=CARTESIAN_POINT('',(-63.185,-0.315,0.3));
#18265=CARTESIAN_POINT('',(-63.235,-0.265,0.));
#18266=CARTESIAN_POINT('',(-63.815,-0.315,0.3));
#18267=CARTESIAN_POINT('Origin',(-63.235,-0.265,0.));
#18268=CARTESIAN_POINT('',(-63.185,-0.315,0.3));
#18269=CARTESIAN_POINT('Origin',(-63.815,-0.315,0.3));
#18270=CARTESIAN_POINT('',(-63.815,-0.315,11.1));
#18271=CARTESIAN_POINT('',(-63.815,-0.315,0.3));
#18272=CARTESIAN_POINT('',(-63.815,0.315,11.1));
#18273=CARTESIAN_POINT('',(-63.815,0.315,11.1));
#18274=CARTESIAN_POINT('',(-63.815,0.315,0.3));
#18275=CARTESIAN_POINT('Origin',(-63.185,-0.315,0.3));
#18276=CARTESIAN_POINT('',(-63.185,-0.315,11.1));
#18277=CARTESIAN_POINT('',(-63.185,-0.315,0.3));
#18278=CARTESIAN_POINT('',(-63.815,-0.315,11.1));
#18279=CARTESIAN_POINT('Origin',(-63.185,0.315,0.3));
#18280=CARTESIAN_POINT('',(-63.185,0.315,11.1));
#18281=CARTESIAN_POINT('',(-63.185,0.315,0.3));
#18282=CARTESIAN_POINT('',(-63.185,-0.315,11.1));
#18283=CARTESIAN_POINT('Origin',(-63.815,0.315,0.3));
#18284=CARTESIAN_POINT('',(-63.185,0.315,11.1));
#18285=CARTESIAN_POINT('Origin',(-63.5,0.,11.1));
#18286=CARTESIAN_POINT('Origin',(-68.58,3.94255335449274E-18,0.));
#18287=CARTESIAN_POINT('',(-68.315,0.265,0.));
#18288=CARTESIAN_POINT('',(-68.845,0.265,0.));
#18289=CARTESIAN_POINT('',(-68.315,0.265,0.));
#18290=CARTESIAN_POINT('',(-68.315,-0.265,0.));
#18291=CARTESIAN_POINT('',(-68.315,-0.265,0.));
#18292=CARTESIAN_POINT('',(-68.845,-0.265,0.));
#18293=CARTESIAN_POINT('',(-68.845,-0.265,0.));
#18294=CARTESIAN_POINT('',(-68.845,0.265,0.));
#18295=CARTESIAN_POINT('Origin',(-68.315,0.265,0.));
#18296=CARTESIAN_POINT('',(-68.895,0.315,0.3));
#18297=CARTESIAN_POINT('',(-68.845,0.265,0.));
#18298=CARTESIAN_POINT('',(-68.265,0.315,0.3));
#18299=CARTESIAN_POINT('',(-68.265,0.315,0.3));
#18300=CARTESIAN_POINT('',(-68.315,0.265,0.));
#18301=CARTESIAN_POINT('Origin',(-68.845,0.265,0.));
#18302=CARTESIAN_POINT('',(-68.895,-0.315,0.3));
#18303=CARTESIAN_POINT('',(-68.845,-0.265,0.));
#18304=CARTESIAN_POINT('',(-68.895,0.315,0.3));
#18305=CARTESIAN_POINT('Origin',(-68.845,-0.265,0.));
#18306=CARTESIAN_POINT('',(-68.265,-0.315,0.3));
#18307=CARTESIAN_POINT('',(-68.315,-0.265,0.));
#18308=CARTESIAN_POINT('',(-68.895,-0.315,0.3));
#18309=CARTESIAN_POINT('Origin',(-68.315,-0.265,0.));
#18310=CARTESIAN_POINT('',(-68.265,-0.315,0.3));
#18311=CARTESIAN_POINT('Origin',(-68.895,-0.315,0.3));
#18312=CARTESIAN_POINT('',(-68.895,-0.315,11.1));
#18313=CARTESIAN_POINT('',(-68.895,-0.315,0.3));
#18314=CARTESIAN_POINT('',(-68.895,0.315,11.1));
#18315=CARTESIAN_POINT('',(-68.895,0.315,11.1));
#18316=CARTESIAN_POINT('',(-68.895,0.315,0.3));
#18317=CARTESIAN_POINT('Origin',(-68.265,-0.315,0.3));
#18318=CARTESIAN_POINT('',(-68.265,-0.315,11.1));
#18319=CARTESIAN_POINT('',(-68.265,-0.315,0.3));
#18320=CARTESIAN_POINT('',(-68.895,-0.315,11.1));
#18321=CARTESIAN_POINT('Origin',(-68.265,0.315,0.3));
#18322=CARTESIAN_POINT('',(-68.265,0.315,11.1));
#18323=CARTESIAN_POINT('',(-68.265,0.315,0.3));
#18324=CARTESIAN_POINT('',(-68.265,-0.315,11.1));
#18325=CARTESIAN_POINT('Origin',(-68.895,0.315,0.3));
#18326=CARTESIAN_POINT('',(-68.265,0.315,11.1));
#18327=CARTESIAN_POINT('Origin',(-68.58,0.,11.1));
#18328=CARTESIAN_POINT('Origin',(-66.04,3.94255335449274E-18,0.));
#18329=CARTESIAN_POINT('',(-66.305,0.265,0.));
#18330=CARTESIAN_POINT('',(-65.775,0.265,0.));
#18331=CARTESIAN_POINT('',(-66.305,0.265,0.));
#18332=CARTESIAN_POINT('',(-65.775,-0.265,0.));
#18333=CARTESIAN_POINT('',(-65.775,0.265,0.));
#18334=CARTESIAN_POINT('',(-66.305,-0.265,0.));
#18335=CARTESIAN_POINT('',(-65.775,-0.265,0.));
#18336=CARTESIAN_POINT('',(-66.305,-0.265,0.));
#18337=CARTESIAN_POINT('Origin',(-66.305,0.265,0.));
#18338=CARTESIAN_POINT('',(-66.355,0.315,0.3));
#18339=CARTESIAN_POINT('',(-66.305,0.265,0.));
#18340=CARTESIAN_POINT('',(-65.725,0.315,0.3));
#18341=CARTESIAN_POINT('',(-66.355,0.315,0.3));
#18342=CARTESIAN_POINT('',(-65.775,0.265,0.));
#18343=CARTESIAN_POINT('Origin',(-65.775,0.265,0.));
#18344=CARTESIAN_POINT('',(-65.725,-0.315,0.3));
#18345=CARTESIAN_POINT('',(-65.725,0.315,0.3));
#18346=CARTESIAN_POINT('',(-65.775,-0.265,0.));
#18347=CARTESIAN_POINT('Origin',(-65.775,-0.265,0.));
#18348=CARTESIAN_POINT('',(-66.355,-0.315,0.3));
#18349=CARTESIAN_POINT('',(-65.725,-0.315,0.3));
#18350=CARTESIAN_POINT('',(-66.305,-0.265,0.));
#18351=CARTESIAN_POINT('Origin',(-66.305,-0.265,0.));
#18352=CARTESIAN_POINT('',(-66.355,-0.315,0.3));
#18353=CARTESIAN_POINT('Origin',(-65.725,-0.315,0.3));
#18354=CARTESIAN_POINT('',(-65.725,0.315,11.1));
#18355=CARTESIAN_POINT('',(-65.725,0.315,0.3));
#18356=CARTESIAN_POINT('',(-65.725,-0.315,11.1));
#18357=CARTESIAN_POINT('',(-65.725,0.315,11.1));
#18358=CARTESIAN_POINT('',(-65.725,-0.315,0.3));
#18359=CARTESIAN_POINT('Origin',(-66.355,-0.315,0.3));
#18360=CARTESIAN_POINT('',(-66.355,-0.315,11.1));
#18361=CARTESIAN_POINT('',(-65.725,-0.315,11.1));
#18362=CARTESIAN_POINT('',(-66.355,-0.315,0.3));
#18363=CARTESIAN_POINT('Origin',(-66.355,0.315,0.3));
#18364=CARTESIAN_POINT('',(-66.355,0.315,11.1));
#18365=CARTESIAN_POINT('',(-66.355,-0.315,11.1));
#18366=CARTESIAN_POINT('',(-66.355,0.315,0.3));
#18367=CARTESIAN_POINT('Origin',(-65.725,0.315,0.3));
#18368=CARTESIAN_POINT('',(-66.355,0.315,11.1));
#18369=CARTESIAN_POINT('Origin',(-66.04,0.,11.1));
#18370=CARTESIAN_POINT('Origin',(-40.64,3.94255335449274E-18,0.));
#18371=CARTESIAN_POINT('',(-40.905,0.265,0.));
#18372=CARTESIAN_POINT('',(-40.375,0.265,0.));
#18373=CARTESIAN_POINT('',(-40.905,0.265,0.));
#18374=CARTESIAN_POINT('',(-40.375,-0.265,0.));
#18375=CARTESIAN_POINT('',(-40.375,0.265,0.));
#18376=CARTESIAN_POINT('',(-40.905,-0.265,0.));
#18377=CARTESIAN_POINT('',(-40.375,-0.265,0.));
#18378=CARTESIAN_POINT('',(-40.905,-0.265,0.));
#18379=CARTESIAN_POINT('Origin',(-40.905,0.265,0.));
#18380=CARTESIAN_POINT('',(-40.955,0.315,0.3));
#18381=CARTESIAN_POINT('',(-40.905,0.265,0.));
#18382=CARTESIAN_POINT('',(-40.325,0.315,0.3));
#18383=CARTESIAN_POINT('',(-40.955,0.315,0.3));
#18384=CARTESIAN_POINT('',(-40.375,0.265,0.));
#18385=CARTESIAN_POINT('Origin',(-40.375,0.265,0.));
#18386=CARTESIAN_POINT('',(-40.325,-0.315,0.3));
#18387=CARTESIAN_POINT('',(-40.325,0.315,0.3));
#18388=CARTESIAN_POINT('',(-40.375,-0.265,0.));
#18389=CARTESIAN_POINT('Origin',(-40.375,-0.265,0.));
#18390=CARTESIAN_POINT('',(-40.955,-0.315,0.3));
#18391=CARTESIAN_POINT('',(-40.325,-0.315,0.3));
#18392=CARTESIAN_POINT('',(-40.905,-0.265,0.));
#18393=CARTESIAN_POINT('Origin',(-40.905,-0.265,0.));
#18394=CARTESIAN_POINT('',(-40.955,-0.315,0.3));
#18395=CARTESIAN_POINT('Origin',(-40.325,-0.315,0.3));
#18396=CARTESIAN_POINT('',(-40.325,0.315,11.1));
#18397=CARTESIAN_POINT('',(-40.325,0.315,0.3));
#18398=CARTESIAN_POINT('',(-40.325,-0.315,11.1));
#18399=CARTESIAN_POINT('',(-40.325,0.315,11.1));
#18400=CARTESIAN_POINT('',(-40.325,-0.315,0.3));
#18401=CARTESIAN_POINT('Origin',(-40.955,-0.315,0.3));
#18402=CARTESIAN_POINT('',(-40.955,-0.315,11.1));
#18403=CARTESIAN_POINT('',(-40.325,-0.315,11.1));
#18404=CARTESIAN_POINT('',(-40.955,-0.315,0.3));
#18405=CARTESIAN_POINT('Origin',(-40.955,0.315,0.3));
#18406=CARTESIAN_POINT('',(-40.955,0.315,11.1));
#18407=CARTESIAN_POINT('',(-40.955,-0.315,11.1));
#18408=CARTESIAN_POINT('',(-40.955,0.315,0.3));
#18409=CARTESIAN_POINT('Origin',(-40.325,0.315,0.3));
#18410=CARTESIAN_POINT('',(-40.955,0.315,11.1));
#18411=CARTESIAN_POINT('Origin',(-40.64,0.,11.1));
#18412=CARTESIAN_POINT('Origin',(-43.18,3.94255335449274E-18,0.));
#18413=CARTESIAN_POINT('',(-42.915,0.265,0.));
#18414=CARTESIAN_POINT('',(-43.445,0.265,0.));
#18415=CARTESIAN_POINT('',(-42.915,0.265,0.));
#18416=CARTESIAN_POINT('',(-42.915,-0.265,0.));
#18417=CARTESIAN_POINT('',(-42.915,-0.265,0.));
#18418=CARTESIAN_POINT('',(-43.445,-0.265,0.));
#18419=CARTESIAN_POINT('',(-43.445,-0.265,0.));
#18420=CARTESIAN_POINT('',(-43.445,0.265,0.));
#18421=CARTESIAN_POINT('Origin',(-42.915,0.265,0.));
#18422=CARTESIAN_POINT('',(-43.495,0.315,0.3));
#18423=CARTESIAN_POINT('',(-43.445,0.265,0.));
#18424=CARTESIAN_POINT('',(-42.865,0.315,0.3));
#18425=CARTESIAN_POINT('',(-42.865,0.315,0.3));
#18426=CARTESIAN_POINT('',(-42.915,0.265,0.));
#18427=CARTESIAN_POINT('Origin',(-43.445,0.265,0.));
#18428=CARTESIAN_POINT('',(-43.495,-0.315,0.3));
#18429=CARTESIAN_POINT('',(-43.445,-0.265,0.));
#18430=CARTESIAN_POINT('',(-43.495,0.315,0.3));
#18431=CARTESIAN_POINT('Origin',(-43.445,-0.265,0.));
#18432=CARTESIAN_POINT('',(-42.865,-0.315,0.3));
#18433=CARTESIAN_POINT('',(-42.915,-0.265,0.));
#18434=CARTESIAN_POINT('',(-43.495,-0.315,0.3));
#18435=CARTESIAN_POINT('Origin',(-42.915,-0.265,0.));
#18436=CARTESIAN_POINT('',(-42.865,-0.315,0.3));
#18437=CARTESIAN_POINT('Origin',(-43.495,-0.315,0.3));
#18438=CARTESIAN_POINT('',(-43.495,-0.315,11.1));
#18439=CARTESIAN_POINT('',(-43.495,-0.315,0.3));
#18440=CARTESIAN_POINT('',(-43.495,0.315,11.1));
#18441=CARTESIAN_POINT('',(-43.495,0.315,11.1));
#18442=CARTESIAN_POINT('',(-43.495,0.315,0.3));
#18443=CARTESIAN_POINT('Origin',(-42.865,-0.315,0.3));
#18444=CARTESIAN_POINT('',(-42.865,-0.315,11.1));
#18445=CARTESIAN_POINT('',(-42.865,-0.315,0.3));
#18446=CARTESIAN_POINT('',(-43.495,-0.315,11.1));
#18447=CARTESIAN_POINT('Origin',(-42.865,0.315,0.3));
#18448=CARTESIAN_POINT('',(-42.865,0.315,11.1));
#18449=CARTESIAN_POINT('',(-42.865,0.315,0.3));
#18450=CARTESIAN_POINT('',(-42.865,-0.315,11.1));
#18451=CARTESIAN_POINT('Origin',(-43.495,0.315,0.3));
#18452=CARTESIAN_POINT('',(-42.865,0.315,11.1));
#18453=CARTESIAN_POINT('Origin',(-43.18,0.,11.1));
#18454=CARTESIAN_POINT('Origin',(-48.26,3.94255335449274E-18,0.));
#18455=CARTESIAN_POINT('',(-47.995,0.265,0.));
#18456=CARTESIAN_POINT('',(-48.525,0.265,0.));
#18457=CARTESIAN_POINT('',(-47.995,0.265,0.));
#18458=CARTESIAN_POINT('',(-47.995,-0.265,0.));
#18459=CARTESIAN_POINT('',(-47.995,-0.265,0.));
#18460=CARTESIAN_POINT('',(-48.525,-0.265,0.));
#18461=CARTESIAN_POINT('',(-48.525,-0.265,0.));
#18462=CARTESIAN_POINT('',(-48.525,0.265,0.));
#18463=CARTESIAN_POINT('Origin',(-47.995,0.265,0.));
#18464=CARTESIAN_POINT('',(-48.575,0.315,0.3));
#18465=CARTESIAN_POINT('',(-48.525,0.265,0.));
#18466=CARTESIAN_POINT('',(-47.945,0.315,0.3));
#18467=CARTESIAN_POINT('',(-47.945,0.315,0.3));
#18468=CARTESIAN_POINT('',(-47.995,0.265,0.));
#18469=CARTESIAN_POINT('Origin',(-48.525,0.265,0.));
#18470=CARTESIAN_POINT('',(-48.575,-0.315,0.3));
#18471=CARTESIAN_POINT('',(-48.525,-0.265,0.));
#18472=CARTESIAN_POINT('',(-48.575,0.315,0.3));
#18473=CARTESIAN_POINT('Origin',(-48.525,-0.265,0.));
#18474=CARTESIAN_POINT('',(-47.945,-0.315,0.3));
#18475=CARTESIAN_POINT('',(-47.995,-0.265,0.));
#18476=CARTESIAN_POINT('',(-48.575,-0.315,0.3));
#18477=CARTESIAN_POINT('Origin',(-47.995,-0.265,0.));
#18478=CARTESIAN_POINT('',(-47.945,-0.315,0.3));
#18479=CARTESIAN_POINT('Origin',(-48.575,-0.315,0.3));
#18480=CARTESIAN_POINT('',(-48.575,-0.315,11.1));
#18481=CARTESIAN_POINT('',(-48.575,-0.315,0.3));
#18482=CARTESIAN_POINT('',(-48.575,0.315,11.1));
#18483=CARTESIAN_POINT('',(-48.575,0.315,11.1));
#18484=CARTESIAN_POINT('',(-48.575,0.315,0.3));
#18485=CARTESIAN_POINT('Origin',(-47.945,-0.315,0.3));
#18486=CARTESIAN_POINT('',(-47.945,-0.315,11.1));
#18487=CARTESIAN_POINT('',(-47.945,-0.315,0.3));
#18488=CARTESIAN_POINT('',(-48.575,-0.315,11.1));
#18489=CARTESIAN_POINT('Origin',(-47.945,0.315,0.3));
#18490=CARTESIAN_POINT('',(-47.945,0.315,11.1));
#18491=CARTESIAN_POINT('',(-47.945,0.315,0.3));
#18492=CARTESIAN_POINT('',(-47.945,-0.315,11.1));
#18493=CARTESIAN_POINT('Origin',(-48.575,0.315,0.3));
#18494=CARTESIAN_POINT('',(-47.945,0.315,11.1));
#18495=CARTESIAN_POINT('Origin',(-48.26,0.,11.1));
#18496=CARTESIAN_POINT('Origin',(-45.72,3.94255335449274E-18,0.));
#18497=CARTESIAN_POINT('',(-45.985,0.265,0.));
#18498=CARTESIAN_POINT('',(-45.455,0.265,0.));
#18499=CARTESIAN_POINT('',(-45.985,0.265,0.));
#18500=CARTESIAN_POINT('',(-45.455,-0.265,0.));
#18501=CARTESIAN_POINT('',(-45.455,0.265,0.));
#18502=CARTESIAN_POINT('',(-45.985,-0.265,0.));
#18503=CARTESIAN_POINT('',(-45.455,-0.265,0.));
#18504=CARTESIAN_POINT('',(-45.985,-0.265,0.));
#18505=CARTESIAN_POINT('Origin',(-45.985,0.265,0.));
#18506=CARTESIAN_POINT('',(-46.035,0.315,0.3));
#18507=CARTESIAN_POINT('',(-45.985,0.265,0.));
#18508=CARTESIAN_POINT('',(-45.405,0.315,0.3));
#18509=CARTESIAN_POINT('',(-46.035,0.315,0.3));
#18510=CARTESIAN_POINT('',(-45.455,0.265,0.));
#18511=CARTESIAN_POINT('Origin',(-45.455,0.265,0.));
#18512=CARTESIAN_POINT('',(-45.405,-0.315,0.3));
#18513=CARTESIAN_POINT('',(-45.405,0.315,0.3));
#18514=CARTESIAN_POINT('',(-45.455,-0.265,0.));
#18515=CARTESIAN_POINT('Origin',(-45.455,-0.265,0.));
#18516=CARTESIAN_POINT('',(-46.035,-0.315,0.3));
#18517=CARTESIAN_POINT('',(-45.405,-0.315,0.3));
#18518=CARTESIAN_POINT('',(-45.985,-0.265,0.));
#18519=CARTESIAN_POINT('Origin',(-45.985,-0.265,0.));
#18520=CARTESIAN_POINT('',(-46.035,-0.315,0.3));
#18521=CARTESIAN_POINT('Origin',(-45.405,-0.315,0.3));
#18522=CARTESIAN_POINT('',(-45.405,0.315,11.1));
#18523=CARTESIAN_POINT('',(-45.405,0.315,0.3));
#18524=CARTESIAN_POINT('',(-45.405,-0.315,11.1));
#18525=CARTESIAN_POINT('',(-45.405,0.315,11.1));
#18526=CARTESIAN_POINT('',(-45.405,-0.315,0.3));
#18527=CARTESIAN_POINT('Origin',(-46.035,-0.315,0.3));
#18528=CARTESIAN_POINT('',(-46.035,-0.315,11.1));
#18529=CARTESIAN_POINT('',(-45.405,-0.315,11.1));
#18530=CARTESIAN_POINT('',(-46.035,-0.315,0.3));
#18531=CARTESIAN_POINT('Origin',(-46.035,0.315,0.3));
#18532=CARTESIAN_POINT('',(-46.035,0.315,11.1));
#18533=CARTESIAN_POINT('',(-46.035,-0.315,11.1));
#18534=CARTESIAN_POINT('',(-46.035,0.315,0.3));
#18535=CARTESIAN_POINT('Origin',(-45.405,0.315,0.3));
#18536=CARTESIAN_POINT('',(-46.035,0.315,11.1));
#18537=CARTESIAN_POINT('Origin',(-45.72,0.,11.1));
#18538=CARTESIAN_POINT('Origin',(-58.42,3.94255335449274E-18,0.));
#18539=CARTESIAN_POINT('',(-58.155,0.265,0.));
#18540=CARTESIAN_POINT('',(-58.685,0.265,0.));
#18541=CARTESIAN_POINT('',(-58.155,0.265,0.));
#18542=CARTESIAN_POINT('',(-58.155,-0.265,0.));
#18543=CARTESIAN_POINT('',(-58.155,-0.265,0.));
#18544=CARTESIAN_POINT('',(-58.685,-0.265,0.));
#18545=CARTESIAN_POINT('',(-58.685,-0.265,0.));
#18546=CARTESIAN_POINT('',(-58.685,0.265,0.));
#18547=CARTESIAN_POINT('Origin',(-58.155,0.265,0.));
#18548=CARTESIAN_POINT('',(-58.735,0.315,0.3));
#18549=CARTESIAN_POINT('',(-58.685,0.265,0.));
#18550=CARTESIAN_POINT('',(-58.105,0.315,0.3));
#18551=CARTESIAN_POINT('',(-58.105,0.315,0.3));
#18552=CARTESIAN_POINT('',(-58.155,0.265,0.));
#18553=CARTESIAN_POINT('Origin',(-58.685,0.265,0.));
#18554=CARTESIAN_POINT('',(-58.735,-0.315,0.3));
#18555=CARTESIAN_POINT('',(-58.685,-0.265,0.));
#18556=CARTESIAN_POINT('',(-58.735,0.315,0.3));
#18557=CARTESIAN_POINT('Origin',(-58.685,-0.265,0.));
#18558=CARTESIAN_POINT('',(-58.105,-0.315,0.3));
#18559=CARTESIAN_POINT('',(-58.155,-0.265,0.));
#18560=CARTESIAN_POINT('',(-58.735,-0.315,0.3));
#18561=CARTESIAN_POINT('Origin',(-58.155,-0.265,0.));
#18562=CARTESIAN_POINT('',(-58.105,-0.315,0.3));
#18563=CARTESIAN_POINT('Origin',(-58.735,-0.315,0.3));
#18564=CARTESIAN_POINT('',(-58.735,-0.315,11.1));
#18565=CARTESIAN_POINT('',(-58.735,-0.315,0.3));
#18566=CARTESIAN_POINT('',(-58.735,0.315,11.1));
#18567=CARTESIAN_POINT('',(-58.735,0.315,11.1));
#18568=CARTESIAN_POINT('',(-58.735,0.315,0.3));
#18569=CARTESIAN_POINT('Origin',(-58.105,-0.315,0.3));
#18570=CARTESIAN_POINT('',(-58.105,-0.315,11.1));
#18571=CARTESIAN_POINT('',(-58.105,-0.315,0.3));
#18572=CARTESIAN_POINT('',(-58.735,-0.315,11.1));
#18573=CARTESIAN_POINT('Origin',(-58.105,0.315,0.3));
#18574=CARTESIAN_POINT('',(-58.105,0.315,11.1));
#18575=CARTESIAN_POINT('',(-58.105,0.315,0.3));
#18576=CARTESIAN_POINT('',(-58.105,-0.315,11.1));
#18577=CARTESIAN_POINT('Origin',(-58.735,0.315,0.3));
#18578=CARTESIAN_POINT('',(-58.105,0.315,11.1));
#18579=CARTESIAN_POINT('Origin',(-58.42,0.,11.1));
#18580=CARTESIAN_POINT('Origin',(-55.88,3.94255335449274E-18,0.));
#18581=CARTESIAN_POINT('',(-56.145,0.265,0.));
#18582=CARTESIAN_POINT('',(-55.615,0.265,0.));
#18583=CARTESIAN_POINT('',(-56.145,0.265,0.));
#18584=CARTESIAN_POINT('',(-55.615,-0.265,0.));
#18585=CARTESIAN_POINT('',(-55.615,0.265,0.));
#18586=CARTESIAN_POINT('',(-56.145,-0.265,0.));
#18587=CARTESIAN_POINT('',(-55.615,-0.265,0.));
#18588=CARTESIAN_POINT('',(-56.145,-0.265,0.));
#18589=CARTESIAN_POINT('Origin',(-56.145,0.265,0.));
#18590=CARTESIAN_POINT('',(-56.195,0.315,0.3));
#18591=CARTESIAN_POINT('',(-56.145,0.265,0.));
#18592=CARTESIAN_POINT('',(-55.565,0.315,0.3));
#18593=CARTESIAN_POINT('',(-56.195,0.315,0.3));
#18594=CARTESIAN_POINT('',(-55.615,0.265,0.));
#18595=CARTESIAN_POINT('Origin',(-55.615,0.265,0.));
#18596=CARTESIAN_POINT('',(-55.565,-0.315,0.3));
#18597=CARTESIAN_POINT('',(-55.565,0.315,0.3));
#18598=CARTESIAN_POINT('',(-55.615,-0.265,0.));
#18599=CARTESIAN_POINT('Origin',(-55.615,-0.265,0.));
#18600=CARTESIAN_POINT('',(-56.195,-0.315,0.3));
#18601=CARTESIAN_POINT('',(-55.565,-0.315,0.3));
#18602=CARTESIAN_POINT('',(-56.145,-0.265,0.));
#18603=CARTESIAN_POINT('Origin',(-56.145,-0.265,0.));
#18604=CARTESIAN_POINT('',(-56.195,-0.315,0.3));
#18605=CARTESIAN_POINT('Origin',(-55.565,-0.315,0.3));
#18606=CARTESIAN_POINT('',(-55.565,0.315,11.1));
#18607=CARTESIAN_POINT('',(-55.565,0.315,0.3));
#18608=CARTESIAN_POINT('',(-55.565,-0.315,11.1));
#18609=CARTESIAN_POINT('',(-55.565,0.315,11.1));
#18610=CARTESIAN_POINT('',(-55.565,-0.315,0.3));
#18611=CARTESIAN_POINT('Origin',(-56.195,-0.315,0.3));
#18612=CARTESIAN_POINT('',(-56.195,-0.315,11.1));
#18613=CARTESIAN_POINT('',(-55.565,-0.315,11.1));
#18614=CARTESIAN_POINT('',(-56.195,-0.315,0.3));
#18615=CARTESIAN_POINT('Origin',(-56.195,0.315,0.3));
#18616=CARTESIAN_POINT('',(-56.195,0.315,11.1));
#18617=CARTESIAN_POINT('',(-56.195,-0.315,11.1));
#18618=CARTESIAN_POINT('',(-56.195,0.315,0.3));
#18619=CARTESIAN_POINT('Origin',(-55.565,0.315,0.3));
#18620=CARTESIAN_POINT('',(-56.195,0.315,11.1));
#18621=CARTESIAN_POINT('Origin',(-55.88,0.,11.1));
#18622=CARTESIAN_POINT('Origin',(-50.8,3.94255335449274E-18,0.));
#18623=CARTESIAN_POINT('',(-51.065,0.265,0.));
#18624=CARTESIAN_POINT('',(-50.535,0.265,0.));
#18625=CARTESIAN_POINT('',(-51.065,0.265,0.));
#18626=CARTESIAN_POINT('',(-50.535,-0.265,0.));
#18627=CARTESIAN_POINT('',(-50.535,0.265,0.));
#18628=CARTESIAN_POINT('',(-51.065,-0.265,0.));
#18629=CARTESIAN_POINT('',(-50.535,-0.265,0.));
#18630=CARTESIAN_POINT('',(-51.065,-0.265,0.));
#18631=CARTESIAN_POINT('Origin',(-51.065,0.265,0.));
#18632=CARTESIAN_POINT('',(-51.115,0.315,0.3));
#18633=CARTESIAN_POINT('',(-51.065,0.265,0.));
#18634=CARTESIAN_POINT('',(-50.485,0.315,0.3));
#18635=CARTESIAN_POINT('',(-51.115,0.315,0.3));
#18636=CARTESIAN_POINT('',(-50.535,0.265,0.));
#18637=CARTESIAN_POINT('Origin',(-50.535,0.265,0.));
#18638=CARTESIAN_POINT('',(-50.485,-0.315,0.3));
#18639=CARTESIAN_POINT('',(-50.485,0.315,0.3));
#18640=CARTESIAN_POINT('',(-50.535,-0.265,0.));
#18641=CARTESIAN_POINT('Origin',(-50.535,-0.265,0.));
#18642=CARTESIAN_POINT('',(-51.115,-0.315,0.3));
#18643=CARTESIAN_POINT('',(-50.485,-0.315,0.3));
#18644=CARTESIAN_POINT('',(-51.065,-0.265,0.));
#18645=CARTESIAN_POINT('Origin',(-51.065,-0.265,0.));
#18646=CARTESIAN_POINT('',(-51.115,-0.315,0.3));
#18647=CARTESIAN_POINT('Origin',(-50.485,-0.315,0.3));
#18648=CARTESIAN_POINT('',(-50.485,0.315,11.1));
#18649=CARTESIAN_POINT('',(-50.485,0.315,0.3));
#18650=CARTESIAN_POINT('',(-50.485,-0.315,11.1));
#18651=CARTESIAN_POINT('',(-50.485,0.315,11.1));
#18652=CARTESIAN_POINT('',(-50.485,-0.315,0.3));
#18653=CARTESIAN_POINT('Origin',(-51.115,-0.315,0.3));
#18654=CARTESIAN_POINT('',(-51.115,-0.315,11.1));
#18655=CARTESIAN_POINT('',(-50.485,-0.315,11.1));
#18656=CARTESIAN_POINT('',(-51.115,-0.315,0.3));
#18657=CARTESIAN_POINT('Origin',(-51.115,0.315,0.3));
#18658=CARTESIAN_POINT('',(-51.115,0.315,11.1));
#18659=CARTESIAN_POINT('',(-51.115,-0.315,11.1));
#18660=CARTESIAN_POINT('',(-51.115,0.315,0.3));
#18661=CARTESIAN_POINT('Origin',(-50.485,0.315,0.3));
#18662=CARTESIAN_POINT('',(-51.115,0.315,11.1));
#18663=CARTESIAN_POINT('Origin',(-50.8,0.,11.1));
#18664=CARTESIAN_POINT('Origin',(-53.34,3.94255335449274E-18,0.));
#18665=CARTESIAN_POINT('',(-53.075,0.265,0.));
#18666=CARTESIAN_POINT('',(-53.605,0.265,0.));
#18667=CARTESIAN_POINT('',(-53.075,0.265,0.));
#18668=CARTESIAN_POINT('',(-53.075,-0.265,0.));
#18669=CARTESIAN_POINT('',(-53.075,-0.265,0.));
#18670=CARTESIAN_POINT('',(-53.605,-0.265,0.));
#18671=CARTESIAN_POINT('',(-53.605,-0.265,0.));
#18672=CARTESIAN_POINT('',(-53.605,0.265,0.));
#18673=CARTESIAN_POINT('Origin',(-53.075,0.265,0.));
#18674=CARTESIAN_POINT('',(-53.655,0.315,0.3));
#18675=CARTESIAN_POINT('',(-53.605,0.265,0.));
#18676=CARTESIAN_POINT('',(-53.025,0.315,0.3));
#18677=CARTESIAN_POINT('',(-53.025,0.315,0.3));
#18678=CARTESIAN_POINT('',(-53.075,0.265,0.));
#18679=CARTESIAN_POINT('Origin',(-53.605,0.265,0.));
#18680=CARTESIAN_POINT('',(-53.655,-0.315,0.3));
#18681=CARTESIAN_POINT('',(-53.605,-0.265,0.));
#18682=CARTESIAN_POINT('',(-53.655,0.315,0.3));
#18683=CARTESIAN_POINT('Origin',(-53.605,-0.265,0.));
#18684=CARTESIAN_POINT('',(-53.025,-0.315,0.3));
#18685=CARTESIAN_POINT('',(-53.075,-0.265,0.));
#18686=CARTESIAN_POINT('',(-53.655,-0.315,0.3));
#18687=CARTESIAN_POINT('Origin',(-53.075,-0.265,0.));
#18688=CARTESIAN_POINT('',(-53.025,-0.315,0.3));
#18689=CARTESIAN_POINT('Origin',(-53.655,-0.315,0.3));
#18690=CARTESIAN_POINT('',(-53.655,-0.315,11.1));
#18691=CARTESIAN_POINT('',(-53.655,-0.315,0.3));
#18692=CARTESIAN_POINT('',(-53.655,0.315,11.1));
#18693=CARTESIAN_POINT('',(-53.655,0.315,11.1));
#18694=CARTESIAN_POINT('',(-53.655,0.315,0.3));
#18695=CARTESIAN_POINT('Origin',(-53.025,-0.315,0.3));
#18696=CARTESIAN_POINT('',(-53.025,-0.315,11.1));
#18697=CARTESIAN_POINT('',(-53.025,-0.315,0.3));
#18698=CARTESIAN_POINT('',(-53.655,-0.315,11.1));
#18699=CARTESIAN_POINT('Origin',(-53.025,0.315,0.3));
#18700=CARTESIAN_POINT('',(-53.025,0.315,11.1));
#18701=CARTESIAN_POINT('',(-53.025,0.315,0.3));
#18702=CARTESIAN_POINT('',(-53.025,-0.315,11.1));
#18703=CARTESIAN_POINT('Origin',(-53.655,0.315,0.3));
#18704=CARTESIAN_POINT('',(-53.025,0.315,11.1));
#18705=CARTESIAN_POINT('Origin',(-53.34,0.,11.1));
#18706=UNCERTAINTY_MEASURE_WITH_UNIT(LENGTH_MEASURE(0.01),#18710,
'DISTANCE_ACCURACY_VALUE',
'Maximum model space distance between geometric entities at asserted c
onnectivities');
#18707=UNCERTAINTY_MEASURE_WITH_UNIT(LENGTH_MEASURE(0.01),#18710,
'DISTANCE_ACCURACY_VALUE',
'Maximum model space distance between geometric entities at asserted c
onnectivities');
#18708=(
GEOMETRIC_REPRESENTATION_CONTEXT(3)
GLOBAL_UNCERTAINTY_ASSIGNED_CONTEXT((#18706))
GLOBAL_UNIT_ASSIGNED_CONTEXT((#18710,#18712,#18713))
REPRESENTATION_CONTEXT('','3D')
);
#18709=(
GEOMETRIC_REPRESENTATION_CONTEXT(3)
GLOBAL_UNCERTAINTY_ASSIGNED_CONTEXT((#18707))
GLOBAL_UNIT_ASSIGNED_CONTEXT((#18710,#18712,#18713))
REPRESENTATION_CONTEXT('','3D')
);
#18710=(
LENGTH_UNIT()
NAMED_UNIT(*)
SI_UNIT(.MILLI.,.METRE.)
);
#18711=(
LENGTH_UNIT()
NAMED_UNIT(*)
SI_UNIT($,.METRE.)
);
#18712=(
NAMED_UNIT(*)
PLANE_ANGLE_UNIT()
SI_UNIT($,.RADIAN.)
);
#18713=(
NAMED_UNIT(*)
SI_UNIT($,.STERADIAN.)
SOLID_ANGLE_UNIT()
);
#18714=SHAPE_DEFINITION_REPRESENTATION(#18715,#18716);
#18715=PRODUCT_DEFINITION_SHAPE('',$,#18718);
#18716=SHAPE_REPRESENTATION('',(#11886),#18708);
#18717=PRODUCT_DEFINITION_CONTEXT('part definition',#18722,'design');
#18718=PRODUCT_DEFINITION('32x1 male header pins',
'32x1 male header pins v1',#18719,#18717);
#18719=PRODUCT_DEFINITION_FORMATION('',$,#18724);
#18720=PRODUCT_RELATED_PRODUCT_CATEGORY('32x1 male header pins v1',
'32x1 male header pins v1',(#18724));
#18721=APPLICATION_PROTOCOL_DEFINITION('international standard',
'automotive_design',2009,#18722);
#18722=APPLICATION_CONTEXT(
'Core Data for Automotive Mechanical Design Process');
#18723=PRODUCT_CONTEXT('part definition',#18722,'mechanical');
#18724=PRODUCT('32x1 male header pins','32x1 male header pins v1',$,(#18723));
#18725=PRESENTATION_STYLE_ASSIGNMENT((#18728));
#18726=PRESENTATION_STYLE_ASSIGNMENT((#18729));
#18727=PRESENTATION_STYLE_ASSIGNMENT((#18730));
#18728=SURFACE_STYLE_USAGE(.BOTH.,#18731);
#18729=SURFACE_STYLE_USAGE(.BOTH.,#18732);
#18730=SURFACE_STYLE_USAGE(.BOTH.,#18733);
#18731=SURFACE_SIDE_STYLE('',(#18734));
#18732=SURFACE_SIDE_STYLE('',(#18735));
#18733=SURFACE_SIDE_STYLE('',(#18736));
#18734=SURFACE_STYLE_FILL_AREA(#18737);
#18735=SURFACE_STYLE_FILL_AREA(#18738);
#18736=SURFACE_STYLE_FILL_AREA(#18739);
#18737=FILL_AREA_STYLE('Steel - Satin',(#18740));
#18738=FILL_AREA_STYLE('Silver - Polished',(#18741));
#18739=FILL_AREA_STYLE('Plastic - Matte (Black)',(#18742));
#18740=FILL_AREA_STYLE_COLOUR('Steel - Satin',#18743);
#18741=FILL_AREA_STYLE_COLOUR('Silver - Polished',#18744);
#18742=FILL_AREA_STYLE_COLOUR('Plastic - Matte (Black)',#18745);
#18743=COLOUR_RGB('Steel - Satin',0.627450980392157,0.627450980392157,0.627450980392157);
#18744=COLOUR_RGB('Silver - Polished',0.984313725490196,0.980392156862745,
0.96078431372549);
#18745=COLOUR_RGB('Plastic - Matte (Black)',0.0980392156862745,0.0980392156862745,
0.0980392156862745);
ENDSEC;
END-ISO-10303-21;
